[INFO] [launch]: All log files can be found below /home/dars5070/.ros/log/2026-09-28-23-19-13-630744-dars5070-Katana-15-HX-B14WGK-43724
[INFO] [launch]: Default logging verbosity is set to INFO
[INFO] [ign gazebo-1]: process started with pid [43735]
[INFO] [parameter_bridge-2]: process started with pid [43737]
[INFO] [transport_pose_filter-3]: process started with pid [43740]
[INFO] [finger_contact_aggregator-4]: process started with pid [43742]
[INFO] [simulation_startup_gate-5]: process started with pid [43744]
[INFO] [rotation_controller-6]: process started with pid [43746]
[INFO] [pivot_rotation_controller-7]: process started with pid [43748]
[transport_pose_filter-3] [INFO] [1790605153.903825589] [transport_pose_filter]: Filtering /world/cooperative_transport_friction/pose/info -> /cooperative_transport/model_poses (3 models)
[parameter_bridge-2] [INFO] [1790605153.928739241] [cooperative_transport_friction_bridge]: Creating GZ->ROS Bridge: [/clock (gz.msgs.Clock) -> /clock (rosgraph_msgs/msg/Clock)] (Lazy 0)
[parameter_bridge-2] [INFO] [1790605153.929548096] [cooperative_transport_friction_bridge]: Creating GZ->ROS Bridge: [/world/cooperative_transport_friction/pose/info (gz.msgs.Pose_V) -> /world/cooperative_transport_friction/pose/info (tf2_msgs/msg/TFMessage)] (Lazy 0)
[pivot_rotation_controller-7] [INFO] [1790605154.212910661] [pivot_rotation_controller]: Waiting for grasp; pivot=amir1, follower=amir2, target=30.0 deg
[simulation_startup_gate-5] [INFO] [1790605154.235824519] [startup_world_ready]: Waiting for world: ['amir1']
[rotation_controller-6] [INFO] [1790605154.281596403] [cooperative_rotation_controller]: Rotation controller ready: target=30.0 deg, axis=[0.0, 0.0, 1.0]
[simulation_startup_gate-5] [INFO] [1790605156.827245892] [startup_world_ready]: Ready: world_ready
[INFO] [simulation_startup_gate-5]: process has finished cleanly [pid 43744]
[INFO] [robot_state_publisher-8]: process started with pid [43949]
[INFO] [create-9]: process started with pid [43951]
[INFO] [parameter_bridge-10]: process started with pid [43953]
[INFO] [parameter_bridge-11]: process started with pid [43955]
[INFO] [parameter_bridge-12]: process started with pid [43957]
[INFO] [rover_twist_relay_ign.py-13]: process started with pid [43959]
[INFO] [simulation_startup_gate-14]: process started with pid [43961]
[create-9] [INFO] [1790605157.214501158] [amir1.ros_gz_sim]: Requesting list of world names.
[robot_state_publisher-8] [INFO] [1790605157.226084820] [amir1.robot_state_publisher]: got segment back_left_arm
[robot_state_publisher-8] [INFO] [1790605157.226177027] [amir1.robot_state_publisher]: got segment back_left_wheel_1
[robot_state_publisher-8] [INFO] [1790605157.226182664] [amir1.robot_state_publisher]: got segment back_right_arm
[robot_state_publisher-8] [INFO] [1790605157.226186988] [amir1.robot_state_publisher]: got segment back_right_wheel_1
[robot_state_publisher-8] [INFO] [1790605157.226191706] [amir1.robot_state_publisher]: got segment base_footprint
[robot_state_publisher-8] [INFO] [1790605157.226195333] [amir1.robot_state_publisher]: got segment base_link
[robot_state_publisher-8] [INFO] [1790605157.226197883] [amir1.robot_state_publisher]: got segment finger_left_1
[robot_state_publisher-8] [INFO] [1790605157.226200423] [amir1.robot_state_publisher]: got segment finger_right_1
[robot_state_publisher-8] [INFO] [1790605157.226204102] [amir1.robot_state_publisher]: got segment front_left_arm
[robot_state_publisher-8] [INFO] [1790605157.226208614] [amir1.robot_state_publisher]: got segment front_left_wheel_1
[robot_state_publisher-8] [INFO] [1790605157.226212455] [amir1.robot_state_publisher]: got segment front_lrf_link
[robot_state_publisher-8] [INFO] [1790605157.226215035] [amir1.robot_state_publisher]: got segment front_right_arm
[robot_state_publisher-8] [INFO] [1790605157.226217494] [amir1.robot_state_publisher]: got segment front_right_wheel_1
[robot_state_publisher-8] [INFO] [1790605157.226220028] [amir1.robot_state_publisher]: got segment gripper_base_1
[robot_state_publisher-8] [INFO] [1790605157.226222489] [amir1.robot_state_publisher]: got segment inner_link_left_1
[robot_state_publisher-8] [INFO] [1790605157.226224906] [amir1.robot_state_publisher]: got segment inner_link_right_1
[robot_state_publisher-8] [INFO] [1790605157.226228600] [amir1.robot_state_publisher]: got segment link0_1
[robot_state_publisher-8] [INFO] [1790605157.226232966] [amir1.robot_state_publisher]: got segment link1_1
[robot_state_publisher-8] [INFO] [1790605157.226236739] [amir1.robot_state_publisher]: got segment link2_1
[robot_state_publisher-8] [INFO] [1790605157.226239158] [amir1.robot_state_publisher]: got segment link3_1
[robot_state_publisher-8] [INFO] [1790605157.226241817] [amir1.robot_state_publisher]: got segment link4_1
[robot_state_publisher-8] [INFO] [1790605157.226244823] [amir1.robot_state_publisher]: got segment outer_link_left_1
[robot_state_publisher-8] [INFO] [1790605157.226249189] [amir1.robot_state_publisher]: got segment outer_link_right_1
[robot_state_publisher-8] [INFO] [1790605157.226253348] [amir1.robot_state_publisher]: got segment tcp_link
[parameter_bridge-10] [INFO] [1790605157.226506036] [amir1.odom_bridge]: Creating GZ->ROS Bridge: [/amir1/odom (gz.msgs.Odometry) -> /amir1/odom (nav_msgs/msg/Odometry)] (Lazy 0)
[parameter_bridge-12] [INFO] [1790605157.227109371] [amir1.finger_contact_bridge]: Creating GZ->ROS Bridge: [/world/cooperative_transport_friction/model/amir1/link/finger_left_1/sensor/finger_left_contact_sensor/contact (gz.msgs.Contacts) -> /world/cooperative_transport_friction/model/amir1/link/finger_left_1/sensor/finger_left_contact_sensor/contact (ros_gz_interfaces/msg/Contacts)] (Lazy 0)
[parameter_bridge-10] [INFO] [1790605157.228454711] [amir1.odom_bridge]: Creating GZ->ROS Bridge: [/amir1/odom/tf (gz.msgs.Pose_V) -> /amir1/odom/tf (tf2_msgs/msg/TFMessage)] (Lazy 0)
[parameter_bridge-12] [INFO] [1790605157.228915904] [amir1.finger_contact_bridge]: Creating GZ->ROS Bridge: [/world/cooperative_transport_friction/model/amir1/link/finger_left_1/sensor/finger_left_contact_sensor_1/contact (gz.msgs.Contacts) -> /world/cooperative_transport_friction/model/amir1/link/finger_left_1/sensor/finger_left_contact_sensor_1/contact (ros_gz_interfaces/msg/Contacts)] (Lazy 0)
[parameter_bridge-12] [INFO] [1790605157.229328308] [amir1.finger_contact_bridge]: Creating GZ->ROS Bridge: [/world/cooperative_transport_friction/model/amir1/link/finger_left_1/sensor/finger_left_contact_sensor_2/contact (gz.msgs.Contacts) -> /world/cooperative_transport_friction/model/amir1/link/finger_left_1/sensor/finger_left_contact_sensor_2/contact (ros_gz_interfaces/msg/Contacts)] (Lazy 0)
[parameter_bridge-12] [INFO] [1790605157.229673511] [amir1.finger_contact_bridge]: Creating GZ->ROS Bridge: [/world/cooperative_transport_friction/model/amir1/link/finger_left_1/sensor/finger_left_contact_sensor_3/contact (gz.msgs.Contacts) -> /world/cooperative_transport_friction/model/amir1/link/finger_left_1/sensor/finger_left_contact_sensor_3/contact (ros_gz_interfaces/msg/Contacts)] (Lazy 0)
[parameter_bridge-12] [INFO] [1790605157.230003046] [amir1.finger_contact_bridge]: Creating GZ->ROS Bridge: [/world/cooperative_transport_friction/model/amir1/link/finger_left_1/sensor/finger_left_contact_sensor_4/contact (gz.msgs.Contacts) -> /world/cooperative_transport_friction/model/amir1/link/finger_left_1/sensor/finger_left_contact_sensor_4/contact (ros_gz_interfaces/msg/Contacts)] (Lazy 0)
[parameter_bridge-12] [INFO] [1790605157.230312462] [amir1.finger_contact_bridge]: Creating GZ->ROS Bridge: [/world/cooperative_transport_friction/model/amir1/link/finger_left_1/sensor/finger_left_contact_sensor_5/contact (gz.msgs.Contacts) -> /world/cooperative_transport_friction/model/amir1/link/finger_left_1/sensor/finger_left_contact_sensor_5/contact (ros_gz_interfaces/msg/Contacts)] (Lazy 0)
[parameter_bridge-12] [INFO] [1790605157.230595200] [amir1.finger_contact_bridge]: Creating GZ->ROS Bridge: [/world/cooperative_transport_friction/model/amir1/link/finger_left_1/sensor/finger_left_contact_sensor_6/contact (gz.msgs.Contacts) -> /world/cooperative_transport_friction/model/amir1/link/finger_left_1/sensor/finger_left_contact_sensor_6/contact (ros_gz_interfaces/msg/Contacts)] (Lazy 0)
[parameter_bridge-12] [INFO] [1790605157.230904533] [amir1.finger_contact_bridge]: Creating GZ->ROS Bridge: [/world/cooperative_transport_friction/model/amir1/link/finger_left_1/sensor/finger_left_contact_sensor_7/contact (gz.msgs.Contacts) -> /world/cooperative_transport_friction/model/amir1/link/finger_left_1/sensor/finger_left_contact_sensor_7/contact (ros_gz_interfaces/msg/Contacts)] (Lazy 0)
[parameter_bridge-12] [INFO] [1790605157.231282022] [amir1.finger_contact_bridge]: Creating GZ->ROS Bridge: [/world/cooperative_transport_friction/model/amir1/link/finger_left_1/sensor/finger_left_contact_sensor_8/contact (gz.msgs.Contacts) -> /world/cooperative_transport_friction/model/amir1/link/finger_left_1/sensor/finger_left_contact_sensor_8/contact (ros_gz_interfaces/msg/Contacts)] (Lazy 0)
[parameter_bridge-12] [INFO] [1790605157.231617591] [amir1.finger_contact_bridge]: Creating GZ->ROS Bridge: [/world/cooperative_transport_friction/model/amir1/link/finger_right_1/sensor/finger_right_contact_sensor/contact (gz.msgs.Contacts) -> /world/cooperative_transport_friction/model/amir1/link/finger_right_1/sensor/finger_right_contact_sensor/contact (ros_gz_interfaces/msg/Contacts)] (Lazy 0)
[parameter_bridge-12] [INFO] [1790605157.231863010] [amir1.finger_contact_bridge]: Creating GZ->ROS Bridge: [/world/cooperative_transport_friction/model/amir1/link/finger_right_1/sensor/finger_right_contact_sensor_1/contact (gz.msgs.Contacts) -> /world/cooperative_transport_friction/model/amir1/link/finger_right_1/sensor/finger_right_contact_sensor_1/contact (ros_gz_interfaces/msg/Contacts)] (Lazy 0)
[parameter_bridge-12] [INFO] [1790605157.232133112] [amir1.finger_contact_bridge]: Creating GZ->ROS Bridge: [/world/cooperative_transport_friction/model/amir1/link/finger_right_1/sensor/finger_right_contact_sensor_2/contact (gz.msgs.Contacts) -> /world/cooperative_transport_friction/model/amir1/link/finger_right_1/sensor/finger_right_contact_sensor_2/contact (ros_gz_interfaces/msg/Contacts)] (Lazy 0)
[parameter_bridge-12] [INFO] [1790605157.232383564] [amir1.finger_contact_bridge]: Creating GZ->ROS Bridge: [/world/cooperative_transport_friction/model/amir1/link/finger_right_1/sensor/finger_right_contact_sensor_3/contact (gz.msgs.Contacts) -> /world/cooperative_transport_friction/model/amir1/link/finger_right_1/sensor/finger_right_contact_sensor_3/contact (ros_gz_interfaces/msg/Contacts)] (Lazy 0)
[parameter_bridge-12] [INFO] [1790605157.232628570] [amir1.finger_contact_bridge]: Creating GZ->ROS Bridge: [/world/cooperative_transport_friction/model/amir1/link/finger_right_1/sensor/finger_right_contact_sensor_4/contact (gz.msgs.Contacts) -> /world/cooperative_transport_friction/model/amir1/link/finger_right_1/sensor/finger_right_contact_sensor_4/contact (ros_gz_interfaces/msg/Contacts)] (Lazy 0)
[parameter_bridge-12] [INFO] [1790605157.232849658] [amir1.finger_contact_bridge]: Creating GZ->ROS Bridge: [/world/cooperative_transport_friction/model/amir1/link/finger_right_1/sensor/finger_right_contact_sensor_5/contact (gz.msgs.Contacts) -> /world/cooperative_transport_friction/model/amir1/link/finger_right_1/sensor/finger_right_contact_sensor_5/contact (ros_gz_interfaces/msg/Contacts)] (Lazy 0)
[parameter_bridge-12] [INFO] [1790605157.233090924] [amir1.finger_contact_bridge]: Creating GZ->ROS Bridge: [/world/cooperative_transport_friction/model/amir1/link/finger_right_1/sensor/finger_right_contact_sensor_6/contact (gz.msgs.Contacts) -> /world/cooperative_transport_friction/model/amir1/link/finger_right_1/sensor/finger_right_contact_sensor_6/contact (ros_gz_interfaces/msg/Contacts)] (Lazy 0)
[parameter_bridge-12] [INFO] [1790605157.233354245] [amir1.finger_contact_bridge]: Creating GZ->ROS Bridge: [/world/cooperative_transport_friction/model/amir1/link/finger_right_1/sensor/finger_right_contact_sensor_7/contact (gz.msgs.Contacts) -> /world/cooperative_transport_friction/model/amir1/link/finger_right_1/sensor/finger_right_contact_sensor_7/contact (ros_gz_interfaces/msg/Contacts)] (Lazy 0)
[parameter_bridge-12] [INFO] [1790605157.233624412] [amir1.finger_contact_bridge]: Creating GZ->ROS Bridge: [/world/cooperative_transport_friction/model/amir1/link/finger_right_1/sensor/finger_right_contact_sensor_8/contact (gz.msgs.Contacts) -> /world/cooperative_transport_friction/model/amir1/link/finger_right_1/sensor/finger_right_contact_sensor_8/contact (ros_gz_interfaces/msg/Contacts)] (Lazy 0)
[parameter_bridge-11] [INFO] [1790605157.237019725] [amir1.finger_ft_bridge]: Creating GZ->ROS Bridge: [/amir1/finger_left_wrench (gz.msgs.Wrench) -> /amir1/finger_left_wrench (geometry_msgs/msg/WrenchStamped)] (Lazy 0)
[parameter_bridge-11] [INFO] [1790605157.238542480] [amir1.finger_ft_bridge]: Creating GZ->ROS Bridge: [/amir1/finger_right_wrench (gz.msgs.Wrench) -> /amir1/finger_right_wrench (geometry_msgs/msg/WrenchStamped)] (Lazy 0)
[create-9] [INFO] [1790605157.417053474] [amir1.ros_gz_sim]: Requested creation of entity.
[create-9] [INFO] [1790605157.417096298] [amir1.ros_gz_sim]: OK creation of entity.
[rover_twist_relay_ign.py-13] [INFO] [1790605157.443987476] [amir1.rover_twist_relay_ign]: rover_twist_relay_ign: /rover_twist → /mecanum_drive_controller/reference_unstamped
[ign gazebo-1] [INFO] [1790605157.513708730] [GazeboSimROS2ControlPlugin]: robot_param_node is robot_state_publisher
[ign gazebo-1] [INFO] [1790605157.513728369] [GazeboSimROS2ControlPlugin]: robot_param_node is robot_description
[INFO] [create-9]: process has finished cleanly [pid 43951]
[INFO] [simulation_startup_gate-15]: process started with pid [44143]
[simulation_startup_gate-14] [INFO] [1790605157.549190633] [startup_amir1_controllers_ready]: Waiting for controllers: ['amir1']
[ign gazebo-1] [INFO] [1790605157.766687764] [amir1.gz_ros2_control]: connected to service!! /amir1/robot_state_publisher asking for robot_description
[ign gazebo-1] [INFO] [1790605157.767294541] [amir1.gz_ros2_control]: Received URDF from param server
[ign gazebo-1] [INFO] [1790605157.774237315] [amir1.gz_ros2_control]: The position_proportional_gain has been set to: 0.1
[ign gazebo-1] [INFO] [1790605157.774295388] [amir1.gz_ros2_control]: Loading joint: front_left_joint
[ign gazebo-1] [INFO] [1790605157.774305806] [amir1.gz_ros2_control]: 	State:
[ign gazebo-1] [INFO] [1790605157.774311076] [amir1.gz_ros2_control]: 		 position
[ign gazebo-1] [INFO] [1790605157.774316426] [amir1.gz_ros2_control]: 		 velocity
[ign gazebo-1] [INFO] [1790605157.774320714] [amir1.gz_ros2_control]: 	Command:
[ign gazebo-1] [INFO] [1790605157.774324736] [amir1.gz_ros2_control]: 		 velocity
[ign gazebo-1] [INFO] [1790605157.774347259] [amir1.gz_ros2_control]: Loading joint: front_right_joint
[ign gazebo-1] [INFO] [1790605157.774351241] [amir1.gz_ros2_control]: 	State:
[ign gazebo-1] [INFO] [1790605157.774354036] [amir1.gz_ros2_control]: 		 position
[ign gazebo-1] [INFO] [1790605157.774356982] [amir1.gz_ros2_control]: 		 velocity
[ign gazebo-1] [INFO] [1790605157.774359647] [amir1.gz_ros2_control]: 	Command:
[ign gazebo-1] [INFO] [1790605157.774362454] [amir1.gz_ros2_control]: 		 velocity
[ign gazebo-1] [INFO] [1790605157.774375326] [amir1.gz_ros2_control]: Loading joint: back_left_joint
[ign gazebo-1] [INFO] [1790605157.774378591] [amir1.gz_ros2_control]: 	State:
[ign gazebo-1] [INFO] [1790605157.774381395] [amir1.gz_ros2_control]: 		 position
[ign gazebo-1] [INFO] [1790605157.774384245] [amir1.gz_ros2_control]: 		 velocity
[ign gazebo-1] [INFO] [1790605157.774386861] [amir1.gz_ros2_control]: 	Command:
[ign gazebo-1] [INFO] [1790605157.774389664] [amir1.gz_ros2_control]: 		 velocity
[ign gazebo-1] [INFO] [1790605157.774399888] [amir1.gz_ros2_control]: Loading joint: back_right_joint
[ign gazebo-1] [INFO] [1790605157.774402908] [amir1.gz_ros2_control]: 	State:
[ign gazebo-1] [INFO] [1790605157.774405504] [amir1.gz_ros2_control]: 		 position
[ign gazebo-1] [INFO] [1790605157.774408150] [amir1.gz_ros2_control]: 		 velocity
[ign gazebo-1] [INFO] [1790605157.774410780] [amir1.gz_ros2_control]: 	Command:
[ign gazebo-1] [INFO] [1790605157.774413349] [amir1.gz_ros2_control]: 		 velocity
[ign gazebo-1] [INFO] [1790605157.774489718] [amir1.gz_ros2_control]: Loading sensor: finger_right_force_sensor
[ign gazebo-1] [INFO] [1790605157.774495583] [amir1.gz_ros2_control]: 	State:
[ign gazebo-1] [WARN] [1790605157.774500567] [amir1.gz_ros2_control]: ForceTorque sensor 'finger_right_force_sensor' not found in hardware_info, skipping.
[ign gazebo-1] [INFO] [1790605157.774506241] [amir1.gz_ros2_control]: Loading sensor: finger_left_force_sensor
[ign gazebo-1] [INFO] [1790605157.774509778] [amir1.gz_ros2_control]: 	State:
[ign gazebo-1] [WARN] [1790605157.774514023] [amir1.gz_ros2_control]: ForceTorque sensor 'finger_left_force_sensor' not found in hardware_info, skipping.
[ign gazebo-1] [INFO] [1790605157.774526213] [resource_manager]: Initialize hardware 'MecanumSystem' 
[ign gazebo-1] [INFO] [1790605157.774575004] [resource_manager]: Successful initialization of hardware 'MecanumSystem'
[ign gazebo-1] [INFO] [1790605157.774601754] [resource_manager]: 'configure' hardware 'MecanumSystem' 
[ign gazebo-1] [INFO] [1790605157.774604246] [amir1.gz_ros2_control]: System Successfully configured!
[ign gazebo-1] [INFO] [1790605157.774610430] [resource_manager]: Successful 'configure' of hardware 'MecanumSystem'
[ign gazebo-1] [INFO] [1790605157.774615802] [resource_manager]: 'activate' hardware 'MecanumSystem' 
[ign gazebo-1] [INFO] [1790605157.774621750] [resource_manager]: Successful 'activate' of hardware 'MecanumSystem'
[ign gazebo-1] [INFO] [1790605157.774691028] [amir1.gz_ros2_control]: The position_proportional_gain has been set to: 0.1
[ign gazebo-1] [INFO] [1790605157.774706335] [amir1.gz_ros2_control]: Loading joint: Joint_1
[ign gazebo-1] [INFO] [1790605157.774709996] [amir1.gz_ros2_control]: 	State:
[ign gazebo-1] [INFO] [1790605157.774713130] [amir1.gz_ros2_control]: 		 position
[ign gazebo-1] [INFO] [1790605157.774719058] [amir1.gz_ros2_control]: 			 found initial value: 0.000000
[ign gazebo-1] [INFO] [1790605157.774723855] [amir1.gz_ros2_control]: 		 velocity
[ign gazebo-1] [INFO] [1790605157.774726866] [amir1.gz_ros2_control]: 	Command:
[ign gazebo-1] [INFO] [1790605157.774729694] [amir1.gz_ros2_control]: 		 position
[ign gazebo-1] [INFO] [1790605157.774742852] [amir1.gz_ros2_control]: Loading joint: Joint_2
[ign gazebo-1] [INFO] [1790605157.774745753] [amir1.gz_ros2_control]: 	State:
[ign gazebo-1] [INFO] [1790605157.774748429] [amir1.gz_ros2_control]: 		 position
[ign gazebo-1] [INFO] [1790605157.774751697] [amir1.gz_ros2_control]: 			 found initial value: 1.400000
[ign gazebo-1] [INFO] [1790605157.774774696] [amir1.gz_ros2_control]: 		 velocity
[ign gazebo-1] [INFO] [1790605157.774779285] [amir1.gz_ros2_control]: 	Command:
[ign gazebo-1] [INFO] [1790605157.774783439] [amir1.gz_ros2_control]: 		 position
[ign gazebo-1] [INFO] [1790605157.774797333] [amir1.gz_ros2_control]: Loading joint: Joint_3
[ign gazebo-1] [INFO] [1790605157.774802218] [amir1.gz_ros2_control]: 	State:
[ign gazebo-1] [INFO] [1790605157.774805960] [amir1.gz_ros2_control]: 		 position
[ign gazebo-1] [INFO] [1790605157.774809994] [amir1.gz_ros2_control]: 			 found initial value: -1.600000
[ign gazebo-1] [INFO] [1790605157.774815235] [amir1.gz_ros2_control]: 		 velocity
[ign gazebo-1] [INFO] [1790605157.774818328] [amir1.gz_ros2_control]: 	Command:
[ign gazebo-1] [INFO] [1790605157.774820866] [amir1.gz_ros2_control]: 		 position
[ign gazebo-1] [INFO] [1790605157.774831117] [amir1.gz_ros2_control]: Loading joint: Joint_4
[ign gazebo-1] [INFO] [1790605157.774834144] [amir1.gz_ros2_control]: 	State:
[ign gazebo-1] [INFO] [1790605157.774836835] [amir1.gz_ros2_control]: 		 position
[ign gazebo-1] [INFO] [1790605157.774839612] [amir1.gz_ros2_control]: 			 found initial value: 0.200000
[ign gazebo-1] [INFO] [1790605157.774845021] [amir1.gz_ros2_control]: 		 velocity
[ign gazebo-1] [INFO] [1790605157.774848772] [amir1.gz_ros2_control]: 	Command:
[ign gazebo-1] [INFO] [1790605157.774851359] [amir1.gz_ros2_control]: 		 position
[ign gazebo-1] [INFO] [1790605157.774860808] [amir1.gz_ros2_control]: Loading joint: Joint_5
[ign gazebo-1] [INFO] [1790605157.774863654] [amir1.gz_ros2_control]: 	State:
[ign gazebo-1] [INFO] [1790605157.774866193] [amir1.gz_ros2_control]: 		 position
[ign gazebo-1] [INFO] [1790605157.774871284] [amir1.gz_ros2_control]: 			 found initial value: 1.570796
[ign gazebo-1] [INFO] [1790605157.774874577] [amir1.gz_ros2_control]: 		 velocity
[ign gazebo-1] [INFO] [1790605157.774877130] [amir1.gz_ros2_control]: 	Command:
[ign gazebo-1] [INFO] [1790605157.774879780] [amir1.gz_ros2_control]: 		 position
[ign gazebo-1] [INFO] [1790605157.774891948] [amir1.gz_ros2_control]: Loading joint: Gripper
[ign gazebo-1] [INFO] [1790605157.774895563] [amir1.gz_ros2_control]: 	State:
[ign gazebo-1] [INFO] [1790605157.774898192] [amir1.gz_ros2_control]: 		 position
[ign gazebo-1] [INFO] [1790605157.774900807] [amir1.gz_ros2_control]: 			 found initial value: -1.000000
[ign gazebo-1] [INFO] [1790605157.774903897] [amir1.gz_ros2_control]: 		 velocity
[ign gazebo-1] [INFO] [1790605157.774906455] [amir1.gz_ros2_control]: 	Command:
[ign gazebo-1] [INFO] [1790605157.774909093] [amir1.gz_ros2_control]: 		 position
[ign gazebo-1] [INFO] [1790605157.774918809] [amir1.gz_ros2_control]: Loading joint: left_inner_back_joint
[ign gazebo-1] [INFO] [1790605157.774924264] [amir1.gz_ros2_control]: Joint 'left_inner_back_joint'is mimicking joint 'Gripper' with multiplier: 1
[ign gazebo-1] [INFO] [1790605157.774927740] [amir1.gz_ros2_control]: 	State:
[ign gazebo-1] [INFO] [1790605157.774930461] [amir1.gz_ros2_control]: 		 position
[ign gazebo-1] [INFO] [1790605157.774933338] [amir1.gz_ros2_control]: 		 velocity
[ign gazebo-1] [INFO] [1790605157.774936004] [amir1.gz_ros2_control]: 	Command:
[ign gazebo-1] [INFO] [1790605157.774939636] [amir1.gz_ros2_control]: 		 position
[ign gazebo-1] [INFO] [1790605157.774951462] [amir1.gz_ros2_control]: Loading joint: right_outer_back_joint
[ign gazebo-1] [INFO] [1790605157.774957419] [amir1.gz_ros2_control]: Joint 'right_outer_back_joint'is mimicking joint 'Gripper' with multiplier: 1
[ign gazebo-1] [INFO] [1790605157.774962330] [amir1.gz_ros2_control]: 	State:
[ign gazebo-1] [INFO] [1790605157.774965376] [amir1.gz_ros2_control]: 		 position
[ign gazebo-1] [INFO] [1790605157.774970676] [amir1.gz_ros2_control]: 		 velocity
[ign gazebo-1] [INFO] [1790605157.774974019] [amir1.gz_ros2_control]: 	Command:
[ign gazebo-1] [INFO] [1790605157.774976742] [amir1.gz_ros2_control]: 		 position
[ign gazebo-1] [INFO] [1790605157.774991543] [amir1.gz_ros2_control]: Loading joint: left_outer_back_joint
[ign gazebo-1] [INFO] [1790605157.774995928] [amir1.gz_ros2_control]: Joint 'left_outer_back_joint'is mimicking joint 'Gripper' with multiplier: 1
[ign gazebo-1] [INFO] [1790605157.774999105] [amir1.gz_ros2_control]: 	State:
[ign gazebo-1] [INFO] [1790605157.775001853] [amir1.gz_ros2_control]: 		 position
[ign gazebo-1] [INFO] [1790605157.775008184] [amir1.gz_ros2_control]: 		 velocity
[ign gazebo-1] [INFO] [1790605157.775010957] [amir1.gz_ros2_control]: 	Command:
[ign gazebo-1] [INFO] [1790605157.775013547] [amir1.gz_ros2_control]: 		 position
[ign gazebo-1] [INFO] [1790605157.775025193] [amir1.gz_ros2_control]: Loading joint: right_inner_front_joint
[ign gazebo-1] [INFO] [1790605157.775028755] [amir1.gz_ros2_control]: Joint 'right_inner_front_joint'is mimicking joint 'Gripper' with multiplier: 1
[ign gazebo-1] [INFO] [1790605157.775036031] [amir1.gz_ros2_control]: 	State:
[ign gazebo-1] [INFO] [1790605157.775039937] [amir1.gz_ros2_control]: 		 position
[ign gazebo-1] [INFO] [1790605157.775044765] [amir1.gz_ros2_control]: 		 velocity
[ign gazebo-1] [INFO] [1790605157.775047546] [amir1.gz_ros2_control]: 	Command:
[ign gazebo-1] [INFO] [1790605157.775051504] [amir1.gz_ros2_control]: 		 position
[ign gazebo-1] [INFO] [1790605157.775068190] [amir1.gz_ros2_control]: Loading joint: left_inner_front_joint
[ign gazebo-1] [INFO] [1790605157.775072618] [amir1.gz_ros2_control]: Joint 'left_inner_front_joint'is mimicking joint 'Gripper' with multiplier: 1
[ign gazebo-1] [INFO] [1790605157.775075655] [amir1.gz_ros2_control]: 	State:
[ign gazebo-1] [INFO] [1790605157.775078508] [amir1.gz_ros2_control]: 		 position
[ign gazebo-1] [INFO] [1790605157.775081332] [amir1.gz_ros2_control]: 		 velocity
[ign gazebo-1] [INFO] [1790605157.775084767] [amir1.gz_ros2_control]: 	Command:
[ign gazebo-1] [INFO] [1790605157.775088777] [amir1.gz_ros2_control]: 		 position
[ign gazebo-1] [INFO] [1790605157.775101805] [amir1.gz_ros2_control]: Loading sensor: finger_right_force_sensor
[ign gazebo-1] [INFO] [1790605157.775105377] [amir1.gz_ros2_control]: 	State:
[ign gazebo-1] [WARN] [1790605157.775108487] [amir1.gz_ros2_control]: ForceTorque sensor 'finger_right_force_sensor' not found in hardware_info, skipping.
[ign gazebo-1] [INFO] [1790605157.775113337] [amir1.gz_ros2_control]: Loading sensor: finger_left_force_sensor
[ign gazebo-1] [INFO] [1790605157.775118053] [amir1.gz_ros2_control]: 	State:
[ign gazebo-1] [WARN] [1790605157.775122520] [amir1.gz_ros2_control]: ForceTorque sensor 'finger_left_force_sensor' not found in hardware_info, skipping.
[ign gazebo-1] [INFO] [1790605157.775126169] [resource_manager]: Initialize hardware 'AmirGazeboSystem' 
[ign gazebo-1] [INFO] [1790605157.775148167] [resource_manager]: Successful initialization of hardware 'AmirGazeboSystem'
[ign gazebo-1] [INFO] [1790605157.775163929] [resource_manager]: 'configure' hardware 'AmirGazeboSystem' 
[ign gazebo-1] [INFO] [1790605157.775165891] [amir1.gz_ros2_control]: System Successfully configured!
[ign gazebo-1] [INFO] [1790605157.775170137] [resource_manager]: Successful 'configure' of hardware 'AmirGazeboSystem'
[ign gazebo-1] [INFO] [1790605157.775175638] [resource_manager]: 'activate' hardware 'AmirGazeboSystem' 
[ign gazebo-1] [INFO] [1790605157.775178422] [resource_manager]: Successful 'activate' of hardware 'AmirGazeboSystem'
[ign gazebo-1] [INFO] [1790605157.775180658] [amir1.gz_ros2_control]: Loading controller_manager
[simulation_startup_gate-15] [INFO] [1790605157.829615241] [amir1.manager_ready]: Waiting for manager: ['amir1']
[simulation_startup_gate-15] [INFO] [1790605159.421254357] [amir1.manager_ready]: Ready: amir1_manager_ready
[INFO] [simulation_startup_gate-15]: process has finished cleanly [pid 44143]
[INFO] [spawner-16]: process started with pid [44187]
[ign gazebo-1] [INFO] [1790605159.816967598] [amir1.controller_manager]: Loading controller 'joint_state_broadcaster'
[spawner-16] [INFO] [1790605159.849680477] [amir1.spawner_joint_state_broadcaster]: [94mLoaded [1mjoint_state_broadcaster[0m
[ign gazebo-1] [INFO] [1790605159.850668622] [amir1.controller_manager]: Configuring controller 'joint_state_broadcaster'
[ign gazebo-1] [INFO] [1790605159.850766097] [amir1.joint_state_broadcaster]: 'joints' or 'interfaces' parameter is empty. All available state interfaces will be published
[spawner-16] [INFO] [1790605159.865591817] [amir1.spawner_joint_state_broadcaster]: [92mConfigured and activated [1mjoint_state_broadcaster[0m
[INFO] [spawner-16]: process has finished cleanly [pid 44187]
[INFO] [spawner-17]: process started with pid [44225]
[spawner-17] [INFO] [1790605160.582575463] [amir1.spawner_arm_controller]: waiting for service /amir1/controller_manager/list_controllers to become available...
[spawner-17] [INFO] [1790605160.836553386] [amir1.spawner_arm_controller]: [96mSetting controller param "type" to "joint_trajectory_controller/JointTrajectoryController" for [1marm_controller[0m
[spawner-17] [INFO] [1790605160.846032878] [amir1.spawner_arm_controller]: [96mSetting controller param "params_file" to "['/home/dars5070/ros2_humble_ws/install/amir_gazebo/share/amir_gazebo/config/arm_controllers.yaml']" for [1marm_controller[0m
[ign gazebo-1] [INFO] [1790605160.854687874] [amir1.controller_manager]: Loading controller 'arm_controller'
[ign gazebo-1] [WARN] [1790605160.869647918] [amir1.arm_controller]: [Deprecated]: "allow_nonzero_velocity_at_trajectory_end" is set to true. The default behavior will change to false.
[spawner-17] [INFO] [1790605160.874013037] [amir1.spawner_arm_controller]: [94mLoaded [1marm_controller[0m
[ign gazebo-1] [INFO] [1790605160.875795655] [amir1.controller_manager]: Configuring controller 'arm_controller'
[ign gazebo-1] [INFO] [1790605160.876122753] [amir1.arm_controller]: No specific joint names are used for command interfaces. Using 'joints' parameter.
[ign gazebo-1] [INFO] [1790605160.876171164] [amir1.arm_controller]: Command interfaces are [position] and state interfaces are [position velocity].
[ign gazebo-1] [INFO] [1790605160.876216835] [amir1.arm_controller]: Using 'splines' interpolation method.
[ign gazebo-1] [INFO] [1790605160.878717865] [amir1.arm_controller]: Controller state will be published at 100.00 Hz.
[ign gazebo-1] [INFO] [1790605160.881095134] [amir1.arm_controller]: Goals with partial set of joints are allowed
[ign gazebo-1] [INFO] [1790605160.881125375] [amir1.arm_controller]: Action status changes will be monitored at 20.00 Hz.
[spawner-17] [INFO] [1790605160.897249051] [amir1.spawner_arm_controller]: [92mConfigured and activated [1marm_controller[0m
[INFO] [spawner-17]: process has finished cleanly [pid 44225]
[INFO] [spawner-18]: process started with pid [44264]
[spawner-18] [INFO] [1790605161.603949856] [amir1.spawner_mecanum_drive_controller]: waiting for service /amir1/controller_manager/list_controllers to become available...
[ign gazebo-1] [INFO] [1790605162.108551527] [amir1.controller_manager]: Loading controller 'mecanum_drive_controller'
[spawner-18] [INFO] [1790605162.139983859] [amir1.spawner_mecanum_drive_controller]: [94mLoaded [1mmecanum_drive_controller[0m
[ign gazebo-1] [INFO] [1790605162.141422058] [amir1.controller_manager]: Configuring controller 'mecanum_drive_controller'
[ign gazebo-1] [INFO] [1790605162.149829285] [amir1.mecanum_drive_controller]: MecanumDriveController configured successfully
[spawner-18] [INFO] [1790605162.161640343] [amir1.spawner_mecanum_drive_controller]: [92mConfigured and activated [1mmecanum_drive_controller[0m
[INFO] [spawner-18]: process has finished cleanly [pid 44264]
[INFO] [spawner-19]: process started with pid [44305]
[spawner-19] [INFO] [1790605162.624608413] [amir1.spawner_gripper_controller]: [96mSetting controller param "type" to "position_controllers/GripperActionController" for [1mgripper_controller[0m
[spawner-19] [INFO] [1790605162.629631197] [amir1.spawner_gripper_controller]: [96mSetting controller param "params_file" to "['/home/dars5070/ros2_humble_ws/install/amir_gazebo/share/amir_gazebo/config/arm_controllers.yaml']" for [1mgripper_controller[0m
[ign gazebo-1] [INFO] [1790605162.633252183] [amir1.controller_manager]: Loading controller 'gripper_controller'
[spawner-19] [INFO] [1790605162.642192473] [amir1.spawner_gripper_controller]: [94mLoaded [1mgripper_controller[0m
[ign gazebo-1] [INFO] [1790605162.642783823] [amir1.controller_manager]: Configuring controller 'gripper_controller'
[ign gazebo-1] [INFO] [1790605162.642866221] [amir1.gripper_controller]: Action status changes will be monitored at 20.000000 Hz.
[spawner-19] [INFO] [1790605162.654436158] [amir1.spawner_gripper_controller]: [92mConfigured and activated [1mgripper_controller[0m
[INFO] [spawner-19]: process has finished cleanly [pid 44305]
[simulation_startup_gate-14] [INFO] [1790605163.541059880] [startup_amir1_controllers_ready]: Ready: amir1_controllers_ready
[INFO] [simulation_startup_gate-14]: process has finished cleanly [pid 43961]
[INFO] [robot_state_publisher-20]: process started with pid [44344]
[INFO] [create-21]: process started with pid [44346]
[INFO] [parameter_bridge-22]: process started with pid [44348]
[INFO] [parameter_bridge-23]: process started with pid [44350]
[INFO] [parameter_bridge-24]: process started with pid [44352]
[INFO] [rover_twist_relay_ign.py-25]: process started with pid [44354]
[INFO] [simulation_startup_gate-26]: process started with pid [44364]
[create-21] [INFO] [1790605163.955120643] [amir2.ros_gz_sim]: Requesting list of world names.
[robot_state_publisher-20] [INFO] [1790605163.978318470] [amir2.robot_state_publisher]: got segment back_left_arm
[robot_state_publisher-20] [INFO] [1790605163.978447584] [amir2.robot_state_publisher]: got segment back_left_wheel_1
[robot_state_publisher-20] [INFO] [1790605163.978459467] [amir2.robot_state_publisher]: got segment back_right_arm
[robot_state_publisher-20] [INFO] [1790605163.978467788] [amir2.robot_state_publisher]: got segment back_right_wheel_1
[robot_state_publisher-20] [INFO] [1790605163.978475119] [amir2.robot_state_publisher]: got segment base_footprint
[robot_state_publisher-20] [INFO] [1790605163.978482373] [amir2.robot_state_publisher]: got segment base_link
[robot_state_publisher-20] [INFO] [1790605163.978489451] [amir2.robot_state_publisher]: got segment finger_left_1
[robot_state_publisher-20] [INFO] [1790605163.978496257] [amir2.robot_state_publisher]: got segment finger_right_1
[robot_state_publisher-20] [INFO] [1790605163.978503077] [amir2.robot_state_publisher]: got segment front_left_arm
[robot_state_publisher-20] [INFO] [1790605163.978509820] [amir2.robot_state_publisher]: got segment front_left_wheel_1
[robot_state_publisher-20] [INFO] [1790605163.978516606] [amir2.robot_state_publisher]: got segment front_lrf_link
[robot_state_publisher-20] [INFO] [1790605163.978523481] [amir2.robot_state_publisher]: got segment front_right_arm
[robot_state_publisher-20] [INFO] [1790605163.978530421] [amir2.robot_state_publisher]: got segment front_right_wheel_1
[robot_state_publisher-20] [INFO] [1790605163.978537254] [amir2.robot_state_publisher]: got segment gripper_base_1
[robot_state_publisher-20] [INFO] [1790605163.978544336] [amir2.robot_state_publisher]: got segment inner_link_left_1
[robot_state_publisher-20] [INFO] [1790605163.978551107] [amir2.robot_state_publisher]: got segment inner_link_right_1
[robot_state_publisher-20] [INFO] [1790605163.978557953] [amir2.robot_state_publisher]: got segment link0_1
[robot_state_publisher-20] [INFO] [1790605163.978564697] [amir2.robot_state_publisher]: got segment link1_1
[robot_state_publisher-20] [INFO] [1790605163.978571474] [amir2.robot_state_publisher]: got segment link2_1
[robot_state_publisher-20] [INFO] [1790605163.978578270] [amir2.robot_state_publisher]: got segment link3_1
[robot_state_publisher-20] [INFO] [1790605163.978584937] [amir2.robot_state_publisher]: got segment link4_1
[robot_state_publisher-20] [INFO] [1790605163.978591573] [amir2.robot_state_publisher]: got segment outer_link_left_1
[robot_state_publisher-20] [INFO] [1790605163.978598499] [amir2.robot_state_publisher]: got segment outer_link_right_1
[robot_state_publisher-20] [INFO] [1790605163.978605132] [amir2.robot_state_publisher]: got segment tcp_link
[parameter_bridge-22] [INFO] [1790605163.980498105] [amir2.odom_bridge]: Creating GZ->ROS Bridge: [/amir2/odom (gz.msgs.Odometry) -> /amir2/odom (nav_msgs/msg/Odometry)] (Lazy 0)
[parameter_bridge-24] [INFO] [1790605163.982511498] [amir2.finger_contact_bridge]: Creating GZ->ROS Bridge: [/world/cooperative_transport_friction/model/amir2/link/finger_left_1/sensor/finger_left_contact_sensor/contact (gz.msgs.Contacts) -> /world/cooperative_transport_friction/model/amir2/link/finger_left_1/sensor/finger_left_contact_sensor/contact (ros_gz_interfaces/msg/Contacts)] (Lazy 0)
[parameter_bridge-22] [INFO] [1790605163.982740535] [amir2.odom_bridge]: Creating GZ->ROS Bridge: [/amir2/odom/tf (gz.msgs.Pose_V) -> /amir2/odom/tf (tf2_msgs/msg/TFMessage)] (Lazy 0)
[parameter_bridge-24] [INFO] [1790605163.984560908] [amir2.finger_contact_bridge]: Creating GZ->ROS Bridge: [/world/cooperative_transport_friction/model/amir2/link/finger_left_1/sensor/finger_left_contact_sensor_1/contact (gz.msgs.Contacts) -> /world/cooperative_transport_friction/model/amir2/link/finger_left_1/sensor/finger_left_contact_sensor_1/contact (ros_gz_interfaces/msg/Contacts)] (Lazy 0)
[parameter_bridge-24] [INFO] [1790605163.985366589] [amir2.finger_contact_bridge]: Creating GZ->ROS Bridge: [/world/cooperative_transport_friction/model/amir2/link/finger_left_1/sensor/finger_left_contact_sensor_2/contact (gz.msgs.Contacts) -> /world/cooperative_transport_friction/model/amir2/link/finger_left_1/sensor/finger_left_contact_sensor_2/contact (ros_gz_interfaces/msg/Contacts)] (Lazy 0)
[parameter_bridge-24] [INFO] [1790605163.985932838] [amir2.finger_contact_bridge]: Creating GZ->ROS Bridge: [/world/cooperative_transport_friction/model/amir2/link/finger_left_1/sensor/finger_left_contact_sensor_3/contact (gz.msgs.Contacts) -> /world/cooperative_transport_friction/model/amir2/link/finger_left_1/sensor/finger_left_contact_sensor_3/contact (ros_gz_interfaces/msg/Contacts)] (Lazy 0)
[parameter_bridge-23] [INFO] [1790605163.986152404] [amir2.finger_ft_bridge]: Creating GZ->ROS Bridge: [/amir2/finger_left_wrench (gz.msgs.Wrench) -> /amir2/finger_left_wrench (geometry_msgs/msg/WrenchStamped)] (Lazy 0)
[parameter_bridge-24] [INFO] [1790605163.987646428] [amir2.finger_contact_bridge]: Creating GZ->ROS Bridge: [/world/cooperative_transport_friction/model/amir2/link/finger_left_1/sensor/finger_left_contact_sensor_4/contact (gz.msgs.Contacts) -> /world/cooperative_transport_friction/model/amir2/link/finger_left_1/sensor/finger_left_contact_sensor_4/contact (ros_gz_interfaces/msg/Contacts)] (Lazy 0)
[parameter_bridge-24] [INFO] [1790605163.988162069] [amir2.finger_contact_bridge]: Creating GZ->ROS Bridge: [/world/cooperative_transport_friction/model/amir2/link/finger_left_1/sensor/finger_left_contact_sensor_5/contact (gz.msgs.Contacts) -> /world/cooperative_transport_friction/model/amir2/link/finger_left_1/sensor/finger_left_contact_sensor_5/contact (ros_gz_interfaces/msg/Contacts)] (Lazy 0)
[parameter_bridge-23] [INFO] [1790605163.988280256] [amir2.finger_ft_bridge]: Creating GZ->ROS Bridge: [/amir2/finger_right_wrench (gz.msgs.Wrench) -> /amir2/finger_right_wrench (geometry_msgs/msg/WrenchStamped)] (Lazy 0)
[parameter_bridge-24] [INFO] [1790605163.989997099] [amir2.finger_contact_bridge]: Creating GZ->ROS Bridge: [/world/cooperative_transport_friction/model/amir2/link/finger_left_1/sensor/finger_left_contact_sensor_6/contact (gz.msgs.Contacts) -> /world/cooperative_transport_friction/model/amir2/link/finger_left_1/sensor/finger_left_contact_sensor_6/contact (ros_gz_interfaces/msg/Contacts)] (Lazy 0)
[parameter_bridge-24] [INFO] [1790605163.990419570] [amir2.finger_contact_bridge]: Creating GZ->ROS Bridge: [/world/cooperative_transport_friction/model/amir2/link/finger_left_1/sensor/finger_left_contact_sensor_7/contact (gz.msgs.Contacts) -> /world/cooperative_transport_friction/model/amir2/link/finger_left_1/sensor/finger_left_contact_sensor_7/contact (ros_gz_interfaces/msg/Contacts)] (Lazy 0)
[parameter_bridge-24] [INFO] [1790605163.990756733] [amir2.finger_contact_bridge]: Creating GZ->ROS Bridge: [/world/cooperative_transport_friction/model/amir2/link/finger_left_1/sensor/finger_left_contact_sensor_8/contact (gz.msgs.Contacts) -> /world/cooperative_transport_friction/model/amir2/link/finger_left_1/sensor/finger_left_contact_sensor_8/contact (ros_gz_interfaces/msg/Contacts)] (Lazy 0)
[parameter_bridge-24] [INFO] [1790605163.991104007] [amir2.finger_contact_bridge]: Creating GZ->ROS Bridge: [/world/cooperative_transport_friction/model/amir2/link/finger_right_1/sensor/finger_right_contact_sensor/contact (gz.msgs.Contacts) -> /world/cooperative_transport_friction/model/amir2/link/finger_right_1/sensor/finger_right_contact_sensor/contact (ros_gz_interfaces/msg/Contacts)] (Lazy 0)
[parameter_bridge-24] [INFO] [1790605163.991427065] [amir2.finger_contact_bridge]: Creating GZ->ROS Bridge: [/world/cooperative_transport_friction/model/amir2/link/finger_right_1/sensor/finger_right_contact_sensor_1/contact (gz.msgs.Contacts) -> /world/cooperative_transport_friction/model/amir2/link/finger_right_1/sensor/finger_right_contact_sensor_1/contact (ros_gz_interfaces/msg/Contacts)] (Lazy 0)
[parameter_bridge-24] [INFO] [1790605163.991771060] [amir2.finger_contact_bridge]: Creating GZ->ROS Bridge: [/world/cooperative_transport_friction/model/amir2/link/finger_right_1/sensor/finger_right_contact_sensor_2/contact (gz.msgs.Contacts) -> /world/cooperative_transport_friction/model/amir2/link/finger_right_1/sensor/finger_right_contact_sensor_2/contact (ros_gz_interfaces/msg/Contacts)] (Lazy 0)
[parameter_bridge-24] [INFO] [1790605163.992098110] [amir2.finger_contact_bridge]: Creating GZ->ROS Bridge: [/world/cooperative_transport_friction/model/amir2/link/finger_right_1/sensor/finger_right_contact_sensor_3/contact (gz.msgs.Contacts) -> /world/cooperative_transport_friction/model/amir2/link/finger_right_1/sensor/finger_right_contact_sensor_3/contact (ros_gz_interfaces/msg/Contacts)] (Lazy 0)
[parameter_bridge-24] [INFO] [1790605163.992406984] [amir2.finger_contact_bridge]: Creating GZ->ROS Bridge: [/world/cooperative_transport_friction/model/amir2/link/finger_right_1/sensor/finger_right_contact_sensor_4/contact (gz.msgs.Contacts) -> /world/cooperative_transport_friction/model/amir2/link/finger_right_1/sensor/finger_right_contact_sensor_4/contact (ros_gz_interfaces/msg/Contacts)] (Lazy 0)
[parameter_bridge-24] [INFO] [1790605163.992720977] [amir2.finger_contact_bridge]: Creating GZ->ROS Bridge: [/world/cooperative_transport_friction/model/amir2/link/finger_right_1/sensor/finger_right_contact_sensor_5/contact (gz.msgs.Contacts) -> /world/cooperative_transport_friction/model/amir2/link/finger_right_1/sensor/finger_right_contact_sensor_5/contact (ros_gz_interfaces/msg/Contacts)] (Lazy 0)
[parameter_bridge-24] [INFO] [1790605163.993051434] [amir2.finger_contact_bridge]: Creating GZ->ROS Bridge: [/world/cooperative_transport_friction/model/amir2/link/finger_right_1/sensor/finger_right_contact_sensor_6/contact (gz.msgs.Contacts) -> /world/cooperative_transport_friction/model/amir2/link/finger_right_1/sensor/finger_right_contact_sensor_6/contact (ros_gz_interfaces/msg/Contacts)] (Lazy 0)
[parameter_bridge-24] [INFO] [1790605163.993950817] [amir2.finger_contact_bridge]: Creating GZ->ROS Bridge: [/world/cooperative_transport_friction/model/amir2/link/finger_right_1/sensor/finger_right_contact_sensor_7/contact (gz.msgs.Contacts) -> /world/cooperative_transport_friction/model/amir2/link/finger_right_1/sensor/finger_right_contact_sensor_7/contact (ros_gz_interfaces/msg/Contacts)] (Lazy 0)
[parameter_bridge-24] [INFO] [1790605163.994638747] [amir2.finger_contact_bridge]: Creating GZ->ROS Bridge: [/world/cooperative_transport_friction/model/amir2/link/finger_right_1/sensor/finger_right_contact_sensor_8/contact (gz.msgs.Contacts) -> /world/cooperative_transport_friction/model/amir2/link/finger_right_1/sensor/finger_right_contact_sensor_8/contact (ros_gz_interfaces/msg/Contacts)] (Lazy 0)
[create-21] [INFO] [1790605164.158658776] [amir2.ros_gz_sim]: Requested creation of entity.
[create-21] [INFO] [1790605164.158708853] [amir2.ros_gz_sim]: OK creation of entity.
[rover_twist_relay_ign.py-25] [INFO] [1790605164.212698687] [amir2.rover_twist_relay_ign]: rover_twist_relay_ign: /rover_twist → /mecanum_drive_controller/reference_unstamped
[ign gazebo-1] [INFO] [1790605164.278820100] [GazeboSimROS2ControlPlugin]: robot_param_node is robot_state_publisher
[ign gazebo-1] [INFO] [1790605164.278847551] [GazeboSimROS2ControlPlugin]: robot_param_node is robot_description
[INFO] [create-21]: process has finished cleanly [pid 44346]
[INFO] [simulation_startup_gate-27]: process started with pid [44503]
[ign gazebo-1] [INFO] [1790605164.286908203] [amir2.gz_ros2_control]: connected to service!! /amir2/robot_state_publisher asking for robot_description
[ign gazebo-1] [INFO] [1790605164.287296035] [amir2.gz_ros2_control]: Received URDF from param server
[ign gazebo-1] [INFO] [1790605164.290855288] [amir2.gz_ros2_control]: The position_proportional_gain has been set to: 0.1
[ign gazebo-1] [INFO] [1790605164.290899738] [amir2.gz_ros2_control]: Loading joint: front_left_joint
[ign gazebo-1] [INFO] [1790605164.290905507] [amir2.gz_ros2_control]: 	State:
[ign gazebo-1] [INFO] [1790605164.290909383] [amir2.gz_ros2_control]: 		 position
[ign gazebo-1] [INFO] [1790605164.290914104] [amir2.gz_ros2_control]: 		 velocity
[ign gazebo-1] [INFO] [1790605164.290921648] [amir2.gz_ros2_control]: 	Command:
[ign gazebo-1] [INFO] [1790605164.290925194] [amir2.gz_ros2_control]: 		 velocity
[ign gazebo-1] [INFO] [1790605164.290950386] [amir2.gz_ros2_control]: Loading joint: front_right_joint
[ign gazebo-1] [INFO] [1790605164.290955256] [amir2.gz_ros2_control]: 	State:
[ign gazebo-1] [INFO] [1790605164.290959089] [amir2.gz_ros2_control]: 		 position
[ign gazebo-1] [INFO] [1790605164.290963299] [amir2.gz_ros2_control]: 		 velocity
[ign gazebo-1] [INFO] [1790605164.290967291] [amir2.gz_ros2_control]: 	Command:
[ign gazebo-1] [INFO] [1790605164.290970801] [amir2.gz_ros2_control]: 		 velocity
[ign gazebo-1] [INFO] [1790605164.291001742] [amir2.gz_ros2_control]: Loading joint: back_left_joint
[ign gazebo-1] [INFO] [1790605164.291006886] [amir2.gz_ros2_control]: 	State:
[ign gazebo-1] [INFO] [1790605164.291010981] [amir2.gz_ros2_control]: 		 position
[ign gazebo-1] [INFO] [1790605164.291015199] [amir2.gz_ros2_control]: 		 velocity
[ign gazebo-1] [INFO] [1790605164.291018633] [amir2.gz_ros2_control]: 	Command:
[ign gazebo-1] [INFO] [1790605164.291022069] [amir2.gz_ros2_control]: 		 velocity
[ign gazebo-1] [INFO] [1790605164.291039027] [amir2.gz_ros2_control]: Loading joint: back_right_joint
[ign gazebo-1] [INFO] [1790605164.291043270] [amir2.gz_ros2_control]: 	State:
[ign gazebo-1] [INFO] [1790605164.291046906] [amir2.gz_ros2_control]: 		 position
[ign gazebo-1] [INFO] [1790605164.291050217] [amir2.gz_ros2_control]: 		 velocity
[ign gazebo-1] [INFO] [1790605164.291053873] [amir2.gz_ros2_control]: 	Command:
[ign gazebo-1] [INFO] [1790605164.291057231] [amir2.gz_ros2_control]: 		 velocity
[ign gazebo-1] [INFO] [1790605164.291075896] [amir2.gz_ros2_control]: Loading sensor: finger_right_force_sensor
[ign gazebo-1] [INFO] [1790605164.291081356] [amir2.gz_ros2_control]: Topic name: /amir1/finger_right_wrench
[ign gazebo-1] [INFO] [1790605164.291085119] [amir2.gz_ros2_control]: 	State:
[ign gazebo-1] [WARN] [1790605164.291089432] [amir2.gz_ros2_control]: ForceTorque sensor 'finger_right_force_sensor' not found in hardware_info, skipping.
[ign gazebo-1] [INFO] [1790605164.291100744] [amir2.gz_ros2_control]: Loading sensor: finger_left_force_sensor
[ign gazebo-1] [INFO] [1790605164.291105503] [amir2.gz_ros2_control]: Topic name: /amir1/finger_left_wrench
[ign gazebo-1] [INFO] [1790605164.291109267] [amir2.gz_ros2_control]: 	State:
[ign gazebo-1] [WARN] [1790605164.291113316] [amir2.gz_ros2_control]: ForceTorque sensor 'finger_left_force_sensor' not found in hardware_info, skipping.
[ign gazebo-1] [INFO] [1790605164.291117802] [amir2.gz_ros2_control]: Loading sensor: finger_right_force_sensor
[ign gazebo-1] [INFO] [1790605164.291121696] [amir2.gz_ros2_control]: 	State:
[ign gazebo-1] [WARN] [1790605164.291125892] [amir2.gz_ros2_control]: ForceTorque sensor 'finger_right_force_sensor' not found in hardware_info, skipping.
[ign gazebo-1] [INFO] [1790605164.291130382] [amir2.gz_ros2_control]: Loading sensor: finger_left_force_sensor
[ign gazebo-1] [INFO] [1790605164.291134001] [amir2.gz_ros2_control]: 	State:
[ign gazebo-1] [WARN] [1790605164.291138070] [amir2.gz_ros2_control]: ForceTorque sensor 'finger_left_force_sensor' not found in hardware_info, skipping.
[ign gazebo-1] [INFO] [1790605164.291143227] [resource_manager]: Initialize hardware 'MecanumSystem' 
[ign gazebo-1] [INFO] [1790605164.291158171] [resource_manager]: Successful initialization of hardware 'MecanumSystem'
[ign gazebo-1] [INFO] [1790605164.291179666] [resource_manager]: 'configure' hardware 'MecanumSystem' 
[ign gazebo-1] [INFO] [1790605164.291200797] [amir2.gz_ros2_control]: System Successfully configured!
[ign gazebo-1] [INFO] [1790605164.291207780] [resource_manager]: Successful 'configure' of hardware 'MecanumSystem'
[ign gazebo-1] [INFO] [1790605164.291212920] [resource_manager]: 'activate' hardware 'MecanumSystem' 
[ign gazebo-1] [INFO] [1790605164.291216849] [resource_manager]: Successful 'activate' of hardware 'MecanumSystem'
[ign gazebo-1] [INFO] [1790605164.291270900] [amir2.gz_ros2_control]: The position_proportional_gain has been set to: 0.1
[ign gazebo-1] [INFO] [1790605164.291293862] [amir2.gz_ros2_control]: Loading joint: Joint_1
[ign gazebo-1] [INFO] [1790605164.291298099] [amir2.gz_ros2_control]: 	State:
[ign gazebo-1] [INFO] [1790605164.291301057] [amir2.gz_ros2_control]: 		 position
[ign gazebo-1] [INFO] [1790605164.291304664] [amir2.gz_ros2_control]: 			 found initial value: 0.000000
[ign gazebo-1] [INFO] [1790605164.291308492] [amir2.gz_ros2_control]: 		 velocity
[ign gazebo-1] [INFO] [1790605164.291311602] [amir2.gz_ros2_control]: 	Command:
[ign gazebo-1] [INFO] [1790605164.291314325] [amir2.gz_ros2_control]: 		 position
[ign gazebo-1] [INFO] [1790605164.291328776] [amir2.gz_ros2_control]: Loading joint: Joint_2
[ign gazebo-1] [INFO] [1790605164.291331733] [amir2.gz_ros2_control]: 	State:
[ign gazebo-1] [INFO] [1790605164.291334331] [amir2.gz_ros2_control]: 		 position
[ign gazebo-1] [INFO] [1790605164.291337386] [amir2.gz_ros2_control]: 			 found initial value: 1.400000
[ign gazebo-1] [INFO] [1790605164.291340678] [amir2.gz_ros2_control]: 		 velocity
[ign gazebo-1] [INFO] [1790605164.291343346] [amir2.gz_ros2_control]: 	Command:
[ign gazebo-1] [INFO] [1790605164.291345992] [amir2.gz_ros2_control]: 		 position
[ign gazebo-1] [INFO] [1790605164.291359991] [amir2.gz_ros2_control]: Loading joint: Joint_3
[ign gazebo-1] [INFO] [1790605164.291362819] [amir2.gz_ros2_control]: 	State:
[ign gazebo-1] [INFO] [1790605164.291366517] [amir2.gz_ros2_control]: 		 position
[ign gazebo-1] [INFO] [1790605164.291369142] [amir2.gz_ros2_control]: 			 found initial value: -1.600000
[ign gazebo-1] [INFO] [1790605164.291372192] [amir2.gz_ros2_control]: 		 velocity
[ign gazebo-1] [INFO] [1790605164.291374710] [amir2.gz_ros2_control]: 	Command:
[ign gazebo-1] [INFO] [1790605164.291377211] [amir2.gz_ros2_control]: 		 position
[ign gazebo-1] [INFO] [1790605164.291391610] [amir2.gz_ros2_control]: Loading joint: Joint_4
[ign gazebo-1] [INFO] [1790605164.291396682] [amir2.gz_ros2_control]: 	State:
[ign gazebo-1] [INFO] [1790605164.291400649] [amir2.gz_ros2_control]: 		 position
[ign gazebo-1] [INFO] [1790605164.291404739] [amir2.gz_ros2_control]: 			 found initial value: 0.200000
[ign gazebo-1] [INFO] [1790605164.291409766] [amir2.gz_ros2_control]: 		 velocity
[ign gazebo-1] [INFO] [1790605164.291413825] [amir2.gz_ros2_control]: 	Command:
[ign gazebo-1] [INFO] [1790605164.291417954] [amir2.gz_ros2_control]: 		 position
[ign gazebo-1] [INFO] [1790605164.291433025] [amir2.gz_ros2_control]: Loading joint: Joint_5
[ign gazebo-1] [INFO] [1790605164.291436171] [amir2.gz_ros2_control]: 	State:
[ign gazebo-1] [INFO] [1790605164.291438893] [amir2.gz_ros2_control]: 		 position
[ign gazebo-1] [INFO] [1790605164.291444700] [amir2.gz_ros2_control]: 			 found initial value: 1.570796
[ign gazebo-1] [INFO] [1790605164.291448097] [amir2.gz_ros2_control]: 		 velocity
[ign gazebo-1] [INFO] [1790605164.291451742] [amir2.gz_ros2_control]: 	Command:
[ign gazebo-1] [INFO] [1790605164.291455555] [amir2.gz_ros2_control]: 		 position
[ign gazebo-1] [INFO] [1790605164.291471631] [amir2.gz_ros2_control]: Loading joint: Gripper
[ign gazebo-1] [INFO] [1790605164.291476933] [amir2.gz_ros2_control]: 	State:
[ign gazebo-1] [INFO] [1790605164.291486670] [amir2.gz_ros2_control]: 		 position
[ign gazebo-1] [INFO] [1790605164.291489613] [amir2.gz_ros2_control]: 			 found initial value: -1.000000
[ign gazebo-1] [INFO] [1790605164.291492708] [amir2.gz_ros2_control]: 		 velocity
[ign gazebo-1] [INFO] [1790605164.291495336] [amir2.gz_ros2_control]: 	Command:
[ign gazebo-1] [INFO] [1790605164.291498118] [amir2.gz_ros2_control]: 		 position
[ign gazebo-1] [INFO] [1790605164.291510842] [amir2.gz_ros2_control]: Loading joint: left_inner_back_joint
[ign gazebo-1] [INFO] [1790605164.291519066] [amir2.gz_ros2_control]: Joint 'left_inner_back_joint'is mimicking joint 'Gripper' with multiplier: 1
[ign gazebo-1] [INFO] [1790605164.291524445] [amir2.gz_ros2_control]: 	State:
[ign gazebo-1] [INFO] [1790605164.291528856] [amir2.gz_ros2_control]: 		 position
[ign gazebo-1] [INFO] [1790605164.291531933] [amir2.gz_ros2_control]: 		 velocity
[ign gazebo-1] [INFO] [1790605164.291534506] [amir2.gz_ros2_control]: 	Command:
[ign gazebo-1] [INFO] [1790605164.291537137] [amir2.gz_ros2_control]: 		 position
[ign gazebo-1] [INFO] [1790605164.291549119] [amir2.gz_ros2_control]: Loading joint: right_outer_back_joint
[ign gazebo-1] [INFO] [1790605164.291562687] [amir2.gz_ros2_control]: Joint 'right_outer_back_joint'is mimicking joint 'Gripper' with multiplier: 1
[ign gazebo-1] [INFO] [1790605164.291565970] [amir2.gz_ros2_control]: 	State:
[ign gazebo-1] [INFO] [1790605164.291568611] [amir2.gz_ros2_control]: 		 position
[ign gazebo-1] [INFO] [1790605164.291571337] [amir2.gz_ros2_control]: 		 velocity
[ign gazebo-1] [INFO] [1790605164.291574189] [amir2.gz_ros2_control]: 	Command:
[ign gazebo-1] [INFO] [1790605164.291576771] [amir2.gz_ros2_control]: 		 position
[ign gazebo-1] [INFO] [1790605164.291587061] [amir2.gz_ros2_control]: Loading joint: left_outer_back_joint
[ign gazebo-1] [INFO] [1790605164.291591033] [amir2.gz_ros2_control]: Joint 'left_outer_back_joint'is mimicking joint 'Gripper' with multiplier: 1
[ign gazebo-1] [INFO] [1790605164.291595352] [amir2.gz_ros2_control]: 	State:
[ign gazebo-1] [INFO] [1790605164.291602736] [amir2.gz_ros2_control]: 		 position
[ign gazebo-1] [INFO] [1790605164.291606469] [amir2.gz_ros2_control]: 		 velocity
[ign gazebo-1] [INFO] [1790605164.291609395] [amir2.gz_ros2_control]: 	Command:
[ign gazebo-1] [INFO] [1790605164.291611922] [amir2.gz_ros2_control]: 		 position
[ign gazebo-1] [INFO] [1790605164.291623657] [amir2.gz_ros2_control]: Loading joint: right_inner_front_joint
[ign gazebo-1] [INFO] [1790605164.291627567] [amir2.gz_ros2_control]: Joint 'right_inner_front_joint'is mimicking joint 'Gripper' with multiplier: 1
[ign gazebo-1] [INFO] [1790605164.291630584] [amir2.gz_ros2_control]: 	State:
[ign gazebo-1] [INFO] [1790605164.291633387] [amir2.gz_ros2_control]: 		 position
[ign gazebo-1] [INFO] [1790605164.291636087] [amir2.gz_ros2_control]: 		 velocity
[ign gazebo-1] [INFO] [1790605164.291638800] [amir2.gz_ros2_control]: 	Command:
[ign gazebo-1] [INFO] [1790605164.291641322] [amir2.gz_ros2_control]: 		 position
[ign gazebo-1] [INFO] [1790605164.291651228] [amir2.gz_ros2_control]: Loading joint: left_inner_front_joint
[ign gazebo-1] [INFO] [1790605164.291654888] [amir2.gz_ros2_control]: Joint 'left_inner_front_joint'is mimicking joint 'Gripper' with multiplier: 1
[ign gazebo-1] [INFO] [1790605164.291657755] [amir2.gz_ros2_control]: 	State:
[ign gazebo-1] [INFO] [1790605164.291660358] [amir2.gz_ros2_control]: 		 position
[ign gazebo-1] [INFO] [1790605164.291662983] [amir2.gz_ros2_control]: 		 velocity
[ign gazebo-1] [INFO] [1790605164.291666190] [amir2.gz_ros2_control]: 	Command:
[ign gazebo-1] [INFO] [1790605164.291668588] [amir2.gz_ros2_control]: 		 position
[ign gazebo-1] [INFO] [1790605164.291674849] [amir2.gz_ros2_control]: Loading sensor: finger_right_force_sensor
[ign gazebo-1] [INFO] [1790605164.291678548] [amir2.gz_ros2_control]: Topic name: /amir1/finger_right_wrench
[ign gazebo-1] [INFO] [1790605164.291681343] [amir2.gz_ros2_control]: 	State:
[ign gazebo-1] [WARN] [1790605164.291685819] [amir2.gz_ros2_control]: ForceTorque sensor 'finger_right_force_sensor' not found in hardware_info, skipping.
[ign gazebo-1] [INFO] [1790605164.291689020] [amir2.gz_ros2_control]: Loading sensor: finger_left_force_sensor
[ign gazebo-1] [INFO] [1790605164.291691793] [amir2.gz_ros2_control]: Topic name: /amir1/finger_left_wrench
[ign gazebo-1] [INFO] [1790605164.291694360] [amir2.gz_ros2_control]: 	State:
[ign gazebo-1] [WARN] [1790605164.291697063] [amir2.gz_ros2_control]: ForceTorque sensor 'finger_left_force_sensor' not found in hardware_info, skipping.
[ign gazebo-1] [INFO] [1790605164.291699971] [amir2.gz_ros2_control]: Loading sensor: finger_right_force_sensor
[ign gazebo-1] [INFO] [1790605164.291702565] [amir2.gz_ros2_control]: 	State:
[ign gazebo-1] [WARN] [1790605164.291705505] [amir2.gz_ros2_control]: ForceTorque sensor 'finger_right_force_sensor' not found in hardware_info, skipping.
[ign gazebo-1] [INFO] [1790605164.291708241] [amir2.gz_ros2_control]: Loading sensor: finger_left_force_sensor
[ign gazebo-1] [INFO] [1790605164.291710772] [amir2.gz_ros2_control]: 	State:
[ign gazebo-1] [WARN] [1790605164.291713624] [amir2.gz_ros2_control]: ForceTorque sensor 'finger_left_force_sensor' not found in hardware_info, skipping.
[ign gazebo-1] [INFO] [1790605164.291717046] [resource_manager]: Initialize hardware 'AmirGazeboSystem' 
[ign gazebo-1] [INFO] [1790605164.291727663] [resource_manager]: Successful initialization of hardware 'AmirGazeboSystem'
[ign gazebo-1] [INFO] [1790605164.291743936] [resource_manager]: 'configure' hardware 'AmirGazeboSystem' 
[ign gazebo-1] [INFO] [1790605164.291745911] [amir2.gz_ros2_control]: System Successfully configured!
[ign gazebo-1] [INFO] [1790605164.291749798] [resource_manager]: Successful 'configure' of hardware 'AmirGazeboSystem'
[ign gazebo-1] [INFO] [1790605164.291755681] [resource_manager]: 'activate' hardware 'AmirGazeboSystem' 
[ign gazebo-1] [INFO] [1790605164.291760660] [resource_manager]: Successful 'activate' of hardware 'AmirGazeboSystem'
[ign gazebo-1] [INFO] [1790605164.291763022] [amir2.gz_ros2_control]: Loading controller_manager
[simulation_startup_gate-26] [INFO] [1790605164.323944921] [startup_robots_ready]: Waiting for controllers: ['amir2']
[simulation_startup_gate-27] [INFO] [1790605164.589076286] [amir2.manager_ready]: Waiting for manager: ['amir2']
[simulation_startup_gate-27] [INFO] [1790605165.778316322] [amir2.manager_ready]: Ready: amir2_manager_ready
[INFO] [simulation_startup_gate-27]: process has finished cleanly [pid 44503]
[INFO] [spawner-28]: process started with pid [44573]
[ign gazebo-1] [INFO] [1790605166.155747207] [amir2.controller_manager]: Loading controller 'joint_state_broadcaster'
[spawner-28] [INFO] [1790605166.177382151] [amir2.spawner_joint_state_broadcaster]: [94mLoaded [1mjoint_state_broadcaster[0m
[ign gazebo-1] [INFO] [1790605166.178342098] [amir2.controller_manager]: Configuring controller 'joint_state_broadcaster'
[ign gazebo-1] [INFO] [1790605166.178409938] [amir2.joint_state_broadcaster]: 'joints' or 'interfaces' parameter is empty. All available state interfaces will be published
[spawner-28] [INFO] [1790605166.188998739] [amir2.spawner_joint_state_broadcaster]: [92mConfigured and activated [1mjoint_state_broadcaster[0m
[INFO] [spawner-28]: process has finished cleanly [pid 44573]
[INFO] [spawner-29]: process started with pid [44611]
[spawner-29] [INFO] [1790605166.910556041] [amir2.spawner_arm_controller]: waiting for service /amir2/controller_manager/list_controllers to become available...
[spawner-29] [INFO] [1790605167.571950177] [amir2.spawner_arm_controller]: [96mSetting controller param "type" to "joint_trajectory_controller/JointTrajectoryController" for [1marm_controller[0m
[spawner-29] [INFO] [1790605167.580667552] [amir2.spawner_arm_controller]: [96mSetting controller param "params_file" to "['/home/dars5070/ros2_humble_ws/install/amir_gazebo/share/amir_gazebo/config/arm_controllers.yaml']" for [1marm_controller[0m
[ign gazebo-1] [INFO] [1790605167.585409833] [amir2.controller_manager]: Loading controller 'arm_controller'
[ign gazebo-1] [WARN] [1790605167.600512013] [amir2.arm_controller]: [Deprecated]: "allow_nonzero_velocity_at_trajectory_end" is set to true. The default behavior will change to false.
[spawner-29] [INFO] [1790605167.603175217] [amir2.spawner_arm_controller]: [94mLoaded [1marm_controller[0m
[ign gazebo-1] [INFO] [1790605167.605784718] [amir2.controller_manager]: Configuring controller 'arm_controller'
[ign gazebo-1] [INFO] [1790605167.606078923] [amir2.arm_controller]: No specific joint names are used for command interfaces. Using 'joints' parameter.
[ign gazebo-1] [INFO] [1790605167.606115520] [amir2.arm_controller]: Command interfaces are [position] and state interfaces are [position velocity].
[ign gazebo-1] [INFO] [1790605167.606143457] [amir2.arm_controller]: Using 'splines' interpolation method.
[ign gazebo-1] [INFO] [1790605167.607253094] [amir2.arm_controller]: Controller state will be published at 100.00 Hz.
[ign gazebo-1] [INFO] [1790605167.609818451] [amir2.arm_controller]: Goals with partial set of joints are allowed
[ign gazebo-1] [INFO] [1790605167.609873937] [amir2.arm_controller]: Action status changes will be monitored at 20.00 Hz.
[spawner-29] [INFO] [1790605167.627501022] [amir2.spawner_arm_controller]: [92mConfigured and activated [1marm_controller[0m
[INFO] [spawner-29]: process has finished cleanly [pid 44611]
[INFO] [spawner-30]: process started with pid [44651]
[ign gazebo-1] [INFO] [1790605169.021389256] [amir2.controller_manager]: Loading controller 'mecanum_drive_controller'
[spawner-30] [INFO] [1790605169.073869003] [amir2.spawner_mecanum_drive_controller]: [94mLoaded [1mmecanum_drive_controller[0m
[ign gazebo-1] [INFO] [1790605169.075105091] [amir2.controller_manager]: Configuring controller 'mecanum_drive_controller'
[ign gazebo-1] [INFO] [1790605169.077016805] [amir2.mecanum_drive_controller]: MecanumDriveController configured successfully
[spawner-30] [INFO] [1790605169.086533788] [amir2.spawner_mecanum_drive_controller]: [92mConfigured and activated [1mmecanum_drive_controller[0m
[INFO] [spawner-30]: process has finished cleanly [pid 44651]
[INFO] [spawner-31]: process started with pid [44691]
[spawner-31] [INFO] [1790605169.471545274] [amir2.spawner_gripper_controller]: waiting for service /amir2/controller_manager/list_controllers to become available...
[spawner-31] [INFO] [1790605170.484855205] [amir2.spawner_gripper_controller]: [96mSetting controller param "type" to "position_controllers/GripperActionController" for [1mgripper_controller[0m
[spawner-31] [INFO] [1790605170.494126848] [amir2.spawner_gripper_controller]: [96mSetting controller param "params_file" to "['/home/dars5070/ros2_humble_ws/install/amir_gazebo/share/amir_gazebo/config/arm_controllers.yaml']" for [1mgripper_controller[0m
[ign gazebo-1] [INFO] [1790605170.500193809] [amir2.controller_manager]: Loading controller 'gripper_controller'
[spawner-31] [INFO] [1790605170.515374385] [amir2.spawner_gripper_controller]: [94mLoaded [1mgripper_controller[0m
[ign gazebo-1] [INFO] [1790605170.516386715] [amir2.controller_manager]: Configuring controller 'gripper_controller'
[ign gazebo-1] [INFO] [1790605170.516439712] [amir2.gripper_controller]: Action status changes will be monitored at 20.000000 Hz.
[spawner-31] [INFO] [1790605170.527712791] [amir2.spawner_gripper_controller]: [92mConfigured and activated [1mgripper_controller[0m
[INFO] [spawner-31]: process has finished cleanly [pid 44691]
[simulation_startup_gate-26] [INFO] [1790605171.915465155] [startup_robots_ready]: Ready: robots_ready
[INFO] [simulation_startup_gate-26]: process has finished cleanly [pid 44364]
[INFO] [friction_grasp_manager-32]: process started with pid [44730]
[INFO] [arm_home_positioner-33]: process started with pid [44732]
[INFO] [simulation_startup_gate-34]: process started with pid [44734]
[simulation_startup_gate-34] [INFO] [1790605172.483084012] [startup_grippers_and_home_ready]: Waiting for open_home: ['amir1', 'amir2']
[arm_home_positioner-33] [INFO] [1790605172.531842313] [arm_home_positioner]: Waiting to move all ('amir1', 'amir2') to Q_HOME=[0.0, 1.4, -1.6, 0.2, 1.570796] rad
[friction_grasp_manager-32] [INFO] [1790605172.581002260] [friction_grasp_manager]: Friction grasp manager ready; no detachable joint will be used.
[ign gazebo-1] [INFO] [1790605173.514200496] [amir1.arm_controller]: Received new action goal
[ign gazebo-1] [INFO] [1790605173.514251938] [amir1.arm_controller]: Accepted new action goal
[ign gazebo-1] [INFO] [1790605173.514334397] [amir2.arm_controller]: Received new action goal
[ign gazebo-1] [INFO] [1790605173.514354707] [amir2.arm_controller]: Accepted new action goal
[arm_home_positioner-33] [INFO] [1790605173.514686358] [arm_home_positioner]: Sent Q_HOME=[0.0, 1.4, -1.6, 0.2, 1.570796] rad goals to all arm controllers
[arm_home_positioner-33] [INFO] [1790605173.554387252] [arm_home_positioner]: All AMIR arm controllers accepted Q_HOME
[friction_grasp_manager-32] [INFO] [1790605173.555352725] [friction_grasp_manager]: Friction grasp state: OPENING_GRIPPERS
[ign gazebo-1] [INFO] [1790605174.574805701] [amir1.gripper_controller]: Received & accepted new action goal
[ign gazebo-1] [INFO] [1790605174.575144638] [amir2.gripper_controller]: Received & accepted new action goal
[friction_grasp_manager-32] [INFO] [1790605175.587292257] [friction_grasp_manager]: Friction grasp state: READY_TO_GRASP
[simulation_startup_gate-34] [INFO] [1790605176.274410620] [startup_grippers_and_home_ready]: Ready: grippers_and_home_ready
[INFO] [simulation_startup_gate-34]: process has finished cleanly [pid 44734]
[INFO] [create-35]: process started with pid [44850]
[create-35] [INFO] [1790605176.684108309] [spawn_friction_payload]: Requested creation of entity.
[create-35] [INFO] [1790605176.684309291] [spawn_friction_payload]: OK creation of entity.
[INFO] [create-35]: process has finished cleanly [pid 44850]
[INFO] [grasp_support_remover-36]: process started with pid [44869]
[INFO] [coordinator-37]: process started with pid [44871]
[INFO] [safety_monitor-38]: process started with pid [44873]
[INFO] [slip_monitor-39]: process started with pid [44875]
[INFO] [dual_base_approach-40]: process started with pid [44877]
[grasp_support_remover-36] [INFO] [1790605177.185151583] [grasp_support_remover]: Temporary grasp support will be removed after both configured grasp conditions have been satisfied.
[safety_monitor-38] [INFO] [1790605177.224554961] [safety_monitor]: Safety monitor ready; emergency stop affects both robots.
[slip_monitor-39] [INFO] [1790605177.308047118] [slip_monitor]: Payload slip monitor ready.
[coordinator-37] [INFO] [1790605177.310087493] [cooperative_coordinator]: Coordinator ready: /amir1/rover_twist and /amir2/rover_twist
[dual_base_approach-40] [INFO] [1790605177.346375526] [dual_base_approach]: Waiting for the payload, opening both grippers to their safe maximum, then moving both AMIR bases 0.110 m toward it
[ign gazebo-1] [INFO] [1790605179.642808786] [amir1.gripper_controller]: Received & accepted new action goal
[dual_base_approach-40] [INFO] [1790605179.644126563] [dual_base_approach]: Opening both grippers to the safe maximum (-1.000000 rad) before base approach
[ign gazebo-1] [INFO] [1790605179.645979904] [amir2.gripper_controller]: Received & accepted new action goal
[dual_base_approach-40] [INFO] [1790605179.676336781] [dual_base_approach]: Both grippers are at their safe-open position. Payload detached at base positions: amir1=-1.174999, amir2=1.174999; approaching targets: amir1=-1.064999, amir2=1.064999
[ign gazebo-1] [INFO] [1790605182.040206300] [amir2.arm_controller]: Goal reached, success!
[ign gazebo-1] [INFO] [1790605182.040206308] [amir1.arm_controller]: Goal reached, success!
[arm_home_positioner-33] [INFO] [1790605182.076748519] [arm_home_positioner]: All AMIR arms reached Q_HOME
[dual_base_approach-40] [INFO] [1790605202.091861583] [dual_base_approach]: Both AMIR bases completed the 0.110 m payload approach
[friction_grasp_manager-32] [INFO] [1790605202.125327938] [friction_grasp_manager]: Friction grasp state: CLOSING_GRIPPERS
[dual_base_approach-40] [INFO] [1790605202.126646375] [dual_base_approach]: Both bases reached the payload; gripper-close sequence requested. Holding both bases stopped during grasp.
[ign gazebo-1] [INFO] [1790605202.157362761] [amir1.gripper_controller]: Received & accepted new action goal
[ign gazebo-1] [INFO] [1790605202.157388824] [amir2.gripper_controller]: Received & accepted new action goal
[ign gazebo-1] [INFO] [1790605202.259038878] [amir1.gripper_controller]: Received & accepted new action goal
[ign gazebo-1] [INFO] [1790605202.259109834] [amir2.gripper_controller]: Received & accepted new action goal
[ign gazebo-1] [INFO] [1790605202.362972786] [amir1.gripper_controller]: Received & accepted new action goal
[ign gazebo-1] [INFO] [1790605202.363123330] [amir2.gripper_controller]: Received & accepted new action goal
[ign gazebo-1] [INFO] [1790605202.470825465] [amir1.gripper_controller]: Received & accepted new action goal
[ign gazebo-1] [INFO] [1790605202.470953407] [amir2.gripper_controller]: Received & accepted new action goal
[ign gazebo-1] [INFO] [1790605202.573852477] [amir1.gripper_controller]: Received & accepted new action goal
[ign gazebo-1] [INFO] [1790605202.573996664] [amir2.gripper_controller]: Received & accepted new action goal
[ign gazebo-1] [INFO] [1790605202.781258195] [amir1.gripper_controller]: Received & accepted new action goal
[ign gazebo-1] [INFO] [1790605202.781284840] [amir2.gripper_controller]: Received & accepted new action goal
[ign gazebo-1] [INFO] [1790605202.884275999] [amir1.gripper_controller]: Received & accepted new action goal
[ign gazebo-1] [INFO] [1790605202.884440505] [amir2.gripper_controller]: Received & accepted new action goal
[ign gazebo-1] [INFO] [1790605202.986746233] [amir1.gripper_controller]: Received & accepted new action goal
[ign gazebo-1] [INFO] [1790605202.986807691] [amir2.gripper_controller]: Received & accepted new action goal
[ign gazebo-1] [INFO] [1790605203.097048860] [amir1.gripper_controller]: Received & accepted new action goal
[ign gazebo-1] [INFO] [1790605203.097389979] [amir2.gripper_controller]: Received & accepted new action goal
[ign gazebo-1] [INFO] [1790605203.314705815] [amir1.gripper_controller]: Received & accepted new action goal
[ign gazebo-1] [INFO] [1790605203.315270851] [amir2.gripper_controller]: Received & accepted new action goal
[ign gazebo-1] [INFO] [1790605203.415417076] [amir1.gripper_controller]: Received & accepted new action goal
[ign gazebo-1] [INFO] [1790605203.415573143] [amir2.gripper_controller]: Received & accepted new action goal
[ign gazebo-1] [INFO] [1790605203.518362113] [amir1.gripper_controller]: Received & accepted new action goal
[ign gazebo-1] [INFO] [1790605203.518464713] [amir2.gripper_controller]: Received & accepted new action goal
[ign gazebo-1] [INFO] [1790605203.624085644] [amir1.gripper_controller]: Received & accepted new action goal
[ign gazebo-1] [INFO] [1790605203.624346831] [amir2.gripper_controller]: Received & accepted new action goal
[ign gazebo-1] [INFO] [1790605203.835495255] [amir1.gripper_controller]: Received & accepted new action goal
[ign gazebo-1] [INFO] [1790605203.835637938] [amir2.gripper_controller]: Received & accepted new action goal
[ign gazebo-1] [INFO] [1790605203.938883039] [amir1.gripper_controller]: Received & accepted new action goal
[ign gazebo-1] [INFO] [1790605203.939116416] [amir2.gripper_controller]: Received & accepted new action goal
[ign gazebo-1] [INFO] [1790605204.039916760] [amir1.gripper_controller]: Received & accepted new action goal
[ign gazebo-1] [INFO] [1790605204.040016214] [amir2.gripper_controller]: Received & accepted new action goal
[ign gazebo-1] [INFO] [1790605204.147394611] [amir1.gripper_controller]: Received & accepted new action goal
[ign gazebo-1] [INFO] [1790605204.147502834] [amir2.gripper_controller]: Received & accepted new action goal
[ign gazebo-1] [INFO] [1790605204.354650731] [amir1.gripper_controller]: Received & accepted new action goal
[ign gazebo-1] [INFO] [1790605204.354813756] [amir2.gripper_controller]: Received & accepted new action goal
[ign gazebo-1] [INFO] [1790605204.458797582] [amir1.gripper_controller]: Received & accepted new action goal
[ign gazebo-1] [INFO] [1790605204.458852233] [amir2.gripper_controller]: Received & accepted new action goal
[ign gazebo-1] [INFO] [1790605204.571358363] [amir1.gripper_controller]: Received & accepted new action goal
[ign gazebo-1] [INFO] [1790605204.571668091] [amir2.gripper_controller]: Received & accepted new action goal
[ign gazebo-1] [INFO] [1790605204.675424951] [amir1.gripper_controller]: Received & accepted new action goal
[ign gazebo-1] [INFO] [1790605204.675651829] [amir2.gripper_controller]: Received & accepted new action goal
[ign gazebo-1] [INFO] [1790605204.888688513] [amir1.gripper_controller]: Received & accepted new action goal
[ign gazebo-1] [INFO] [1790605204.889232653] [amir2.gripper_controller]: Received & accepted new action goal
[ign gazebo-1] [INFO] [1790605204.994432018] [amir1.gripper_controller]: Received & accepted new action goal
[ign gazebo-1] [INFO] [1790605204.994526186] [amir2.gripper_controller]: Received & accepted new action goal
[ign gazebo-1] [INFO] [1790605205.102033180] [amir1.gripper_controller]: Received & accepted new action goal
[ign gazebo-1] [INFO] [1790605205.102155431] [amir2.gripper_controller]: Received & accepted new action goal
[ign gazebo-1] [INFO] [1790605205.205491052] [amir1.gripper_controller]: Received & accepted new action goal
[ign gazebo-1] [INFO] [1790605205.205664440] [amir2.gripper_controller]: Received & accepted new action goal
[ign gazebo-1] [INFO] [1790605205.411154716] [amir1.gripper_controller]: Received & accepted new action goal
[ign gazebo-1] [INFO] [1790605205.411327915] [amir2.gripper_controller]: Received & accepted new action goal
[ign gazebo-1] [INFO] [1790605205.516238734] [amir1.gripper_controller]: Received & accepted new action goal
[ign gazebo-1] [INFO] [1790605205.516304706] [amir2.gripper_controller]: Received & accepted new action goal
[ign gazebo-1] [INFO] [1790605205.617953336] [amir1.gripper_controller]: Received & accepted new action goal
[ign gazebo-1] [INFO] [1790605205.618108665] [amir2.gripper_controller]: Received & accepted new action goal
[ign gazebo-1] [INFO] [1790605205.729398929] [amir1.gripper_controller]: Received & accepted new action goal
[ign gazebo-1] [INFO] [1790605205.729569762] [amir2.gripper_controller]: Received & accepted new action goal
[ign gazebo-1] [INFO] [1790605205.933491086] [amir1.gripper_controller]: Received & accepted new action goal
[ign gazebo-1] [INFO] [1790605205.933509791] [amir2.gripper_controller]: Received & accepted new action goal
[ign gazebo-1] [INFO] [1790605206.037145585] [amir1.gripper_controller]: Received & accepted new action goal
[ign gazebo-1] [INFO] [1790605206.037273918] [amir2.gripper_controller]: Received & accepted new action goal
[ign gazebo-1] [INFO] [1790605206.139879646] [amir1.gripper_controller]: Received & accepted new action goal
[ign gazebo-1] [INFO] [1790605206.139990606] [amir2.gripper_controller]: Received & accepted new action goal
[ign gazebo-1] [INFO] [1790605206.247237489] [amir1.gripper_controller]: Received & accepted new action goal
[ign gazebo-1] [INFO] [1790605206.247439206] [amir2.gripper_controller]: Received & accepted new action goal
[ign gazebo-1] [INFO] [1790605206.456586232] [amir1.gripper_controller]: Received & accepted new action goal
[ign gazebo-1] [INFO] [1790605206.456648882] [amir2.gripper_controller]: Received & accepted new action goal
[ign gazebo-1] [INFO] [1790605206.560943711] [amir1.gripper_controller]: Received & accepted new action goal
[ign gazebo-1] [INFO] [1790605206.561010425] [amir2.gripper_controller]: Received & accepted new action goal
[ign gazebo-1] [INFO] [1790605206.668936668] [amir1.gripper_controller]: Received & accepted new action goal
[ign gazebo-1] [INFO] [1790605206.669299623] [amir2.gripper_controller]: Received & accepted new action goal
[ign gazebo-1] [INFO] [1790605206.776313501] [amir1.gripper_controller]: Received & accepted new action goal
[ign gazebo-1] [INFO] [1790605206.776447506] [amir2.gripper_controller]: Received & accepted new action goal
[ign gazebo-1] [INFO] [1790605206.987420763] [amir1.gripper_controller]: Received & accepted new action goal
[ign gazebo-1] [INFO] [1790605206.987654994] [amir2.gripper_controller]: Received & accepted new action goal
[ign gazebo-1] [INFO] [1790605207.091358936] [amir1.gripper_controller]: Received & accepted new action goal
[ign gazebo-1] [INFO] [1790605207.091583991] [amir2.gripper_controller]: Received & accepted new action goal
[ign gazebo-1] [INFO] [1790605207.198718674] [amir1.gripper_controller]: Received & accepted new action goal
[ign gazebo-1] [INFO] [1790605207.198960755] [amir2.gripper_controller]: Received & accepted new action goal
[ign gazebo-1] [INFO] [1790605207.309572278] [amir1.gripper_controller]: Received & accepted new action goal
[ign gazebo-1] [INFO] [1790605207.309813060] [amir2.gripper_controller]: Received & accepted new action goal
[ign gazebo-1] [INFO] [1790605207.524307210] [amir1.gripper_controller]: Received & accepted new action goal
[ign gazebo-1] [INFO] [1790605207.524423074] [amir2.gripper_controller]: Received & accepted new action goal
[ign gazebo-1] [INFO] [1790605207.628807238] [amir1.gripper_controller]: Received & accepted new action goal
[ign gazebo-1] [INFO] [1790605207.629460467] [amir2.gripper_controller]: Received & accepted new action goal
[ign gazebo-1] [INFO] [1790605207.737107079] [amir1.gripper_controller]: Received & accepted new action goal
[ign gazebo-1] [INFO] [1790605207.737343910] [amir2.gripper_controller]: Received & accepted new action goal
[ign gazebo-1] [INFO] [1790605207.838368984] [amir1.gripper_controller]: Received & accepted new action goal
[ign gazebo-1] [INFO] [1790605207.838466689] [amir2.gripper_controller]: Received & accepted new action goal
[ign gazebo-1] [INFO] [1790605208.043836093] [amir1.gripper_controller]: Received & accepted new action goal
[ign gazebo-1] [INFO] [1790605208.044029966] [amir2.gripper_controller]: Received & accepted new action goal
[ign gazebo-1] [INFO] [1790605208.149541878] [amir2.gripper_controller]: Received & accepted new action goal
[ign gazebo-1] [INFO] [1790605208.149625553] [amir1.gripper_controller]: Received & accepted new action goal
[ign gazebo-1] [INFO] [1790605208.255216046] [amir1.gripper_controller]: Received & accepted new action goal
[ign gazebo-1] [INFO] [1790605208.255244037] [amir2.gripper_controller]: Received & accepted new action goal
[ign gazebo-1] [INFO] [1790605208.358685383] [amir1.gripper_controller]: Received & accepted new action goal
[ign gazebo-1] [INFO] [1790605208.358720502] [amir2.gripper_controller]: Received & accepted new action goal
[ign gazebo-1] [INFO] [1790605208.566126444] [amir1.gripper_controller]: Received & accepted new action goal
[ign gazebo-1] [INFO] [1790605208.566223803] [amir2.gripper_controller]: Received & accepted new action goal
[ign gazebo-1] [INFO] [1790605208.670992640] [amir1.gripper_controller]: Received & accepted new action goal
[ign gazebo-1] [INFO] [1790605208.671078904] [amir2.gripper_controller]: Received & accepted new action goal
[ign gazebo-1] [INFO] [1790605208.772234930] [amir1.gripper_controller]: Received & accepted new action goal
[ign gazebo-1] [INFO] [1790605208.772310688] [amir2.gripper_controller]: Received & accepted new action goal
[ign gazebo-1] [INFO] [1790605208.873991125] [amir2.gripper_controller]: Received & accepted new action goal
[ign gazebo-1] [INFO] [1790605208.873997566] [amir1.gripper_controller]: Received & accepted new action goal
[ign gazebo-1] [INFO] [1790605209.132893289] [amir1.gripper_controller]: Received & accepted new action goal
[ign gazebo-1] [INFO] [1790605209.132981692] [amir2.gripper_controller]: Received & accepted new action goal
[ign gazebo-1] [INFO] [1790605209.242129919] [amir1.gripper_controller]: Received & accepted new action goal
[ign gazebo-1] [INFO] [1790605209.242253242] [amir2.gripper_controller]: Received & accepted new action goal
[ign gazebo-1] [INFO] [1790605209.344464085] [amir1.gripper_controller]: Received & accepted new action goal
[ign gazebo-1] [INFO] [1790605209.344592485] [amir2.gripper_controller]: Received & accepted new action goal
[ign gazebo-1] [INFO] [1790605209.452290107] [amir1.gripper_controller]: Received & accepted new action goal
[ign gazebo-1] [INFO] [1790605209.452847630] [amir2.gripper_controller]: Received & accepted new action goal
[ign gazebo-1] [INFO] [1790605209.669353133] [amir1.gripper_controller]: Received & accepted new action goal
[ign gazebo-1] [INFO] [1790605209.669489647] [amir2.gripper_controller]: Received & accepted new action goal
[ign gazebo-1] [INFO] [1790605209.772317853] [amir1.gripper_controller]: Received & accepted new action goal
[ign gazebo-1] [INFO] [1790605209.772426621] [amir2.gripper_controller]: Received & accepted new action goal
[ign gazebo-1] [INFO] [1790605209.878232701] [amir1.gripper_controller]: Received & accepted new action goal
[ign gazebo-1] [INFO] [1790605209.878296947] [amir2.gripper_controller]: Received & accepted new action goal
[ign gazebo-1] [INFO] [1790605209.979123353] [amir1.gripper_controller]: Received & accepted new action goal
[ign gazebo-1] [INFO] [1790605209.979210607] [amir2.gripper_controller]: Received & accepted new action goal
[ign gazebo-1] [INFO] [1790605210.201009766] [amir1.gripper_controller]: Received & accepted new action goal
[ign gazebo-1] [INFO] [1790605210.201050761] [amir2.gripper_controller]: Received & accepted new action goal
[ign gazebo-1] [INFO] [1790605210.305084680] [amir1.gripper_controller]: Received & accepted new action goal
[ign gazebo-1] [INFO] [1790605210.305203439] [amir2.gripper_controller]: Received & accepted new action goal
[ign gazebo-1] [INFO] [1790605210.433948706] [amir1.gripper_controller]: Received & accepted new action goal
[ign gazebo-1] [INFO] [1790605210.434379628] [amir2.gripper_controller]: Received & accepted new action goal
[ign gazebo-1] [INFO] [1790605210.556363648] [amir1.gripper_controller]: Received & accepted new action goal
[ign gazebo-1] [INFO] [1790605210.556512291] [amir2.gripper_controller]: Received & accepted new action goal
[ign gazebo-1] [INFO] [1790605210.807991948] [amir1.gripper_controller]: Received & accepted new action goal
[ign gazebo-1] [INFO] [1790605210.808326399] [amir2.gripper_controller]: Received & accepted new action goal
[ign gazebo-1] [INFO] [1790605210.928351752] [amir1.gripper_controller]: Received & accepted new action goal
[ign gazebo-1] [INFO] [1790605210.928729335] [amir2.gripper_controller]: Received & accepted new action goal
[ign gazebo-1] [INFO] [1790605211.042049503] [amir1.gripper_controller]: Received & accepted new action goal
[ign gazebo-1] [INFO] [1790605211.042236418] [amir2.gripper_controller]: Received & accepted new action goal
[ign gazebo-1] [INFO] [1790605211.144312166] [amir1.gripper_controller]: Received & accepted new action goal
[ign gazebo-1] [INFO] [1790605211.144543681] [amir2.gripper_controller]: Received & accepted new action goal
[ign gazebo-1] [INFO] [1790605211.398070014] [amir1.gripper_controller]: Received & accepted new action goal
[ign gazebo-1] [INFO] [1790605211.398219161] [amir2.gripper_controller]: Received & accepted new action goal
[ign gazebo-1] [INFO] [1790605211.501618670] [amir1.gripper_controller]: Received & accepted new action goal
[ign gazebo-1] [INFO] [1790605211.501825620] [amir2.gripper_controller]: Received & accepted new action goal
[ign gazebo-1] [INFO] [1790605211.630137780] [amir2.gripper_controller]: Received & accepted new action goal
[ign gazebo-1] [INFO] [1790605211.630467589] [amir1.gripper_controller]: Received & accepted new action goal
[ign gazebo-1] [INFO] [1790605211.735672217] [amir1.gripper_controller]: Received & accepted new action goal
[ign gazebo-1] [INFO] [1790605211.735815046] [amir2.gripper_controller]: Received & accepted new action goal
[ign gazebo-1] [INFO] [1790605211.997900960] [amir1.gripper_controller]: Received & accepted new action goal
[ign gazebo-1] [INFO] [1790605211.998055255] [amir2.gripper_controller]: Received & accepted new action goal
[ign gazebo-1] [INFO] [1790605212.102548660] [amir1.gripper_controller]: Received & accepted new action goal
[ign gazebo-1] [INFO] [1790605212.102695216] [amir2.gripper_controller]: Received & accepted new action goal
[ign gazebo-1] [INFO] [1790605212.215680758] [amir1.gripper_controller]: Received & accepted new action goal
[ign gazebo-1] [INFO] [1790605212.215824376] [amir2.gripper_controller]: Received & accepted new action goal
[ign gazebo-1] [INFO] [1790605212.318747774] [amir1.gripper_controller]: Received & accepted new action goal
[ign gazebo-1] [INFO] [1790605212.318950945] [amir2.gripper_controller]: Received & accepted new action goal
[ign gazebo-1] [INFO] [1790605212.550774431] [amir1.gripper_controller]: Received & accepted new action goal
[ign gazebo-1] [INFO] [1790605212.550877515] [amir2.gripper_controller]: Received & accepted new action goal
[ign gazebo-1] [INFO] [1790605212.661156539] [amir1.gripper_controller]: Received & accepted new action goal
[ign gazebo-1] [INFO] [1790605212.661546852] [amir2.gripper_controller]: Received & accepted new action goal
[ign gazebo-1] [INFO] [1790605212.771131919] [amir1.gripper_controller]: Received & accepted new action goal
[ign gazebo-1] [INFO] [1790605212.771225976] [amir2.gripper_controller]: Received & accepted new action goal
[ign gazebo-1] [INFO] [1790605212.882844495] [amir1.gripper_controller]: Received & accepted new action goal
[ign gazebo-1] [INFO] [1790605212.882961620] [amir2.gripper_controller]: Received & accepted new action goal
[ign gazebo-1] [INFO] [1790605213.108989612] [amir1.gripper_controller]: Received & accepted new action goal
[ign gazebo-1] [INFO] [1790605213.109024644] [amir2.gripper_controller]: Received & accepted new action goal
[ign gazebo-1] [INFO] [1790605213.224159234] [amir1.gripper_controller]: Received & accepted new action goal
[ign gazebo-1] [INFO] [1790605213.224629086] [amir2.gripper_controller]: Received & accepted new action goal
[ign gazebo-1] [INFO] [1790605213.336685628] [amir1.gripper_controller]: Received & accepted new action goal
[ign gazebo-1] [INFO] [1790605213.336741613] [amir2.gripper_controller]: Received & accepted new action goal
[ign gazebo-1] [INFO] [1790605213.443387835] [amir1.gripper_controller]: Received & accepted new action goal
[ign gazebo-1] [INFO] [1790605213.443764911] [amir2.gripper_controller]: Received & accepted new action goal
[ign gazebo-1] [INFO] [1790605213.658296354] [amir1.gripper_controller]: Received & accepted new action goal
[ign gazebo-1] [INFO] [1790605213.658423008] [amir2.gripper_controller]: Received & accepted new action goal
[ign gazebo-1] [INFO] [1790605213.762934690] [amir1.gripper_controller]: Received & accepted new action goal
[ign gazebo-1] [INFO] [1790605213.763057156] [amir2.gripper_controller]: Received & accepted new action goal
[ign gazebo-1] [INFO] [1790605213.881178237] [amir1.gripper_controller]: Received & accepted new action goal
[ign gazebo-1] [INFO] [1790605213.881200136] [amir2.gripper_controller]: Received & accepted new action goal
[ign gazebo-1] [INFO] [1790605213.990181803] [amir1.gripper_controller]: Received & accepted new action goal
[ign gazebo-1] [INFO] [1790605213.990284016] [amir2.gripper_controller]: Received & accepted new action goal
[ign gazebo-1] [INFO] [1790605214.241770318] [amir1.gripper_controller]: Received & accepted new action goal
[ign gazebo-1] [INFO] [1790605214.241924942] [amir2.gripper_controller]: Received & accepted new action goal
[ign gazebo-1] [INFO] [1790605214.350752604] [amir1.gripper_controller]: Received & accepted new action goal
[ign gazebo-1] [INFO] [1790605214.351272265] [amir2.gripper_controller]: Received & accepted new action goal
[ign gazebo-1] [INFO] [1790605214.470854624] [amir1.gripper_controller]: Received & accepted new action goal
[ign gazebo-1] [INFO] [1790605214.470953605] [amir2.gripper_controller]: Received & accepted new action goal
[ign gazebo-1] [INFO] [1790605214.593940645] [amir1.gripper_controller]: Received & accepted new action goal
[ign gazebo-1] [INFO] [1790605214.594081972] [amir2.gripper_controller]: Received & accepted new action goal
[ign gazebo-1] [INFO] [1790605214.833633988] [amir1.gripper_controller]: Received & accepted new action goal
[ign gazebo-1] [INFO] [1790605214.833732608] [amir2.gripper_controller]: Received & accepted new action goal
[ign gazebo-1] [INFO] [1790605214.960973013] [amir1.gripper_controller]: Received & accepted new action goal
[ign gazebo-1] [INFO] [1790605214.961022078] [amir2.gripper_controller]: Received & accepted new action goal
[ign gazebo-1] [INFO] [1790605215.073114598] [amir2.gripper_controller]: Received & accepted new action goal
[ign gazebo-1] [INFO] [1790605215.073114615] [amir1.gripper_controller]: Received & accepted new action goal
[ign gazebo-1] [INFO] [1790605215.177891582] [amir1.gripper_controller]: Received & accepted new action goal
[ign gazebo-1] [INFO] [1790605215.178060297] [amir2.gripper_controller]: Received & accepted new action goal
[ign gazebo-1] [INFO] [1790605215.382069336] [amir1.gripper_controller]: Received & accepted new action goal
[ign gazebo-1] [INFO] [1790605215.382499375] [amir2.gripper_controller]: Received & accepted new action goal
[ign gazebo-1] [INFO] [1790605215.486867790] [amir1.gripper_controller]: Received & accepted new action goal
[ign gazebo-1] [INFO] [1790605215.486952879] [amir2.gripper_controller]: Received & accepted new action goal
[ign gazebo-1] [INFO] [1790605215.589277012] [amir1.gripper_controller]: Received & accepted new action goal
[ign gazebo-1] [INFO] [1790605215.589347347] [amir2.gripper_controller]: Received & accepted new action goal
[ign gazebo-1] [INFO] [1790605215.693380163] [amir1.gripper_controller]: Received & accepted new action goal
[ign gazebo-1] [INFO] [1790605215.693551061] [amir2.gripper_controller]: Received & accepted new action goal
[ign gazebo-1] [INFO] [1790605215.924111515] [amir1.gripper_controller]: Received & accepted new action goal
[ign gazebo-1] [INFO] [1790605215.924372778] [amir2.gripper_controller]: Received & accepted new action goal
[ign gazebo-1] [INFO] [1790605216.025428165] [amir1.gripper_controller]: Received & accepted new action goal
[ign gazebo-1] [INFO] [1790605216.025534289] [amir2.gripper_controller]: Received & accepted new action goal
[ign gazebo-1] [INFO] [1790605216.141314235] [amir1.gripper_controller]: Received & accepted new action goal
[ign gazebo-1] [INFO] [1790605216.141389560] [amir2.gripper_controller]: Received & accepted new action goal
[ign gazebo-1] [INFO] [1790605216.250139698] [amir1.gripper_controller]: Received & accepted new action goal
[ign gazebo-1] [INFO] [1790605216.250692325] [amir2.gripper_controller]: Received & accepted new action goal
[ign gazebo-1] [INFO] [1790605216.464307513] [amir1.gripper_controller]: Received & accepted new action goal
[ign gazebo-1] [INFO] [1790605216.464438953] [amir2.gripper_controller]: Received & accepted new action goal
[ign gazebo-1] [INFO] [1790605216.567223129] [amir1.gripper_controller]: Received & accepted new action goal
[ign gazebo-1] [INFO] [1790605216.567359585] [amir2.gripper_controller]: Received & accepted new action goal
[ign gazebo-1] [INFO] [1790605216.668651791] [amir1.gripper_controller]: Received & accepted new action goal
[ign gazebo-1] [INFO] [1790605216.668805114] [amir2.gripper_controller]: Received & accepted new action goal
[ign gazebo-1] [INFO] [1790605216.773911860] [amir1.gripper_controller]: Received & accepted new action goal
[ign gazebo-1] [INFO] [1790605216.774079824] [amir2.gripper_controller]: Received & accepted new action goal
[ign gazebo-1] [INFO] [1790605217.002608218] [amir1.gripper_controller]: Received & accepted new action goal
[ign gazebo-1] [INFO] [1790605217.002717748] [amir2.gripper_controller]: Received & accepted new action goal
[ign gazebo-1] [INFO] [1790605217.112337312] [amir1.gripper_controller]: Received & accepted new action goal
[ign gazebo-1] [INFO] [1790605217.112365233] [amir2.gripper_controller]: Received & accepted new action goal
[ign gazebo-1] [INFO] [1790605217.222202792] [amir1.gripper_controller]: Received & accepted new action goal
[ign gazebo-1] [INFO] [1790605217.222312551] [amir2.gripper_controller]: Received & accepted new action goal
[ign gazebo-1] [INFO] [1790605217.328748905] [amir1.gripper_controller]: Received & accepted new action goal
[ign gazebo-1] [INFO] [1790605217.328821432] [amir2.gripper_controller]: Received & accepted new action goal
[ign gazebo-1] [INFO] [1790605217.434996924] [amir1.gripper_controller]: Received & accepted new action goal
[ign gazebo-1] [INFO] [1790605217.435125975] [amir2.gripper_controller]: Received & accepted new action goal
[ign gazebo-1] [INFO] [1790605217.647731982] [amir2.gripper_controller]: Received & accepted new action goal
[ign gazebo-1] [INFO] [1790605217.647749484] [amir1.gripper_controller]: Received & accepted new action goal
[ign gazebo-1] [INFO] [1790605217.775504151] [amir1.gripper_controller]: Received & accepted new action goal
[ign gazebo-1] [INFO] [1790605217.775535252] [amir2.gripper_controller]: Received & accepted new action goal
[ign gazebo-1] [INFO] [1790605217.877497774] [amir1.gripper_controller]: Received & accepted new action goal
[ign gazebo-1] [INFO] [1790605217.877700026] [amir2.gripper_controller]: Received & accepted new action goal
[ign gazebo-1] [INFO] [1790605217.993998862] [amir2.gripper_controller]: Received & accepted new action goal
[ign gazebo-1] [INFO] [1790605217.994002531] [amir1.gripper_controller]: Received & accepted new action goal
[ign gazebo-1] [INFO] [1790605218.244948629] [amir1.gripper_controller]: Received & accepted new action goal
[ign gazebo-1] [INFO] [1790605218.245331211] [amir2.gripper_controller]: Received & accepted new action goal
[ign gazebo-1] [INFO] [1790605218.359078827] [amir1.gripper_controller]: Received & accepted new action goal
[ign gazebo-1] [INFO] [1790605218.359425221] [amir2.gripper_controller]: Received & accepted new action goal
[ign gazebo-1] [INFO] [1790605218.475711260] [amir1.gripper_controller]: Received & accepted new action goal
[ign gazebo-1] [INFO] [1790605218.475784713] [amir2.gripper_controller]: Received & accepted new action goal
[ign gazebo-1] [INFO] [1790605218.594850080] [amir1.gripper_controller]: Received & accepted new action goal
[ign gazebo-1] [INFO] [1790605218.595317872] [amir2.gripper_controller]: Received & accepted new action goal
[ign gazebo-1] [INFO] [1790605218.872909123] [amir1.gripper_controller]: Received & accepted new action goal
[ign gazebo-1] [INFO] [1790605218.873061446] [amir2.gripper_controller]: Received & accepted new action goal
[ign gazebo-1] [INFO] [1790605218.996069391] [amir1.gripper_controller]: Received & accepted new action goal
[ign gazebo-1] [INFO] [1790605218.996245477] [amir2.gripper_controller]: Received & accepted new action goal
[ign gazebo-1] [INFO] [1790605219.103819287] [amir1.gripper_controller]: Received & accepted new action goal
[ign gazebo-1] [INFO] [1790605219.103925683] [amir2.gripper_controller]: Received & accepted new action goal
[ign gazebo-1] [INFO] [1790605219.212324786] [amir1.gripper_controller]: Received & accepted new action goal
[ign gazebo-1] [INFO] [1790605219.212386033] [amir2.gripper_controller]: Received & accepted new action goal
[ign gazebo-1] [INFO] [1790605219.422400857] [amir1.gripper_controller]: Received & accepted new action goal
[ign gazebo-1] [INFO] [1790605219.422411479] [amir2.gripper_controller]: Received & accepted new action goal
[ign gazebo-1] [INFO] [1790605219.527105198] [amir1.gripper_controller]: Received & accepted new action goal
[ign gazebo-1] [INFO] [1790605219.527120753] [amir2.gripper_controller]: Received & accepted new action goal
[ign gazebo-1] [INFO] [1790605219.642864324] [amir1.gripper_controller]: Received & accepted new action goal
[ign gazebo-1] [INFO] [1790605219.643169980] [amir2.gripper_controller]: Received & accepted new action goal
[ign gazebo-1] [INFO] [1790605219.760474386] [amir1.gripper_controller]: Received & accepted new action goal
[ign gazebo-1] [INFO] [1790605219.760586408] [amir2.gripper_controller]: Received & accepted new action goal
[ign gazebo-1] [INFO] [1790605219.985317580] [amir1.gripper_controller]: Received & accepted new action goal
[ign gazebo-1] [INFO] [1790605219.985332752] [amir2.gripper_controller]: Received & accepted new action goal
[ign gazebo-1] [INFO] [1790605220.100972584] [amir1.gripper_controller]: Received & accepted new action goal
[ign gazebo-1] [INFO] [1790605220.101032512] [amir2.gripper_controller]: Received & accepted new action goal
[ign gazebo-1] [INFO] [1790605220.205698571] [amir1.gripper_controller]: Received & accepted new action goal
[ign gazebo-1] [INFO] [1790605220.205833532] [amir2.gripper_controller]: Received & accepted new action goal
[ign gazebo-1] [INFO] [1790605220.316213885] [amir1.gripper_controller]: Received & accepted new action goal
[ign gazebo-1] [INFO] [1790605220.316291860] [amir2.gripper_controller]: Received & accepted new action goal
[ign gazebo-1] [INFO] [1790605220.593060750] [amir1.gripper_controller]: Received & accepted new action goal
[ign gazebo-1] [INFO] [1790605220.593107383] [amir2.gripper_controller]: Received & accepted new action goal
[ign gazebo-1] [INFO] [1790605220.707286429] [amir1.gripper_controller]: Received & accepted new action goal
[ign gazebo-1] [INFO] [1790605220.707353861] [amir2.gripper_controller]: Received & accepted new action goal
[ign gazebo-1] [INFO] [1790605220.815789067] [amir1.gripper_controller]: Received & accepted new action goal
[ign gazebo-1] [INFO] [1790605220.815874137] [amir2.gripper_controller]: Received & accepted new action goal
[ign gazebo-1] [INFO] [1790605220.929122403] [amir1.gripper_controller]: Received & accepted new action goal
[ign gazebo-1] [INFO] [1790605220.929255013] [amir2.gripper_controller]: Received & accepted new action goal
[ign gazebo-1] [INFO] [1790605221.180374118] [amir1.gripper_controller]: Received & accepted new action goal
[ign gazebo-1] [INFO] [1790605221.180381564] [amir2.gripper_controller]: Received & accepted new action goal
[ign gazebo-1] [INFO] [1790605221.282910470] [amir1.gripper_controller]: Received & accepted new action goal
[ign gazebo-1] [INFO] [1790605221.283031138] [amir2.gripper_controller]: Received & accepted new action goal
[ign gazebo-1] [INFO] [1790605221.395091568] [amir1.gripper_controller]: Received & accepted new action goal
[ign gazebo-1] [INFO] [1790605221.395181975] [amir2.gripper_controller]: Received & accepted new action goal
[ign gazebo-1] [INFO] [1790605221.504453014] [amir1.gripper_controller]: Received & accepted new action goal
[ign gazebo-1] [INFO] [1790605221.504589447] [amir2.gripper_controller]: Received & accepted new action goal
[ign gazebo-1] [INFO] [1790605221.715130452] [amir1.gripper_controller]: Received & accepted new action goal
[ign gazebo-1] [INFO] [1790605221.715195002] [amir2.gripper_controller]: Received & accepted new action goal
[ign gazebo-1] [INFO] [1790605221.820445340] [amir1.gripper_controller]: Received & accepted new action goal
[ign gazebo-1] [INFO] [1790605221.821380479] [amir2.gripper_controller]: Received & accepted new action goal
[ign gazebo-1] [INFO] [1790605221.926786815] [amir1.gripper_controller]: Received & accepted new action goal
[ign gazebo-1] [INFO] [1790605221.926869548] [amir2.gripper_controller]: Received & accepted new action goal
[ign gazebo-1] [INFO] [1790605222.044692654] [amir1.gripper_controller]: Received & accepted new action goal
[ign gazebo-1] [INFO] [1790605222.044833554] [amir2.gripper_controller]: Received & accepted new action goal
[ign gazebo-1] [INFO] [1790605222.266848596] [amir1.gripper_controller]: Received & accepted new action goal
[ign gazebo-1] [INFO] [1790605222.267056137] [amir2.gripper_controller]: Received & accepted new action goal
[ign gazebo-1] [INFO] [1790605222.374615812] [amir1.gripper_controller]: Received & accepted new action goal
[ign gazebo-1] [INFO] [1790605222.374824278] [amir2.gripper_controller]: Received & accepted new action goal
[ign gazebo-1] [INFO] [1790605222.493493366] [amir1.gripper_controller]: Received & accepted new action goal
[ign gazebo-1] [INFO] [1790605222.493729689] [amir2.gripper_controller]: Received & accepted new action goal
[ign gazebo-1] [INFO] [1790605222.613221356] [amir1.gripper_controller]: Received & accepted new action goal
[ign gazebo-1] [INFO] [1790605222.613598022] [amir2.gripper_controller]: Received & accepted new action goal
[ign gazebo-1] [INFO] [1790605222.848253332] [amir1.gripper_controller]: Received & accepted new action goal
[ign gazebo-1] [INFO] [1790605222.848352102] [amir2.gripper_controller]: Received & accepted new action goal
[ign gazebo-1] [INFO] [1790605222.961513156] [amir1.gripper_controller]: Received & accepted new action goal
[ign gazebo-1] [INFO] [1790605222.961533605] [amir2.gripper_controller]: Received & accepted new action goal
[ign gazebo-1] [INFO] [1790605223.072550057] [amir1.gripper_controller]: Received & accepted new action goal
[ign gazebo-1] [INFO] [1790605223.072654644] [amir2.gripper_controller]: Received & accepted new action goal
[ign gazebo-1] [INFO] [1790605223.193089482] [amir1.gripper_controller]: Received & accepted new action goal
[ign gazebo-1] [INFO] [1790605223.193309468] [amir2.gripper_controller]: Received & accepted new action goal
[ign gazebo-1] [INFO] [1790605223.417496919] [amir1.gripper_controller]: Received & accepted new action goal
[ign gazebo-1] [INFO] [1790605223.417745897] [amir2.gripper_controller]: Received & accepted new action goal
[ign gazebo-1] [INFO] [1790605223.527122273] [amir1.gripper_controller]: Received & accepted new action goal
[ign gazebo-1] [INFO] [1790605223.527227198] [amir2.gripper_controller]: Received & accepted new action goal
[ign gazebo-1] [INFO] [1790605223.632413466] [amir1.gripper_controller]: Received & accepted new action goal
[ign gazebo-1] [INFO] [1790605223.632686194] [amir2.gripper_controller]: Received & accepted new action goal
[ign gazebo-1] [INFO] [1790605223.737485029] [amir1.gripper_controller]: Received & accepted new action goal
[ign gazebo-1] [INFO] [1790605223.737558814] [amir2.gripper_controller]: Received & accepted new action goal
[ign gazebo-1] [INFO] [1790605223.983749710] [amir1.gripper_controller]: Received & accepted new action goal
[ign gazebo-1] [INFO] [1790605223.983818182] [amir2.gripper_controller]: Received & accepted new action goal
[ign gazebo-1] [INFO] [1790605224.088489096] [amir1.gripper_controller]: Received & accepted new action goal
[ign gazebo-1] [INFO] [1790605224.088597598] [amir2.gripper_controller]: Received & accepted new action goal
[ign gazebo-1] [INFO] [1790605224.190941985] [amir1.gripper_controller]: Received & accepted new action goal
[ign gazebo-1] [INFO] [1790605224.190984863] [amir2.gripper_controller]: Received & accepted new action goal
[ign gazebo-1] [INFO] [1790605224.295569124] [amir1.gripper_controller]: Received & accepted new action goal
[ign gazebo-1] [INFO] [1790605224.295727298] [amir2.gripper_controller]: Received & accepted new action goal
[ign gazebo-1] [INFO] [1790605224.521378362] [amir1.gripper_controller]: Received & accepted new action goal
[ign gazebo-1] [INFO] [1790605224.521389080] [amir2.gripper_controller]: Received & accepted new action goal
[ign gazebo-1] [INFO] [1790605224.633887581] [amir1.gripper_controller]: Received & accepted new action goal
[ign gazebo-1] [INFO] [1790605224.634051535] [amir2.gripper_controller]: Received & accepted new action goal
[ign gazebo-1] [INFO] [1790605224.741382281] [amir1.gripper_controller]: Received & accepted new action goal
[ign gazebo-1] [INFO] [1790605224.741394601] [amir2.gripper_controller]: Received & accepted new action goal
[ign gazebo-1] [INFO] [1790605225.009851162] [amir1.gripper_controller]: Received & accepted new action goal
[ign gazebo-1] [INFO] [1790605225.009972082] [amir2.gripper_controller]: Received & accepted new action goal
[ign gazebo-1] [INFO] [1790605225.261010482] [amir1.gripper_controller]: Received & accepted new action goal
[ign gazebo-1] [INFO] [1790605225.261095490] [amir2.gripper_controller]: Received & accepted new action goal
[ign gazebo-1] [INFO] [1790605225.375241206] [amir1.gripper_controller]: Received & accepted new action goal
[ign gazebo-1] [INFO] [1790605225.375380695] [amir2.gripper_controller]: Received & accepted new action goal
[ign gazebo-1] [INFO] [1790605225.601601271] [amir1.gripper_controller]: Received & accepted new action goal
[ign gazebo-1] [INFO] [1790605225.601639362] [amir2.gripper_controller]: Received & accepted new action goal
[ign gazebo-1] [INFO] [1790605225.829725321] [amir1.gripper_controller]: Received & accepted new action goal
[ign gazebo-1] [INFO] [1790605225.829908905] [amir2.gripper_controller]: Received & accepted new action goal
[ign gazebo-1] [INFO] [1790605225.952582733] [amir1.gripper_controller]: Received & accepted new action goal
[ign gazebo-1] [INFO] [1790605225.952869584] [amir2.gripper_controller]: Received & accepted new action goal
[ign gazebo-1] [INFO] [1790605226.197543618] [amir1.gripper_controller]: Received & accepted new action goal
[ign gazebo-1] [INFO] [1790605226.197624250] [amir2.gripper_controller]: Received & accepted new action goal
[ign gazebo-1] [INFO] [1790605226.404647177] [amir1.gripper_controller]: Received & accepted new action goal
[ign gazebo-1] [INFO] [1790605226.404779157] [amir2.gripper_controller]: Received & accepted new action goal
[ign gazebo-1] [INFO] [1790605226.514457880] [amir1.gripper_controller]: Received & accepted new action goal
[ign gazebo-1] [INFO] [1790605226.514566933] [amir2.gripper_controller]: Received & accepted new action goal
[ign gazebo-1] [INFO] [1790605226.731205726] [amir1.gripper_controller]: Received & accepted new action goal
[ign gazebo-1] [INFO] [1790605226.731663961] [amir2.gripper_controller]: Received & accepted new action goal
[ign gazebo-1] [INFO] [1790605226.955866734] [amir1.gripper_controller]: Received & accepted new action goal
[ign gazebo-1] [INFO] [1790605226.955933867] [amir2.gripper_controller]: Received & accepted new action goal
[ign gazebo-1] [INFO] [1790605227.059512614] [amir1.gripper_controller]: Received & accepted new action goal
[ign gazebo-1] [INFO] [1790605227.059564098] [amir2.gripper_controller]: Received & accepted new action goal
[ign gazebo-1] [INFO] [1790605227.279291727] [amir1.gripper_controller]: Received & accepted new action goal
[ign gazebo-1] [INFO] [1790605227.279447729] [amir2.gripper_controller]: Received & accepted new action goal
[ign gazebo-1] [INFO] [1790605227.541857334] [amir1.gripper_controller]: Received & accepted new action goal
[ign gazebo-1] [INFO] [1790605227.541892661] [amir2.gripper_controller]: Received & accepted new action goal
[friction_grasp_manager-32] [INFO] [1790605228.576044800] [friction_grasp_manager]: Finger wrench bias captured: amir1/left=19.7N, amir1/right=22.6N, amir2/left=19.6N, amir2/right=22.5N
[friction_grasp_manager-32] [INFO] [1790605228.576322920] [friction_grasp_manager]: Friction grasp state: HOLDING
[slip_monitor-39] [INFO] [1790605228.609042327] [slip_monitor]: Captured friction-grasp payload baseline: x=-0.000, y=-0.000, z=0.657
[ign gazebo-1] [INFO] [1790605228.751379341] [amir1.gripper_controller]: Received & accepted new action goal
[ign gazebo-1] [INFO] [1790605228.751509105] [amir2.gripper_controller]: Received & accepted new action goal
[ign gazebo-1] [INFO] [1790605229.179699419] [amir1.gripper_controller]: Received & accepted new action goal
[ign gazebo-1] [INFO] [1790605229.179782507] [amir2.gripper_controller]: Received & accepted new action goal
[ign gazebo-1] [INFO] [1790605229.569931137] [amir1.gripper_controller]: Received & accepted new action goal
[ign gazebo-1] [INFO] [1790605229.569939499] [amir2.gripper_controller]: Received & accepted new action goal
[ign gazebo-1] [INFO] [1790605229.795086639] [amir1.gripper_controller]: Received & accepted new action goal
[ign gazebo-1] [INFO] [1790605229.795371965] [amir2.gripper_controller]: Received & accepted new action goal
[ign gazebo-1] [INFO] [1790605230.182554713] [amir1.gripper_controller]: Received & accepted new action goal
[ign gazebo-1] [INFO] [1790605230.182671767] [amir2.gripper_controller]: Received & accepted new action goal
[ign gazebo-1] [INFO] [1790605230.581653837] [amir1.gripper_controller]: Received & accepted new action goal
[ign gazebo-1] [INFO] [1790605230.581719002] [amir2.gripper_controller]: Received & accepted new action goal
[ign gazebo-1] [INFO] [1790605230.759377421] [amir1.gripper_controller]: Received & accepted new action goal
[ign gazebo-1] [INFO] [1790605230.759527784] [amir2.gripper_controller]: Received & accepted new action goal
[grasp_support_remover-36] [INFO] [1790605230.864024960] [grasp_support_remover]: Removed temporary support model "grasp_support"; transport may start.
[ign gazebo-1] [INFO] [1790605231.109107768] [amir1.gripper_controller]: Received & accepted new action goal
[ign gazebo-1] [INFO] [1790605231.109846517] [amir2.gripper_controller]: Received & accepted new action goal
[ign gazebo-1] [INFO] [1790605231.505009873] [amir1.gripper_controller]: Received & accepted new action goal
[ign gazebo-1] [INFO] [1790605231.505078650] [amir2.gripper_controller]: Received & accepted new action goal
[ign gazebo-1] [INFO] [1790605231.715135881] [amir1.gripper_controller]: Received & accepted new action goal
[ign gazebo-1] [INFO] [1790605231.715231293] [amir2.gripper_controller]: Received & accepted new action goal
[ign gazebo-1] [INFO] [1790605232.082868032] [amir1.gripper_controller]: Received & accepted new action goal
[ign gazebo-1] [INFO] [1790605232.082903588] [amir2.gripper_controller]: Received & accepted new action goal
[ign gazebo-1] [INFO] [1790605232.473904116] [amir1.gripper_controller]: Received & accepted new action goal
[ign gazebo-1] [INFO] [1790605232.473999184] [amir2.gripper_controller]: Received & accepted new action goal
[ign gazebo-1] [INFO] [1790605232.847954856] [amir1.gripper_controller]: Received & accepted new action goal
[ign gazebo-1] [INFO] [1790605232.848070134] [amir2.gripper_controller]: Received & accepted new action goal
[rotation_controller-6] [INFO] [1790605232.915579319] [cooperative_rotation_controller]: シーケンス開始: 搬送（直進） （0.500 m）
[coordinator-37] [INFO] [1790605232.940712119] [cooperative_coordinator]: Payload goal: x=-0.000, y=-0.000, yaw=0.000
[coordinator-37] [INFO] [1790605232.941109503] [cooperative_coordinator]: Formation-distance reference captured: 2.1340 m
[ign gazebo-1] [INFO] [1790605233.029485968] [amir1.gripper_controller]: Received & accepted new action goal
[ign gazebo-1] [INFO] [1790605233.029556383] [amir2.gripper_controller]: Received & accepted new action goal
[ign gazebo-1] [INFO] [1790605233.445044115] [amir1.gripper_controller]: Received & accepted new action goal
[ign gazebo-1] [INFO] [1790605233.445059640] [amir2.gripper_controller]: Received & accepted new action goal
[ign gazebo-1] [INFO] [1790605233.800588312] [amir1.gripper_controller]: Received & accepted new action goal
[ign gazebo-1] [INFO] [1790605233.800654535] [amir2.gripper_controller]: Received & accepted new action goal
[ign gazebo-1] [INFO] [1790605233.907978787] [amir1.gripper_controller]: Received & accepted new action goal
[ign gazebo-1] [INFO] [1790605233.908108544] [amir2.gripper_controller]: Received & accepted new action goal
[coordinator-37] [INFO] [1790605233.957316007] [cooperative_coordinator]: Payload goal: x=0.004, y=-0.000, yaw=0.000
[ign gazebo-1] [INFO] [1790605234.300756304] [amir1.gripper_controller]: Received & accepted new action goal
[ign gazebo-1] [INFO] [1790605234.300826990] [amir2.gripper_controller]: Received & accepted new action goal
[ign gazebo-1] [INFO] [1790605234.679898704] [amir1.gripper_controller]: Received & accepted new action goal
[ign gazebo-1] [INFO] [1790605234.680001606] [amir2.gripper_controller]: Received & accepted new action goal
[ign gazebo-1] [INFO] [1790605234.854526714] [amir2.gripper_controller]: Received & accepted new action goal
[ign gazebo-1] [INFO] [1790605234.854640720] [amir1.gripper_controller]: Received & accepted new action goal
[coordinator-37] [INFO] [1790605234.962964001] [cooperative_coordinator]: Payload goal: x=0.016, y=-0.000, yaw=0.000
[ign gazebo-1] [INFO] [1790605235.217610259] [amir1.gripper_controller]: Received & accepted new action goal
[ign gazebo-1] [INFO] [1790605235.217723994] [amir2.gripper_controller]: Received & accepted new action goal
[ign gazebo-1] [INFO] [1790605235.575557802] [amir1.gripper_controller]: Received & accepted new action goal
[ign gazebo-1] [INFO] [1790605235.575745343] [amir2.gripper_controller]: Received & accepted new action goal
[ign gazebo-1] [INFO] [1790605235.779304713] [amir1.gripper_controller]: Received & accepted new action goal
[ign gazebo-1] [INFO] [1790605235.779534253] [amir2.gripper_controller]: Received & accepted new action goal
[coordinator-37] [INFO] [1790605235.973254425] [cooperative_coordinator]: Payload goal: x=0.034, y=-0.000, yaw=0.000
[ign gazebo-1] [INFO] [1790605236.205083676] [amir1.gripper_controller]: Received & accepted new action goal
[ign gazebo-1] [INFO] [1790605236.205145931] [amir2.gripper_controller]: Received & accepted new action goal
[ign gazebo-1] [INFO] [1790605236.437615749] [amir1.gripper_controller]: Received & accepted new action goal
[ign gazebo-1] [INFO] [1790605236.437683754] [amir2.gripper_controller]: Received & accepted new action goal
[ign gazebo-1] [INFO] [1790605236.619023175] [amir1.gripper_controller]: Received & accepted new action goal
[ign gazebo-1] [INFO] [1790605236.619107737] [amir2.gripper_controller]: Received & accepted new action goal
[coordinator-37] [INFO] [1790605236.977402799] [cooperative_coordinator]: Payload goal: x=0.045, y=-0.000, yaw=0.000
[ign gazebo-1] [INFO] [1790605237.017457382] [amir1.gripper_controller]: Received & accepted new action goal
[ign gazebo-1] [INFO] [1790605237.017562290] [amir2.gripper_controller]: Received & accepted new action goal
[ign gazebo-1] [INFO] [1790605237.385326741] [amir1.gripper_controller]: Received & accepted new action goal
[ign gazebo-1] [INFO] [1790605237.385478257] [amir2.gripper_controller]: Received & accepted new action goal
[ign gazebo-1] [INFO] [1790605237.651611915] [amir1.gripper_controller]: Received & accepted new action goal
[ign gazebo-1] [INFO] [1790605237.651987314] [amir2.gripper_controller]: Received & accepted new action goal
[coordinator-37] [INFO] [1790605238.008404716] [cooperative_coordinator]: Payload goal: x=0.045, y=-0.000, yaw=0.000
[ign gazebo-1] [INFO] [1790605238.102726163] [amir1.gripper_controller]: Received & accepted new action goal
[ign gazebo-1] [INFO] [1790605238.102945517] [amir2.gripper_controller]: Received & accepted new action goal
[ign gazebo-1] [INFO] [1790605238.539654071] [amir1.gripper_controller]: Received & accepted new action goal
[ign gazebo-1] [INFO] [1790605238.539775445] [amir2.gripper_controller]: Received & accepted new action goal
[ign gazebo-1] [INFO] [1790605238.748455255] [amir1.gripper_controller]: Received & accepted new action goal
[ign gazebo-1] [INFO] [1790605238.748523541] [amir2.gripper_controller]: Received & accepted new action goal
[ign gazebo-1] [INFO] [1790605239.001423509] [amir1.gripper_controller]: Received & accepted new action goal
[ign gazebo-1] [INFO] [1790605239.001929545] [amir2.gripper_controller]: Received & accepted new action goal
[coordinator-37] [INFO] [1790605239.022956931] [cooperative_coordinator]: Payload goal: x=0.045, y=-0.000, yaw=0.000
[ign gazebo-1] [INFO] [1790605239.381675944] [amir1.gripper_controller]: Received & accepted new action goal
[ign gazebo-1] [INFO] [1790605239.381850059] [amir2.gripper_controller]: Received & accepted new action goal
[ign gazebo-1] [INFO] [1790605239.564580539] [amir1.gripper_controller]: Received & accepted new action goal
[ign gazebo-1] [INFO] [1790605239.564870665] [amir2.gripper_controller]: Received & accepted new action goal
[ign gazebo-1] [INFO] [1790605239.948775531] [amir1.gripper_controller]: Received & accepted new action goal
[ign gazebo-1] [INFO] [1790605239.948949455] [amir2.gripper_controller]: Received & accepted new action goal
[coordinator-37] [INFO] [1790605240.042260906] [cooperative_coordinator]: Payload goal: x=0.045, y=-0.000, yaw=0.000
[ign gazebo-1] [INFO] [1790605240.325204142] [amir2.gripper_controller]: Received & accepted new action goal
[ign gazebo-1] [INFO] [1790605240.325230036] [amir1.gripper_controller]: Received & accepted new action goal
[ign gazebo-1] [INFO] [1790605240.543922815] [amir1.gripper_controller]: Received & accepted new action goal
[ign gazebo-1] [INFO] [1790605240.543985926] [amir2.gripper_controller]: Received & accepted new action goal
[ign gazebo-1] [INFO] [1790605240.957881686] [amir1.gripper_controller]: Received & accepted new action goal
[ign gazebo-1] [INFO] [1790605240.957990392] [amir2.gripper_controller]: Received & accepted new action goal
[coordinator-37] [INFO] [1790605241.077566805] [cooperative_coordinator]: Payload goal: x=0.045, y=-0.000, yaw=0.000
[ign gazebo-1] [INFO] [1790605241.378710889] [amir1.gripper_controller]: Received & accepted new action goal
[ign gazebo-1] [INFO] [1790605241.378975926] [amir2.gripper_controller]: Received & accepted new action goal
[ign gazebo-1] [INFO] [1790605241.585811750] [amir1.gripper_controller]: Received & accepted new action goal
[ign gazebo-1] [INFO] [1790605241.585854199] [amir2.gripper_controller]: Received & accepted new action goal
[ign gazebo-1] [INFO] [1790605241.863786941] [amir2.gripper_controller]: Received & accepted new action goal
[ign gazebo-1] [INFO] [1790605241.863814318] [amir1.gripper_controller]: Received & accepted new action goal
[coordinator-37] [INFO] [1790605242.078657446] [cooperative_coordinator]: Payload goal: x=0.069, y=-0.000, yaw=0.000
[ign gazebo-1] [INFO] [1790605242.269667838] [amir1.gripper_controller]: Received & accepted new action goal
[ign gazebo-1] [INFO] [1790605242.269784273] [amir2.gripper_controller]: Received & accepted new action goal
[ign gazebo-1] [INFO] [1790605242.465694599] [amir1.gripper_controller]: Received & accepted new action goal
[ign gazebo-1] [INFO] [1790605242.465940905] [amir2.gripper_controller]: Received & accepted new action goal
[ign gazebo-1] [INFO] [1790605242.955834770] [amir1.gripper_controller]: Received & accepted new action goal
[ign gazebo-1] [INFO] [1790605242.955889195] [amir2.gripper_controller]: Received & accepted new action goal
[coordinator-37] [INFO] [1790605243.093925493] [cooperative_coordinator]: Payload goal: x=0.069, y=-0.000, yaw=0.000
[ign gazebo-1] [INFO] [1790605243.406735562] [amir1.gripper_controller]: Received & accepted new action goal
[ign gazebo-1] [INFO] [1790605243.406796772] [amir2.gripper_controller]: Received & accepted new action goal
[ign gazebo-1] [INFO] [1790605243.644151917] [amir1.gripper_controller]: Received & accepted new action goal
[ign gazebo-1] [INFO] [1790605243.644288540] [amir2.gripper_controller]: Received & accepted new action goal
[ign gazebo-1] [INFO] [1790605244.042224384] [amir1.gripper_controller]: Received & accepted new action goal
[ign gazebo-1] [INFO] [1790605244.042493604] [amir2.gripper_controller]: Received & accepted new action goal
[coordinator-37] [INFO] [1790605244.106165082] [cooperative_coordinator]: Payload goal: x=0.069, y=-0.000, yaw=0.000
[ign gazebo-1] [INFO] [1790605244.451297927] [amir2.gripper_controller]: Received & accepted new action goal
[ign gazebo-1] [INFO] [1790605244.451424530] [amir1.gripper_controller]: Received & accepted new action goal
[ign gazebo-1] [INFO] [1790605244.640163918] [amir1.gripper_controller]: Received & accepted new action goal
[ign gazebo-1] [INFO] [1790605244.640372515] [amir2.gripper_controller]: Received & accepted new action goal
[ign gazebo-1] [INFO] [1790605244.860942388] [amir1.gripper_controller]: Received & accepted new action goal
[ign gazebo-1] [INFO] [1790605244.861047575] [amir2.gripper_controller]: Received & accepted new action goal
[coordinator-37] [INFO] [1790605245.108564848] [cooperative_coordinator]: Payload goal: x=0.069, y=-0.000, yaw=0.000
[ign gazebo-1] [INFO] [1790605245.190981960] [amir1.gripper_controller]: Received & accepted new action goal
[ign gazebo-1] [INFO] [1790605245.191139721] [amir2.gripper_controller]: Received & accepted new action goal
[ign gazebo-1] [INFO] [1790605245.363119192] [amir1.gripper_controller]: Received & accepted new action goal
[ign gazebo-1] [INFO] [1790605245.363168438] [amir2.gripper_controller]: Received & accepted new action goal
[ign gazebo-1] [INFO] [1790605245.625009581] [amir2.gripper_controller]: Received & accepted new action goal
[ign gazebo-1] [INFO] [1790605245.625029462] [amir1.gripper_controller]: Received & accepted new action goal
[ign gazebo-1] [INFO] [1790605245.910372064] [amir1.gripper_controller]: Received & accepted new action goal
[ign gazebo-1] [INFO] [1790605246.113494716] [amir1.gripper_controller]: Received & accepted new action goal
[ign gazebo-1] [INFO] [1790605246.113514433] [amir2.gripper_controller]: Received & accepted new action goal
[coordinator-37] [INFO] [1790605246.114941333] [cooperative_coordinator]: Payload goal: x=0.069, y=-0.000, yaw=0.000
[ign gazebo-1] [INFO] [1790605246.431778583] [amir1.gripper_controller]: Received & accepted new action goal
[ign gazebo-1] [INFO] [1790605246.431860705] [amir2.gripper_controller]: Received & accepted new action goal
[ign gazebo-1] [INFO] [1790605246.699385556] [amir1.gripper_controller]: Received & accepted new action goal
[ign gazebo-1] [INFO] [1790605246.699412909] [amir2.gripper_controller]: Received & accepted new action goal
[ign gazebo-1] [INFO] [1790605246.881610039] [amir1.gripper_controller]: Received & accepted new action goal
[ign gazebo-1] [INFO] [1790605246.881715957] [amir2.gripper_controller]: Received & accepted new action goal
[coordinator-37] [INFO] [1790605247.124940769] [cooperative_coordinator]: Payload goal: x=0.086, y=-0.000, yaw=0.000
[ign gazebo-1] [INFO] [1790605247.319683175] [amir1.gripper_controller]: Received & accepted new action goal
[ign gazebo-1] [INFO] [1790605247.319791858] [amir2.gripper_controller]: Received & accepted new action goal
[ign gazebo-1] [INFO] [1790605247.739384023] [amir1.gripper_controller]: Received & accepted new action goal
[ign gazebo-1] [INFO] [1790605247.739420626] [amir2.gripper_controller]: Received & accepted new action goal
[ign gazebo-1] [INFO] [1790605247.947486176] [amir1.gripper_controller]: Received & accepted new action goal
[ign gazebo-1] [INFO] [1790605247.947488870] [amir2.gripper_controller]: Received & accepted new action goal
[coordinator-37] [INFO] [1790605248.131425430] [cooperative_coordinator]: Payload goal: x=0.093, y=-0.000, yaw=0.000
[ign gazebo-1] [INFO] [1790605248.359124120] [amir1.gripper_controller]: Received & accepted new action goal
[ign gazebo-1] [INFO] [1790605248.359368047] [amir2.gripper_controller]: Received & accepted new action goal
[ign gazebo-1] [INFO] [1790605248.731598813] [amir1.gripper_controller]: Received & accepted new action goal
[ign gazebo-1] [INFO] [1790605248.731619997] [amir2.gripper_controller]: Received & accepted new action goal
[ign gazebo-1] [INFO] [1790605248.931683815] [amir2.gripper_controller]: Received & accepted new action goal
[ign gazebo-1] [INFO] [1790605248.931710079] [amir1.gripper_controller]: Received & accepted new action goal
[coordinator-37] [INFO] [1790605249.150291850] [cooperative_coordinator]: Payload goal: x=0.093, y=-0.000, yaw=0.000
[ign gazebo-1] [INFO] [1790605249.286796221] [amir1.gripper_controller]: Received & accepted new action goal
[ign gazebo-1] [INFO] [1790605249.286897562] [amir2.gripper_controller]: Received & accepted new action goal
[ign gazebo-1] [INFO] [1790605249.711172740] [amir1.gripper_controller]: Received & accepted new action goal
[ign gazebo-1] [INFO] [1790605249.711394298] [amir2.gripper_controller]: Received & accepted new action goal
[ign gazebo-1] [INFO] [1790605249.968100003] [amir1.gripper_controller]: Received & accepted new action goal
[ign gazebo-1] [INFO] [1790605249.968699214] [amir2.gripper_controller]: Received & accepted new action goal
[coordinator-37] [INFO] [1790605250.150395216] [cooperative_coordinator]: Payload goal: x=0.093, y=-0.000, yaw=0.000
[ign gazebo-1] [INFO] [1790605250.415714812] [amir1.gripper_controller]: Received & accepted new action goal
[ign gazebo-1] [INFO] [1790605250.415832606] [amir2.gripper_controller]: Received & accepted new action goal
[ign gazebo-1] [INFO] [1790605250.813530397] [amir1.gripper_controller]: Received & accepted new action goal
[ign gazebo-1] [INFO] [1790605250.813579047] [amir2.gripper_controller]: Received & accepted new action goal
[ign gazebo-1] [INFO] [1790605251.056322659] [amir1.gripper_controller]: Received & accepted new action goal
[ign gazebo-1] [INFO] [1790605251.056741084] [amir2.gripper_controller]: Received & accepted new action goal
[coordinator-37] [INFO] [1790605251.184042835] [cooperative_coordinator]: Payload goal: x=0.093, y=-0.000, yaw=0.000
[ign gazebo-1] [INFO] [1790605251.543027706] [amir1.gripper_controller]: Received & accepted new action goal
[ign gazebo-1] [INFO] [1790605251.543166939] [amir2.gripper_controller]: Received & accepted new action goal
[ign gazebo-1] [INFO] [1790605251.828713183] [amir1.gripper_controller]: Received & accepted new action goal
[ign gazebo-1] [INFO] [1790605251.828895967] [amir2.gripper_controller]: Received & accepted new action goal
[friction_grasp_manager-32] [WARN] [1790605251.949993551] [friction_grasp_manager]: amir1 finger force above 26.0 N; backing off.
[ign gazebo-1] [INFO] [1790605251.950244783] [amir1.gripper_controller]: Received & accepted new action goal
[ign gazebo-1] [INFO] [1790605251.950808101] [amir2.gripper_controller]: Received & accepted new action goal
[coordinator-37] [INFO] [1790605252.194461162] [cooperative_coordinator]: Payload goal: x=0.093, y=-0.000, yaw=0.000
[ign gazebo-1] [INFO] [1790605252.204938954] [amir1.gripper_controller]: Received & accepted new action goal
[ign gazebo-1] [INFO] [1790605252.204951640] [amir2.gripper_controller]: Received & accepted new action goal
[coordinator-37] [INFO] [1790605253.202854505] [cooperative_coordinator]: Payload goal: x=0.114, y=-0.000, yaw=0.000
[ign gazebo-1] [INFO] [1790605253.876366145] [amir1.gripper_controller]: Received & accepted new action goal
[ign gazebo-1] [INFO] [1790605253.876427564] [amir2.gripper_controller]: Received & accepted new action goal
[coordinator-37] [INFO] [1790605254.205586328] [cooperative_coordinator]: Payload goal: x=0.117, y=-0.000, yaw=0.000
[ign gazebo-1] [INFO] [1790605254.220311148] [amir1.gripper_controller]: Received & accepted new action goal
[ign gazebo-1] [INFO] [1790605254.220345423] [amir2.gripper_controller]: Received & accepted new action goal
[ign gazebo-1] [INFO] [1790605254.682984544] [amir1.gripper_controller]: Received & accepted new action goal
[ign gazebo-1] [INFO] [1790605254.683075224] [amir2.gripper_controller]: Received & accepted new action goal
[ign gazebo-1] [INFO] [1790605254.928411351] [amir1.gripper_controller]: Received & accepted new action goal
[ign gazebo-1] [INFO] [1790605254.928592336] [amir2.gripper_controller]: Received & accepted new action goal
[coordinator-37] [INFO] [1790605255.222108932] [cooperative_coordinator]: Payload goal: x=0.117, y=-0.000, yaw=0.000
[ign gazebo-1] [INFO] [1790605255.394413516] [amir1.gripper_controller]: Received & accepted new action goal
[ign gazebo-1] [INFO] [1790605255.394795661] [amir2.gripper_controller]: Received & accepted new action goal
[ign gazebo-1] [INFO] [1790605255.665768802] [amir1.gripper_controller]: Received & accepted new action goal
[ign gazebo-1] [INFO] [1790605255.665894776] [amir2.gripper_controller]: Received & accepted new action goal
[ign gazebo-1] [INFO] [1790605255.854153649] [amir1.gripper_controller]: Received & accepted new action goal
[ign gazebo-1] [INFO] [1790605255.854157078] [amir2.gripper_controller]: Received & accepted new action goal
[ign gazebo-1] [INFO] [1790605256.135137634] [amir1.gripper_controller]: Received & accepted new action goal
[ign gazebo-1] [INFO] [1790605256.135247541] [amir2.gripper_controller]: Received & accepted new action goal
[coordinator-37] [INFO] [1790605256.230561798] [cooperative_coordinator]: Payload goal: x=0.117, y=-0.000, yaw=0.000
[ign gazebo-1] [INFO] [1790605256.408361478] [amir1.gripper_controller]: Received & accepted new action goal
[ign gazebo-1] [INFO] [1790605256.408607560] [amir2.gripper_controller]: Received & accepted new action goal
[ign gazebo-1] [INFO] [1790605256.540285614] [amir1.gripper_controller]: Received & accepted new action goal
[ign gazebo-1] [INFO] [1790605256.540646108] [amir2.gripper_controller]: Received & accepted new action goal
[ign gazebo-1] [INFO] [1790605256.776503122] [amir1.gripper_controller]: Received & accepted new action goal
[ign gazebo-1] [INFO] [1790605256.776534146] [amir2.gripper_controller]: Received & accepted new action goal
[ign gazebo-1] [INFO] [1790605257.155640698] [amir1.gripper_controller]: Received & accepted new action goal
[ign gazebo-1] [INFO] [1790605257.155715172] [amir2.gripper_controller]: Received & accepted new action goal
[coordinator-37] [INFO] [1790605257.247644293] [cooperative_coordinator]: Payload goal: x=0.117, y=-0.000, yaw=0.000
[ign gazebo-1] [INFO] [1790605257.336131719] [amir1.gripper_controller]: Received & accepted new action goal
[ign gazebo-1] [INFO] [1790605257.336150715] [amir2.gripper_controller]: Received & accepted new action goal
[ign gazebo-1] [INFO] [1790605257.627265748] [amir1.gripper_controller]: Received & accepted new action goal
[ign gazebo-1] [INFO] [1790605257.627316393] [amir2.gripper_controller]: Received & accepted new action goal
[ign gazebo-1] [INFO] [1790605258.034197901] [amir1.gripper_controller]: Received & accepted new action goal
[ign gazebo-1] [INFO] [1790605258.034329004] [amir2.gripper_controller]: Received & accepted new action goal
[ign gazebo-1] [INFO] [1790605258.216839420] [amir1.gripper_controller]: Received & accepted new action goal
[ign gazebo-1] [INFO] [1790605258.216846583] [amir2.gripper_controller]: Received & accepted new action goal
[coordinator-37] [INFO] [1790605258.250873554] [cooperative_coordinator]: Payload goal: x=0.137, y=-0.000, yaw=0.000
[ign gazebo-1] [INFO] [1790605258.658091759] [amir1.gripper_controller]: Received & accepted new action goal
[ign gazebo-1] [INFO] [1790605258.658103967] [amir2.gripper_controller]: Received & accepted new action goal
[ign gazebo-1] [INFO] [1790605258.961446041] [amir1.gripper_controller]: Received & accepted new action goal
[ign gazebo-1] [INFO] [1790605258.962103940] [amir2.gripper_controller]: Received & accepted new action goal
[ign gazebo-1] [INFO] [1790605259.160832604] [amir1.gripper_controller]: Received & accepted new action goal
[coordinator-37] [INFO] [1790605259.264015048] [cooperative_coordinator]: Payload goal: x=0.141, y=-0.000, yaw=0.000
[ign gazebo-1] [INFO] [1790605259.687407825] [amir1.gripper_controller]: Received & accepted new action goal
[ign gazebo-1] [INFO] [1790605259.687614463] [amir2.gripper_controller]: Received & accepted new action goal
[ign gazebo-1] [INFO] [1790605260.117780044] [amir1.gripper_controller]: Received & accepted new action goal
[ign gazebo-1] [INFO] [1790605260.117859614] [amir2.gripper_controller]: Received & accepted new action goal
[ign gazebo-1] [INFO] [1790605260.273302573] [amir1.gripper_controller]: Received & accepted new action goal
[ign gazebo-1] [INFO] [1790605260.273321555] [amir2.gripper_controller]: Received & accepted new action goal
[coordinator-37] [INFO] [1790605260.274306049] [cooperative_coordinator]: Payload goal: x=0.141, y=-0.000, yaw=0.000
[ign gazebo-1] [INFO] [1790605260.694371167] [amir1.gripper_controller]: Received & accepted new action goal
[ign gazebo-1] [INFO] [1790605260.694443979] [amir2.gripper_controller]: Received & accepted new action goal
[ign gazebo-1] [INFO] [1790605261.106116913] [amir1.gripper_controller]: Received & accepted new action goal
[ign gazebo-1] [INFO] [1790605261.106249012] [amir2.gripper_controller]: Received & accepted new action goal
[coordinator-37] [INFO] [1790605261.288456690] [cooperative_coordinator]: Payload goal: x=0.141, y=-0.000, yaw=0.000
[ign gazebo-1] [INFO] [1790605261.301702442] [amir1.gripper_controller]: Received & accepted new action goal
[ign gazebo-1] [INFO] [1790605261.301893430] [amir2.gripper_controller]: Received & accepted new action goal
[ign gazebo-1] [INFO] [1790605261.759869938] [amir1.gripper_controller]: Received & accepted new action goal
[ign gazebo-1] [INFO] [1790605261.759898826] [amir2.gripper_controller]: Received & accepted new action goal
[ign gazebo-1] [INFO] [1790605262.260914586] [amir1.gripper_controller]: Received & accepted new action goal
[ign gazebo-1] [INFO] [1790605262.260955279] [amir2.gripper_controller]: Received & accepted new action goal
[coordinator-37] [INFO] [1790605262.295281023] [cooperative_coordinator]: Payload goal: x=0.141, y=-0.000, yaw=0.000
[ign gazebo-1] [INFO] [1790605262.456986199] [amir1.gripper_controller]: Received & accepted new action goal
[ign gazebo-1] [INFO] [1790605262.457315705] [amir2.gripper_controller]: Received & accepted new action goal
[ign gazebo-1] [INFO] [1790605262.803478185] [amir1.gripper_controller]: Received & accepted new action goal
[ign gazebo-1] [INFO] [1790605262.803740342] [amir2.gripper_controller]: Received & accepted new action goal
[ign gazebo-1] [INFO] [1790605263.191315149] [amir1.gripper_controller]: Received & accepted new action goal
[ign gazebo-1] [INFO] [1790605263.191451356] [amir2.gripper_controller]: Received & accepted new action goal
[coordinator-37] [INFO] [1790605263.312635287] [cooperative_coordinator]: Payload goal: x=0.141, y=-0.000, yaw=0.000
[ign gazebo-1] [INFO] [1790605263.396407353] [amir1.gripper_controller]: Received & accepted new action goal
[ign gazebo-1] [INFO] [1790605263.396485800] [amir2.gripper_controller]: Received & accepted new action goal
[ign gazebo-1] [INFO] [1790605263.780998460] [amir1.gripper_controller]: Received & accepted new action goal
[ign gazebo-1] [INFO] [1790605263.781119158] [amir2.gripper_controller]: Received & accepted new action goal
[ign gazebo-1] [INFO] [1790605264.234142305] [amir1.gripper_controller]: Received & accepted new action goal
[ign gazebo-1] [INFO] [1790605264.234255121] [amir2.gripper_controller]: Received & accepted new action goal
[coordinator-37] [INFO] [1790605264.342517490] [cooperative_coordinator]: Payload goal: x=0.161, y=-0.000, yaw=0.000
[ign gazebo-1] [INFO] [1790605264.451041469] [amir1.gripper_controller]: Received & accepted new action goal
[ign gazebo-1] [INFO] [1790605264.451380204] [amir2.gripper_controller]: Received & accepted new action goal
[ign gazebo-1] [INFO] [1790605264.950564095] [amir2.gripper_controller]: Received & accepted new action goal
[ign gazebo-1] [INFO] [1790605264.950570735] [amir1.gripper_controller]: Received & accepted new action goal
[ign gazebo-1] [INFO] [1790605265.326746283] [amir1.gripper_controller]: Received & accepted new action goal
[ign gazebo-1] [INFO] [1790605265.326896948] [amir2.gripper_controller]: Received & accepted new action goal
[coordinator-37] [INFO] [1790605265.346942265] [cooperative_coordinator]: Payload goal: x=0.166, y=-0.000, yaw=0.000
[ign gazebo-1] [INFO] [1790605265.548587193] [amir2.gripper_controller]: Received & accepted new action goal
[ign gazebo-1] [INFO] [1790605265.548712965] [amir1.gripper_controller]: Received & accepted new action goal
[ign gazebo-1] [INFO] [1790605266.008784804] [amir1.gripper_controller]: Received & accepted new action goal
[ign gazebo-1] [INFO] [1790605266.008991169] [amir2.gripper_controller]: Received & accepted new action goal
[ign gazebo-1] [INFO] [1790605266.353550571] [amir1.gripper_controller]: Received & accepted new action goal
[ign gazebo-1] [INFO] [1790605266.353929192] [amir2.gripper_controller]: Received & accepted new action goal
[coordinator-37] [INFO] [1790605266.356104626] [cooperative_coordinator]: Payload goal: x=0.166, y=-0.000, yaw=0.000
[friction_grasp_manager-32] [WARN] [1790605266.515828253] [friction_grasp_manager]: amir1 finger force above 26.0 N; backing off.
[ign gazebo-1] [INFO] [1790605266.516391365] [amir1.gripper_controller]: Received & accepted new action goal
[ign gazebo-1] [INFO] [1790605266.517882580] [amir2.gripper_controller]: Received & accepted new action goal
[ign gazebo-1] [INFO] [1790605266.757480839] [amir2.gripper_controller]: Received & accepted new action goal
[ign gazebo-1] [INFO] [1790605267.004655992] [amir2.gripper_controller]: Received & accepted new action goal
[coordinator-37] [INFO] [1790605267.365574955] [cooperative_coordinator]: Payload goal: x=0.166, y=-0.000, yaw=0.000
[ign gazebo-1] [INFO] [1790605267.603385656] [amir2.gripper_controller]: Received & accepted new action goal
[ign gazebo-1] [INFO] [1790605267.983669019] [amir2.gripper_controller]: Received & accepted new action goal
[ign gazebo-1] [INFO] [1790605268.173071815] [amir2.gripper_controller]: Received & accepted new action goal
[ign gazebo-1] [INFO] [1790605268.173169990] [amir1.gripper_controller]: Received & accepted new action goal
[coordinator-37] [INFO] [1790605268.369419947] [cooperative_coordinator]: Payload goal: x=0.166, y=-0.000, yaw=0.000
[ign gazebo-1] [INFO] [1790605268.613574098] [amir1.gripper_controller]: Received & accepted new action goal
[ign gazebo-1] [INFO] [1790605268.613799800] [amir2.gripper_controller]: Received & accepted new action goal
[ign gazebo-1] [INFO] [1790605269.064870015] [amir1.gripper_controller]: Received & accepted new action goal
[ign gazebo-1] [INFO] [1790605269.064998151] [amir2.gripper_controller]: Received & accepted new action goal
[ign gazebo-1] [INFO] [1790605269.274866052] [amir1.gripper_controller]: Received & accepted new action goal
[ign gazebo-1] [INFO] [1790605269.274991571] [amir2.gripper_controller]: Received & accepted new action goal
[coordinator-37] [INFO] [1790605269.375177787] [cooperative_coordinator]: Payload goal: x=0.167, y=-0.000, yaw=0.000
[ign gazebo-1] [INFO] [1790605269.671484637] [amir1.gripper_controller]: Received & accepted new action goal
[ign gazebo-1] [INFO] [1790605269.671591206] [amir2.gripper_controller]: Received & accepted new action goal
[ign gazebo-1] [INFO] [1790605270.088922967] [amir2.gripper_controller]: Received & accepted new action goal
[ign gazebo-1] [INFO] [1790605270.088922934] [amir1.gripper_controller]: Received & accepted new action goal
[ign gazebo-1] [INFO] [1790605270.211436438] [amir1.gripper_controller]: Received & accepted new action goal
[ign gazebo-1] [INFO] [1790605270.211695733] [amir2.gripper_controller]: Received & accepted new action goal
[coordinator-37] [INFO] [1790605270.379029240] [cooperative_coordinator]: Payload goal: x=0.190, y=-0.000, yaw=0.000
[ign gazebo-1] [INFO] [1790605270.622818025] [amir1.gripper_controller]: Received & accepted new action goal
[ign gazebo-1] [INFO] [1790605270.622894239] [amir2.gripper_controller]: Received & accepted new action goal
[ign gazebo-1] [INFO] [1790605271.066930811] [amir1.gripper_controller]: Received & accepted new action goal
[ign gazebo-1] [INFO] [1790605271.066970244] [amir2.gripper_controller]: Received & accepted new action goal
[ign gazebo-1] [INFO] [1790605271.287057930] [amir1.gripper_controller]: Received & accepted new action goal
[ign gazebo-1] [INFO] [1790605271.287128919] [amir2.gripper_controller]: Received & accepted new action goal
[coordinator-37] [INFO] [1790605271.384329529] [cooperative_coordinator]: Payload goal: x=0.190, y=-0.000, yaw=0.000
[ign gazebo-1] [INFO] [1790605271.679425327] [amir2.gripper_controller]: Received & accepted new action goal
[ign gazebo-1] [INFO] [1790605271.679502112] [amir1.gripper_controller]: Received & accepted new action goal
[ign gazebo-1] [INFO] [1790605272.064272726] [amir1.gripper_controller]: Received & accepted new action goal
[ign gazebo-1] [INFO] [1790605272.064310283] [amir2.gripper_controller]: Received & accepted new action goal
[ign gazebo-1] [INFO] [1790605272.246101228] [amir1.gripper_controller]: Received & accepted new action goal
[ign gazebo-1] [INFO] [1790605272.246318584] [amir2.gripper_controller]: Received & accepted new action goal
[coordinator-37] [INFO] [1790605272.390725406] [cooperative_coordinator]: Payload goal: x=0.190, y=-0.000, yaw=0.000
[ign gazebo-1] [INFO] [1790605272.557815467] [amir1.gripper_controller]: Received & accepted new action goal
[ign gazebo-1] [INFO] [1790605272.557837897] [amir2.gripper_controller]: Received & accepted new action goal
[ign gazebo-1] [INFO] [1790605272.841927242] [amir1.gripper_controller]: Received & accepted new action goal
[ign gazebo-1] [INFO] [1790605272.842160404] [amir2.gripper_controller]: Received & accepted new action goal
[ign gazebo-1] [INFO] [1790605273.032340385] [amir1.gripper_controller]: Received & accepted new action goal
[coordinator-37] [INFO] [1790605273.415385833] [cooperative_coordinator]: Payload goal: x=0.190, y=-0.000, yaw=0.000
[ign gazebo-1] [INFO] [1790605273.495389163] [amir1.gripper_controller]: Received & accepted new action goal
[ign gazebo-1] [INFO] [1790605273.495576582] [amir2.gripper_controller]: Received & accepted new action goal
[ign gazebo-1] [INFO] [1790605273.884423813] [amir1.gripper_controller]: Received & accepted new action goal
[ign gazebo-1] [INFO] [1790605273.884429285] [amir2.gripper_controller]: Received & accepted new action goal
[ign gazebo-1] [INFO] [1790605274.088905340] [amir1.gripper_controller]: Received & accepted new action goal
[ign gazebo-1] [INFO] [1790605274.088940108] [amir2.gripper_controller]: Received & accepted new action goal
[coordinator-37] [INFO] [1790605274.431696329] [cooperative_coordinator]: Payload goal: x=0.190, y=-0.000, yaw=0.000
[ign gazebo-1] [INFO] [1790605274.628972474] [amir1.gripper_controller]: Received & accepted new action goal
[ign gazebo-1] [INFO] [1790605274.629234249] [amir2.gripper_controller]: Received & accepted new action goal
[ign gazebo-1] [INFO] [1790605275.033734444] [amir1.gripper_controller]: Received & accepted new action goal
[ign gazebo-1] [INFO] [1790605275.033911700] [amir2.gripper_controller]: Received & accepted new action goal
[ign gazebo-1] [INFO] [1790605275.237855624] [amir1.gripper_controller]: Received & accepted new action goal
[ign gazebo-1] [INFO] [1790605275.237963782] [amir2.gripper_controller]: Received & accepted new action goal
[coordinator-37] [INFO] [1790605275.436370396] [cooperative_coordinator]: Payload goal: x=0.199, y=-0.000, yaw=0.000
[ign gazebo-1] [INFO] [1790605275.576630391] [amir1.gripper_controller]: Received & accepted new action goal
[ign gazebo-1] [INFO] [1790605275.576649532] [amir2.gripper_controller]: Received & accepted new action goal
[ign gazebo-1] [INFO] [1790605275.972469818] [amir2.gripper_controller]: Received & accepted new action goal
[ign gazebo-1] [INFO] [1790605275.972570281] [amir1.gripper_controller]: Received & accepted new action goal
[ign gazebo-1] [INFO] [1790605276.156420199] [amir1.gripper_controller]: Received & accepted new action goal
[coordinator-37] [INFO] [1790605276.442486656] [cooperative_coordinator]: Payload goal: x=0.214, y=-0.000, yaw=0.000
[ign gazebo-1] [INFO] [1790605276.971603457] [amir1.gripper_controller]: Received & accepted new action goal
[ign gazebo-1] [INFO] [1790605276.971759249] [amir2.gripper_controller]: Received & accepted new action goal
[ign gazebo-1] [INFO] [1790605277.221898429] [amir1.gripper_controller]: Received & accepted new action goal
[ign gazebo-1] [INFO] [1790605277.222257675] [amir2.gripper_controller]: Received & accepted new action goal
[coordinator-37] [INFO] [1790605277.447318941] [cooperative_coordinator]: Payload goal: x=0.214, y=-0.000, yaw=0.000
[ign gazebo-1] [INFO] [1790605277.683307095] [amir1.gripper_controller]: Received & accepted new action goal
[ign gazebo-1] [INFO] [1790605277.683361186] [amir2.gripper_controller]: Received & accepted new action goal
[ign gazebo-1] [INFO] [1790605278.101347253] [amir2.gripper_controller]: Received & accepted new action goal
[ign gazebo-1] [INFO] [1790605278.101349595] [amir1.gripper_controller]: Received & accepted new action goal
[ign gazebo-1] [INFO] [1790605278.281422319] [amir1.gripper_controller]: Received & accepted new action goal
[ign gazebo-1] [INFO] [1790605278.281481049] [amir2.gripper_controller]: Received & accepted new action goal
[coordinator-37] [INFO] [1790605278.453719525] [cooperative_coordinator]: Payload goal: x=0.214, y=-0.000, yaw=0.000
[ign gazebo-1] [INFO] [1790605278.593894840] [amir1.gripper_controller]: Received & accepted new action goal
[ign gazebo-1] [INFO] [1790605278.593928035] [amir2.gripper_controller]: Received & accepted new action goal
[ign gazebo-1] [INFO] [1790605278.989756115] [amir1.gripper_controller]: Received & accepted new action goal
[ign gazebo-1] [INFO] [1790605278.989797762] [amir2.gripper_controller]: Received & accepted new action goal
[ign gazebo-1] [INFO] [1790605279.161737383] [amir1.gripper_controller]: Received & accepted new action goal
[ign gazebo-1] [INFO] [1790605279.161768088] [amir2.gripper_controller]: Received & accepted new action goal
[coordinator-37] [INFO] [1790605279.466821602] [cooperative_coordinator]: Payload goal: x=0.214, y=-0.000, yaw=0.000
[ign gazebo-1] [INFO] [1790605279.520046274] [amir1.gripper_controller]: Received & accepted new action goal
[ign gazebo-1] [INFO] [1790605279.520177890] [amir2.gripper_controller]: Received & accepted new action goal
[ign gazebo-1] [INFO] [1790605279.921207624] [amir1.gripper_controller]: Received & accepted new action goal
[ign gazebo-1] [INFO] [1790605279.921378435] [amir2.gripper_controller]: Received & accepted new action goal
[ign gazebo-1] [INFO] [1790605280.123504305] [amir1.gripper_controller]: Received & accepted new action goal
[ign gazebo-1] [INFO] [1790605280.123504382] [amir2.gripper_controller]: Received & accepted new action goal
[coordinator-37] [INFO] [1790605280.471538973] [cooperative_coordinator]: Payload goal: x=0.214, y=-0.000, yaw=0.000
[ign gazebo-1] [INFO] [1790605280.527508576] [amir1.gripper_controller]: Received & accepted new action goal
[ign gazebo-1] [INFO] [1790605280.527725203] [amir2.gripper_controller]: Received & accepted new action goal
[ign gazebo-1] [INFO] [1790605280.912831085] [amir1.gripper_controller]: Received & accepted new action goal
[ign gazebo-1] [INFO] [1790605280.912867236] [amir2.gripper_controller]: Received & accepted new action goal
[ign gazebo-1] [INFO] [1790605281.123462677] [amir1.gripper_controller]: Received & accepted new action goal
[ign gazebo-1] [INFO] [1790605281.123684121] [amir2.gripper_controller]: Received & accepted new action goal
[ign gazebo-1] [INFO] [1790605281.468582307] [amir1.gripper_controller]: Received & accepted new action goal
[ign gazebo-1] [INFO] [1790605281.468901291] [amir2.gripper_controller]: Received & accepted new action goal
[coordinator-37] [INFO] [1790605281.473657504] [cooperative_coordinator]: Payload goal: x=0.232, y=-0.000, yaw=0.000
[ign gazebo-1] [INFO] [1790605281.838172225] [amir2.gripper_controller]: Received & accepted new action goal
[ign gazebo-1] [INFO] [1790605281.966001003] [amir1.gripper_controller]: Received & accepted new action goal
[ign gazebo-1] [INFO] [1790605281.966041551] [amir2.gripper_controller]: Received & accepted new action goal
[ign gazebo-1] [INFO] [1790605282.386123544] [amir2.gripper_controller]: Received & accepted new action goal
[coordinator-37] [INFO] [1790605282.500902475] [cooperative_coordinator]: Payload goal: x=0.238, y=-0.000, yaw=0.000
[ign gazebo-1] [INFO] [1790605282.800623946] [amir2.gripper_controller]: Received & accepted new action goal
[coordinator-37] [INFO] [1790605283.522759378] [cooperative_coordinator]: Payload goal: x=0.238, y=-0.000, yaw=0.000
[coordinator-37] [INFO] [1790605284.535355296] [cooperative_coordinator]: Payload goal: x=0.238, y=-0.000, yaw=0.000
[ign gazebo-1] [INFO] [1790605285.029860530] [amir1.gripper_controller]: Received & accepted new action goal
[ign gazebo-1] [INFO] [1790605285.029903979] [amir2.gripper_controller]: Received & accepted new action goal
[ign gazebo-1] [INFO] [1790605285.218050846] [amir2.gripper_controller]: Received & accepted new action goal
[ign gazebo-1] [INFO] [1790605285.218077032] [amir1.gripper_controller]: Received & accepted new action goal
[coordinator-37] [INFO] [1790605285.544412075] [cooperative_coordinator]: Payload goal: x=0.238, y=-0.000, yaw=0.000
[ign gazebo-1] [INFO] [1790605285.646051757] [amir1.gripper_controller]: Received & accepted new action goal
[ign gazebo-1] [INFO] [1790605285.646399523] [amir2.gripper_controller]: Received & accepted new action goal
[ign gazebo-1] [INFO] [1790605286.006512088] [amir1.gripper_controller]: Received & accepted new action goal
[ign gazebo-1] [INFO] [1790605286.006592531] [amir2.gripper_controller]: Received & accepted new action goal
[ign gazebo-1] [INFO] [1790605286.178411899] [amir2.gripper_controller]: Received & accepted new action goal
[ign gazebo-1] [INFO] [1790605286.178456084] [amir1.gripper_controller]: Received & accepted new action goal
[ign gazebo-1] [INFO] [1790605286.546683684] [amir1.gripper_controller]: Received & accepted new action goal
[ign gazebo-1] [INFO] [1790605286.546748674] [amir2.gripper_controller]: Received & accepted new action goal
[coordinator-37] [INFO] [1790605286.547391465] [cooperative_coordinator]: Payload goal: x=0.238, y=-0.000, yaw=0.000
[ign gazebo-1] [INFO] [1790605286.802441730] [amir1.gripper_controller]: Received & accepted new action goal
[ign gazebo-1] [INFO] [1790605286.977832331] [amir1.gripper_controller]: Received & accepted new action goal
[ign gazebo-1] [INFO] [1790605286.977952483] [amir2.gripper_controller]: Received & accepted new action goal
[ign gazebo-1] [INFO] [1790605287.375729362] [amir2.gripper_controller]: Received & accepted new action goal
[coordinator-37] [INFO] [1790605287.569617946] [cooperative_coordinator]: Payload goal: x=0.263, y=-0.000, yaw=0.000
[ign gazebo-1] [INFO] [1790605287.656241313] [amir1.gripper_controller]: Received & accepted new action goal
[ign gazebo-1] [INFO] [1790605287.656403379] [amir2.gripper_controller]: Received & accepted new action goal
[ign gazebo-1] [INFO] [1790605287.788124534] [amir1.gripper_controller]: Received & accepted new action goal
[ign gazebo-1] [INFO] [1790605288.043563226] [amir1.gripper_controller]: Received & accepted new action goal
[friction_grasp_manager-32] [WARN] [1790605288.342791067] [friction_grasp_manager]: amir1 finger force above 26.0 N; backing off.
[ign gazebo-1] [INFO] [1790605288.343014430] [amir1.gripper_controller]: Received & accepted new action goal
[ign gazebo-1] [INFO] [1790605288.343078212] [amir2.gripper_controller]: Received & accepted new action goal
[ign gazebo-1] [INFO] [1790605288.478592024] [amir1.gripper_controller]: Received & accepted new action goal
[ign gazebo-1] [INFO] [1790605288.478670421] [amir2.gripper_controller]: Received & accepted new action goal
[coordinator-37] [INFO] [1790605288.579711077] [cooperative_coordinator]: Payload goal: x=0.263, y=-0.000, yaw=0.000
[ign gazebo-1] [INFO] [1790605288.730624150] [amir1.gripper_controller]: Received & accepted new action goal
[ign gazebo-1] [INFO] [1790605288.730734508] [amir2.gripper_controller]: Received & accepted new action goal
[ign gazebo-1] [INFO] [1790605289.166582736] [amir1.gripper_controller]: Received & accepted new action goal
[ign gazebo-1] [INFO] [1790605289.166645975] [amir2.gripper_controller]: Received & accepted new action goal
[ign gazebo-1] [INFO] [1790605289.360677807] [amir2.gripper_controller]: Received & accepted new action goal
[ign gazebo-1] [INFO] [1790605289.360743440] [amir1.gripper_controller]: Received & accepted new action goal
[coordinator-37] [INFO] [1790605289.609270612] [cooperative_coordinator]: Payload goal: x=0.263, y=-0.000, yaw=0.000
[ign gazebo-1] [INFO] [1790605289.850011238] [amir2.gripper_controller]: Received & accepted new action goal
[ign gazebo-1] [INFO] [1790605289.850091118] [amir1.gripper_controller]: Received & accepted new action goal
[ign gazebo-1] [INFO] [1790605290.260623249] [amir1.gripper_controller]: Received & accepted new action goal
[ign gazebo-1] [INFO] [1790605290.260738544] [amir2.gripper_controller]: Received & accepted new action goal
[ign gazebo-1] [INFO] [1790605290.478478841] [amir1.gripper_controller]: Received & accepted new action goal
[ign gazebo-1] [INFO] [1790605290.478518101] [amir2.gripper_controller]: Received & accepted new action goal
[coordinator-37] [INFO] [1790605290.621854973] [cooperative_coordinator]: Payload goal: x=0.263, y=-0.000, yaw=0.000
[ign gazebo-1] [INFO] [1790605290.790751222] [amir1.gripper_controller]: Received & accepted new action goal
[ign gazebo-1] [INFO] [1790605290.790839018] [amir2.gripper_controller]: Received & accepted new action goal
[ign gazebo-1] [INFO] [1790605291.147196120] [amir1.gripper_controller]: Received & accepted new action goal
[ign gazebo-1] [INFO] [1790605291.147701245] [amir2.gripper_controller]: Received & accepted new action goal
[ign gazebo-1] [INFO] [1790605291.298037724] [amir1.gripper_controller]: Received & accepted new action goal
[ign gazebo-1] [INFO] [1790605291.298173551] [amir2.gripper_controller]: Received & accepted new action goal
[ign gazebo-1] [INFO] [1790605291.549204987] [amir1.gripper_controller]: Received & accepted new action goal
[coordinator-37] [INFO] [1790605291.638762813] [cooperative_coordinator]: Payload goal: x=0.264, y=-0.000, yaw=0.000
[ign gazebo-1] [INFO] [1790605291.941841755] [amir1.gripper_controller]: Received & accepted new action goal
[ign gazebo-1] [INFO] [1790605291.941944309] [amir2.gripper_controller]: Received & accepted new action goal
[ign gazebo-1] [INFO] [1790605292.102730011] [amir2.gripper_controller]: Received & accepted new action goal
[ign gazebo-1] [INFO] [1790605292.519427629] [amir2.gripper_controller]: Received & accepted new action goal
[coordinator-37] [INFO] [1790605292.649914851] [cooperative_coordinator]: Payload goal: x=0.288, y=-0.000, yaw=0.000
[ign gazebo-1] [INFO] [1790605292.855858891] [amir2.gripper_controller]: Received & accepted new action goal
[ign gazebo-1] [INFO] [1790605292.855883330] [amir1.gripper_controller]: Received & accepted new action goal
[ign gazebo-1] [INFO] [1790605293.016700401] [amir1.gripper_controller]: Received & accepted new action goal
[ign gazebo-1] [INFO] [1790605293.016834461] [amir2.gripper_controller]: Received & accepted new action goal
[ign gazebo-1] [INFO] [1790605293.436151906] [amir1.gripper_controller]: Received & accepted new action goal
[ign gazebo-1] [INFO] [1790605293.436363163] [amir2.gripper_controller]: Received & accepted new action goal
[coordinator-37] [INFO] [1790605293.667021775] [cooperative_coordinator]: Payload goal: x=0.288, y=-0.000, yaw=0.000
[ign gazebo-1] [INFO] [1790605293.856530469] [amir1.gripper_controller]: Received & accepted new action goal
[ign gazebo-1] [INFO] [1790605293.856726918] [amir2.gripper_controller]: Received & accepted new action goal
[ign gazebo-1] [INFO] [1790605294.058122181] [amir1.gripper_controller]: Received & accepted new action goal
[ign gazebo-1] [INFO] [1790605294.058316916] [amir2.gripper_controller]: Received & accepted new action goal
[ign gazebo-1] [INFO] [1790605294.462639714] [amir2.gripper_controller]: Received & accepted new action goal
[ign gazebo-1] [INFO] [1790605294.462703651] [amir1.gripper_controller]: Received & accepted new action goal
[coordinator-37] [INFO] [1790605294.681570510] [cooperative_coordinator]: Payload goal: x=0.288, y=-0.000, yaw=0.000
[ign gazebo-1] [INFO] [1790605294.899674057] [amir1.gripper_controller]: Received & accepted new action goal
[ign gazebo-1] [INFO] [1790605294.899775643] [amir2.gripper_controller]: Received & accepted new action goal
[ign gazebo-1] [INFO] [1790605295.105921349] [amir1.gripper_controller]: Received & accepted new action goal
[ign gazebo-1] [INFO] [1790605295.105927215] [amir2.gripper_controller]: Received & accepted new action goal
[ign gazebo-1] [INFO] [1790605295.376729623] [amir1.gripper_controller]: Received & accepted new action goal
[ign gazebo-1] [INFO] [1790605295.376866623] [amir2.gripper_controller]: Received & accepted new action goal
[coordinator-37] [INFO] [1790605295.695899211] [cooperative_coordinator]: Payload goal: x=0.288, y=-0.000, yaw=0.000
[ign gazebo-1] [INFO] [1790605295.816432711] [amir1.gripper_controller]: Received & accepted new action goal
[ign gazebo-1] [INFO] [1790605295.816513050] [amir2.gripper_controller]: Received & accepted new action goal
[ign gazebo-1] [INFO] [1790605295.975874565] [amir1.gripper_controller]: Received & accepted new action goal
[ign gazebo-1] [INFO] [1790605295.975977223] [amir2.gripper_controller]: Received & accepted new action goal
[coordinator-37] [INFO] [1790605296.708253899] [cooperative_coordinator]: Payload goal: x=0.288, y=-0.000, yaw=0.000
[ign gazebo-1] [INFO] [1790605296.870204019] [amir1.gripper_controller]: Received & accepted new action goal
[ign gazebo-1] [INFO] [1790605296.870283029] [amir2.gripper_controller]: Received & accepted new action goal
[ign gazebo-1] [INFO] [1790605297.046127087] [amir1.gripper_controller]: Received & accepted new action goal
[ign gazebo-1] [INFO] [1790605297.046231341] [amir2.gripper_controller]: Received & accepted new action goal
[ign gazebo-1] [INFO] [1790605297.407898038] [amir1.gripper_controller]: Received & accepted new action goal
[ign gazebo-1] [INFO] [1790605297.407914796] [amir2.gripper_controller]: Received & accepted new action goal
[coordinator-37] [INFO] [1790605297.724704153] [cooperative_coordinator]: Payload goal: x=0.299, y=-0.000, yaw=0.000
[ign gazebo-1] [INFO] [1790605297.781010448] [amir1.gripper_controller]: Received & accepted new action goal
[ign gazebo-1] [INFO] [1790605297.781087592] [amir2.gripper_controller]: Received & accepted new action goal
[ign gazebo-1] [INFO] [1790605297.994991091] [amir2.gripper_controller]: Received & accepted new action goal
[ign gazebo-1] [INFO] [1790605297.995053822] [amir1.gripper_controller]: Received & accepted new action goal
[ign gazebo-1] [INFO] [1790605298.367509851] [amir1.gripper_controller]: Received & accepted new action goal
[ign gazebo-1] [INFO] [1790605298.367602831] [amir2.gripper_controller]: Received & accepted new action goal
[coordinator-37] [INFO] [1790605298.725448765] [cooperative_coordinator]: Payload goal: x=0.312, y=-0.000, yaw=0.000
[ign gazebo-1] [INFO] [1790605298.764201482] [amir1.gripper_controller]: Received & accepted new action goal
[ign gazebo-1] [INFO] [1790605298.764491432] [amir2.gripper_controller]: Received & accepted new action goal
[ign gazebo-1] [INFO] [1790605298.881538903] [amir2.gripper_controller]: Received & accepted new action goal
[ign gazebo-1] [INFO] [1790605299.285172947] [amir1.gripper_controller]: Received & accepted new action goal
[ign gazebo-1] [INFO] [1790605299.285505734] [amir2.gripper_controller]: Received & accepted new action goal
[ign gazebo-1] [INFO] [1790605299.627497243] [amir1.gripper_controller]: Received & accepted new action goal
[ign gazebo-1] [INFO] [1790605299.627560535] [amir2.gripper_controller]: Received & accepted new action goal
[coordinator-37] [INFO] [1790605299.728304258] [cooperative_coordinator]: Payload goal: x=0.312, y=-0.000, yaw=0.000
[ign gazebo-1] [INFO] [1790605299.860408036] [amir2.gripper_controller]: Received & accepted new action goal
[friction_grasp_manager-32] [WARN] [1790605300.344953803] [friction_grasp_manager]: amir1 finger force above 26.0 N; backing off.
[ign gazebo-1] [INFO] [1790605300.345242608] [amir1.gripper_controller]: Received & accepted new action goal
[ign gazebo-1] [INFO] [1790605300.347353849] [amir2.gripper_controller]: Received & accepted new action goal
[ign gazebo-1] [INFO] [1790605300.709605351] [amir1.gripper_controller]: Received & accepted new action goal
[ign gazebo-1] [INFO] [1790605300.709686520] [amir2.gripper_controller]: Received & accepted new action goal
[coordinator-37] [INFO] [1790605300.730576635] [cooperative_coordinator]: Payload goal: x=0.312, y=-0.000, yaw=0.000
[ign gazebo-1] [INFO] [1790605300.857025235] [amir1.gripper_controller]: Received & accepted new action goal
[ign gazebo-1] [INFO] [1790605300.857120852] [amir2.gripper_controller]: Received & accepted new action goal
[coordinator-37] [INFO] [1790605301.741046104] [cooperative_coordinator]: Payload goal: x=0.312, y=-0.000, yaw=0.000
[ign gazebo-1] [INFO] [1790605302.332618709] [amir1.gripper_controller]: Received & accepted new action goal
[ign gazebo-1] [INFO] [1790605302.332655231] [amir2.gripper_controller]: Received & accepted new action goal
[coordinator-37] [INFO] [1790605302.750492835] [cooperative_coordinator]: Payload goal: x=0.312, y=-0.000, yaw=0.000
[ign gazebo-1] [INFO] [1790605302.771140580] [amir1.gripper_controller]: Received & accepted new action goal
[ign gazebo-1] [INFO] [1790605302.771537663] [amir2.gripper_controller]: Received & accepted new action goal
[ign gazebo-1] [INFO] [1790605302.927215040] [amir1.gripper_controller]: Received & accepted new action goal
[ign gazebo-1] [INFO] [1790605302.927355535] [amir2.gripper_controller]: Received & accepted new action goal
[ign gazebo-1] [INFO] [1790605303.478534839] [amir1.gripper_controller]: Received & accepted new action goal
[ign gazebo-1] [INFO] [1790605303.478593081] [amir2.gripper_controller]: Received & accepted new action goal
[coordinator-37] [INFO] [1790605303.780692283] [cooperative_coordinator]: Payload goal: x=0.322, y=-0.000, yaw=0.000
[ign gazebo-1] [INFO] [1790605303.935811022] [amir1.gripper_controller]: Received & accepted new action goal
[ign gazebo-1] [INFO] [1790605303.936027665] [amir2.gripper_controller]: Received & accepted new action goal
[ign gazebo-1] [INFO] [1790605304.147753748] [amir1.gripper_controller]: Received & accepted new action goal
[ign gazebo-1] [INFO] [1790605304.147824404] [amir2.gripper_controller]: Received & accepted new action goal
[ign gazebo-1] [INFO] [1790605304.586994244] [amir1.gripper_controller]: Received & accepted new action goal
[ign gazebo-1] [INFO] [1790605304.587221118] [amir2.gripper_controller]: Received & accepted new action goal
[coordinator-37] [INFO] [1790605304.805170776] [cooperative_coordinator]: Payload goal: x=0.336, y=-0.000, yaw=0.000
[ign gazebo-1] [INFO] [1790605305.064623689] [amir1.gripper_controller]: Received & accepted new action goal
[ign gazebo-1] [INFO] [1790605305.064687025] [amir2.gripper_controller]: Received & accepted new action goal
[ign gazebo-1] [INFO] [1790605305.217629368] [amir1.gripper_controller]: Received & accepted new action goal
[ign gazebo-1] [INFO] [1790605305.217684802] [amir2.gripper_controller]: Received & accepted new action goal
[ign gazebo-1] [INFO] [1790605305.605902086] [amir1.gripper_controller]: Received & accepted new action goal
[coordinator-37] [INFO] [1790605305.805799492] [cooperative_coordinator]: Payload goal: x=0.336, y=-0.000, yaw=0.000
[ign gazebo-1] [INFO] [1790605306.043840657] [amir1.gripper_controller]: Received & accepted new action goal
[ign gazebo-1] [INFO] [1790605306.043985381] [amir2.gripper_controller]: Received & accepted new action goal
[ign gazebo-1] [INFO] [1790605306.187517288] [amir1.gripper_controller]: Received & accepted new action goal
[ign gazebo-1] [INFO] [1790605306.594968157] [amir1.gripper_controller]: Received & accepted new action goal
[ign gazebo-1] [INFO] [1790605306.595041020] [amir2.gripper_controller]: Received & accepted new action goal
[coordinator-37] [INFO] [1790605306.817732545] [cooperative_coordinator]: Payload goal: x=0.336, y=-0.000, yaw=0.000
[ign gazebo-1] [INFO] [1790605307.028889075] [amir1.gripper_controller]: Received & accepted new action goal
[ign gazebo-1] [INFO] [1790605307.028890473] [amir2.gripper_controller]: Received & accepted new action goal
[ign gazebo-1] [INFO] [1790605307.253029089] [amir1.gripper_controller]: Received & accepted new action goal
[ign gazebo-1] [INFO] [1790605307.253150732] [amir2.gripper_controller]: Received & accepted new action goal
[ign gazebo-1] [INFO] [1790605307.656742090] [amir2.gripper_controller]: Received & accepted new action goal
[ign gazebo-1] [INFO] [1790605307.656783826] [amir1.gripper_controller]: Received & accepted new action goal
[coordinator-37] [INFO] [1790605307.836503037] [cooperative_coordinator]: Payload goal: x=0.336, y=-0.000, yaw=0.000
[ign gazebo-1] [INFO] [1790605308.096309085] [amir2.gripper_controller]: Received & accepted new action goal
[ign gazebo-1] [INFO] [1790605308.096346737] [amir1.gripper_controller]: Received & accepted new action goal
[ign gazebo-1] [INFO] [1790605308.306034493] [amir2.gripper_controller]: Received & accepted new action goal
[ign gazebo-1] [INFO] [1790605308.306060271] [amir1.gripper_controller]: Received & accepted new action goal
[ign gazebo-1] [INFO] [1790605308.682930598] [amir1.gripper_controller]: Received & accepted new action goal
[ign gazebo-1] [INFO] [1790605308.683279863] [amir2.gripper_controller]: Received & accepted new action goal
[coordinator-37] [INFO] [1790605308.841453806] [cooperative_coordinator]: Payload goal: x=0.336, y=-0.000, yaw=0.000
[ign gazebo-1] [INFO] [1790605308.984483360] [amir1.gripper_controller]: Received & accepted new action goal
[ign gazebo-1] [INFO] [1790605308.984507269] [amir2.gripper_controller]: Received & accepted new action goal
[ign gazebo-1] [INFO] [1790605309.156289243] [amir1.gripper_controller]: Received & accepted new action goal
[ign gazebo-1] [INFO] [1790605309.156365684] [amir2.gripper_controller]: Received & accepted new action goal
[ign gazebo-1] [INFO] [1790605309.556907956] [amir1.gripper_controller]: Received & accepted new action goal
[ign gazebo-1] [INFO] [1790605309.557004525] [amir2.gripper_controller]: Received & accepted new action goal
[coordinator-37] [INFO] [1790605309.844441726] [cooperative_coordinator]: Payload goal: x=0.348, y=-0.000, yaw=0.000
[ign gazebo-1] [INFO] [1790605309.963595570] [amir1.gripper_controller]: Received & accepted new action goal
[ign gazebo-1] [INFO] [1790605309.963720391] [amir2.gripper_controller]: Received & accepted new action goal
[ign gazebo-1] [INFO] [1790605310.191977017] [amir1.gripper_controller]: Received & accepted new action goal
[ign gazebo-1] [INFO] [1790605310.192109874] [amir2.gripper_controller]: Received & accepted new action goal
[ign gazebo-1] [INFO] [1790605310.596072032] [amir1.gripper_controller]: Received & accepted new action goal
[ign gazebo-1] [INFO] [1790605310.596251959] [amir2.gripper_controller]: Received & accepted new action goal
[coordinator-37] [INFO] [1790605310.860944062] [cooperative_coordinator]: Payload goal: x=0.360, y=-0.000, yaw=0.000
[ign gazebo-1] [INFO] [1790605311.049943576] [amir1.gripper_controller]: Received & accepted new action goal
[ign gazebo-1] [INFO] [1790605311.050133843] [amir2.gripper_controller]: Received & accepted new action goal
[ign gazebo-1] [INFO] [1790605311.264827368] [amir1.gripper_controller]: Received & accepted new action goal
[ign gazebo-1] [INFO] [1790605311.264943866] [amir2.gripper_controller]: Received & accepted new action goal
[ign gazebo-1] [INFO] [1790605311.509053918] [amir1.gripper_controller]: Received & accepted new action goal
[ign gazebo-1] [INFO] [1790605311.509057910] [amir2.gripper_controller]: Received & accepted new action goal
[coordinator-37] [INFO] [1790605311.890187833] [cooperative_coordinator]: Payload goal: x=0.360, y=-0.000, yaw=0.000
[ign gazebo-1] [INFO] [1790605311.903836184] [amir1.gripper_controller]: Received & accepted new action goal
[ign gazebo-1] [INFO] [1790605311.903909025] [amir2.gripper_controller]: Received & accepted new action goal
[ign gazebo-1] [INFO] [1790605312.090897362] [amir1.gripper_controller]: Received & accepted new action goal
[ign gazebo-1] [INFO] [1790605312.090926533] [amir2.gripper_controller]: Received & accepted new action goal
[ign gazebo-1] [INFO] [1790605312.476801666] [amir1.gripper_controller]: Received & accepted new action goal
[ign gazebo-1] [INFO] [1790605312.476923816] [amir2.gripper_controller]: Received & accepted new action goal
[coordinator-37] [INFO] [1790605312.898689781] [cooperative_coordinator]: Payload goal: x=0.360, y=-0.000, yaw=0.000
[ign gazebo-1] [INFO] [1790605312.910320474] [amir1.gripper_controller]: Received & accepted new action goal
[ign gazebo-1] [INFO] [1790605312.910519280] [amir2.gripper_controller]: Received & accepted new action goal
[ign gazebo-1] [INFO] [1790605313.144652530] [amir1.gripper_controller]: Received & accepted new action goal
[ign gazebo-1] [INFO] [1790605313.144823130] [amir2.gripper_controller]: Received & accepted new action goal
[ign gazebo-1] [INFO] [1790605313.584760756] [amir1.gripper_controller]: Received & accepted new action goal
[ign gazebo-1] [INFO] [1790605313.585297070] [amir2.gripper_controller]: Received & accepted new action goal
[coordinator-37] [INFO] [1790605313.908379324] [cooperative_coordinator]: Payload goal: x=0.360, y=-0.000, yaw=0.000
[ign gazebo-1] [INFO] [1790605314.016131757] [amir1.gripper_controller]: Received & accepted new action goal
[ign gazebo-1] [INFO] [1790605314.016220216] [amir2.gripper_controller]: Received & accepted new action goal
[ign gazebo-1] [INFO] [1790605314.251097748] [amir2.gripper_controller]: Received & accepted new action goal
[ign gazebo-1] [INFO] [1790605314.251104158] [amir1.gripper_controller]: Received & accepted new action goal
[ign gazebo-1] [INFO] [1790605314.552819641] [amir2.gripper_controller]: Received & accepted new action goal
[ign gazebo-1] [INFO] [1790605314.552827216] [amir1.gripper_controller]: Received & accepted new action goal
[ign gazebo-1] [INFO] [1790605314.881406639] [amir1.gripper_controller]: Received & accepted new action goal
[ign gazebo-1] [INFO] [1790605314.881600004] [amir2.gripper_controller]: Received & accepted new action goal
[coordinator-37] [INFO] [1790605314.916871447] [cooperative_coordinator]: Payload goal: x=0.360, y=-0.000, yaw=0.000
[ign gazebo-1] [INFO] [1790605315.538590450] [amir1.gripper_controller]: Received & accepted new action goal
[ign gazebo-1] [INFO] [1790605315.538864011] [amir2.gripper_controller]: Received & accepted new action goal
[coordinator-37] [INFO] [1790605315.944664559] [cooperative_coordinator]: Payload goal: x=0.379, y=-0.000, yaw=0.000
[ign gazebo-1] [INFO] [1790605315.962622407] [amir1.gripper_controller]: Received & accepted new action goal
[ign gazebo-1] [INFO] [1790605315.962658243] [amir2.gripper_controller]: Received & accepted new action goal
[ign gazebo-1] [INFO] [1790605316.251619090] [amir1.gripper_controller]: Received & accepted new action goal
[ign gazebo-1] [INFO] [1790605316.251697280] [amir2.gripper_controller]: Received & accepted new action goal
[ign gazebo-1] [INFO] [1790605316.639286634] [amir1.gripper_controller]: Received & accepted new action goal
[ign gazebo-1] [INFO] [1790605316.639380735] [amir2.gripper_controller]: Received & accepted new action goal
[coordinator-37] [INFO] [1790605316.951749291] [cooperative_coordinator]: Payload goal: x=0.385, y=-0.000, yaw=0.000
[ign gazebo-1] [INFO] [1790605317.042436699] [amir1.gripper_controller]: Received & accepted new action goal
[ign gazebo-1] [INFO] [1790605317.042438877] [amir2.gripper_controller]: Received & accepted new action goal
[ign gazebo-1] [INFO] [1790605317.234773451] [amir1.gripper_controller]: Received & accepted new action goal
[ign gazebo-1] [INFO] [1790605317.234820321] [amir2.gripper_controller]: Received & accepted new action goal
[ign gazebo-1] [INFO] [1790605317.617888148] [amir1.gripper_controller]: Received & accepted new action goal
[ign gazebo-1] [INFO] [1790605317.617962757] [amir2.gripper_controller]: Received & accepted new action goal
[ign gazebo-1] [INFO] [1790605317.929893927] [amir1.gripper_controller]: Received & accepted new action goal
[ign gazebo-1] [INFO] [1790605317.929953945] [amir2.gripper_controller]: Received & accepted new action goal
[coordinator-37] [INFO] [1790605317.957180292] [cooperative_coordinator]: Payload goal: x=0.385, y=-0.000, yaw=0.000
[ign gazebo-1] [INFO] [1790605318.107448359] [amir1.gripper_controller]: Received & accepted new action goal
[ign gazebo-1] [INFO] [1790605318.107568646] [amir2.gripper_controller]: Received & accepted new action goal
[ign gazebo-1] [INFO] [1790605318.475415611] [amir1.gripper_controller]: Received & accepted new action goal
[ign gazebo-1] [INFO] [1790605318.475426432] [amir2.gripper_controller]: Received & accepted new action goal
[ign gazebo-1] [INFO] [1790605318.867099158] [amir1.gripper_controller]: Received & accepted new action goal
[ign gazebo-1] [INFO] [1790605318.867311663] [amir2.gripper_controller]: Received & accepted new action goal
[coordinator-37] [INFO] [1790605318.960632225] [cooperative_coordinator]: Payload goal: x=0.385, y=-0.000, yaw=0.000
[ign gazebo-1] [INFO] [1790605319.049645321] [amir1.gripper_controller]: Received & accepted new action goal
[ign gazebo-1] [INFO] [1790605319.049755884] [amir2.gripper_controller]: Received & accepted new action goal
[ign gazebo-1] [INFO] [1790605319.436160278] [amir2.gripper_controller]: Received & accepted new action goal
[ign gazebo-1] [INFO] [1790605319.436229933] [amir1.gripper_controller]: Received & accepted new action goal
[ign gazebo-1] [INFO] [1790605319.853207393] [amir1.gripper_controller]: Received & accepted new action goal
[ign gazebo-1] [INFO] [1790605319.853271562] [amir2.gripper_controller]: Received & accepted new action goal
[coordinator-37] [INFO] [1790605319.962503033] [cooperative_coordinator]: Payload goal: x=0.385, y=-0.000, yaw=0.000
[ign gazebo-1] [INFO] [1790605320.067285442] [amir1.gripper_controller]: Received & accepted new action goal
[ign gazebo-1] [INFO] [1790605320.067451720] [amir2.gripper_controller]: Received & accepted new action goal
[ign gazebo-1] [INFO] [1790605320.470012590] [amir1.gripper_controller]: Received & accepted new action goal
[ign gazebo-1] [INFO] [1790605320.470220351] [amir2.gripper_controller]: Received & accepted new action goal
[ign gazebo-1] [INFO] [1790605320.705055581] [amir1.gripper_controller]: Received & accepted new action goal
[ign gazebo-1] [INFO] [1790605320.705122241] [amir2.gripper_controller]: Received & accepted new action goal
[coordinator-37] [INFO] [1790605320.966617630] [cooperative_coordinator]: Payload goal: x=0.389, y=-0.000, yaw=0.000
[ign gazebo-1] [INFO] [1790605321.065898588] [amir1.gripper_controller]: Received & accepted new action goal
[ign gazebo-1] [INFO] [1790605321.066009144] [amir2.gripper_controller]: Received & accepted new action goal
[ign gazebo-1] [INFO] [1790605321.252050492] [amir1.gripper_controller]: Received & accepted new action goal
[ign gazebo-1] [INFO] [1790605321.655998789] [amir1.gripper_controller]: Received & accepted new action goal
[ign gazebo-1] [INFO] [1790605321.656435945] [amir2.gripper_controller]: Received & accepted new action goal
[coordinator-37] [INFO] [1790605321.967747137] [cooperative_coordinator]: Payload goal: x=0.409, y=-0.000, yaw=0.000
[ign gazebo-1] [INFO] [1790605322.151549564] [amir1.gripper_controller]: Received & accepted new action goal
[ign gazebo-1] [INFO] [1790605322.151593340] [amir2.gripper_controller]: Received & accepted new action goal
[ign gazebo-1] [INFO] [1790605322.338757646] [amir1.gripper_controller]: Received & accepted new action goal
[ign gazebo-1] [INFO] [1790605322.338938320] [amir2.gripper_controller]: Received & accepted new action goal
[ign gazebo-1] [INFO] [1790605322.779427486] [amir1.gripper_controller]: Received & accepted new action goal
[ign gazebo-1] [INFO] [1790605322.779518565] [amir2.gripper_controller]: Received & accepted new action goal
[coordinator-37] [INFO] [1790605322.973368801] [cooperative_coordinator]: Payload goal: x=0.409, y=-0.000, yaw=0.000
[ign gazebo-1] [INFO] [1790605323.255021309] [amir1.gripper_controller]: Received & accepted new action goal
[ign gazebo-1] [INFO] [1790605323.255147704] [amir2.gripper_controller]: Received & accepted new action goal
[ign gazebo-1] [INFO] [1790605323.533105065] [amir1.gripper_controller]: Received & accepted new action goal
[ign gazebo-1] [INFO] [1790605323.533340637] [amir2.gripper_controller]: Received & accepted new action goal
[ign gazebo-1] [INFO] [1790605323.858524958] [amir1.gripper_controller]: Received & accepted new action goal
[ign gazebo-1] [INFO] [1790605323.858967302] [amir2.gripper_controller]: Received & accepted new action goal
[coordinator-37] [INFO] [1790605323.991489835] [cooperative_coordinator]: Payload goal: x=0.409, y=-0.000, yaw=0.000
[ign gazebo-1] [INFO] [1790605324.206356229] [amir1.gripper_controller]: Received & accepted new action goal
[ign gazebo-1] [INFO] [1790605324.206366109] [amir2.gripper_controller]: Received & accepted new action goal
[ign gazebo-1] [INFO] [1790605324.376592673] [amir1.gripper_controller]: Received & accepted new action goal
[ign gazebo-1] [INFO] [1790605324.812962749] [amir1.gripper_controller]: Received & accepted new action goal
[ign gazebo-1] [INFO] [1790605324.813013498] [amir2.gripper_controller]: Received & accepted new action goal
[coordinator-37] [INFO] [1790605324.993696568] [cooperative_coordinator]: Payload goal: x=0.409, y=-0.000, yaw=0.000
[ign gazebo-1] [INFO] [1790605325.203016075] [amir1.gripper_controller]: Received & accepted new action goal
[ign gazebo-1] [INFO] [1790605325.203106039] [amir2.gripper_controller]: Received & accepted new action goal
[ign gazebo-1] [INFO] [1790605325.422586252] [amir1.gripper_controller]: Received & accepted new action goal
[ign gazebo-1] [INFO] [1790605325.422696328] [amir2.gripper_controller]: Received & accepted new action goal
[ign gazebo-1] [INFO] [1790605325.782046697] [amir1.gripper_controller]: Received & accepted new action goal
[ign gazebo-1] [INFO] [1790605325.782094074] [amir2.gripper_controller]: Received & accepted new action goal
[coordinator-37] [INFO] [1790605326.009957019] [cooperative_coordinator]: Payload goal: x=0.409, y=-0.000, yaw=0.000
[ign gazebo-1] [INFO] [1790605326.238155218] [amir1.gripper_controller]: Received & accepted new action goal
[ign gazebo-1] [INFO] [1790605326.238187430] [amir2.gripper_controller]: Received & accepted new action goal
[ign gazebo-1] [INFO] [1790605326.432682242] [amir1.gripper_controller]: Received & accepted new action goal
[ign gazebo-1] [INFO] [1790605326.432741810] [amir2.gripper_controller]: Received & accepted new action goal
[ign gazebo-1] [INFO] [1790605326.833132102] [amir1.gripper_controller]: Received & accepted new action goal
[ign gazebo-1] [INFO] [1790605326.833353106] [amir2.gripper_controller]: Received & accepted new action goal
[coordinator-37] [INFO] [1790605327.026780191] [cooperative_coordinator]: Payload goal: x=0.414, y=-0.000, yaw=0.000
[ign gazebo-1] [INFO] [1790605327.235090655] [amir1.gripper_controller]: Received & accepted new action goal
[ign gazebo-1] [INFO] [1790605327.235136603] [amir2.gripper_controller]: Received & accepted new action goal
[ign gazebo-1] [INFO] [1790605327.406236168] [amir1.gripper_controller]: Received & accepted new action goal
[ign gazebo-1] [INFO] [1790605327.406336925] [amir2.gripper_controller]: Received & accepted new action goal
[ign gazebo-1] [INFO] [1790605327.877060021] [amir1.gripper_controller]: Received & accepted new action goal
[ign gazebo-1] [INFO] [1790605327.877062046] [amir2.gripper_controller]: Received & accepted new action goal
[coordinator-37] [INFO] [1790605328.029535052] [cooperative_coordinator]: Payload goal: x=0.433, y=-0.000, yaw=0.000
[ign gazebo-1] [INFO] [1790605328.321118805] [amir1.gripper_controller]: Received & accepted new action goal
[ign gazebo-1] [INFO] [1790605328.321236571] [amir2.gripper_controller]: Received & accepted new action goal
[ign gazebo-1] [INFO] [1790605328.522265319] [amir1.gripper_controller]: Received & accepted new action goal
[ign gazebo-1] [INFO] [1790605328.522278485] [amir2.gripper_controller]: Received & accepted new action goal
[ign gazebo-1] [INFO] [1790605328.917187083] [amir1.gripper_controller]: Received & accepted new action goal
[ign gazebo-1] [INFO] [1790605328.917428177] [amir2.gripper_controller]: Received & accepted new action goal
[coordinator-37] [INFO] [1790605329.044910087] [cooperative_coordinator]: Payload goal: x=0.433, y=-0.000, yaw=0.000
[ign gazebo-1] [INFO] [1790605329.323605900] [amir1.gripper_controller]: Received & accepted new action goal
[ign gazebo-1] [INFO] [1790605329.323700211] [amir2.gripper_controller]: Received & accepted new action goal
[ign gazebo-1] [INFO] [1790605329.536069856] [amir1.gripper_controller]: Received & accepted new action goal
[ign gazebo-1] [INFO] [1790605329.536245170] [amir2.gripper_controller]: Received & accepted new action goal
[ign gazebo-1] [INFO] [1790605330.006084473] [amir1.gripper_controller]: Received & accepted new action goal
[ign gazebo-1] [INFO] [1790605330.006546329] [amir2.gripper_controller]: Received & accepted new action goal
[coordinator-37] [INFO] [1790605330.052379820] [cooperative_coordinator]: Payload goal: x=0.433, y=-0.000, yaw=0.000
[ign gazebo-1] [INFO] [1790605330.457314388] [amir1.gripper_controller]: Received & accepted new action goal
[ign gazebo-1] [INFO] [1790605330.457836050] [amir2.gripper_controller]: Received & accepted new action goal
[ign gazebo-1] [INFO] [1790605330.677483794] [amir1.gripper_controller]: Received & accepted new action goal
[ign gazebo-1] [INFO] [1790605330.677562374] [amir2.gripper_controller]: Received & accepted new action goal
[coordinator-37] [INFO] [1790605331.054890104] [cooperative_coordinator]: Payload goal: x=0.433, y=-0.000, yaw=0.000
[ign gazebo-1] [INFO] [1790605331.108446117] [amir2.gripper_controller]: Received & accepted new action goal
[ign gazebo-1] [INFO] [1790605331.108497697] [amir1.gripper_controller]: Received & accepted new action goal
[ign gazebo-1] [INFO] [1790605331.435340404] [amir2.gripper_controller]: Received & accepted new action goal
[ign gazebo-1] [INFO] [1790605331.435371731] [amir1.gripper_controller]: Received & accepted new action goal
[ign gazebo-1] [INFO] [1790605331.653121634] [amir1.gripper_controller]: Received & accepted new action goal
[ign gazebo-1] [INFO] [1790605331.653225645] [amir2.gripper_controller]: Received & accepted new action goal
[ign gazebo-1] [INFO] [1790605332.040780887] [amir1.gripper_controller]: Received & accepted new action goal
[coordinator-37] [INFO] [1790605332.062125159] [cooperative_coordinator]: Payload goal: x=0.433, y=-0.000, yaw=0.000
[ign gazebo-1] [INFO] [1790605332.444040922] [amir1.gripper_controller]: Received & accepted new action goal
[ign gazebo-1] [INFO] [1790605332.444384127] [amir2.gripper_controller]: Received & accepted new action goal
[ign gazebo-1] [INFO] [1790605332.648140619] [amir2.gripper_controller]: Received & accepted new action goal
[ign gazebo-1] [INFO] [1790605332.648142636] [amir1.gripper_controller]: Received & accepted new action goal
[ign gazebo-1] [INFO] [1790605333.018351148] [amir1.gripper_controller]: Received & accepted new action goal
[ign gazebo-1] [INFO] [1790605333.018403984] [amir2.gripper_controller]: Received & accepted new action goal
[coordinator-37] [INFO] [1790605333.071239586] [cooperative_coordinator]: Payload goal: x=0.435, y=-0.000, yaw=0.000
[ign gazebo-1] [INFO] [1790605333.399697277] [amir1.gripper_controller]: Received & accepted new action goal
[ign gazebo-1] [INFO] [1790605333.399831902] [amir2.gripper_controller]: Received & accepted new action goal
[ign gazebo-1] [INFO] [1790605333.635355155] [amir1.gripper_controller]: Received & accepted new action goal
[ign gazebo-1] [INFO] [1790605333.635383120] [amir2.gripper_controller]: Received & accepted new action goal
[coordinator-37] [INFO] [1790605334.071573012] [cooperative_coordinator]: Payload goal: x=0.457, y=-0.000, yaw=0.000
[ign gazebo-1] [INFO] [1790605334.134697523] [amir1.gripper_controller]: Received & accepted new action goal
[ign gazebo-1] [INFO] [1790605334.134697533] [amir2.gripper_controller]: Received & accepted new action goal
[ign gazebo-1] [INFO] [1790605334.458533050] [amir1.gripper_controller]: Received & accepted new action goal
[ign gazebo-1] [INFO] [1790605334.458729567] [amir2.gripper_controller]: Received & accepted new action goal
[ign gazebo-1] [INFO] [1790605334.652978146] [amir1.gripper_controller]: Received & accepted new action goal
[ign gazebo-1] [INFO] [1790605334.653027056] [amir2.gripper_controller]: Received & accepted new action goal
[ign gazebo-1] [INFO] [1790605334.917561901] [amir2.gripper_controller]: Received & accepted new action goal
[coordinator-37] [INFO] [1790605335.090645259] [cooperative_coordinator]: Payload goal: x=0.457, y=-0.000, yaw=0.000
[ign gazebo-1] [INFO] [1790605335.208364181] [amir1.gripper_controller]: Received & accepted new action goal
[ign gazebo-1] [INFO] [1790605335.208506583] [amir2.gripper_controller]: Received & accepted new action goal
[ign gazebo-1] [INFO] [1790605335.404951850] [amir2.gripper_controller]: Received & accepted new action goal
[ign gazebo-1] [INFO] [1790605335.793498270] [amir2.gripper_controller]: Received & accepted new action goal
[coordinator-37] [INFO] [1790605336.093561362] [cooperative_coordinator]: Payload goal: x=0.457, y=-0.000, yaw=0.000
[ign gazebo-1] [INFO] [1790605336.167337444] [amir1.gripper_controller]: Received & accepted new action goal
[ign gazebo-1] [INFO] [1790605336.167498583] [amir2.gripper_controller]: Received & accepted new action goal
[ign gazebo-1] [INFO] [1790605336.325861585] [amir2.gripper_controller]: Received & accepted new action goal
[ign gazebo-1] [INFO] [1790605336.717751519] [amir1.gripper_controller]: Received & accepted new action goal
[ign gazebo-1] [INFO] [1790605336.717830882] [amir2.gripper_controller]: Received & accepted new action goal
[ign gazebo-1] [INFO] [1790605337.024560353] [amir1.gripper_controller]: Received & accepted new action goal
[ign gazebo-1] [INFO] [1790605337.024636460] [amir2.gripper_controller]: Received & accepted new action goal
[coordinator-37] [INFO] [1790605337.105080605] [cooperative_coordinator]: Payload goal: x=0.457, y=-0.000, yaw=0.000
[ign gazebo-1] [INFO] [1790605337.244616169] [amir1.gripper_controller]: Received & accepted new action goal
[ign gazebo-1] [INFO] [1790605337.244616163] [amir2.gripper_controller]: Received & accepted new action goal
[ign gazebo-1] [INFO] [1790605337.633684303] [amir1.gripper_controller]: Received & accepted new action goal
[ign gazebo-1] [INFO] [1790605337.633946540] [amir2.gripper_controller]: Received & accepted new action goal
[ign gazebo-1] [INFO] [1790605338.054011370] [amir1.gripper_controller]: Received & accepted new action goal
[ign gazebo-1] [INFO] [1790605338.054178752] [amir2.gripper_controller]: Received & accepted new action goal
[coordinator-37] [INFO] [1790605338.112463269] [cooperative_coordinator]: Payload goal: x=0.457, y=-0.000, yaw=0.000
[ign gazebo-1] [INFO] [1790605338.261617566] [amir1.gripper_controller]: Received & accepted new action goal
[ign gazebo-1] [INFO] [1790605338.261777145] [amir2.gripper_controller]: Received & accepted new action goal
[coordinator-37] [INFO] [1790605339.139312892] [cooperative_coordinator]: Payload goal: x=0.470, y=-0.000, yaw=0.000
[ign gazebo-1] [INFO] [1790605339.646607038] [amir1.gripper_controller]: Received & accepted new action goal
[ign gazebo-1] [INFO] [1790605339.646684253] [amir2.gripper_controller]: Received & accepted new action goal
[ign gazebo-1] [INFO] [1790605340.043006431] [amir1.gripper_controller]: Received & accepted new action goal
[ign gazebo-1] [INFO] [1790605340.043118619] [amir2.gripper_controller]: Received & accepted new action goal
[coordinator-37] [INFO] [1790605340.155405654] [cooperative_coordinator]: Payload goal: x=0.482, y=-0.000, yaw=0.000
[ign gazebo-1] [INFO] [1790605340.268443461] [amir1.gripper_controller]: Received & accepted new action goal
[ign gazebo-1] [INFO] [1790605340.268475217] [amir2.gripper_controller]: Received & accepted new action goal
[ign gazebo-1] [INFO] [1790605340.721104672] [amir1.gripper_controller]: Received & accepted new action goal
[ign gazebo-1] [INFO] [1790605340.721375954] [amir2.gripper_controller]: Received & accepted new action goal
[ign gazebo-1] [INFO] [1790605340.979817349] [amir2.gripper_controller]: Received & accepted new action goal
[ign gazebo-1] [INFO] [1790605341.116707192] [amir1.gripper_controller]: Received & accepted new action goal
[ign gazebo-1] [INFO] [1790605341.116747630] [amir2.gripper_controller]: Received & accepted new action goal
[coordinator-37] [INFO] [1790605341.172031308] [cooperative_coordinator]: Payload goal: x=0.482, y=-0.000, yaw=0.000
[ign gazebo-1] [INFO] [1790605341.558435976] [amir1.gripper_controller]: Received & accepted new action goal
[coordinator-37] [INFO] [1790605342.189189770] [cooperative_coordinator]: Payload goal: x=0.482, y=-0.000, yaw=0.000
[coordinator-37] [INFO] [1790605343.194335707] [cooperative_coordinator]: Payload goal: x=0.482, y=-0.000, yaw=0.000
[ign gazebo-1] [INFO] [1790605343.448353716] [amir1.gripper_controller]: Received & accepted new action goal
[ign gazebo-1] [INFO] [1790605343.861153792] [amir1.gripper_controller]: Received & accepted new action goal
[ign gazebo-1] [INFO] [1790605343.861228082] [amir2.gripper_controller]: Received & accepted new action goal
[ign gazebo-1] [INFO] [1790605344.164573578] [amir1.gripper_controller]: Received & accepted new action goal
[ign gazebo-1] [INFO] [1790605344.164603637] [amir2.gripper_controller]: Received & accepted new action goal
[coordinator-37] [INFO] [1790605344.195848342] [cooperative_coordinator]: Payload goal: x=0.482, y=-0.000, yaw=0.000
[ign gazebo-1] [INFO] [1790605344.378009663] [amir1.gripper_controller]: Received & accepted new action goal
[ign gazebo-1] [INFO] [1790605344.378080487] [amir2.gripper_controller]: Received & accepted new action goal
[ign gazebo-1] [INFO] [1790605344.815950242] [amir1.gripper_controller]: Received & accepted new action goal
[ign gazebo-1] [INFO] [1790605344.816013453] [amir2.gripper_controller]: Received & accepted new action goal
[coordinator-37] [INFO] [1790605345.222107357] [cooperative_coordinator]: Payload goal: x=0.487, y=-0.000, yaw=0.000
[ign gazebo-1] [INFO] [1790605345.237725574] [amir1.gripper_controller]: Received & accepted new action goal
[ign gazebo-1] [INFO] [1790605345.237766369] [amir2.gripper_controller]: Received & accepted new action goal
[ign gazebo-1] [INFO] [1790605345.470304604] [amir1.gripper_controller]: Received & accepted new action goal
[ign gazebo-1] [INFO] [1790605345.470385710] [amir2.gripper_controller]: Received & accepted new action goal
[ign gazebo-1] [INFO] [1790605345.870437612] [amir1.gripper_controller]: Received & accepted new action goal
[ign gazebo-1] [INFO] [1790605345.870614177] [amir2.gripper_controller]: Received & accepted new action goal
[ign gazebo-1] [INFO] [1790605346.205830412] [amir2.gripper_controller]: Received & accepted new action goal
[ign gazebo-1] [INFO] [1790605346.205968025] [amir1.gripper_controller]: Received & accepted new action goal
[coordinator-37] [INFO] [1790605346.225172359] [cooperative_coordinator]: Payload goal: x=0.497, y=-0.000, yaw=0.000
[ign gazebo-1] [INFO] [1790605346.408598047] [amir1.gripper_controller]: Received & accepted new action goal
[ign gazebo-1] [INFO] [1790605346.408799447] [amir2.gripper_controller]: Received & accepted new action goal
[ign gazebo-1] [INFO] [1790605346.799796043] [amir1.gripper_controller]: Received & accepted new action goal
[ign gazebo-1] [INFO] [1790605346.799802148] [amir2.gripper_controller]: Received & accepted new action goal
[ign gazebo-1] [INFO] [1790605347.208959460] [amir1.gripper_controller]: Received & accepted new action goal
[ign gazebo-1] [INFO] [1790605347.209034760] [amir2.gripper_controller]: Received & accepted new action goal
[coordinator-37] [INFO] [1790605347.229846881] [cooperative_coordinator]: Payload goal: x=0.500, y=-0.000, yaw=0.000
[ign gazebo-1] [INFO] [1790605347.409356918] [amir1.gripper_controller]: Received & accepted new action goal
[ign gazebo-1] [INFO] [1790605347.409380729] [amir2.gripper_controller]: Received & accepted new action goal
[ign gazebo-1] [INFO] [1790605347.803955028] [amir1.gripper_controller]: Received & accepted new action goal
[ign gazebo-1] [INFO] [1790605347.803979374] [amir2.gripper_controller]: Received & accepted new action goal
[ign gazebo-1] [INFO] [1790605348.219611208] [amir1.gripper_controller]: Received & accepted new action goal
[ign gazebo-1] [INFO] [1790605348.219659673] [amir2.gripper_controller]: Received & accepted new action goal
[coordinator-37] [INFO] [1790605348.243693285] [cooperative_coordinator]: Payload goal: x=0.500, y=-0.000, yaw=0.000
[ign gazebo-1] [INFO] [1790605348.613295092] [amir1.gripper_controller]: Received & accepted new action goal
[ign gazebo-1] [INFO] [1790605348.613377364] [amir2.gripper_controller]: Received & accepted new action goal
[ign gazebo-1] [INFO] [1790605349.011061077] [amir2.gripper_controller]: Received & accepted new action goal
[ign gazebo-1] [INFO] [1790605349.011100747] [amir1.gripper_controller]: Received & accepted new action goal
[ign gazebo-1] [INFO] [1790605349.159515024] [amir1.gripper_controller]: Received & accepted new action goal
[ign gazebo-1] [INFO] [1790605349.159758708] [amir2.gripper_controller]: Received & accepted new action goal
[coordinator-37] [INFO] [1790605349.245701494] [cooperative_coordinator]: Payload goal: x=0.500, y=-0.000, yaw=0.000
[ign gazebo-1] [INFO] [1790605349.529980012] [amir1.gripper_controller]: Received & accepted new action goal
[ign gazebo-1] [INFO] [1790605349.530289444] [amir2.gripper_controller]: Received & accepted new action goal
[ign gazebo-1] [INFO] [1790605349.929882012] [amir1.gripper_controller]: Received & accepted new action goal
[ign gazebo-1] [INFO] [1790605349.929955317] [amir2.gripper_controller]: Received & accepted new action goal
[ign gazebo-1] [INFO] [1790605350.154736583] [amir1.gripper_controller]: Received & accepted new action goal
[ign gazebo-1] [INFO] [1790605350.154861938] [amir2.gripper_controller]: Received & accepted new action goal
[coordinator-37] [INFO] [1790605350.257445316] [cooperative_coordinator]: Payload goal: x=0.500, y=-0.000, yaw=0.000
[ign gazebo-1] [INFO] [1790605350.596202762] [amir1.gripper_controller]: Received & accepted new action goal
[ign gazebo-1] [INFO] [1790605350.596323924] [amir2.gripper_controller]: Received & accepted new action goal
[ign gazebo-1] [INFO] [1790605350.945306235] [amir1.gripper_controller]: Received & accepted new action goal
[ign gazebo-1] [INFO] [1790605350.945334428] [amir2.gripper_controller]: Received & accepted new action goal
[ign gazebo-1] [INFO] [1790605351.104534020] [amir1.gripper_controller]: Received & accepted new action goal
[ign gazebo-1] [INFO] [1790605351.104642720] [amir2.gripper_controller]: Received & accepted new action goal
[coordinator-37] [INFO] [1790605351.258670706] [cooperative_coordinator]: Payload goal: x=0.500, y=-0.000, yaw=0.000
[ign gazebo-1] [INFO] [1790605351.461832646] [amir1.gripper_controller]: Received & accepted new action goal
[ign gazebo-1] [INFO] [1790605351.461975896] [amir2.gripper_controller]: Received & accepted new action goal
[rotation_controller-6] [INFO] [1790605351.621762216] [cooperative_rotation_controller]: シーケンス終了: 搬送（直進）
[rotation_controller-6] [INFO] [1790605351.621933167] [cooperative_rotation_controller]: シーケンス開始: 搬送（回転）
[ign gazebo-1] [INFO] [1790605351.801588357] [amir1.gripper_controller]: Received & accepted new action goal
[ign gazebo-1] [INFO] [1790605351.801683841] [amir2.gripper_controller]: Received & accepted new action goal
[ign gazebo-1] [INFO] [1790605351.952797518] [amir1.gripper_controller]: Received & accepted new action goal
[ign gazebo-1] [INFO] [1790605351.952810874] [amir2.gripper_controller]: Received & accepted new action goal
[coordinator-37] [INFO] [1790605352.295574692] [cooperative_coordinator]: Payload goal: x=0.480, y=-0.000, yaw=0.001
[ign gazebo-1] [INFO] [1790605352.423693675] [amir1.gripper_controller]: Received & accepted new action goal
[ign gazebo-1] [INFO] [1790605352.424189500] [amir2.gripper_controller]: Received & accepted new action goal
[ign gazebo-1] [INFO] [1790605352.810466764] [amir1.gripper_controller]: Received & accepted new action goal
[ign gazebo-1] [INFO] [1790605352.810567848] [amir2.gripper_controller]: Received & accepted new action goal
[ign gazebo-1] [INFO] [1790605352.998759985] [amir1.gripper_controller]: Received & accepted new action goal
[ign gazebo-1] [INFO] [1790605352.998879788] [amir2.gripper_controller]: Received & accepted new action goal
[coordinator-37] [INFO] [1790605353.309694979] [cooperative_coordinator]: Payload goal: x=0.480, y=-0.000, yaw=0.002
[ign gazebo-1] [INFO] [1790605353.456871872] [amir2.gripper_controller]: Received & accepted new action goal
[ign gazebo-1] [INFO] [1790605353.456922069] [amir1.gripper_controller]: Received & accepted new action goal
[ign gazebo-1] [INFO] [1790605353.797841292] [amir1.gripper_controller]: Received & accepted new action goal
[ign gazebo-1] [INFO] [1790605353.798074264] [amir2.gripper_controller]: Received & accepted new action goal
[ign gazebo-1] [INFO] [1790605353.971783294] [amir1.gripper_controller]: Received & accepted new action goal
[ign gazebo-1] [INFO] [1790605353.971992263] [amir2.gripper_controller]: Received & accepted new action goal
[coordinator-37] [INFO] [1790605354.327073738] [cooperative_coordinator]: Payload goal: x=0.480, y=-0.000, yaw=0.005
[ign gazebo-1] [INFO] [1790605354.379027407] [amir1.gripper_controller]: Received & accepted new action goal
[ign gazebo-1] [INFO] [1790605354.379035806] [amir2.gripper_controller]: Received & accepted new action goal
[ign gazebo-1] [INFO] [1790605354.720741638] [amir1.gripper_controller]: Received & accepted new action goal
[ign gazebo-1] [INFO] [1790605354.720743723] [amir2.gripper_controller]: Received & accepted new action goal
[ign gazebo-1] [INFO] [1790605354.886683262] [amir2.gripper_controller]: Received & accepted new action goal
[ign gazebo-1] [INFO] [1790605354.886773424] [amir1.gripper_controller]: Received & accepted new action goal
[ign gazebo-1] [INFO] [1790605355.335128980] [amir1.gripper_controller]: Received & accepted new action goal
[ign gazebo-1] [INFO] [1790605355.335405579] [amir2.gripper_controller]: Received & accepted new action goal
[coordinator-37] [INFO] [1790605355.340293509] [cooperative_coordinator]: Payload goal: x=0.480, y=-0.000, yaw=0.009
[ign gazebo-1] [INFO] [1790605355.781142943] [amir1.gripper_controller]: Received & accepted new action goal
[ign gazebo-1] [INFO] [1790605355.781236428] [amir2.gripper_controller]: Received & accepted new action goal
[ign gazebo-1] [INFO] [1790605356.028735533] [amir2.gripper_controller]: Received & accepted new action goal
[ign gazebo-1] [INFO] [1790605356.028829762] [amir1.gripper_controller]: Received & accepted new action goal
[coordinator-37] [INFO] [1790605356.341597486] [cooperative_coordinator]: Payload goal: x=0.480, y=-0.000, yaw=0.013
[ign gazebo-1] [INFO] [1790605356.429295206] [amir1.gripper_controller]: Received & accepted new action goal
[ign gazebo-1] [INFO] [1790605356.429438265] [amir2.gripper_controller]: Received & accepted new action goal
[ign gazebo-1] [INFO] [1790605356.885218552] [amir1.gripper_controller]: Received & accepted new action goal
[ign gazebo-1] [INFO] [1790605356.885367468] [amir2.gripper_controller]: Received & accepted new action goal
[ign gazebo-1] [INFO] [1790605357.129755505] [amir2.gripper_controller]: Received & accepted new action goal
[ign gazebo-1] [INFO] [1790605357.129755583] [amir1.gripper_controller]: Received & accepted new action goal
[coordinator-37] [INFO] [1790605357.341920062] [cooperative_coordinator]: Payload goal: x=0.480, y=-0.000, yaw=0.018
[ign gazebo-1] [INFO] [1790605357.649072281] [amir1.gripper_controller]: Received & accepted new action goal
[ign gazebo-1] [INFO] [1790605357.649320120] [amir2.gripper_controller]: Received & accepted new action goal
[ign gazebo-1] [INFO] [1790605358.117180248] [amir1.gripper_controller]: Received & accepted new action goal
[ign gazebo-1] [INFO] [1790605358.117221636] [amir2.gripper_controller]: Received & accepted new action goal
[coordinator-37] [INFO] [1790605358.364449476] [cooperative_coordinator]: Payload goal: x=0.480, y=-0.000, yaw=0.023
[ign gazebo-1] [INFO] [1790605358.415322234] [amir1.gripper_controller]: Received & accepted new action goal
[ign gazebo-1] [INFO] [1790605358.415373159] [amir2.gripper_controller]: Received & accepted new action goal
[ign gazebo-1] [INFO] [1790605358.878681510] [amir1.gripper_controller]: Received & accepted new action goal
[ign gazebo-1] [INFO] [1790605358.878706542] [amir2.gripper_controller]: Received & accepted new action goal
[coordinator-37] [INFO] [1790605359.380002951] [cooperative_coordinator]: Payload goal: x=0.480, y=-0.000, yaw=0.029
[ign gazebo-1] [INFO] [1790605359.398247874] [amir1.gripper_controller]: Received & accepted new action goal
[ign gazebo-1] [INFO] [1790605359.398293435] [amir2.gripper_controller]: Received & accepted new action goal
[ign gazebo-1] [INFO] [1790605359.594103142] [amir2.gripper_controller]: Received & accepted new action goal
[ign gazebo-1] [INFO] [1790605359.594164114] [amir1.gripper_controller]: Received & accepted new action goal
[ign gazebo-1] [INFO] [1790605360.048529337] [amir1.gripper_controller]: Received & accepted new action goal
[ign gazebo-1] [INFO] [1790605360.048657214] [amir2.gripper_controller]: Received & accepted new action goal
[coordinator-37] [INFO] [1790605360.385558377] [cooperative_coordinator]: Payload goal: x=0.480, y=-0.000, yaw=0.036
[ign gazebo-1] [INFO] [1790605360.540887701] [amir1.gripper_controller]: Received & accepted new action goal
[ign gazebo-1] [INFO] [1790605360.540935979] [amir2.gripper_controller]: Received & accepted new action goal
[ign gazebo-1] [INFO] [1790605360.761951638] [amir1.gripper_controller]: Received & accepted new action goal
[ign gazebo-1] [INFO] [1790605360.762113742] [amir2.gripper_controller]: Received & accepted new action goal
[ign gazebo-1] [INFO] [1790605361.246583791] [amir1.gripper_controller]: Received & accepted new action goal
[ign gazebo-1] [INFO] [1790605361.246854386] [amir2.gripper_controller]: Received & accepted new action goal
[coordinator-37] [INFO] [1790605361.433155474] [cooperative_coordinator]: Payload goal: x=0.480, y=-0.000, yaw=0.044
[ign gazebo-1] [INFO] [1790605361.800833878] [amir2.gripper_controller]: Received & accepted new action goal
[ign gazebo-1] [INFO] [1790605361.800901781] [amir1.gripper_controller]: Received & accepted new action goal
[ign gazebo-1] [INFO] [1790605362.064510164] [amir1.gripper_controller]: Received & accepted new action goal
[ign gazebo-1] [INFO] [1790605362.064667490] [amir2.gripper_controller]: Received & accepted new action goal
[coordinator-37] [INFO] [1790605362.450143220] [cooperative_coordinator]: Payload goal: x=0.480, y=-0.000, yaw=0.050
[ign gazebo-1] [INFO] [1790605362.555713031] [amir1.gripper_controller]: Received & accepted new action goal
[ign gazebo-1] [INFO] [1790605362.555739035] [amir2.gripper_controller]: Received & accepted new action goal
[ign gazebo-1] [INFO] [1790605362.862328459] [amir1.gripper_controller]: Received & accepted new action goal
[ign gazebo-1] [INFO] [1790605362.862366682] [amir2.gripper_controller]: Received & accepted new action goal
[ign gazebo-1] [INFO] [1790605363.086476047] [amir1.gripper_controller]: Received & accepted new action goal
[ign gazebo-1] [INFO] [1790605363.086524188] [amir2.gripper_controller]: Received & accepted new action goal
[coordinator-37] [INFO] [1790605363.475456360] [cooperative_coordinator]: Payload goal: x=0.480, y=-0.000, yaw=0.059
[ign gazebo-1] [INFO] [1790605363.580978024] [amir1.gripper_controller]: Received & accepted new action goal
[ign gazebo-1] [INFO] [1790605363.581043469] [amir2.gripper_controller]: Received & accepted new action goal
[ign gazebo-1] [INFO] [1790605364.116495598] [amir2.gripper_controller]: Received & accepted new action goal
[ign gazebo-1] [INFO] [1790605364.116547411] [amir1.gripper_controller]: Received & accepted new action goal
[ign gazebo-1] [INFO] [1790605364.338494016] [amir2.gripper_controller]: Received & accepted new action goal
[ign gazebo-1] [INFO] [1790605364.338494022] [amir1.gripper_controller]: Received & accepted new action goal
[coordinator-37] [INFO] [1790605364.483553154] [cooperative_coordinator]: Payload goal: x=0.480, y=-0.000, yaw=0.066
[ign gazebo-1] [INFO] [1790605364.808961968] [amir1.gripper_controller]: Received & accepted new action goal
[ign gazebo-1] [INFO] [1790605364.809011015] [amir2.gripper_controller]: Received & accepted new action goal
[ign gazebo-1] [INFO] [1790605365.332927955] [amir1.gripper_controller]: Received & accepted new action goal
[ign gazebo-1] [INFO] [1790605365.333344369] [amir2.gripper_controller]: Received & accepted new action goal
[coordinator-37] [INFO] [1790605365.502922782] [cooperative_coordinator]: Payload goal: x=0.480, y=-0.000, yaw=0.074
[ign gazebo-1] [INFO] [1790605365.576033075] [amir1.gripper_controller]: Received & accepted new action goal
[ign gazebo-1] [INFO] [1790605365.576122529] [amir2.gripper_controller]: Received & accepted new action goal
[ign gazebo-1] [INFO] [1790605366.033146091] [amir1.gripper_controller]: Received & accepted new action goal
[ign gazebo-1] [INFO] [1790605366.033388613] [amir2.gripper_controller]: Received & accepted new action goal
[ign gazebo-1] [INFO] [1790605366.508396253] [amir1.gripper_controller]: Received & accepted new action goal
[ign gazebo-1] [INFO] [1790605366.508484304] [amir2.gripper_controller]: Received & accepted new action goal
[coordinator-37] [INFO] [1790605366.509151248] [cooperative_coordinator]: Payload goal: x=0.480, y=-0.000, yaw=0.081
[ign gazebo-1] [INFO] [1790605366.734861121] [amir1.gripper_controller]: Received & accepted new action goal
[ign gazebo-1] [INFO] [1790605366.734943848] [amir2.gripper_controller]: Received & accepted new action goal
[ign gazebo-1] [INFO] [1790605367.231106306] [amir1.gripper_controller]: Received & accepted new action goal
[ign gazebo-1] [INFO] [1790605367.231141356] [amir2.gripper_controller]: Received & accepted new action goal
[coordinator-37] [INFO] [1790605367.510921323] [cooperative_coordinator]: Payload goal: x=0.480, y=-0.000, yaw=0.088
[ign gazebo-1] [INFO] [1790605367.746263727] [amir1.gripper_controller]: Received & accepted new action goal
[ign gazebo-1] [INFO] [1790605367.746317337] [amir2.gripper_controller]: Received & accepted new action goal
[ign gazebo-1] [INFO] [1790605368.249571948] [amir1.gripper_controller]: Received & accepted new action goal
[ign gazebo-1] [INFO] [1790605368.249582623] [amir2.gripper_controller]: Received & accepted new action goal
[coordinator-37] [INFO] [1790605368.513122438] [cooperative_coordinator]: Payload goal: x=0.480, y=-0.000, yaw=0.095
[ign gazebo-1] [INFO] [1790605368.790265526] [amir1.gripper_controller]: Received & accepted new action goal
[ign gazebo-1] [INFO] [1790605368.790276572] [amir2.gripper_controller]: Received & accepted new action goal
[ign gazebo-1] [INFO] [1790605369.044442393] [amir1.gripper_controller]: Received & accepted new action goal
[ign gazebo-1] [INFO] [1790605369.044449400] [amir2.gripper_controller]: Received & accepted new action goal
[ign gazebo-1] [INFO] [1790605369.515785451] [amir1.gripper_controller]: Received & accepted new action goal
[ign gazebo-1] [INFO] [1790605369.515823159] [amir2.gripper_controller]: Received & accepted new action goal
[coordinator-37] [INFO] [1790605369.516619088] [cooperative_coordinator]: Payload goal: x=0.480, y=-0.000, yaw=0.102
[ign gazebo-1] [INFO] [1790605369.970459345] [amir2.gripper_controller]: Received & accepted new action goal
[ign gazebo-1] [INFO] [1790605369.970466679] [amir1.gripper_controller]: Received & accepted new action goal
[ign gazebo-1] [INFO] [1790605370.212802161] [amir2.gripper_controller]: Received & accepted new action goal
[ign gazebo-1] [INFO] [1790605370.212818577] [amir1.gripper_controller]: Received & accepted new action goal
[coordinator-37] [INFO] [1790605370.517047000] [cooperative_coordinator]: Payload goal: x=0.480, y=-0.000, yaw=0.110
[ign gazebo-1] [INFO] [1790605370.541812358] [amir1.gripper_controller]: Received & accepted new action goal
[ign gazebo-1] [INFO] [1790605371.015453253] [amir1.gripper_controller]: Received & accepted new action goal
[ign gazebo-1] [INFO] [1790605371.015694413] [amir2.gripper_controller]: Received & accepted new action goal
[ign gazebo-1] [INFO] [1790605371.258723869] [amir1.gripper_controller]: Received & accepted new action goal
[ign gazebo-1] [INFO] [1790605371.258723877] [amir2.gripper_controller]: Received & accepted new action goal
[coordinator-37] [INFO] [1790605371.548737555] [cooperative_coordinator]: Payload goal: x=0.480, y=-0.000, yaw=0.118
[ign gazebo-1] [INFO] [1790605371.796391712] [amir1.gripper_controller]: Received & accepted new action goal
[ign gazebo-1] [INFO] [1790605371.796488763] [amir2.gripper_controller]: Received & accepted new action goal
[ign gazebo-1] [INFO] [1790605372.266400856] [amir1.gripper_controller]: Received & accepted new action goal
[ign gazebo-1] [INFO] [1790605372.266427940] [amir2.gripper_controller]: Received & accepted new action goal
[ign gazebo-1] [INFO] [1790605372.482561588] [amir1.gripper_controller]: Received & accepted new action goal
[ign gazebo-1] [INFO] [1790605372.482652948] [amir2.gripper_controller]: Received & accepted new action goal
[coordinator-37] [INFO] [1790605372.554588924] [cooperative_coordinator]: Payload goal: x=0.480, y=-0.000, yaw=0.125
[ign gazebo-1] [INFO] [1790605372.958722697] [amir2.gripper_controller]: Received & accepted new action goal
[ign gazebo-1] [INFO] [1790605372.958774934] [amir1.gripper_controller]: Received & accepted new action goal
[ign gazebo-1] [INFO] [1790605373.468355909] [amir1.gripper_controller]: Received & accepted new action goal
[ign gazebo-1] [INFO] [1790605373.468462825] [amir2.gripper_controller]: Received & accepted new action goal
[coordinator-37] [INFO] [1790605373.559819268] [cooperative_coordinator]: Payload goal: x=0.480, y=-0.000, yaw=0.132
[ign gazebo-1] [INFO] [1790605373.745640496] [amir2.gripper_controller]: Received & accepted new action goal
[ign gazebo-1] [INFO] [1790605373.745708004] [amir1.gripper_controller]: Received & accepted new action goal
[ign gazebo-1] [INFO] [1790605374.299323042] [amir1.gripper_controller]: Received & accepted new action goal
[ign gazebo-1] [INFO] [1790605374.299499096] [amir2.gripper_controller]: Received & accepted new action goal
[coordinator-37] [INFO] [1790605374.579577696] [cooperative_coordinator]: Payload goal: x=0.480, y=-0.000, yaw=0.139
[ign gazebo-1] [INFO] [1790605374.772820044] [amir2.gripper_controller]: Received & accepted new action goal
[ign gazebo-1] [INFO] [1790605374.772945722] [amir1.gripper_controller]: Received & accepted new action goal
[ign gazebo-1] [INFO] [1790605375.000317411] [amir1.gripper_controller]: Received & accepted new action goal
[ign gazebo-1] [INFO] [1790605375.000399581] [amir2.gripper_controller]: Received & accepted new action goal
[ign gazebo-1] [INFO] [1790605375.468779167] [amir2.gripper_controller]: Received & accepted new action goal
[ign gazebo-1] [INFO] [1790605375.468780866] [amir1.gripper_controller]: Received & accepted new action goal
[coordinator-37] [INFO] [1790605375.601200753] [cooperative_coordinator]: Payload goal: x=0.480, y=-0.000, yaw=0.146
[ign gazebo-1] [INFO] [1790605375.916134129] [amir1.gripper_controller]: Received & accepted new action goal
[ign gazebo-1] [INFO] [1790605375.916261373] [amir2.gripper_controller]: Received & accepted new action goal
[ign gazebo-1] [INFO] [1790605376.177028141] [amir1.gripper_controller]: Received & accepted new action goal
[ign gazebo-1] [INFO] [1790605376.177049323] [amir2.gripper_controller]: Received & accepted new action goal
[coordinator-37] [INFO] [1790605376.624703534] [cooperative_coordinator]: Payload goal: x=0.480, y=-0.000, yaw=0.153
[ign gazebo-1] [INFO] [1790605376.765859528] [amir1.gripper_controller]: Received & accepted new action goal
[ign gazebo-1] [INFO] [1790605376.765923082] [amir2.gripper_controller]: Received & accepted new action goal
[ign gazebo-1] [INFO] [1790605377.336368966] [amir1.gripper_controller]: Received & accepted new action goal
[ign gazebo-1] [INFO] [1790605377.336515888] [amir2.gripper_controller]: Received & accepted new action goal
[ign gazebo-1] [INFO] [1790605377.624272623] [amir1.gripper_controller]: Received & accepted new action goal
[ign gazebo-1] [INFO] [1790605377.624352502] [amir2.gripper_controller]: Received & accepted new action goal
[coordinator-37] [INFO] [1790605377.627780815] [cooperative_coordinator]: Payload goal: x=0.480, y=-0.000, yaw=0.160
[ign gazebo-1] [INFO] [1790605378.108878770] [amir2.gripper_controller]: Received & accepted new action goal
[ign gazebo-1] [INFO] [1790605378.108914658] [amir1.gripper_controller]: Received & accepted new action goal
[coordinator-37] [INFO] [1790605378.649941804] [cooperative_coordinator]: Payload goal: x=0.480, y=-0.000, yaw=0.166
[ign gazebo-1] [INFO] [1790605378.722240373] [amir1.gripper_controller]: Received & accepted new action goal
[ign gazebo-1] [INFO] [1790605378.722355732] [amir2.gripper_controller]: Received & accepted new action goal
[ign gazebo-1] [INFO] [1790605378.920480449] [amir1.gripper_controller]: Received & accepted new action goal
[ign gazebo-1] [INFO] [1790605378.920679848] [amir2.gripper_controller]: Received & accepted new action goal
[ign gazebo-1] [INFO] [1790605379.482080695] [amir1.gripper_controller]: Received & accepted new action goal
[ign gazebo-1] [INFO] [1790605379.482110017] [amir2.gripper_controller]: Received & accepted new action goal
[coordinator-37] [INFO] [1790605379.656891239] [cooperative_coordinator]: Payload goal: x=0.480, y=-0.000, yaw=0.173
[ign gazebo-1] [INFO] [1790605380.023377149] [amir2.gripper_controller]: Received & accepted new action goal
[ign gazebo-1] [INFO] [1790605380.023381410] [amir1.gripper_controller]: Received & accepted new action goal
[ign gazebo-1] [INFO] [1790605380.260813736] [amir1.gripper_controller]: Received & accepted new action goal
[ign gazebo-1] [INFO] [1790605380.260921509] [amir2.gripper_controller]: Received & accepted new action goal
[coordinator-37] [INFO] [1790605380.665478851] [cooperative_coordinator]: Payload goal: x=0.480, y=-0.000, yaw=0.180
[ign gazebo-1] [INFO] [1790605380.726800265] [amir1.gripper_controller]: Received & accepted new action goal
[ign gazebo-1] [INFO] [1790605380.726911368] [amir2.gripper_controller]: Received & accepted new action goal
[ign gazebo-1] [INFO] [1790605381.211797565] [amir1.gripper_controller]: Received & accepted new action goal
[ign gazebo-1] [INFO] [1790605381.211871582] [amir2.gripper_controller]: Received & accepted new action goal
[ign gazebo-1] [INFO] [1790605381.490030380] [amir1.gripper_controller]: Received & accepted new action goal
[ign gazebo-1] [INFO] [1790605381.490096535] [amir2.gripper_controller]: Received & accepted new action goal
[coordinator-37] [INFO] [1790605381.665457795] [cooperative_coordinator]: Payload goal: x=0.480, y=-0.000, yaw=0.187
[ign gazebo-1] [INFO] [1790605381.919979518] [amir1.gripper_controller]: Received & accepted new action goal
[ign gazebo-1] [INFO] [1790605381.919993936] [amir2.gripper_controller]: Received & accepted new action goal
[ign gazebo-1] [INFO] [1790605382.378036890] [amir2.gripper_controller]: Received & accepted new action goal
[ign gazebo-1] [INFO] [1790605382.378076150] [amir1.gripper_controller]: Received & accepted new action goal
[ign gazebo-1] [INFO] [1790605382.598246274] [amir2.gripper_controller]: Received & accepted new action goal
[ign gazebo-1] [INFO] [1790605382.598266822] [amir1.gripper_controller]: Received & accepted new action goal
[coordinator-37] [INFO] [1790605382.676021036] [cooperative_coordinator]: Payload goal: x=0.480, y=-0.000, yaw=0.195
[ign gazebo-1] [INFO] [1790605383.115671739] [amir2.gripper_controller]: Received & accepted new action goal
[ign gazebo-1] [INFO] [1790605383.115736913] [amir1.gripper_controller]: Received & accepted new action goal
[ign gazebo-1] [INFO] [1790605383.567409866] [amir1.gripper_controller]: Received & accepted new action goal
[ign gazebo-1] [INFO] [1790605383.567792991] [amir2.gripper_controller]: Received & accepted new action goal
[coordinator-37] [INFO] [1790605383.687589489] [cooperative_coordinator]: Payload goal: x=0.480, y=-0.000, yaw=0.202
[ign gazebo-1] [INFO] [1790605383.858723187] [amir1.gripper_controller]: Received & accepted new action goal
[ign gazebo-1] [INFO] [1790605383.858735086] [amir2.gripper_controller]: Received & accepted new action goal
[ign gazebo-1] [INFO] [1790605384.383131050] [amir1.gripper_controller]: Received & accepted new action goal
[ign gazebo-1] [INFO] [1790605384.383250622] [amir2.gripper_controller]: Received & accepted new action goal
[coordinator-37] [INFO] [1790605384.702405961] [cooperative_coordinator]: Payload goal: x=0.480, y=-0.000, yaw=0.209
[ign gazebo-1] [INFO] [1790605384.856987938] [amir1.gripper_controller]: Received & accepted new action goal
[ign gazebo-1] [INFO] [1790605384.856996316] [amir2.gripper_controller]: Received & accepted new action goal
[ign gazebo-1] [INFO] [1790605385.121928887] [amir1.gripper_controller]: Received & accepted new action goal
[ign gazebo-1] [INFO] [1790605385.121931376] [amir2.gripper_controller]: Received & accepted new action goal
[ign gazebo-1] [INFO] [1790605385.474400589] [amir1.gripper_controller]: Received & accepted new action goal
[ign gazebo-1] [INFO] [1790605385.474486579] [amir2.gripper_controller]: Received & accepted new action goal
[coordinator-37] [INFO] [1790605385.717766067] [cooperative_coordinator]: Payload goal: x=0.480, y=-0.000, yaw=0.217
[ign gazebo-1] [INFO] [1790605386.046736578] [amir1.gripper_controller]: Received & accepted new action goal
[ign gazebo-1] [INFO] [1790605386.047000265] [amir2.gripper_controller]: Received & accepted new action goal
[ign gazebo-1] [INFO] [1790605386.321011577] [amir1.gripper_controller]: Received & accepted new action goal
[ign gazebo-1] [INFO] [1790605386.321359310] [amir2.gripper_controller]: Received & accepted new action goal
[coordinator-37] [INFO] [1790605386.717964855] [cooperative_coordinator]: Payload goal: x=0.480, y=-0.000, yaw=0.223
[ign gazebo-1] [INFO] [1790605386.856472519] [amir1.gripper_controller]: Received & accepted new action goal
[ign gazebo-1] [INFO] [1790605386.856482581] [amir2.gripper_controller]: Received & accepted new action goal
[ign gazebo-1] [INFO] [1790605387.347774618] [amir1.gripper_controller]: Received & accepted new action goal
[ign gazebo-1] [INFO] [1790605387.347888316] [amir2.gripper_controller]: Received & accepted new action goal
[ign gazebo-1] [INFO] [1790605387.667578754] [amir1.gripper_controller]: Received & accepted new action goal
[ign gazebo-1] [INFO] [1790605387.667705142] [amir2.gripper_controller]: Received & accepted new action goal
[coordinator-37] [INFO] [1790605387.731913286] [cooperative_coordinator]: Payload goal: x=0.480, y=-0.000, yaw=0.230
[ign gazebo-1] [INFO] [1790605388.165094383] [amir1.gripper_controller]: Received & accepted new action goal
[ign gazebo-1] [INFO] [1790605388.165271117] [amir2.gripper_controller]: Received & accepted new action goal
[ign gazebo-1] [INFO] [1790605388.658130465] [amir1.gripper_controller]: Received & accepted new action goal
[ign gazebo-1] [INFO] [1790605388.658163395] [amir2.gripper_controller]: Received & accepted new action goal
[coordinator-37] [INFO] [1790605388.734319290] [cooperative_coordinator]: Payload goal: x=0.480, y=-0.000, yaw=0.237
[ign gazebo-1] [INFO] [1790605388.800271006] [amir1.gripper_controller]: Received & accepted new action goal
[ign gazebo-1] [INFO] [1790605388.800358134] [amir2.gripper_controller]: Received & accepted new action goal
[ign gazebo-1] [INFO] [1790605389.285532652] [amir2.gripper_controller]: Received & accepted new action goal
[ign gazebo-1] [INFO] [1790605389.285541772] [amir1.gripper_controller]: Received & accepted new action goal
[coordinator-37] [INFO] [1790605389.734702620] [cooperative_coordinator]: Payload goal: x=0.480, y=-0.000, yaw=0.245
[ign gazebo-1] [INFO] [1790605389.810943541] [amir1.gripper_controller]: Received & accepted new action goal
[ign gazebo-1] [INFO] [1790605389.811002172] [amir2.gripper_controller]: Received & accepted new action goal
[ign gazebo-1] [INFO] [1790605390.033540398] [amir1.gripper_controller]: Received & accepted new action goal
[ign gazebo-1] [INFO] [1790605390.033562969] [amir2.gripper_controller]: Received & accepted new action goal
[ign gazebo-1] [INFO] [1790605390.505280706] [amir1.gripper_controller]: Received & accepted new action goal
[ign gazebo-1] [INFO] [1790605390.505325320] [amir2.gripper_controller]: Received & accepted new action goal
[coordinator-37] [INFO] [1790605390.768009333] [cooperative_coordinator]: Payload goal: x=0.480, y=-0.000, yaw=0.252
[ign gazebo-1] [INFO] [1790605391.044642311] [amir2.gripper_controller]: Received & accepted new action goal
[ign gazebo-1] [INFO] [1790605391.044686843] [amir1.gripper_controller]: Received & accepted new action goal
[ign gazebo-1] [INFO] [1790605391.281887414] [amir1.gripper_controller]: Received & accepted new action goal
[ign gazebo-1] [INFO] [1790605391.281956613] [amir2.gripper_controller]: Received & accepted new action goal
[ign gazebo-1] [INFO] [1790605391.776146229] [amir1.gripper_controller]: Received & accepted new action goal
[ign gazebo-1] [INFO] [1790605391.776287533] [amir2.gripper_controller]: Received & accepted new action goal
[coordinator-37] [INFO] [1790605391.777516544] [cooperative_coordinator]: Payload goal: x=0.480, y=-0.000, yaw=0.259
[ign gazebo-1] [INFO] [1790605392.104736996] [amir1.gripper_controller]: Received & accepted new action goal
[ign gazebo-1] [INFO] [1790605392.104879012] [amir2.gripper_controller]: Received & accepted new action goal
[ign gazebo-1] [INFO] [1790605392.326911669] [amir2.gripper_controller]: Received & accepted new action goal
[ign gazebo-1] [INFO] [1790605392.326974890] [amir1.gripper_controller]: Received & accepted new action goal
[ign gazebo-1] [INFO] [1790605392.781762473] [amir1.gripper_controller]: Received & accepted new action goal
[ign gazebo-1] [INFO] [1790605392.781804411] [amir2.gripper_controller]: Received & accepted new action goal
[coordinator-37] [INFO] [1790605392.782553133] [cooperative_coordinator]: Payload goal: x=0.480, y=-0.000, yaw=0.268
[ign gazebo-1] [INFO] [1790605393.249914390] [amir1.gripper_controller]: Received & accepted new action goal
[ign gazebo-1] [INFO] [1790605393.250015880] [amir2.gripper_controller]: Received & accepted new action goal
[ign gazebo-1] [INFO] [1790605393.485580188] [amir1.gripper_controller]: Received & accepted new action goal
[ign gazebo-1] [INFO] [1790605393.485630386] [amir2.gripper_controller]: Received & accepted new action goal
[coordinator-37] [INFO] [1790605393.793368018] [cooperative_coordinator]: Payload goal: x=0.480, y=-0.000, yaw=0.275
[ign gazebo-1] [INFO] [1790605393.989055676] [amir1.gripper_controller]: Received & accepted new action goal
[ign gazebo-1] [INFO] [1790605393.989085199] [amir2.gripper_controller]: Received & accepted new action goal
[ign gazebo-1] [INFO] [1790605394.486789610] [amir1.gripper_controller]: Received & accepted new action goal
[ign gazebo-1] [INFO] [1790605394.486815582] [amir2.gripper_controller]: Received & accepted new action goal
[ign gazebo-1] [INFO] [1790605394.750563075] [amir1.gripper_controller]: Received & accepted new action goal
[ign gazebo-1] [INFO] [1790605394.750720130] [amir2.gripper_controller]: Received & accepted new action goal
[coordinator-37] [INFO] [1790605394.818317935] [cooperative_coordinator]: Payload goal: x=0.480, y=-0.000, yaw=0.282
[ign gazebo-1] [INFO] [1790605395.240791131] [amir1.gripper_controller]: Received & accepted new action goal
[ign gazebo-1] [INFO] [1790605395.240912632] [amir2.gripper_controller]: Received & accepted new action goal
[ign gazebo-1] [INFO] [1790605395.727717112] [amir2.gripper_controller]: Received & accepted new action goal
[ign gazebo-1] [INFO] [1790605395.727739091] [amir1.gripper_controller]: Received & accepted new action goal
[coordinator-37] [INFO] [1790605395.832923746] [cooperative_coordinator]: Payload goal: x=0.480, y=-0.000, yaw=0.289
[ign gazebo-1] [INFO] [1790605395.978828910] [amir1.gripper_controller]: Received & accepted new action goal
[ign gazebo-1] [INFO] [1790605395.978917104] [amir2.gripper_controller]: Received & accepted new action goal
[ign gazebo-1] [INFO] [1790605396.462992935] [amir1.gripper_controller]: Received & accepted new action goal
[ign gazebo-1] [INFO] [1790605396.463093137] [amir2.gripper_controller]: Received & accepted new action goal
[coordinator-37] [INFO] [1790605396.834699958] [cooperative_coordinator]: Payload goal: x=0.480, y=-0.000, yaw=0.296
[ign gazebo-1] [INFO] [1790605397.017378698] [amir1.gripper_controller]: Received & accepted new action goal
[ign gazebo-1] [INFO] [1790605397.017415700] [amir2.gripper_controller]: Received & accepted new action goal
[ign gazebo-1] [INFO] [1790605397.236541924] [amir1.gripper_controller]: Received & accepted new action goal
[ign gazebo-1] [INFO] [1790605397.236566681] [amir2.gripper_controller]: Received & accepted new action goal
[ign gazebo-1] [INFO] [1790605397.724716337] [amir1.gripper_controller]: Received & accepted new action goal
[ign gazebo-1] [INFO] [1790605397.724789277] [amir2.gripper_controller]: Received & accepted new action goal
[coordinator-37] [INFO] [1790605397.864219412] [cooperative_coordinator]: Payload goal: x=0.480, y=-0.000, yaw=0.304
[ign gazebo-1] [INFO] [1790605398.207745278] [amir1.gripper_controller]: Received & accepted new action goal
[ign gazebo-1] [INFO] [1790605398.207862475] [amir2.gripper_controller]: Received & accepted new action goal
[ign gazebo-1] [INFO] [1790605398.419721455] [amir1.gripper_controller]: Received & accepted new action goal
[ign gazebo-1] [INFO] [1790605398.419909727] [amir2.gripper_controller]: Received & accepted new action goal
[coordinator-37] [INFO] [1790605398.881933471] [cooperative_coordinator]: Payload goal: x=0.480, y=-0.000, yaw=0.311
[ign gazebo-1] [INFO] [1790605398.897872740] [amir1.gripper_controller]: Received & accepted new action goal
[ign gazebo-1] [INFO] [1790605398.898000117] [amir2.gripper_controller]: Received & accepted new action goal
[ign gazebo-1] [INFO] [1790605399.414541725] [amir1.gripper_controller]: Received & accepted new action goal
[ign gazebo-1] [INFO] [1790605399.414648857] [amir2.gripper_controller]: Received & accepted new action goal
[ign gazebo-1] [INFO] [1790605399.625699619] [amir2.gripper_controller]: Received & accepted new action goal
[ign gazebo-1] [INFO] [1790605399.625700438] [amir1.gripper_controller]: Received & accepted new action goal
[coordinator-37] [INFO] [1790605399.890779380] [cooperative_coordinator]: Payload goal: x=0.480, y=-0.000, yaw=0.318
[ign gazebo-1] [INFO] [1790605400.115210220] [amir1.gripper_controller]: Received & accepted new action goal
[ign gazebo-1] [INFO] [1790605400.115265613] [amir2.gripper_controller]: Received & accepted new action goal
[ign gazebo-1] [INFO] [1790605400.633323725] [amir2.gripper_controller]: Received & accepted new action goal
[ign gazebo-1] [INFO] [1790605400.633400471] [amir1.gripper_controller]: Received & accepted new action goal
[ign gazebo-1] [INFO] [1790605400.875798213] [amir1.gripper_controller]: Received & accepted new action goal
[ign gazebo-1] [INFO] [1790605400.875829657] [amir2.gripper_controller]: Received & accepted new action goal
[coordinator-37] [INFO] [1790605400.899215150] [cooperative_coordinator]: Payload goal: x=0.480, y=-0.000, yaw=0.326
[ign gazebo-1] [INFO] [1790605401.316044590] [amir1.gripper_controller]: Received & accepted new action goal
[ign gazebo-1] [INFO] [1790605401.316100150] [amir2.gripper_controller]: Received & accepted new action goal
[ign gazebo-1] [INFO] [1790605401.851245551] [amir1.gripper_controller]: Received & accepted new action goal
[ign gazebo-1] [INFO] [1790605401.851363939] [amir2.gripper_controller]: Received & accepted new action goal
[coordinator-37] [INFO] [1790605401.909812951] [cooperative_coordinator]: Payload goal: x=0.480, y=-0.000, yaw=0.333
[ign gazebo-1] [INFO] [1790605402.081363718] [amir1.gripper_controller]: Received & accepted new action goal
[ign gazebo-1] [INFO] [1790605402.081484600] [amir2.gripper_controller]: Received & accepted new action goal
[ign gazebo-1] [INFO] [1790605402.558622006] [amir1.gripper_controller]: Received & accepted new action goal
[ign gazebo-1] [INFO] [1790605402.558664431] [amir2.gripper_controller]: Received & accepted new action goal
[coordinator-37] [INFO] [1790605402.910554225] [cooperative_coordinator]: Payload goal: x=0.480, y=-0.000, yaw=0.340
[ign gazebo-1] [INFO] [1790605403.020536324] [amir1.gripper_controller]: Received & accepted new action goal
[ign gazebo-1] [INFO] [1790605403.020560287] [amir2.gripper_controller]: Received & accepted new action goal
[ign gazebo-1] [INFO] [1790605403.261194676] [amir1.gripper_controller]: Received & accepted new action goal
[ign gazebo-1] [INFO] [1790605403.261345067] [amir2.gripper_controller]: Received & accepted new action goal
[ign gazebo-1] [INFO] [1790605403.777460428] [amir1.gripper_controller]: Received & accepted new action goal
[ign gazebo-1] [INFO] [1790605403.777573759] [amir2.gripper_controller]: Received & accepted new action goal
[coordinator-37] [INFO] [1790605403.955307681] [cooperative_coordinator]: Payload goal: x=0.480, y=-0.000, yaw=0.347
[ign gazebo-1] [INFO] [1790605404.372107792] [amir1.gripper_controller]: Received & accepted new action goal
[ign gazebo-1] [INFO] [1790605404.372345397] [amir2.gripper_controller]: Received & accepted new action goal
[ign gazebo-1] [INFO] [1790605404.592809849] [amir1.gripper_controller]: Received & accepted new action goal
[ign gazebo-1] [INFO] [1790605404.592999235] [amir2.gripper_controller]: Received & accepted new action goal
[coordinator-37] [INFO] [1790605404.962697643] [cooperative_coordinator]: Payload goal: x=0.480, y=-0.000, yaw=0.354
[ign gazebo-1] [INFO] [1790605405.080808531] [amir1.gripper_controller]: Received & accepted new action goal
[ign gazebo-1] [INFO] [1790605405.081027068] [amir2.gripper_controller]: Received & accepted new action goal
[ign gazebo-1] [INFO] [1790605405.613553145] [amir1.gripper_controller]: Received & accepted new action goal
[ign gazebo-1] [INFO] [1790605405.613639601] [amir2.gripper_controller]: Received & accepted new action goal
[ign gazebo-1] [INFO] [1790605405.889937651] [amir1.gripper_controller]: Received & accepted new action goal
[ign gazebo-1] [INFO] [1790605405.890489324] [amir2.gripper_controller]: Received & accepted new action goal
[coordinator-37] [INFO] [1790605405.976944049] [cooperative_coordinator]: Payload goal: x=0.480, y=-0.000, yaw=0.361
[ign gazebo-1] [INFO] [1790605406.363938030] [amir1.gripper_controller]: Received & accepted new action goal
[ign gazebo-1] [INFO] [1790605406.364094091] [amir2.gripper_controller]: Received & accepted new action goal
[ign gazebo-1] [INFO] [1790605406.832422664] [amir1.gripper_controller]: Received & accepted new action goal
[ign gazebo-1] [INFO] [1790605406.832553680] [amir2.gripper_controller]: Received & accepted new action goal
[coordinator-37] [INFO] [1790605406.978481725] [cooperative_coordinator]: Payload goal: x=0.480, y=-0.000, yaw=0.368
[ign gazebo-1] [INFO] [1790605407.108367019] [amir1.gripper_controller]: Received & accepted new action goal
[ign gazebo-1] [INFO] [1790605407.109015373] [amir2.gripper_controller]: Received & accepted new action goal
[ign gazebo-1] [INFO] [1790605407.702226763] [amir1.gripper_controller]: Received & accepted new action goal
[ign gazebo-1] [INFO] [1790605407.702468298] [amir2.gripper_controller]: Received & accepted new action goal
[coordinator-37] [INFO] [1790605407.985281952] [cooperative_coordinator]: Payload goal: x=0.480, y=-0.000, yaw=0.374
[ign gazebo-1] [INFO] [1790605408.195791818] [amir1.gripper_controller]: Received & accepted new action goal
[ign gazebo-1] [INFO] [1790605408.195801107] [amir2.gripper_controller]: Received & accepted new action goal
[ign gazebo-1] [INFO] [1790605408.432325984] [amir2.gripper_controller]: Received & accepted new action goal
[ign gazebo-1] [INFO] [1790605408.432327884] [amir1.gripper_controller]: Received & accepted new action goal
[ign gazebo-1] [INFO] [1790605408.896839707] [amir1.gripper_controller]: Received & accepted new action goal
[ign gazebo-1] [INFO] [1790605408.896903274] [amir2.gripper_controller]: Received & accepted new action goal
[coordinator-37] [INFO] [1790605409.009176913] [cooperative_coordinator]: Payload goal: x=0.480, y=-0.000, yaw=0.382
[ign gazebo-1] [INFO] [1790605409.380600753] [amir1.gripper_controller]: Received & accepted new action goal
[ign gazebo-1] [INFO] [1790605409.381126546] [amir2.gripper_controller]: Received & accepted new action goal
[ign gazebo-1] [INFO] [1790605409.613328335] [amir2.gripper_controller]: Received & accepted new action goal
[ign gazebo-1] [INFO] [1790605409.613362557] [amir1.gripper_controller]: Received & accepted new action goal
[coordinator-37] [INFO] [1790605410.033560324] [cooperative_coordinator]: Payload goal: x=0.480, y=-0.000, yaw=0.389
[ign gazebo-1] [INFO] [1790605410.109348118] [amir1.gripper_controller]: Received & accepted new action goal
[ign gazebo-1] [INFO] [1790605410.109558634] [amir2.gripper_controller]: Received & accepted new action goal
[ign gazebo-1] [INFO] [1790605410.644764184] [amir2.gripper_controller]: Received & accepted new action goal
[ign gazebo-1] [INFO] [1790605410.644786446] [amir1.gripper_controller]: Received & accepted new action goal
[ign gazebo-1] [INFO] [1790605410.898709416] [amir1.gripper_controller]: Received & accepted new action goal
[ign gazebo-1] [INFO] [1790605410.898749952] [amir2.gripper_controller]: Received & accepted new action goal
[coordinator-37] [INFO] [1790605411.052428643] [cooperative_coordinator]: Payload goal: x=0.480, y=-0.000, yaw=0.396
[ign gazebo-1] [INFO] [1790605411.380463102] [amir1.gripper_controller]: Received & accepted new action goal
[ign gazebo-1] [INFO] [1790605411.380496061] [amir2.gripper_controller]: Received & accepted new action goal
[ign gazebo-1] [INFO] [1790605411.874174087] [amir1.gripper_controller]: Received & accepted new action goal
[ign gazebo-1] [INFO] [1790605411.874333051] [amir2.gripper_controller]: Received & accepted new action goal
[coordinator-37] [INFO] [1790605412.060039677] [cooperative_coordinator]: Payload goal: x=0.480, y=-0.000, yaw=0.404
[ign gazebo-1] [INFO] [1790605412.074915009] [amir1.gripper_controller]: Received & accepted new action goal
[ign gazebo-1] [INFO] [1790605412.075197314] [amir2.gripper_controller]: Received & accepted new action goal
[ign gazebo-1] [INFO] [1790605412.576050076] [amir1.gripper_controller]: Received & accepted new action goal
[ign gazebo-1] [INFO] [1790605412.576174114] [amir2.gripper_controller]: Received & accepted new action goal
[coordinator-37] [INFO] [1790605413.075910397] [cooperative_coordinator]: Payload goal: x=0.480, y=-0.000, yaw=0.410
[ign gazebo-1] [INFO] [1790605413.160300169] [amir1.gripper_controller]: Received & accepted new action goal
[ign gazebo-1] [INFO] [1790605413.160314957] [amir2.gripper_controller]: Received & accepted new action goal
[ign gazebo-1] [INFO] [1790605413.383817229] [amir1.gripper_controller]: Received & accepted new action goal
[ign gazebo-1] [INFO] [1790605413.383981991] [amir2.gripper_controller]: Received & accepted new action goal
[ign gazebo-1] [INFO] [1790605413.879532350] [amir1.gripper_controller]: Received & accepted new action goal
[ign gazebo-1] [INFO] [1790605413.879649166] [amir2.gripper_controller]: Received & accepted new action goal
[coordinator-37] [INFO] [1790605414.088457685] [cooperative_coordinator]: Payload goal: x=0.480, y=-0.000, yaw=0.417
[ign gazebo-1] [INFO] [1790605414.459938683] [amir1.gripper_controller]: Received & accepted new action goal
[ign gazebo-1] [INFO] [1790605414.460026861] [amir2.gripper_controller]: Received & accepted new action goal
[ign gazebo-1] [INFO] [1790605414.678712963] [amir1.gripper_controller]: Received & accepted new action goal
[ign gazebo-1] [INFO] [1790605414.678773230] [amir2.gripper_controller]: Received & accepted new action goal
[coordinator-37] [INFO] [1790605415.105767579] [cooperative_coordinator]: Payload goal: x=0.480, y=-0.000, yaw=0.424
[ign gazebo-1] [INFO] [1790605415.179245265] [amir1.gripper_controller]: Received & accepted new action goal
[ign gazebo-1] [INFO] [1790605415.179381686] [amir2.gripper_controller]: Received & accepted new action goal
[ign gazebo-1] [INFO] [1790605415.603981391] [amir1.gripper_controller]: Received & accepted new action goal
[ign gazebo-1] [INFO] [1790605415.604125202] [amir2.gripper_controller]: Received & accepted new action goal
[ign gazebo-1] [INFO] [1790605415.860588563] [amir1.gripper_controller]: Received & accepted new action goal
[ign gazebo-1] [INFO] [1790605415.860690483] [amir2.gripper_controller]: Received & accepted new action goal
[coordinator-37] [INFO] [1790605416.112864183] [cooperative_coordinator]: Payload goal: x=0.480, y=-0.000, yaw=0.432
[ign gazebo-1] [INFO] [1790605416.385296040] [amir1.gripper_controller]: Received & accepted new action goal
[ign gazebo-1] [INFO] [1790605416.385340665] [amir2.gripper_controller]: Received & accepted new action goal
[ign gazebo-1] [INFO] [1790605416.896359623] [amir2.gripper_controller]: Received & accepted new action goal
[coordinator-37] [INFO] [1790605417.137417342] [cooperative_coordinator]: Payload goal: x=0.480, y=-0.000, yaw=0.439
[ign gazebo-1] [INFO] [1790605417.169133651] [amir1.gripper_controller]: Received & accepted new action goal
[ign gazebo-1] [INFO] [1790605417.169619231] [amir2.gripper_controller]: Received & accepted new action goal
[ign gazebo-1] [INFO] [1790605417.711983098] [amir1.gripper_controller]: Received & accepted new action goal
[ign gazebo-1] [INFO] [1790605417.712111075] [amir2.gripper_controller]: Received & accepted new action goal
[coordinator-37] [INFO] [1790605418.145641395] [cooperative_coordinator]: Payload goal: x=0.480, y=-0.000, yaw=0.445
[ign gazebo-1] [INFO] [1790605418.191884486] [amir1.gripper_controller]: Received & accepted new action goal
[ign gazebo-1] [INFO] [1790605418.191984551] [amir2.gripper_controller]: Received & accepted new action goal
[ign gazebo-1] [INFO] [1790605418.451616234] [amir1.gripper_controller]: Received & accepted new action goal
[ign gazebo-1] [INFO] [1790605418.451615887] [amir2.gripper_controller]: Received & accepted new action goal
[ign gazebo-1] [INFO] [1790605418.885282787] [amir1.gripper_controller]: Received & accepted new action goal
[ign gazebo-1] [INFO] [1790605418.885501898] [amir2.gripper_controller]: Received & accepted new action goal
[coordinator-37] [INFO] [1790605419.150959359] [cooperative_coordinator]: Payload goal: x=0.480, y=-0.000, yaw=0.453
[ign gazebo-1] [INFO] [1790605419.323050119] [amir1.gripper_controller]: Received & accepted new action goal
[ign gazebo-1] [INFO] [1790605419.323140565] [amir2.gripper_controller]: Received & accepted new action goal
[ign gazebo-1] [INFO] [1790605419.577103023] [amir1.gripper_controller]: Received & accepted new action goal
[ign gazebo-1] [INFO] [1790605419.577419401] [amir2.gripper_controller]: Received & accepted new action goal
[ign gazebo-1] [INFO] [1790605420.077379334] [amir2.gripper_controller]: Received & accepted new action goal
[ign gazebo-1] [INFO] [1790605420.077557933] [amir1.gripper_controller]: Received & accepted new action goal
[coordinator-37] [INFO] [1790605420.167238499] [cooperative_coordinator]: Payload goal: x=0.480, y=-0.000, yaw=0.460
[ign gazebo-1] [INFO] [1790605420.524826147] [amir1.gripper_controller]: Received & accepted new action goal
[ign gazebo-1] [INFO] [1790605420.524902254] [amir2.gripper_controller]: Received & accepted new action goal
[ign gazebo-1] [INFO] [1790605420.753484075] [amir1.gripper_controller]: Received & accepted new action goal
[ign gazebo-1] [INFO] [1790605420.753767190] [amir2.gripper_controller]: Received & accepted new action goal
[coordinator-37] [INFO] [1790605421.170271397] [cooperative_coordinator]: Payload goal: x=0.480, y=-0.000, yaw=0.468
[ign gazebo-1] [INFO] [1790605421.213475081] [amir1.gripper_controller]: Received & accepted new action goal
[ign gazebo-1] [INFO] [1790605421.213513046] [amir2.gripper_controller]: Received & accepted new action goal
[ign gazebo-1] [INFO] [1790605421.698313478] [amir1.gripper_controller]: Received & accepted new action goal
[ign gazebo-1] [INFO] [1790605421.698572469] [amir2.gripper_controller]: Received & accepted new action goal
[ign gazebo-1] [INFO] [1790605421.965486852] [amir1.gripper_controller]: Received & accepted new action goal
[ign gazebo-1] [INFO] [1790605421.965494566] [amir2.gripper_controller]: Received & accepted new action goal
[coordinator-37] [INFO] [1790605422.179379508] [cooperative_coordinator]: Payload goal: x=0.480, y=-0.000, yaw=0.475
[ign gazebo-1] [INFO] [1790605422.403020802] [amir1.gripper_controller]: Received & accepted new action goal
[ign gazebo-1] [INFO] [1790605422.403172915] [amir2.gripper_controller]: Received & accepted new action goal
[ign gazebo-1] [INFO] [1790605422.836267209] [amir1.gripper_controller]: Received & accepted new action goal
[ign gazebo-1] [INFO] [1790605422.836344311] [amir2.gripper_controller]: Received & accepted new action goal
[ign gazebo-1] [INFO] [1790605423.063153201] [amir1.gripper_controller]: Received & accepted new action goal
[ign gazebo-1] [INFO] [1790605423.063186392] [amir2.gripper_controller]: Received & accepted new action goal
[coordinator-37] [INFO] [1790605423.213782987] [cooperative_coordinator]: Payload goal: x=0.480, y=-0.000, yaw=0.483
[ign gazebo-1] [INFO] [1790605423.627713126] [amir2.gripper_controller]: Received & accepted new action goal
[ign gazebo-1] [INFO] [1790605423.627824145] [amir1.gripper_controller]: Received & accepted new action goal
[ign gazebo-1] [INFO] [1790605424.129205407] [amir2.gripper_controller]: Received & accepted new action goal
[ign gazebo-1] [INFO] [1790605424.129215952] [amir1.gripper_controller]: Received & accepted new action goal
[coordinator-37] [INFO] [1790605424.219546764] [cooperative_coordinator]: Payload goal: x=0.480, y=-0.000, yaw=0.490
[ign gazebo-1] [INFO] [1790605424.357796716] [amir1.gripper_controller]: Received & accepted new action goal
[ign gazebo-1] [INFO] [1790605424.357816728] [amir2.gripper_controller]: Received & accepted new action goal
[ign gazebo-1] [INFO] [1790605424.878447483] [amir1.gripper_controller]: Received & accepted new action goal
[ign gazebo-1] [INFO] [1790605424.878598667] [amir2.gripper_controller]: Received & accepted new action goal
[coordinator-37] [INFO] [1790605425.221831963] [cooperative_coordinator]: Payload goal: x=0.480, y=-0.000, yaw=0.497
[ign gazebo-1] [INFO] [1790605425.364264230] [amir1.gripper_controller]: Received & accepted new action goal
[ign gazebo-1] [INFO] [1790605425.364294164] [amir2.gripper_controller]: Received & accepted new action goal
[ign gazebo-1] [INFO] [1790605425.604157263] [amir1.gripper_controller]: Received & accepted new action goal
[ign gazebo-1] [INFO] [1790605425.604206018] [amir2.gripper_controller]: Received & accepted new action goal
[ign gazebo-1] [INFO] [1790605426.085354550] [amir1.gripper_controller]: Received & accepted new action goal
[ign gazebo-1] [INFO] [1790605426.085529480] [amir2.gripper_controller]: Received & accepted new action goal
[coordinator-37] [INFO] [1790605426.235553855] [cooperative_coordinator]: Payload goal: x=0.480, y=-0.000, yaw=0.503
[ign gazebo-1] [INFO] [1790605426.628028410] [amir1.gripper_controller]: Received & accepted new action goal
[ign gazebo-1] [INFO] [1790605426.628278499] [amir2.gripper_controller]: Received & accepted new action goal
[ign gazebo-1] [INFO] [1790605426.863828527] [amir1.gripper_controller]: Received & accepted new action goal
[ign gazebo-1] [INFO] [1790605426.863863400] [amir2.gripper_controller]: Received & accepted new action goal
[coordinator-37] [INFO] [1790605427.259157117] [cooperative_coordinator]: Payload goal: x=0.480, y=-0.000, yaw=0.508
[ign gazebo-1] [INFO] [1790605427.325700574] [amir1.gripper_controller]: Received & accepted new action goal
[ign gazebo-1] [INFO] [1790605427.325771027] [amir2.gripper_controller]: Received & accepted new action goal
[ign gazebo-1] [INFO] [1790605427.804908865] [amir1.gripper_controller]: Received & accepted new action goal
[ign gazebo-1] [INFO] [1790605427.804964782] [amir2.gripper_controller]: Received & accepted new action goal
[ign gazebo-1] [INFO] [1790605428.070927794] [amir1.gripper_controller]: Received & accepted new action goal
[ign gazebo-1] [INFO] [1790605428.070948340] [amir2.gripper_controller]: Received & accepted new action goal
[coordinator-37] [INFO] [1790605428.264872705] [cooperative_coordinator]: Payload goal: x=0.480, y=-0.000, yaw=0.513
[ign gazebo-1] [INFO] [1790605428.488200413] [amir1.gripper_controller]: Received & accepted new action goal
[ign gazebo-1] [INFO] [1790605428.488404412] [amir2.gripper_controller]: Received & accepted new action goal
[ign gazebo-1] [INFO] [1790605428.937796443] [amir1.gripper_controller]: Received & accepted new action goal
[ign gazebo-1] [INFO] [1790605428.938024554] [amir2.gripper_controller]: Received & accepted new action goal
[ign gazebo-1] [INFO] [1790605429.148671874] [amir1.gripper_controller]: Received & accepted new action goal
[ign gazebo-1] [INFO] [1790605429.148728105] [amir2.gripper_controller]: Received & accepted new action goal
[coordinator-37] [INFO] [1790605429.277355665] [cooperative_coordinator]: Payload goal: x=0.480, y=-0.000, yaw=0.517
[ign gazebo-1] [INFO] [1790605429.608465118] [amir1.gripper_controller]: Received & accepted new action goal
[ign gazebo-1] [INFO] [1790605429.608763167] [amir2.gripper_controller]: Received & accepted new action goal
[ign gazebo-1] [INFO] [1790605430.104164830] [amir1.gripper_controller]: Received & accepted new action goal
[ign gazebo-1] [INFO] [1790605430.104363159] [amir2.gripper_controller]: Received & accepted new action goal
[coordinator-37] [INFO] [1790605430.293308146] [cooperative_coordinator]: Payload goal: x=0.480, y=-0.000, yaw=0.520
[ign gazebo-1] [INFO] [1790605430.341088950] [amir1.gripper_controller]: Received & accepted new action goal
[ign gazebo-1] [INFO] [1790605430.341326345] [amir2.gripper_controller]: Received & accepted new action goal
[ign gazebo-1] [INFO] [1790605430.850113914] [amir1.gripper_controller]: Received & accepted new action goal
[ign gazebo-1] [INFO] [1790605430.850364736] [amir2.gripper_controller]: Received & accepted new action goal
[coordinator-37] [INFO] [1790605431.295086202] [cooperative_coordinator]: Payload goal: x=0.480, y=-0.000, yaw=0.522
[ign gazebo-1] [INFO] [1790605431.362928429] [amir1.gripper_controller]: Received & accepted new action goal
[ign gazebo-1] [INFO] [1790605431.362932275] [amir2.gripper_controller]: Received & accepted new action goal
[ign gazebo-1] [INFO] [1790605431.631729511] [amir2.gripper_controller]: Received & accepted new action goal
[ign gazebo-1] [INFO] [1790605431.631764506] [amir1.gripper_controller]: Received & accepted new action goal
[ign gazebo-1] [INFO] [1790605432.148254524] [amir2.gripper_controller]: Received & accepted new action goal
[ign gazebo-1] [INFO] [1790605432.148336817] [amir1.gripper_controller]: Received & accepted new action goal
[coordinator-37] [INFO] [1790605432.309490934] [cooperative_coordinator]: Payload goal: x=0.480, y=-0.000, yaw=0.523
[ign gazebo-1] [INFO] [1790605432.639449901] [amir1.gripper_controller]: Received & accepted new action goal
[ign gazebo-1] [INFO] [1790605432.639568374] [amir2.gripper_controller]: Received & accepted new action goal
[ign gazebo-1] [INFO] [1790605432.866159913] [amir1.gripper_controller]: Received & accepted new action goal
[ign gazebo-1] [INFO] [1790605432.866182277] [amir2.gripper_controller]: Received & accepted new action goal
[coordinator-37] [INFO] [1790605433.315304732] [cooperative_coordinator]: Payload goal: x=0.480, y=-0.000, yaw=0.524
[ign gazebo-1] [INFO] [1790605433.365934312] [amir1.gripper_controller]: Received & accepted new action goal
[ign gazebo-1] [INFO] [1790605433.366033069] [amir2.gripper_controller]: Received & accepted new action goal
[ign gazebo-1] [INFO] [1790605433.856367529] [amir2.gripper_controller]: Received & accepted new action goal
[ign gazebo-1] [INFO] [1790605433.856461005] [amir1.gripper_controller]: Received & accepted new action goal
[ign gazebo-1] [INFO] [1790605434.129037383] [amir1.gripper_controller]: Received & accepted new action goal
[ign gazebo-1] [INFO] [1790605434.129092315] [amir2.gripper_controller]: Received & accepted new action goal
[coordinator-37] [INFO] [1790605434.325089516] [cooperative_coordinator]: Payload goal: x=0.480, y=-0.000, yaw=0.565
[ign gazebo-1] [INFO] [1790605434.677007963] [amir1.gripper_controller]: Received & accepted new action goal
[ign gazebo-1] [INFO] [1790605434.677095044] [amir2.gripper_controller]: Received & accepted new action goal
[ign gazebo-1] [INFO] [1790605435.227071401] [amir2.gripper_controller]: Received & accepted new action goal
[coordinator-37] [INFO] [1790605435.353572109] [cooperative_coordinator]: Payload goal: x=0.480, y=-0.000, yaw=0.551
[ign gazebo-1] [INFO] [1790605435.469897545] [amir1.gripper_controller]: Received & accepted new action goal
[ign gazebo-1] [INFO] [1790605435.470010880] [amir2.gripper_controller]: Received & accepted new action goal
[ign gazebo-1] [INFO] [1790605435.949149762] [amir1.gripper_controller]: Received & accepted new action goal
[ign gazebo-1] [INFO] [1790605435.949174193] [amir2.gripper_controller]: Received & accepted new action goal
[ign gazebo-1] [INFO] [1790605436.352725311] [amir1.gripper_controller]: Received & accepted new action goal
[ign gazebo-1] [INFO] [1790605436.352919624] [amir2.gripper_controller]: Received & accepted new action goal
[coordinator-37] [INFO] [1790605436.354737176] [cooperative_coordinator]: Payload goal: x=0.480, y=-0.000, yaw=0.540
[ign gazebo-1] [INFO] [1790605436.613366144] [amir1.gripper_controller]: Received & accepted new action goal
[ign gazebo-1] [INFO] [1790605436.613619574] [amir2.gripper_controller]: Received & accepted new action goal
[ign gazebo-1] [INFO] [1790605437.176834122] [amir1.gripper_controller]: Received & accepted new action goal
[ign gazebo-1] [INFO] [1790605437.176941006] [amir2.gripper_controller]: Received & accepted new action goal
[coordinator-37] [INFO] [1790605437.383003529] [cooperative_coordinator]: Payload goal: x=0.480, y=-0.000, yaw=0.534
[ign gazebo-1] [INFO] [1790605437.660841140] [amir1.gripper_controller]: Received & accepted new action goal
[ign gazebo-1] [INFO] [1790605437.660948771] [amir2.gripper_controller]: Received & accepted new action goal
[ign gazebo-1] [INFO] [1790605437.894113794] [amir1.gripper_controller]: Received & accepted new action goal
[ign gazebo-1] [INFO] [1790605437.894172426] [amir2.gripper_controller]: Received & accepted new action goal
[ign gazebo-1] [INFO] [1790605438.278160898] [amir1.gripper_controller]: Received & accepted new action goal
[ign gazebo-1] [INFO] [1790605438.278238208] [amir2.gripper_controller]: Received & accepted new action goal
[coordinator-37] [INFO] [1790605438.389578211] [cooperative_coordinator]: Payload goal: x=0.480, y=-0.000, yaw=0.531
[ign gazebo-1] [INFO] [1790605438.602727455] [amir1.gripper_controller]: Received & accepted new action goal
[ign gazebo-1] [INFO] [1790605438.602815059] [amir2.gripper_controller]: Received & accepted new action goal
[ign gazebo-1] [INFO] [1790605438.740072453] [amir1.gripper_controller]: Received & accepted new action goal
[ign gazebo-1] [INFO] [1790605439.084095465] [amir1.gripper_controller]: Received & accepted new action goal
[ign gazebo-1] [INFO] [1790605439.084346495] [amir2.gripper_controller]: Received & accepted new action goal
[rotation_controller-6] [INFO] [1790605439.140779357] [cooperative_rotation_controller]: シーケンス終了: 搬送（回転）
[rotation_controller-6] [INFO] [1790605439.140954632] [cooperative_rotation_controller]: シーケンス開始: 搬送（横方向直進） 0.300 m（payload-local right）
[coordinator-37] [INFO] [1790605439.398122517] [cooperative_coordinator]: Payload goal: x=0.480, y=-0.000, yaw=0.521
[ign gazebo-1] [INFO] [1790605439.429855751] [amir1.gripper_controller]: Received & accepted new action goal
[ign gazebo-1] [INFO] [1790605439.429956207] [amir2.gripper_controller]: Received & accepted new action goal
[ign gazebo-1] [INFO] [1790605439.608142159] [amir1.gripper_controller]: Received & accepted new action goal
[ign gazebo-1] [INFO] [1790605439.608212894] [amir2.gripper_controller]: Received & accepted new action goal
[ign gazebo-1] [INFO] [1790605440.049624636] [amir1.gripper_controller]: Received & accepted new action goal
[ign gazebo-1] [INFO] [1790605440.049717251] [amir2.gripper_controller]: Received & accepted new action goal
[ign gazebo-1] [INFO] [1790605440.412193579] [amir1.gripper_controller]: Received & accepted new action goal
[ign gazebo-1] [INFO] [1790605440.412675800] [amir2.gripper_controller]: Received & accepted new action goal
[coordinator-37] [INFO] [1790605440.412858621] [cooperative_coordinator]: Payload goal: x=0.483, y=-0.005, yaw=0.521
[ign gazebo-1] [INFO] [1790605440.607948975] [amir1.gripper_controller]: Received & accepted new action goal
[ign gazebo-1] [INFO] [1790605440.608067826] [amir2.gripper_controller]: Received & accepted new action goal
[ign gazebo-1] [INFO] [1790605440.983842700] [amir1.gripper_controller]: Received & accepted new action goal
[ign gazebo-1] [INFO] [1790605440.984409142] [amir2.gripper_controller]: Received & accepted new action goal
[ign gazebo-1] [INFO] [1790605441.229765630] [amir1.gripper_controller]: Received & accepted new action goal
[ign gazebo-1] [INFO] [1790605441.229847574] [amir2.gripper_controller]: Received & accepted new action goal
[coordinator-37] [INFO] [1790605441.413487678] [cooperative_coordinator]: Payload goal: x=0.490, y=-0.017, yaw=0.521
[ign gazebo-1] [INFO] [1790605441.425418496] [amir1.gripper_controller]: Received & accepted new action goal
[ign gazebo-1] [INFO] [1790605441.425474622] [amir2.gripper_controller]: Received & accepted new action goal
[ign gazebo-1] [INFO] [1790605441.850999644] [amir1.gripper_controller]: Received & accepted new action goal
[ign gazebo-1] [INFO] [1790605441.851005338] [amir2.gripper_controller]: Received & accepted new action goal
[ign gazebo-1] [INFO] [1790605442.302034306] [amir2.gripper_controller]: Received & accepted new action goal
[ign gazebo-1] [INFO] [1790605442.302070775] [amir1.gripper_controller]: Received & accepted new action goal
[coordinator-37] [INFO] [1790605442.413906527] [cooperative_coordinator]: Payload goal: x=0.499, y=-0.032, yaw=0.521
[ign gazebo-1] [INFO] [1790605442.508299775] [amir1.gripper_controller]: Received & accepted new action goal
[ign gazebo-1] [INFO] [1790605442.508526581] [amir2.gripper_controller]: Received & accepted new action goal
[ign gazebo-1] [INFO] [1790605442.988102270] [amir1.gripper_controller]: Received & accepted new action goal
[ign gazebo-1] [INFO] [1790605442.988169769] [amir2.gripper_controller]: Received & accepted new action goal
[ign gazebo-1] [INFO] [1790605443.375877891] [amir1.gripper_controller]: Received & accepted new action goal
[ign gazebo-1] [INFO] [1790605443.376104145] [amir2.gripper_controller]: Received & accepted new action goal
[coordinator-37] [INFO] [1790605443.416117672] [cooperative_coordinator]: Payload goal: x=0.503, y=-0.039, yaw=0.521
[ign gazebo-1] [INFO] [1790605443.541676540] [amir1.gripper_controller]: Received & accepted new action goal
[ign gazebo-1] [INFO] [1790605443.541856217] [amir2.gripper_controller]: Received & accepted new action goal
[ign gazebo-1] [INFO] [1790605444.019799691] [amir1.gripper_controller]: Received & accepted new action goal
[ign gazebo-1] [INFO] [1790605444.019821408] [amir2.gripper_controller]: Received & accepted new action goal
[coordinator-37] [INFO] [1790605444.419214018] [cooperative_coordinator]: Payload goal: x=0.503, y=-0.039, yaw=0.521
[ign gazebo-1] [INFO] [1790605444.489635138] [amir1.gripper_controller]: Received & accepted new action goal
[ign gazebo-1] [INFO] [1790605444.489699308] [amir2.gripper_controller]: Received & accepted new action goal
[ign gazebo-1] [INFO] [1790605444.713899477] [amir1.gripper_controller]: Received & accepted new action goal
[ign gazebo-1] [INFO] [1790605444.713933954] [amir2.gripper_controller]: Received & accepted new action goal
[ign gazebo-1] [INFO] [1790605445.294884612] [amir1.gripper_controller]: Received & accepted new action goal
[ign gazebo-1] [INFO] [1790605445.294987551] [amir2.gripper_controller]: Received & accepted new action goal
[coordinator-37] [INFO] [1790605445.430292954] [cooperative_coordinator]: Payload goal: x=0.503, y=-0.039, yaw=0.521
[ign gazebo-1] [INFO] [1790605445.796814695] [amir1.gripper_controller]: Received & accepted new action goal
[ign gazebo-1] [INFO] [1790605445.796873243] [amir2.gripper_controller]: Received & accepted new action goal
[ign gazebo-1] [INFO] [1790605446.018385414] [amir1.gripper_controller]: Received & accepted new action goal
[ign gazebo-1] [INFO] [1790605446.018520861] [amir2.gripper_controller]: Received & accepted new action goal
[coordinator-37] [INFO] [1790605446.445651137] [cooperative_coordinator]: Payload goal: x=0.503, y=-0.039, yaw=0.521
[ign gazebo-1] [INFO] [1790605446.519499649] [amir1.gripper_controller]: Received & accepted new action goal
[ign gazebo-1] [INFO] [1790605446.981255642] [amir1.gripper_controller]: Received & accepted new action goal
[ign gazebo-1] [INFO] [1790605447.182364613] [amir1.gripper_controller]: Received & accepted new action goal
[coordinator-37] [INFO] [1790605447.447817620] [cooperative_coordinator]: Payload goal: x=0.503, y=-0.039, yaw=0.521
[ign gazebo-1] [INFO] [1790605447.585263372] [amir1.gripper_controller]: Received & accepted new action goal
[ign gazebo-1] [INFO] [1790605448.005152765] [amir1.gripper_controller]: Received & accepted new action goal
[ign gazebo-1] [INFO] [1790605448.197584353] [amir1.gripper_controller]: Received & accepted new action goal
[coordinator-37] [INFO] [1790605448.454108103] [cooperative_coordinator]: Payload goal: x=0.503, y=-0.039, yaw=0.521
[ign gazebo-1] [INFO] [1790605448.672624905] [amir1.gripper_controller]: Received & accepted new action goal
[ign gazebo-1] [INFO] [1790605449.069453827] [amir1.gripper_controller]: Received & accepted new action goal
[ign gazebo-1] [INFO] [1790605449.321188195] [amir1.gripper_controller]: Received & accepted new action goal
[ign gazebo-1] [INFO] [1790605449.321242928] [amir2.gripper_controller]: Received & accepted new action goal
[coordinator-37] [INFO] [1790605449.464710361] [cooperative_coordinator]: Payload goal: x=0.515, y=-0.060, yaw=0.521
[ign gazebo-1] [INFO] [1790605449.629289920] [amir1.gripper_controller]: Received & accepted new action goal
[ign gazebo-1] [INFO] [1790605449.629363439] [amir2.gripper_controller]: Received & accepted new action goal
[friction_grasp_manager-32] [WARN] [1790605449.914593259] [friction_grasp_manager]: amir2 finger force above 26.0 N; backing off.
[ign gazebo-1] [INFO] [1790605449.914881885] [amir2.gripper_controller]: Received & accepted new action goal
[ign gazebo-1] [INFO] [1790605450.079356464] [amir2.gripper_controller]: Received & accepted new action goal
[ign gazebo-1] [INFO] [1790605450.377015483] [amir1.gripper_controller]: Received & accepted new action goal
[ign gazebo-1] [INFO] [1790605450.377649112] [amir2.gripper_controller]: Received & accepted new action goal
[coordinator-37] [INFO] [1790605450.466282518] [cooperative_coordinator]: Payload goal: x=0.515, y=-0.060, yaw=0.521
[ign gazebo-1] [INFO] [1790605450.490764721] [amir2.gripper_controller]: Received & accepted new action goal
[ign gazebo-1] [INFO] [1790605450.490765618] [amir1.gripper_controller]: Received & accepted new action goal
[ign gazebo-1] [INFO] [1790605450.749915895] [amir1.gripper_controller]: Received & accepted new action goal
[ign gazebo-1] [INFO] [1790605451.348997473] [amir1.gripper_controller]: Received & accepted new action goal
[coordinator-37] [INFO] [1790605451.489332417] [cooperative_coordinator]: Payload goal: x=0.515, y=-0.060, yaw=0.521
[ign gazebo-1] [INFO] [1790605451.499957437] [amir1.gripper_controller]: Received & accepted new action goal
[ign gazebo-1] [INFO] [1790605451.837042736] [amir1.gripper_controller]: Received & accepted new action goal
[ign gazebo-1] [INFO] [1790605452.132788206] [amir1.gripper_controller]: Received & accepted new action goal
[ign gazebo-1] [INFO] [1790605452.132832521] [amir2.gripper_controller]: Received & accepted new action goal
[ign gazebo-1] [INFO] [1790605452.300583635] [amir1.gripper_controller]: Received & accepted new action goal
[ign gazebo-1] [INFO] [1790605452.300696639] [amir2.gripper_controller]: Received & accepted new action goal
[coordinator-37] [INFO] [1790605452.508340943] [cooperative_coordinator]: Payload goal: x=0.515, y=-0.060, yaw=0.521
[ign gazebo-1] [INFO] [1790605452.680935417] [amir1.gripper_controller]: Received & accepted new action goal
[ign gazebo-1] [INFO] [1790605452.681014384] [amir2.gripper_controller]: Received & accepted new action goal
[ign gazebo-1] [INFO] [1790605453.087584206] [amir1.gripper_controller]: Received & accepted new action goal
[ign gazebo-1] [INFO] [1790605453.087773536] [amir2.gripper_controller]: Received & accepted new action goal
[ign gazebo-1] [INFO] [1790605453.267361583] [amir1.gripper_controller]: Received & accepted new action goal
[ign gazebo-1] [INFO] [1790605453.267525219] [amir2.gripper_controller]: Received & accepted new action goal
[ign gazebo-1] [INFO] [1790605453.486020364] [amir1.gripper_controller]: Received & accepted new action goal
[ign gazebo-1] [INFO] [1790605453.486129904] [amir2.gripper_controller]: Received & accepted new action goal
[coordinator-37] [INFO] [1790605453.521344433] [cooperative_coordinator]: Payload goal: x=0.517, y=-0.064, yaw=0.521
[ign gazebo-1] [INFO] [1790605453.755369374] [amir1.gripper_controller]: Received & accepted new action goal
[ign gazebo-1] [INFO] [1790605453.755374669] [amir2.gripper_controller]: Received & accepted new action goal
[ign gazebo-1] [INFO] [1790605453.901173345] [amir2.gripper_controller]: Received & accepted new action goal
[ign gazebo-1] [INFO] [1790605453.901174461] [amir1.gripper_controller]: Received & accepted new action goal
[friction_grasp_manager-32] [WARN] [1790605454.161142798] [friction_grasp_manager]: amir1 finger force above 26.0 N; backing off.
[ign gazebo-1] [INFO] [1790605454.161449351] [amir1.gripper_controller]: Received & accepted new action goal
[ign gazebo-1] [INFO] [1790605454.162108174] [amir2.gripper_controller]: Received & accepted new action goal
[ign gazebo-1] [INFO] [1790605454.447344849] [amir2.gripper_controller]: Received & accepted new action goal
[ign gazebo-1] [INFO] [1790605454.447344887] [amir1.gripper_controller]: Received & accepted new action goal
[coordinator-37] [INFO] [1790605454.531198969] [cooperative_coordinator]: Payload goal: x=0.527, y=-0.082, yaw=0.521
[ign gazebo-1] [INFO] [1790605454.957726046] [amir1.gripper_controller]: Received & accepted new action goal
[ign gazebo-1] [INFO] [1790605454.957776548] [amir2.gripper_controller]: Received & accepted new action goal
[ign gazebo-1] [INFO] [1790605455.533190123] [amir2.gripper_controller]: Received & accepted new action goal
[coordinator-37] [INFO] [1790605455.533902745] [cooperative_coordinator]: Payload goal: x=0.527, y=-0.082, yaw=0.521
[ign gazebo-1] [INFO] [1790605455.942655277] [amir1.gripper_controller]: Received & accepted new action goal
[ign gazebo-1] [INFO] [1790605455.942713510] [amir2.gripper_controller]: Received & accepted new action goal
[ign gazebo-1] [INFO] [1790605456.428029888] [amir1.gripper_controller]: Received & accepted new action goal
[ign gazebo-1] [INFO] [1790605456.428426684] [amir2.gripper_controller]: Received & accepted new action goal
[coordinator-37] [INFO] [1790605456.535510260] [cooperative_coordinator]: Payload goal: x=0.527, y=-0.082, yaw=0.521
[ign gazebo-1] [INFO] [1790605456.635002868] [amir1.gripper_controller]: Received & accepted new action goal
[ign gazebo-1] [INFO] [1790605456.635029102] [amir2.gripper_controller]: Received & accepted new action goal
[ign gazebo-1] [INFO] [1790605457.050602973] [amir1.gripper_controller]: Received & accepted new action goal
[ign gazebo-1] [INFO] [1790605457.050728519] [amir2.gripper_controller]: Received & accepted new action goal
[ign gazebo-1] [INFO] [1790605457.381904093] [amir1.gripper_controller]: Received & accepted new action goal
[ign gazebo-1] [INFO] [1790605457.382046262] [amir2.gripper_controller]: Received & accepted new action goal
[ign gazebo-1] [INFO] [1790605457.521403616] [amir1.gripper_controller]: Received & accepted new action goal
[ign gazebo-1] [INFO] [1790605457.521423272] [amir2.gripper_controller]: Received & accepted new action goal
[coordinator-37] [INFO] [1790605457.538374622] [cooperative_coordinator]: Payload goal: x=0.527, y=-0.082, yaw=0.521
[ign gazebo-1] [INFO] [1790605457.742012159] [amir1.gripper_controller]: Received & accepted new action goal
[ign gazebo-1] [INFO] [1790605457.742173944] [amir2.gripper_controller]: Received & accepted new action goal
[ign gazebo-1] [INFO] [1790605458.102944573] [amir1.gripper_controller]: Received & accepted new action goal
[ign gazebo-1] [INFO] [1790605458.103007085] [amir2.gripper_controller]: Received & accepted new action goal
[ign gazebo-1] [INFO] [1790605458.289320228] [amir1.gripper_controller]: Received & accepted new action goal
[ign gazebo-1] [INFO] [1790605458.289373289] [amir2.gripper_controller]: Received & accepted new action goal
[coordinator-37] [INFO] [1790605458.562613949] [cooperative_coordinator]: Payload goal: x=0.528, y=-0.083, yaw=0.521
[ign gazebo-1] [INFO] [1790605458.795793310] [amir1.gripper_controller]: Received & accepted new action goal
[friction_grasp_manager-32] [WARN] [1790605458.797652073] [friction_grasp_manager]: amir2 finger force above 26.0 N; backing off.
[ign gazebo-1] [INFO] [1790605458.798418979] [amir2.gripper_controller]: Received & accepted new action goal
[ign gazebo-1] [INFO] [1790605459.147092062] [amir1.gripper_controller]: Received & accepted new action goal
[ign gazebo-1] [INFO] [1790605459.147099974] [amir2.gripper_controller]: Received & accepted new action goal
[ign gazebo-1] [INFO] [1790605459.261425037] [amir1.gripper_controller]: Received & accepted new action goal
[ign gazebo-1] [INFO] [1790605459.261487761] [amir2.gripper_controller]: Received & accepted new action goal
[coordinator-37] [INFO] [1790605459.570036046] [cooperative_coordinator]: Payload goal: x=0.539, y=-0.103, yaw=0.521
[ign gazebo-1] [INFO] [1790605459.578525499] [amir1.gripper_controller]: Received & accepted new action goal
[ign gazebo-1] [INFO] [1790605459.578578598] [amir2.gripper_controller]: Received & accepted new action goal
[ign gazebo-1] [INFO] [1790605459.924671572] [amir2.gripper_controller]: Received & accepted new action goal
[ign gazebo-1] [INFO] [1790605459.924747666] [amir1.gripper_controller]: Received & accepted new action goal
[ign gazebo-1] [INFO] [1790605460.153330469] [amir2.gripper_controller]: Received & accepted new action goal
[ign gazebo-1] [INFO] [1790605460.153353893] [amir1.gripper_controller]: Received & accepted new action goal
[ign gazebo-1] [INFO] [1790605460.499452795] [amir1.gripper_controller]: Received & accepted new action goal
[ign gazebo-1] [INFO] [1790605460.499585439] [amir2.gripper_controller]: Received & accepted new action goal
[coordinator-37] [INFO] [1790605460.578529533] [cooperative_coordinator]: Payload goal: x=0.539, y=-0.103, yaw=0.521
[friction_grasp_manager-32] [WARN] [1790605461.154072865] [friction_grasp_manager]: amir1 finger force above 26.0 N; backing off.
[ign gazebo-1] [INFO] [1790605461.154555088] [amir1.gripper_controller]: Received & accepted new action goal
[ign gazebo-1] [INFO] [1790605461.154607784] [amir2.gripper_controller]: Received & accepted new action goal
[ign gazebo-1] [INFO] [1790605461.387471327] [amir1.gripper_controller]: Received & accepted new action goal
[ign gazebo-1] [INFO] [1790605461.387535019] [amir2.gripper_controller]: Received & accepted new action goal
[ign gazebo-1] [INFO] [1790605461.527605799] [amir1.gripper_controller]: Received & accepted new action goal
[ign gazebo-1] [INFO] [1790605461.527818024] [amir2.gripper_controller]: Received & accepted new action goal
[coordinator-37] [INFO] [1790605461.601329139] [cooperative_coordinator]: Payload goal: x=0.539, y=-0.103, yaw=0.521
[ign gazebo-1] [INFO] [1790605461.845289849] [amir2.gripper_controller]: Received & accepted new action goal
[coordinator-37] [INFO] [1790605462.602433197] [cooperative_coordinator]: Payload goal: x=0.539, y=-0.103, yaw=0.521
[ign gazebo-1] [INFO] [1790605462.969136427] [amir1.gripper_controller]: Received & accepted new action goal
[ign gazebo-1] [INFO] [1790605462.969620715] [amir2.gripper_controller]: Received & accepted new action goal
[ign gazebo-1] [INFO] [1790605463.112870418] [amir1.gripper_controller]: Received & accepted new action goal
[ign gazebo-1] [INFO] [1790605463.112962015] [amir2.gripper_controller]: Received & accepted new action goal
[ign gazebo-1] [INFO] [1790605463.392975868] [amir1.gripper_controller]: Received & accepted new action goal
[ign gazebo-1] [INFO] [1790605463.393266281] [amir2.gripper_controller]: Received & accepted new action goal
[coordinator-37] [INFO] [1790605463.609103181] [cooperative_coordinator]: Payload goal: x=0.546, y=-0.115, yaw=0.521
[ign gazebo-1] [INFO] [1790605463.662858950] [amir1.gripper_controller]: Received & accepted new action goal
[ign gazebo-1] [INFO] [1790605463.662946607] [amir2.gripper_controller]: Received & accepted new action goal
[ign gazebo-1] [INFO] [1790605464.056769229] [amir1.gripper_controller]: Received & accepted new action goal
[ign gazebo-1] [INFO] [1790605464.315620703] [amir1.gripper_controller]: Received & accepted new action goal
[ign gazebo-1] [INFO] [1790605464.448379551] [amir1.gripper_controller]: Received & accepted new action goal
[ign gazebo-1] [INFO] [1790605464.448498999] [amir2.gripper_controller]: Received & accepted new action goal
[coordinator-37] [INFO] [1790605464.619838508] [cooperative_coordinator]: Payload goal: x=0.552, y=-0.124, yaw=0.521
[ign gazebo-1] [INFO] [1790605464.734557373] [amir1.gripper_controller]: Received & accepted new action goal
[ign gazebo-1] [INFO] [1790605464.997705118] [amir1.gripper_controller]: Received & accepted new action goal
[ign gazebo-1] [INFO] [1790605464.997788302] [amir2.gripper_controller]: Received & accepted new action goal
[ign gazebo-1] [INFO] [1790605465.114440447] [amir1.gripper_controller]: Received & accepted new action goal
[ign gazebo-1] [INFO] [1790605465.114600439] [amir2.gripper_controller]: Received & accepted new action goal
[ign gazebo-1] [INFO] [1790605465.412992498] [amir1.gripper_controller]: Received & accepted new action goal
[ign gazebo-1] [INFO] [1790605465.413158194] [amir2.gripper_controller]: Received & accepted new action goal
[coordinator-37] [INFO] [1790605465.637333310] [cooperative_coordinator]: Payload goal: x=0.552, y=-0.124, yaw=0.521
[ign gazebo-1] [INFO] [1790605465.748431342] [amir1.gripper_controller]: Received & accepted new action goal
[ign gazebo-1] [INFO] [1790605465.748612154] [amir2.gripper_controller]: Received & accepted new action goal
[ign gazebo-1] [INFO] [1790605465.886934596] [amir1.gripper_controller]: Received & accepted new action goal
[ign gazebo-1] [INFO] [1790605465.886951517] [amir2.gripper_controller]: Received & accepted new action goal
[ign gazebo-1] [INFO] [1790605466.139939411] [amir1.gripper_controller]: Received & accepted new action goal
[ign gazebo-1] [INFO] [1790605466.140035643] [amir2.gripper_controller]: Received & accepted new action goal
[friction_grasp_manager-32] [WARN] [1790605466.418524272] [friction_grasp_manager]: amir1 finger force above 26.0 N; backing off.
[ign gazebo-1] [INFO] [1790605466.418739323] [amir1.gripper_controller]: Received & accepted new action goal
[ign gazebo-1] [INFO] [1790605466.418808923] [amir2.gripper_controller]: Received & accepted new action goal
[ign gazebo-1] [INFO] [1790605466.541499601] [amir1.gripper_controller]: Received & accepted new action goal
[coordinator-37] [INFO] [1790605466.645215120] [cooperative_coordinator]: Payload goal: x=0.552, y=-0.124, yaw=0.521
[ign gazebo-1] [INFO] [1790605466.754066101] [amir2.gripper_controller]: Received & accepted new action goal
[ign gazebo-1] [INFO] [1790605466.754086035] [amir1.gripper_controller]: Received & accepted new action goal
[ign gazebo-1] [INFO] [1790605467.185706435] [amir1.gripper_controller]: Received & accepted new action goal
[ign gazebo-1] [INFO] [1790605467.185769521] [amir2.gripper_controller]: Received & accepted new action goal
[ign gazebo-1] [INFO] [1790605467.317333629] [amir1.gripper_controller]: Received & accepted new action goal
[ign gazebo-1] [INFO] [1790605467.317334220] [amir2.gripper_controller]: Received & accepted new action goal
[coordinator-37] [INFO] [1790605467.655389462] [cooperative_coordinator]: Payload goal: x=0.553, y=-0.126, yaw=0.521
[ign gazebo-1] [INFO] [1790605467.782935655] [amir1.gripper_controller]: Received & accepted new action goal
[ign gazebo-1] [INFO] [1790605467.783016537] [amir2.gripper_controller]: Received & accepted new action goal
[ign gazebo-1] [INFO] [1790605468.257180399] [amir1.gripper_controller]: Received & accepted new action goal
[ign gazebo-1] [INFO] [1790605468.414441146] [amir1.gripper_controller]: Received & accepted new action goal
[ign gazebo-1] [INFO] [1790605468.414577568] [amir2.gripper_controller]: Received & accepted new action goal
[coordinator-37] [INFO] [1790605468.670234146] [cooperative_coordinator]: Payload goal: x=0.563, y=-0.145, yaw=0.521
[ign gazebo-1] [INFO] [1790605468.687022014] [amir1.gripper_controller]: Received & accepted new action goal
[ign gazebo-1] [INFO] [1790605468.687108253] [amir2.gripper_controller]: Received & accepted new action goal
[ign gazebo-1] [INFO] [1790605468.944935091] [amir1.gripper_controller]: Received & accepted new action goal
[ign gazebo-1] [INFO] [1790605468.945060249] [amir2.gripper_controller]: Received & accepted new action goal
[ign gazebo-1] [INFO] [1790605469.054637546] [amir1.gripper_controller]: Received & accepted new action goal
[ign gazebo-1] [INFO] [1790605469.054718577] [amir2.gripper_controller]: Received & accepted new action goal
[ign gazebo-1] [INFO] [1790605469.267846057] [amir1.gripper_controller]: Received & accepted new action goal
[ign gazebo-1] [INFO] [1790605469.267916939] [amir2.gripper_controller]: Received & accepted new action goal
[ign gazebo-1] [INFO] [1790605469.488202355] [amir1.gripper_controller]: Received & accepted new action goal
[ign gazebo-1] [INFO] [1790605469.647741264] [amir2.gripper_controller]: Received & accepted new action goal
[ign gazebo-1] [INFO] [1790605469.647773050] [amir1.gripper_controller]: Received & accepted new action goal
[coordinator-37] [INFO] [1790605469.678825689] [cooperative_coordinator]: Payload goal: x=0.563, y=-0.145, yaw=0.521
[ign gazebo-1] [INFO] [1790605469.953209302] [amir1.gripper_controller]: Received & accepted new action goal
[ign gazebo-1] [INFO] [1790605469.953331121] [amir2.gripper_controller]: Received & accepted new action goal
[ign gazebo-1] [INFO] [1790605470.666571150] [amir1.gripper_controller]: Received & accepted new action goal
[ign gazebo-1] [INFO] [1790605470.666729065] [amir2.gripper_controller]: Received & accepted new action goal
[coordinator-37] [INFO] [1790605470.682279612] [cooperative_coordinator]: Payload goal: x=0.563, y=-0.145, yaw=0.521
[ign gazebo-1] [INFO] [1790605471.154315621] [amir2.gripper_controller]: Received & accepted new action goal
[ign gazebo-1] [INFO] [1790605471.494851136] [amir1.gripper_controller]: Received & accepted new action goal
[ign gazebo-1] [INFO] [1790605471.494963661] [amir2.gripper_controller]: Received & accepted new action goal
[coordinator-37] [INFO] [1790605471.682703327] [cooperative_coordinator]: Payload goal: x=0.563, y=-0.145, yaw=0.521
[ign gazebo-1] [INFO] [1790605471.895530047] [amir1.gripper_controller]: Received & accepted new action goal
[ign gazebo-1] [INFO] [1790605471.895611748] [amir2.gripper_controller]: Received & accepted new action goal
[ign gazebo-1] [INFO] [1790605472.074382256] [amir1.gripper_controller]: Received & accepted new action goal
[friction_grasp_manager-32] [WARN] [1790605472.471247746] [friction_grasp_manager]: amir1 finger force above 26.0 N; backing off.
[ign gazebo-1] [INFO] [1790605472.471516995] [amir1.gripper_controller]: Received & accepted new action goal
[ign gazebo-1] [INFO] [1790605472.472118949] [amir2.gripper_controller]: Received & accepted new action goal
[ign gazebo-1] [INFO] [1790605472.588691391] [amir2.gripper_controller]: Received & accepted new action goal
[ign gazebo-1] [INFO] [1790605472.588708664] [amir1.gripper_controller]: Received & accepted new action goal
[coordinator-37] [INFO] [1790605472.696302394] [cooperative_coordinator]: Payload goal: x=0.574, y=-0.163, yaw=0.521
[ign gazebo-1] [INFO] [1790605472.851140891] [amir1.gripper_controller]: Received & accepted new action goal
[ign gazebo-1] [INFO] [1790605472.851246562] [amir2.gripper_controller]: Received & accepted new action goal
[ign gazebo-1] [INFO] [1790605473.166550252] [amir1.gripper_controller]: Received & accepted new action goal
[ign gazebo-1] [INFO] [1790605473.432872067] [amir2.gripper_controller]: Received & accepted new action goal
[ign gazebo-1] [INFO] [1790605473.432897953] [amir1.gripper_controller]: Received & accepted new action goal
[coordinator-37] [INFO] [1790605473.704688721] [cooperative_coordinator]: Payload goal: x=0.575, y=-0.165, yaw=0.521
[ign gazebo-1] [INFO] [1790605473.879588275] [amir1.gripper_controller]: Received & accepted new action goal
[ign gazebo-1] [INFO] [1790605473.879702359] [amir2.gripper_controller]: Received & accepted new action goal
[ign gazebo-1] [INFO] [1790605474.193328470] [amir1.gripper_controller]: Received & accepted new action goal
[ign gazebo-1] [INFO] [1790605474.193380109] [amir2.gripper_controller]: Received & accepted new action goal
[ign gazebo-1] [INFO] [1790605474.335723544] [amir1.gripper_controller]: Received & accepted new action goal
[ign gazebo-1] [INFO] [1790605474.335852909] [amir2.gripper_controller]: Received & accepted new action goal
[coordinator-37] [INFO] [1790605474.713967146] [cooperative_coordinator]: Payload goal: x=0.575, y=-0.165, yaw=0.521
[ign gazebo-1] [INFO] [1790605475.199698412] [amir1.gripper_controller]: Received & accepted new action goal
[ign gazebo-1] [INFO] [1790605475.499707384] [amir1.gripper_controller]: Received & accepted new action goal
[ign gazebo-1] [INFO] [1790605475.499862801] [amir2.gripper_controller]: Received & accepted new action goal
[coordinator-37] [INFO] [1790605475.725246318] [cooperative_coordinator]: Payload goal: x=0.575, y=-0.165, yaw=0.521
[ign gazebo-1] [INFO] [1790605475.824356486] [amir1.gripper_controller]: Received & accepted new action goal
[ign gazebo-1] [INFO] [1790605475.824654076] [amir2.gripper_controller]: Received & accepted new action goal
[ign gazebo-1] [INFO] [1790605475.944965547] [amir1.gripper_controller]: Received & accepted new action goal
[ign gazebo-1] [INFO] [1790605475.945163350] [amir2.gripper_controller]: Received & accepted new action goal
[ign gazebo-1] [INFO] [1790605476.237154324] [amir1.gripper_controller]: Received & accepted new action goal
[ign gazebo-1] [INFO] [1790605476.237254099] [amir2.gripper_controller]: Received & accepted new action goal
[ign gazebo-1] [INFO] [1790605476.588588897] [amir1.gripper_controller]: Received & accepted new action goal
[ign gazebo-1] [INFO] [1790605476.588598397] [amir2.gripper_controller]: Received & accepted new action goal
[ign gazebo-1] [INFO] [1790605476.697175433] [amir1.gripper_controller]: Received & accepted new action goal
[ign gazebo-1] [INFO] [1790605476.697201812] [amir2.gripper_controller]: Received & accepted new action goal
[coordinator-37] [INFO] [1790605476.733503709] [cooperative_coordinator]: Payload goal: x=0.580, y=-0.174, yaw=0.521
[ign gazebo-1] [INFO] [1790605476.961604818] [amir2.gripper_controller]: Received & accepted new action goal
[ign gazebo-1] [INFO] [1790605476.961647419] [amir1.gripper_controller]: Received & accepted new action goal
[ign gazebo-1] [INFO] [1790605477.344844854] [amir2.gripper_controller]: Received & accepted new action goal
[coordinator-37] [INFO] [1790605477.760005530] [cooperative_coordinator]: Payload goal: x=0.588, y=-0.187, yaw=0.521
[ign gazebo-1] [INFO] [1790605478.021538313] [amir2.gripper_controller]: Received & accepted new action goal
[coordinator-37] [INFO] [1790605478.771684393] [cooperative_coordinator]: Payload goal: x=0.588, y=-0.187, yaw=0.521
[ign gazebo-1] [INFO] [1790605479.474766655] [amir2.gripper_controller]: Received & accepted new action goal
[ign gazebo-1] [INFO] [1790605479.474851905] [amir1.gripper_controller]: Received & accepted new action goal
[ign gazebo-1] [INFO] [1790605479.631226854] [amir1.gripper_controller]: Received & accepted new action goal
[ign gazebo-1] [INFO] [1790605479.631339635] [amir2.gripper_controller]: Received & accepted new action goal
[coordinator-37] [INFO] [1790605479.776405830] [cooperative_coordinator]: Payload goal: x=0.588, y=-0.187, yaw=0.521
[ign gazebo-1] [INFO] [1790605480.082725227] [amir1.gripper_controller]: Received & accepted new action goal
[ign gazebo-1] [INFO] [1790605480.082849001] [amir2.gripper_controller]: Received & accepted new action goal
[ign gazebo-1] [INFO] [1790605480.765194498] [amir1.gripper_controller]: Received & accepted new action goal
[coordinator-37] [INFO] [1790605480.791548363] [cooperative_coordinator]: Payload goal: x=0.588, y=-0.187, yaw=0.521
[ign gazebo-1] [INFO] [1790605481.212295406] [amir1.gripper_controller]: Received & accepted new action goal
[ign gazebo-1] [INFO] [1790605481.212452645] [amir2.gripper_controller]: Received & accepted new action goal
[ign gazebo-1] [INFO] [1790605481.606593819] [amir1.gripper_controller]: Received & accepted new action goal
[ign gazebo-1] [INFO] [1790605481.606734592] [amir2.gripper_controller]: Received & accepted new action goal
[coordinator-37] [INFO] [1790605481.799230052] [cooperative_coordinator]: Payload goal: x=0.588, y=-0.187, yaw=0.521
[ign gazebo-1] [INFO] [1790605481.837591609] [amir1.gripper_controller]: Received & accepted new action goal
[ign gazebo-1] [INFO] [1790605481.837686878] [amir2.gripper_controller]: Received & accepted new action goal
[ign gazebo-1] [INFO] [1790605482.168450313] [amir1.gripper_controller]: Received & accepted new action goal
[ign gazebo-1] [INFO] [1790605482.168575570] [amir2.gripper_controller]: Received & accepted new action goal
[ign gazebo-1] [INFO] [1790605482.598999602] [amir2.gripper_controller]: Received & accepted new action goal
[coordinator-37] [INFO] [1790605482.806348497] [cooperative_coordinator]: Payload goal: x=0.591, y=-0.192, yaw=0.521
[ign gazebo-1] [INFO] [1790605482.844952407] [amir2.gripper_controller]: Received & accepted new action goal
[ign gazebo-1] [INFO] [1790605482.844965965] [amir1.gripper_controller]: Received & accepted new action goal
[ign gazebo-1] [INFO] [1790605483.286458322] [amir1.gripper_controller]: Received & accepted new action goal
[ign gazebo-1] [INFO] [1790605483.286739692] [amir2.gripper_controller]: Received & accepted new action goal
[ign gazebo-1] [INFO] [1790605483.724313856] [amir2.gripper_controller]: Received & accepted new action goal
[ign gazebo-1] [INFO] [1790605483.724315237] [amir1.gripper_controller]: Received & accepted new action goal
[coordinator-37] [INFO] [1790605483.810761575] [cooperative_coordinator]: Payload goal: x=0.600, y=-0.208, yaw=0.521
[ign gazebo-1] [INFO] [1790605483.849186112] [amir1.gripper_controller]: Received & accepted new action goal
[ign gazebo-1] [INFO] [1790605483.849237878] [amir2.gripper_controller]: Received & accepted new action goal
[ign gazebo-1] [INFO] [1790605484.101846902] [amir2.gripper_controller]: Received & accepted new action goal
[ign gazebo-1] [INFO] [1790605484.101870521] [amir1.gripper_controller]: Received & accepted new action goal
[ign gazebo-1] [INFO] [1790605484.420959553] [amir2.gripper_controller]: Received & accepted new action goal
[coordinator-37] [INFO] [1790605484.811630395] [cooperative_coordinator]: Payload goal: x=0.600, y=-0.208, yaw=0.521
[ign gazebo-1] [INFO] [1790605484.870711701] [amir1.gripper_controller]: Received & accepted new action goal
[ign gazebo-1] [INFO] [1790605484.870884710] [amir2.gripper_controller]: Received & accepted new action goal
[ign gazebo-1] [INFO] [1790605485.310625243] [amir1.gripper_controller]: Received & accepted new action goal
[coordinator-37] [INFO] [1790605485.819090054] [cooperative_coordinator]: Payload goal: x=0.600, y=-0.208, yaw=0.521
[coordinator-37] [INFO] [1790605486.833226288] [cooperative_coordinator]: Payload goal: x=0.600, y=-0.208, yaw=0.521
[ign gazebo-1] [INFO] [1790605487.676173917] [amir1.gripper_controller]: Received & accepted new action goal
[coordinator-37] [INFO] [1790605487.839015352] [cooperative_coordinator]: Payload goal: x=0.600, y=-0.208, yaw=0.521
[ign gazebo-1] [INFO] [1790605487.966095219] [amir1.gripper_controller]: Received & accepted new action goal
[ign gazebo-1] [INFO] [1790605488.116112032] [amir1.gripper_controller]: Received & accepted new action goal
[ign gazebo-1] [INFO] [1790605488.116190960] [amir2.gripper_controller]: Received & accepted new action goal
[ign gazebo-1] [INFO] [1790605488.460067063] [amir1.gripper_controller]: Received & accepted new action goal
[ign gazebo-1] [INFO] [1790605488.460224276] [amir2.gripper_controller]: Received & accepted new action goal
[friction_grasp_manager-32] [WARN] [1790605488.808428245] [friction_grasp_manager]: amir1 finger force above 26.0 N; backing off.
[ign gazebo-1] [INFO] [1790605488.808719368] [amir1.gripper_controller]: Received & accepted new action goal
[ign gazebo-1] [INFO] [1790605488.809387744] [amir2.gripper_controller]: Received & accepted new action goal
[coordinator-37] [INFO] [1790605488.847927457] [cooperative_coordinator]: Payload goal: x=0.611, y=-0.228, yaw=0.521
[ign gazebo-1] [INFO] [1790605488.932299524] [amir1.gripper_controller]: Received & accepted new action goal
[ign gazebo-1] [INFO] [1790605489.250549385] [amir1.gripper_controller]: Received & accepted new action goal
[ign gazebo-1] [INFO] [1790605489.250792924] [amir2.gripper_controller]: Received & accepted new action goal
[ign gazebo-1] [INFO] [1790605489.559323109] [amir1.gripper_controller]: Received & accepted new action goal
[ign gazebo-1] [INFO] [1790605489.559436318] [amir2.gripper_controller]: Received & accepted new action goal
[ign gazebo-1] [INFO] [1790605489.699945025] [amir1.gripper_controller]: Received & accepted new action goal
[coordinator-37] [INFO] [1790605489.860899478] [cooperative_coordinator]: Payload goal: x=0.611, y=-0.228, yaw=0.521
[ign gazebo-1] [INFO] [1790605490.010936087] [amir1.gripper_controller]: Received & accepted new action goal
[ign gazebo-1] [INFO] [1790605490.010967664] [amir2.gripper_controller]: Received & accepted new action goal
[ign gazebo-1] [INFO] [1790605490.417884067] [amir1.gripper_controller]: Received & accepted new action goal
[ign gazebo-1] [INFO] [1790605490.417948373] [amir2.gripper_controller]: Received & accepted new action goal
[ign gazebo-1] [INFO] [1790605490.631348282] [amir1.gripper_controller]: Received & accepted new action goal
[ign gazebo-1] [INFO] [1790605490.631610891] [amir2.gripper_controller]: Received & accepted new action goal
[coordinator-37] [INFO] [1790605490.878856472] [cooperative_coordinator]: Payload goal: x=0.611, y=-0.228, yaw=0.521
[ign gazebo-1] [INFO] [1790605490.965846672] [amir1.gripper_controller]: Received & accepted new action goal
[ign gazebo-1] [INFO] [1790605490.965859580] [amir2.gripper_controller]: Received & accepted new action goal
[ign gazebo-1] [INFO] [1790605491.373071498] [amir1.gripper_controller]: Received & accepted new action goal
[ign gazebo-1] [INFO] [1790605491.373118707] [amir2.gripper_controller]: Received & accepted new action goal
[ign gazebo-1] [INFO] [1790605491.582440290] [amir1.gripper_controller]: Received & accepted new action goal
[ign gazebo-1] [INFO] [1790605491.582506069] [amir2.gripper_controller]: Received & accepted new action goal
[coordinator-37] [INFO] [1790605491.900902667] [cooperative_coordinator]: Payload goal: x=0.611, y=-0.228, yaw=0.521
[ign gazebo-1] [INFO] [1790605492.066154412] [amir1.gripper_controller]: Received & accepted new action goal
[ign gazebo-1] [INFO] [1790605492.066232469] [amir2.gripper_controller]: Received & accepted new action goal
[ign gazebo-1] [INFO] [1790605492.492638534] [amir1.gripper_controller]: Received & accepted new action goal
[ign gazebo-1] [INFO] [1790605492.492639856] [amir2.gripper_controller]: Received & accepted new action goal
[ign gazebo-1] [INFO] [1790605492.643145795] [amir2.gripper_controller]: Received & accepted new action goal
[coordinator-37] [INFO] [1790605492.904235440] [cooperative_coordinator]: Payload goal: x=0.611, y=-0.228, yaw=0.521
[ign gazebo-1] [INFO] [1790605493.043380976] [amir1.gripper_controller]: Received & accepted new action goal
[ign gazebo-1] [INFO] [1790605493.043388338] [amir2.gripper_controller]: Received & accepted new action goal
[ign gazebo-1] [INFO] [1790605493.480144945] [amir1.gripper_controller]: Received & accepted new action goal
[ign gazebo-1] [INFO] [1790605493.480209417] [amir2.gripper_controller]: Received & accepted new action goal
[ign gazebo-1] [INFO] [1790605493.699443128] [amir1.gripper_controller]: Received & accepted new action goal
[ign gazebo-1] [INFO] [1790605493.699565937] [amir2.gripper_controller]: Received & accepted new action goal
[coordinator-37] [INFO] [1790605493.913038465] [cooperative_coordinator]: Payload goal: x=0.618, y=-0.240, yaw=0.521
[ign gazebo-1] [INFO] [1790605494.126732632] [amir1.gripper_controller]: Received & accepted new action goal
[ign gazebo-1] [INFO] [1790605494.126733411] [amir2.gripper_controller]: Received & accepted new action goal
[ign gazebo-1] [INFO] [1790605494.469524121] [amir1.gripper_controller]: Received & accepted new action goal
[ign gazebo-1] [INFO] [1790605494.471994326] [amir2.gripper_controller]: Received & accepted new action goal
[ign gazebo-1] [INFO] [1790605494.651806926] [amir1.gripper_controller]: Received & accepted new action goal
[ign gazebo-1] [INFO] [1790605494.651941786] [amir2.gripper_controller]: Received & accepted new action goal
[coordinator-37] [INFO] [1790605494.917414546] [cooperative_coordinator]: Payload goal: x=0.625, y=-0.252, yaw=0.521
[ign gazebo-1] [INFO] [1790605495.047889541] [amir2.gripper_controller]: Received & accepted new action goal
[ign gazebo-1] [INFO] [1790605495.047977080] [amir1.gripper_controller]: Received & accepted new action goal
[ign gazebo-1] [INFO] [1790605495.399707655] [amir1.gripper_controller]: Received & accepted new action goal
[ign gazebo-1] [INFO] [1790605495.399739882] [amir2.gripper_controller]: Received & accepted new action goal
[ign gazebo-1] [INFO] [1790605495.616262796] [amir2.gripper_controller]: Received & accepted new action goal
[ign gazebo-1] [INFO] [1790605495.616274747] [amir1.gripper_controller]: Received & accepted new action goal
[coordinator-37] [INFO] [1790605495.939047740] [cooperative_coordinator]: Payload goal: x=0.625, y=-0.252, yaw=0.521
[ign gazebo-1] [INFO] [1790605496.050582495] [amir1.gripper_controller]: Received & accepted new action goal
[ign gazebo-1] [INFO] [1790605496.050629490] [amir2.gripper_controller]: Received & accepted new action goal
[ign gazebo-1] [INFO] [1790605496.480865785] [amir1.gripper_controller]: Received & accepted new action goal
[ign gazebo-1] [INFO] [1790605496.480968371] [amir2.gripper_controller]: Received & accepted new action goal
[ign gazebo-1] [INFO] [1790605496.692936488] [amir2.gripper_controller]: Received & accepted new action goal
[ign gazebo-1] [INFO] [1790605496.692936484] [amir1.gripper_controller]: Received & accepted new action goal
[coordinator-37] [INFO] [1790605496.963763675] [cooperative_coordinator]: Payload goal: x=0.625, y=-0.252, yaw=0.521
[ign gazebo-1] [INFO] [1790605497.134805138] [amir2.gripper_controller]: Received & accepted new action goal
[ign gazebo-1] [INFO] [1790605497.134891870] [amir1.gripper_controller]: Received & accepted new action goal
[ign gazebo-1] [INFO] [1790605497.565100048] [amir2.gripper_controller]: Received & accepted new action goal
[ign gazebo-1] [INFO] [1790605497.565218358] [amir1.gripper_controller]: Received & accepted new action goal
[ign gazebo-1] [INFO] [1790605497.844951456] [amir2.gripper_controller]: Received & accepted new action goal
[ign gazebo-1] [INFO] [1790605497.844951408] [amir1.gripper_controller]: Received & accepted new action goal
[coordinator-37] [INFO] [1790605497.976147535] [cooperative_coordinator]: Payload goal: x=0.625, y=-0.252, yaw=0.521
[ign gazebo-1] [INFO] [1790605498.220274402] [amir1.gripper_controller]: Received & accepted new action goal
[ign gazebo-1] [INFO] [1790605498.220553210] [amir2.gripper_controller]: Received & accepted new action goal
[ign gazebo-1] [INFO] [1790605498.625054009] [amir1.gripper_controller]: Received & accepted new action goal
[ign gazebo-1] [INFO] [1790605498.625229056] [amir2.gripper_controller]: Received & accepted new action goal
[ign gazebo-1] [INFO] [1790605498.782252759] [amir1.gripper_controller]: Received & accepted new action goal
[coordinator-37] [INFO] [1790605498.987360636] [cooperative_coordinator]: Payload goal: x=0.625, y=-0.252, yaw=0.521
[ign gazebo-1] [INFO] [1790605499.158906495] [amir1.gripper_controller]: Received & accepted new action goal
[ign gazebo-1] [INFO] [1790605499.158941729] [amir2.gripper_controller]: Received & accepted new action goal
[ign gazebo-1] [INFO] [1790605499.573671797] [amir1.gripper_controller]: Received & accepted new action goal
[ign gazebo-1] [INFO] [1790605499.573760762] [amir2.gripper_controller]: Received & accepted new action goal
[ign gazebo-1] [INFO] [1790605499.774896673] [amir1.gripper_controller]: Received & accepted new action goal
[ign gazebo-1] [INFO] [1790605499.774994906] [amir2.gripper_controller]: Received & accepted new action goal
[coordinator-37] [INFO] [1790605499.988423163] [cooperative_coordinator]: Payload goal: x=0.625, y=-0.252, yaw=0.521
[ign gazebo-1] [INFO] [1790605500.259539087] [amir1.gripper_controller]: Received & accepted new action goal
[ign gazebo-1] [INFO] [1790605500.259599562] [amir2.gripper_controller]: Received & accepted new action goal
[ign gazebo-1] [INFO] [1790605500.699805312] [amir1.gripper_controller]: Received & accepted new action goal
[ign gazebo-1] [INFO] [1790605500.699944685] [amir2.gripper_controller]: Received & accepted new action goal
[ign gazebo-1] [INFO] [1790605500.890440257] [amir1.gripper_controller]: Received & accepted new action goal
[ign gazebo-1] [INFO] [1790605500.890693423] [amir2.gripper_controller]: Received & accepted new action goal
[coordinator-37] [INFO] [1790605500.992935280] [cooperative_coordinator]: Payload goal: x=0.629, y=-0.258, yaw=0.521
[ign gazebo-1] [INFO] [1790605501.280385574] [amir1.gripper_controller]: Received & accepted new action goal
[ign gazebo-1] [INFO] [1790605501.280440453] [amir2.gripper_controller]: Received & accepted new action goal
[ign gazebo-1] [INFO] [1790605501.525609004] [amir1.gripper_controller]: Received & accepted new action goal
[ign gazebo-1] [INFO] [1790605501.525727271] [amir2.gripper_controller]: Received & accepted new action goal
[ign gazebo-1] [INFO] [1790605501.678242619] [amir2.gripper_controller]: Received & accepted new action goal
[ign gazebo-1] [INFO] [1790605501.678258794] [amir1.gripper_controller]: Received & accepted new action goal
[coordinator-37] [INFO] [1790605502.006712507] [cooperative_coordinator]: Payload goal: x=0.630, y=-0.260, yaw=0.521
[ign gazebo-1] [INFO] [1790605502.061708383] [amir1.gripper_controller]: Received & accepted new action goal
[ign gazebo-1] [INFO] [1790605502.061724362] [amir2.gripper_controller]: Received & accepted new action goal
[ign gazebo-1] [INFO] [1790605502.488110484] [amir1.gripper_controller]: Received & accepted new action goal
[ign gazebo-1] [INFO] [1790605502.488488080] [amir2.gripper_controller]: Received & accepted new action goal
[ign gazebo-1] [INFO] [1790605502.712377360] [amir1.gripper_controller]: Received & accepted new action goal
[ign gazebo-1] [INFO] [1790605502.712404500] [amir2.gripper_controller]: Received & accepted new action goal
[coordinator-37] [INFO] [1790605503.010589873] [cooperative_coordinator]: Payload goal: x=0.630, y=-0.260, yaw=0.521
[ign gazebo-1] [INFO] [1790605503.128403622] [amir1.gripper_controller]: Received & accepted new action goal
[ign gazebo-1] [INFO] [1790605503.128655542] [amir2.gripper_controller]: Received & accepted new action goal
[ign gazebo-1] [INFO] [1790605503.474494133] [amir2.gripper_controller]: Received & accepted new action goal
[ign gazebo-1] [INFO] [1790605503.474530890] [amir1.gripper_controller]: Received & accepted new action goal
[ign gazebo-1] [INFO] [1790605503.668803248] [amir1.gripper_controller]: Received & accepted new action goal
[ign gazebo-1] [INFO] [1790605503.668858993] [amir2.gripper_controller]: Received & accepted new action goal
[ign gazebo-1] [INFO] [1790605504.020085720] [amir1.gripper_controller]: Received & accepted new action goal
[ign gazebo-1] [INFO] [1790605504.020272064] [amir2.gripper_controller]: Received & accepted new action goal
[coordinator-37] [INFO] [1790605504.021091881] [cooperative_coordinator]: Payload goal: x=0.630, y=-0.260, yaw=0.521
[ign gazebo-1] [INFO] [1790605504.266737368] [amir1.gripper_controller]: Received & accepted new action goal
[ign gazebo-1] [INFO] [1790605504.266776405] [amir2.gripper_controller]: Received & accepted new action goal
[ign gazebo-1] [INFO] [1790605504.421994899] [amir1.gripper_controller]: Received & accepted new action goal
[ign gazebo-1] [INFO] [1790605504.422010222] [amir2.gripper_controller]: Received & accepted new action goal
[rotation_controller-6] [INFO] [1790605504.572692716] [cooperative_rotation_controller]: シーケンス終了: 搬送（横方向直進）
[rotation_controller-6] [INFO] [1790605504.572911964] [cooperative_rotation_controller]: シーケンス開始: 搬送完了
[pivot_rotation_controller-7] [INFO] [1790605504.620500053] [pivot_rotation_controller]: Pivot rotation started around amir1 (A)
[coordinator-37] [INFO] [1790605504.621198236] [cooperative_coordinator]: Base command control handed to pivot rotation
[ign gazebo-1] [INFO] [1790605504.835597768] [amir1.gripper_controller]: Received & accepted new action goal
[ign gazebo-1] [INFO] [1790605504.835779013] [amir2.gripper_controller]: Received & accepted new action goal
[ign gazebo-1] [INFO] [1790605505.183694216] [amir1.gripper_controller]: Received & accepted new action goal
[ign gazebo-1] [INFO] [1790605505.183734586] [amir2.gripper_controller]: Received & accepted new action goal
[ign gazebo-1] [INFO] [1790605505.390857747] [amir1.gripper_controller]: Received & accepted new action goal
[ign gazebo-1] [INFO] [1790605505.390942854] [amir2.gripper_controller]: Received & accepted new action goal
[ign gazebo-1] [INFO] [1790605505.827517064] [amir1.gripper_controller]: Received & accepted new action goal
[ign gazebo-1] [INFO] [1790605505.827575021] [amir2.gripper_controller]: Received & accepted new action goal
[ign gazebo-1] [INFO] [1790605506.305025021] [amir1.gripper_controller]: Received & accepted new action goal
[ign gazebo-1] [INFO] [1790605506.305236270] [amir2.gripper_controller]: Received & accepted new action goal
[ign gazebo-1] [INFO] [1790605506.499960849] [amir1.gripper_controller]: Received & accepted new action goal
[ign gazebo-1] [INFO] [1790605506.500023471] [amir2.gripper_controller]: Received & accepted new action goal
[ign gazebo-1] [INFO] [1790605506.816998943] [amir1.gripper_controller]: Received & accepted new action goal
[ign gazebo-1] [INFO] [1790605506.817102809] [amir2.gripper_controller]: Received & accepted new action goal
[ign gazebo-1] [INFO] [1790605507.229308192] [amir1.gripper_controller]: Received & accepted new action goal
[ign gazebo-1] [INFO] [1790605507.229380239] [amir2.gripper_controller]: Received & accepted new action goal
[ign gazebo-1] [INFO] [1790605507.445311050] [amir1.gripper_controller]: Received & accepted new action goal
[ign gazebo-1] [INFO] [1790605507.445362851] [amir2.gripper_controller]: Received & accepted new action goal
[ign gazebo-1] [INFO] [1790605507.927751031] [amir1.gripper_controller]: Received & accepted new action goal
[ign gazebo-1] [INFO] [1790605507.927891898] [amir2.gripper_controller]: Received & accepted new action goal
[ign gazebo-1] [INFO] [1790605508.478161109] [amir1.gripper_controller]: Received & accepted new action goal
[ign gazebo-1] [INFO] [1790605508.478500392] [amir2.gripper_controller]: Received & accepted new action goal
[ign gazebo-1] [INFO] [1790605508.695673096] [amir1.gripper_controller]: Received & accepted new action goal
[ign gazebo-1] [INFO] [1790605508.695708911] [amir2.gripper_controller]: Received & accepted new action goal
[ign gazebo-1] [INFO] [1790605509.245523720] [amir1.gripper_controller]: Received & accepted new action goal
[ign gazebo-1] [INFO] [1790605509.245708242] [amir2.gripper_controller]: Received & accepted new action goal
[ign gazebo-1] [INFO] [1790605509.571703647] [amir1.gripper_controller]: Received & accepted new action goal
[ign gazebo-1] [INFO] [1790605509.713174748] [amir2.gripper_controller]: Received & accepted new action goal
[ign gazebo-1] [INFO] [1790605509.713201783] [amir1.gripper_controller]: Received & accepted new action goal
[ign gazebo-1] [INFO] [1790605510.046030615] [amir1.gripper_controller]: Received & accepted new action goal
[ign gazebo-1] [INFO] [1790605510.398473128] [amir1.gripper_controller]: Received & accepted new action goal
[ign gazebo-1] [INFO] [1790605510.398673086] [amir2.gripper_controller]: Received & accepted new action goal
[ign gazebo-1] [INFO] [1790605510.624147609] [amir1.gripper_controller]: Received & accepted new action goal
[ign gazebo-1] [INFO] [1790605510.624454833] [amir2.gripper_controller]: Received & accepted new action goal
[ign gazebo-1] [INFO] [1790605511.055713452] [amir1.gripper_controller]: Received & accepted new action goal
[ign gazebo-1] [INFO] [1790605511.055718994] [amir2.gripper_controller]: Received & accepted new action goal
[ign gazebo-1] [INFO] [1790605511.459715200] [amir1.gripper_controller]: Received & accepted new action goal
[ign gazebo-1] [INFO] [1790605511.459854024] [amir2.gripper_controller]: Received & accepted new action goal
[ign gazebo-1] [INFO] [1790605511.667543084] [amir1.gripper_controller]: Received & accepted new action goal
[ign gazebo-1] [INFO] [1790605511.667650924] [amir2.gripper_controller]: Received & accepted new action goal
[ign gazebo-1] [INFO] [1790605512.097735180] [amir1.gripper_controller]: Received & accepted new action goal
[ign gazebo-1] [INFO] [1790605512.097735226] [amir2.gripper_controller]: Received & accepted new action goal
[ign gazebo-1] [INFO] [1790605512.527416568] [amir2.gripper_controller]: Received & accepted new action goal
[ign gazebo-1] [INFO] [1790605512.527479850] [amir1.gripper_controller]: Received & accepted new action goal
[ign gazebo-1] [INFO] [1790605512.801317773] [amir1.gripper_controller]: Received & accepted new action goal
[ign gazebo-1] [INFO] [1790605512.801418114] [amir2.gripper_controller]: Received & accepted new action goal
[ign gazebo-1] [INFO] [1790605513.075508214] [amir1.gripper_controller]: Received & accepted new action goal
[ign gazebo-1] [INFO] [1790605513.439298983] [amir1.gripper_controller]: Received & accepted new action goal
[ign gazebo-1] [INFO] [1790605513.439324150] [amir2.gripper_controller]: Received & accepted new action goal
[ign gazebo-1] [INFO] [1790605513.630219998] [amir1.gripper_controller]: Received & accepted new action goal
[friction_grasp_manager-32] [WARN] [1790605513.630550863] [friction_grasp_manager]: amir2 finger force above 26.0 N; backing off.
[ign gazebo-1] [INFO] [1790605513.630729108] [amir2.gripper_controller]: Received & accepted new action goal
[ign gazebo-1] [INFO] [1790605513.881738477] [amir2.gripper_controller]: Received & accepted new action goal
[ign gazebo-1] [INFO] [1790605514.315648573] [amir2.gripper_controller]: Received & accepted new action goal
[ign gazebo-1] [INFO] [1790605514.315653420] [amir1.gripper_controller]: Received & accepted new action goal
[ign gazebo-1] [INFO] [1790605514.469779485] [amir1.gripper_controller]: Received & accepted new action goal
[ign gazebo-1] [INFO] [1790605514.469910478] [amir2.gripper_controller]: Received & accepted new action goal
[ign gazebo-1] [INFO] [1790605514.864476543] [amir1.gripper_controller]: Received & accepted new action goal
[ign gazebo-1] [INFO] [1790605514.864476914] [amir2.gripper_controller]: Received & accepted new action goal
[ign gazebo-1] [INFO] [1790605515.358207431] [amir1.gripper_controller]: Received & accepted new action goal
[ign gazebo-1] [INFO] [1790605515.358275162] [amir2.gripper_controller]: Received & accepted new action goal
[ign gazebo-1] [INFO] [1790605515.510797881] [amir1.gripper_controller]: Received & accepted new action goal
[friction_grasp_manager-32] [WARN] [1790605515.511333183] [friction_grasp_manager]: amir2 finger force above 26.0 N; backing off.
[ign gazebo-1] [INFO] [1790605515.511600727] [amir2.gripper_controller]: Received & accepted new action goal
[ign gazebo-1] [INFO] [1790605515.750079431] [amir1.gripper_controller]: Received & accepted new action goal
[ign gazebo-1] [INFO] [1790605515.750282048] [amir2.gripper_controller]: Received & accepted new action goal
[ign gazebo-1] [INFO] [1790605516.048889859] [amir1.gripper_controller]: Received & accepted new action goal
[ign gazebo-1] [INFO] [1790605516.478652738] [amir1.gripper_controller]: Received & accepted new action goal
[ign gazebo-1] [INFO] [1790605516.478706660] [amir2.gripper_controller]: Received & accepted new action goal
[ign gazebo-1] [INFO] [1790605516.755938593] [amir1.gripper_controller]: Received & accepted new action goal
[ign gazebo-1] [INFO] [1790605516.756079932] [amir2.gripper_controller]: Received & accepted new action goal
[ign gazebo-1] [INFO] [1790605516.921929322] [amir1.gripper_controller]: Received & accepted new action goal
[ign gazebo-1] [INFO] [1790605516.922080367] [amir2.gripper_controller]: Received & accepted new action goal
[ign gazebo-1] [INFO] [1790605517.329718617] [amir1.gripper_controller]: Received & accepted new action goal
[ign gazebo-1] [INFO] [1790605517.329728521] [amir2.gripper_controller]: Received & accepted new action goal
[ign gazebo-1] [INFO] [1790605517.687350733] [amir1.gripper_controller]: Received & accepted new action goal
[ign gazebo-1] [INFO] [1790605517.838168413] [amir1.gripper_controller]: Received & accepted new action goal
[ign gazebo-1] [INFO] [1790605517.838301353] [amir2.gripper_controller]: Received & accepted new action goal
[ign gazebo-1] [INFO] [1790605518.224015456] [amir1.gripper_controller]: Received & accepted new action goal
[ign gazebo-1] [INFO] [1790605518.622835192] [amir1.gripper_controller]: Received & accepted new action goal
[ign gazebo-1] [INFO] [1790605518.622917092] [amir2.gripper_controller]: Received & accepted new action goal
[ign gazebo-1] [INFO] [1790605518.884034900] [amir1.gripper_controller]: Received & accepted new action goal
[ign gazebo-1] [INFO] [1790605518.884104980] [amir2.gripper_controller]: Received & accepted new action goal
[ign gazebo-1] [INFO] [1790605519.388666875] [amir1.gripper_controller]: Received & accepted new action goal
[ign gazebo-1] [INFO] [1790605519.388731442] [amir2.gripper_controller]: Received & accepted new action goal
[ign gazebo-1] [INFO] [1790605519.813600997] [amir1.gripper_controller]: Received & accepted new action goal
[ign gazebo-1] [INFO] [1790605519.813712076] [amir2.gripper_controller]: Received & accepted new action goal
[ign gazebo-1] [INFO] [1790605520.081512853] [amir1.gripper_controller]: Received & accepted new action goal
[ign gazebo-1] [INFO] [1790605520.081693190] [amir2.gripper_controller]: Received & accepted new action goal
[ign gazebo-1] [INFO] [1790605520.533515311] [amir2.gripper_controller]: Received & accepted new action goal
[ign gazebo-1] [INFO] [1790605520.533629684] [amir1.gripper_controller]: Received & accepted new action goal
[ign gazebo-1] [INFO] [1790605521.065499444] [amir1.gripper_controller]: Received & accepted new action goal
[ign gazebo-1] [INFO] [1790605521.065514328] [amir2.gripper_controller]: Received & accepted new action goal
[ign gazebo-1] [INFO] [1790605521.298310475] [amir1.gripper_controller]: Received & accepted new action goal
[ign gazebo-1] [INFO] [1790605521.298446809] [amir2.gripper_controller]: Received & accepted new action goal
[ign gazebo-1] [INFO] [1790605521.721479050] [amir1.gripper_controller]: Received & accepted new action goal
[ign gazebo-1] [INFO] [1790605521.721545729] [amir2.gripper_controller]: Received & accepted new action goal
[ign gazebo-1] [INFO] [1790605522.066976865] [amir1.gripper_controller]: Received & accepted new action goal
[ign gazebo-1] [INFO] [1790605522.067117215] [amir2.gripper_controller]: Received & accepted new action goal
[ign gazebo-1] [INFO] [1790605522.293386802] [amir1.gripper_controller]: Received & accepted new action goal
[ign gazebo-1] [INFO] [1790605522.293479089] [amir2.gripper_controller]: Received & accepted new action goal
[ign gazebo-1] [INFO] [1790605522.743840614] [amir1.gripper_controller]: Received & accepted new action goal
[ign gazebo-1] [INFO] [1790605522.743918056] [amir2.gripper_controller]: Received & accepted new action goal
[ign gazebo-1] [INFO] [1790605523.259966443] [amir2.gripper_controller]: Received & accepted new action goal
[ign gazebo-1] [INFO] [1790605523.259986464] [amir1.gripper_controller]: Received & accepted new action goal
[ign gazebo-1] [INFO] [1790605523.501805645] [amir1.gripper_controller]: Received & accepted new action goal
[ign gazebo-1] [INFO] [1790605523.501912899] [amir2.gripper_controller]: Received & accepted new action goal
[ign gazebo-1] [INFO] [1790605524.030286202] [amir1.gripper_controller]: Received & accepted new action goal
[ign gazebo-1] [INFO] [1790605524.030353832] [amir2.gripper_controller]: Received & accepted new action goal
[ign gazebo-1] [INFO] [1790605524.530122924] [amir1.gripper_controller]: Received & accepted new action goal
[ign gazebo-1] [INFO] [1790605524.530204693] [amir2.gripper_controller]: Received & accepted new action goal
[ign gazebo-1] [INFO] [1790605524.765516731] [amir1.gripper_controller]: Received & accepted new action goal
[ign gazebo-1] [INFO] [1790605524.765612145] [amir2.gripper_controller]: Received & accepted new action goal
[ign gazebo-1] [INFO] [1790605525.060411489] [amir1.gripper_controller]: Received & accepted new action goal
[ign gazebo-1] [INFO] [1790605525.060661322] [amir2.gripper_controller]: Received & accepted new action goal
[ign gazebo-1] [INFO] [1790605525.510469146] [amir1.gripper_controller]: Received & accepted new action goal
[ign gazebo-1] [INFO] [1790605525.510589082] [amir2.gripper_controller]: Received & accepted new action goal
[ign gazebo-1] [INFO] [1790605525.710675874] [amir1.gripper_controller]: Received & accepted new action goal
[ign gazebo-1] [INFO] [1790605525.710722944] [amir2.gripper_controller]: Received & accepted new action goal
[ign gazebo-1] [INFO] [1790605526.192891146] [amir2.gripper_controller]: Received & accepted new action goal
[ign gazebo-1] [INFO] [1790605526.192895357] [amir1.gripper_controller]: Received & accepted new action goal
[ign gazebo-1] [INFO] [1790605526.768815884] [amir1.gripper_controller]: Received & accepted new action goal
[ign gazebo-1] [INFO] [1790605526.768931347] [amir2.gripper_controller]: Received & accepted new action goal
[ign gazebo-1] [INFO] [1790605526.927526010] [amir1.gripper_controller]: Received & accepted new action goal
[ign gazebo-1] [INFO] [1790605526.927609150] [amir2.gripper_controller]: Received & accepted new action goal
[ign gazebo-1] [INFO] [1790605527.213263720] [amir2.gripper_controller]: Received & accepted new action goal
[ign gazebo-1] [INFO] [1790605527.568159285] [amir2.gripper_controller]: Received & accepted new action goal
[ign gazebo-1] [INFO] [1790605527.793479929] [amir2.gripper_controller]: Received & accepted new action goal
[ign gazebo-1] [INFO] [1790605528.255470903] [amir1.gripper_controller]: Received & accepted new action goal
[ign gazebo-1] [INFO] [1790605528.255519263] [amir2.gripper_controller]: Received & accepted new action goal
[ign gazebo-1] [INFO] [1790605528.708481086] [amir1.gripper_controller]: Received & accepted new action goal
[ign gazebo-1] [INFO] [1790605528.708575692] [amir2.gripper_controller]: Received & accepted new action goal
[ign gazebo-1] [INFO] [1790605528.923756963] [amir1.gripper_controller]: Received & accepted new action goal
[ign gazebo-1] [INFO] [1790605528.923797982] [amir2.gripper_controller]: Received & accepted new action goal
[ign gazebo-1] [INFO] [1790605529.255506804] [amir1.gripper_controller]: Received & accepted new action goal
[ign gazebo-1] [INFO] [1790605529.255539955] [amir2.gripper_controller]: Received & accepted new action goal
[ign gazebo-1] [INFO] [1790605529.707892728] [amir1.gripper_controller]: Received & accepted new action goal
[ign gazebo-1] [INFO] [1790605529.707988163] [amir2.gripper_controller]: Received & accepted new action goal
[ign gazebo-1] [INFO] [1790605529.974721619] [amir1.gripper_controller]: Received & accepted new action goal
[ign gazebo-1] [INFO] [1790605529.974752673] [amir2.gripper_controller]: Received & accepted new action goal
[ign gazebo-1] [INFO] [1790605530.495629331] [amir1.gripper_controller]: Received & accepted new action goal
[ign gazebo-1] [INFO] [1790605530.495689817] [amir2.gripper_controller]: Received & accepted new action goal
[ign gazebo-1] [INFO] [1790605531.010957135] [amir1.gripper_controller]: Received & accepted new action goal
[ign gazebo-1] [INFO] [1790605531.010984078] [amir2.gripper_controller]: Received & accepted new action goal
[ign gazebo-1] [INFO] [1790605531.238154350] [amir1.gripper_controller]: Received & accepted new action goal
[ign gazebo-1] [INFO] [1790605531.238228633] [amir2.gripper_controller]: Received & accepted new action goal
[ign gazebo-1] [INFO] [1790605531.714793079] [amir2.gripper_controller]: Received & accepted new action goal
[ign gazebo-1] [INFO] [1790605531.714846598] [amir1.gripper_controller]: Received & accepted new action goal
[ign gazebo-1] [INFO] [1790605532.214025195] [amir1.gripper_controller]: Received & accepted new action goal
[ign gazebo-1] [INFO] [1790605532.214328064] [amir2.gripper_controller]: Received & accepted new action goal
[ign gazebo-1] [INFO] [1790605532.380603963] [amir1.gripper_controller]: Received & accepted new action goal
[ign gazebo-1] [INFO] [1790605532.381176009] [amir2.gripper_controller]: Received & accepted new action goal
[ign gazebo-1] [INFO] [1790605532.841665360] [amir1.gripper_controller]: Received & accepted new action goal
[ign gazebo-1] [INFO] [1790605532.841769402] [amir2.gripper_controller]: Received & accepted new action goal
[ign gazebo-1] [INFO] [1790605533.241967892] [amir1.gripper_controller]: Received & accepted new action goal
[ign gazebo-1] [INFO] [1790605533.242008002] [amir2.gripper_controller]: Received & accepted new action goal
[ign gazebo-1] [INFO] [1790605533.365440059] [amir2.gripper_controller]: Received & accepted new action goal
[ign gazebo-1] [INFO] [1790605533.644841289] [amir1.gripper_controller]: Received & accepted new action goal
[ign gazebo-1] [INFO] [1790605533.644974033] [amir2.gripper_controller]: Received & accepted new action goal
[ign gazebo-1] [INFO] [1790605533.973008034] [amir1.gripper_controller]: Received & accepted new action goal
[ign gazebo-1] [INFO] [1790605533.973302541] [amir2.gripper_controller]: Received & accepted new action goal
[ign gazebo-1] [INFO] [1790605534.088376758] [amir1.gripper_controller]: Received & accepted new action goal
[ign gazebo-1] [INFO] [1790605534.088396980] [amir2.gripper_controller]: Received & accepted new action goal
[ign gazebo-1] [INFO] [1790605534.378244736] [amir2.gripper_controller]: Received & accepted new action goal
[ign gazebo-1] [INFO] [1790605534.378332974] [amir1.gripper_controller]: Received & accepted new action goal
[ign gazebo-1] [INFO] [1790605534.724846086] [amir1.gripper_controller]: Received & accepted new action goal
[ign gazebo-1] [INFO] [1790605534.724964448] [amir2.gripper_controller]: Received & accepted new action goal
[ign gazebo-1] [INFO] [1790605534.894607409] [amir1.gripper_controller]: Received & accepted new action goal
[ign gazebo-1] [INFO] [1790605534.894716271] [amir2.gripper_controller]: Received & accepted new action goal
[ign gazebo-1] [INFO] [1790605535.349039448] [amir2.gripper_controller]: Received & accepted new action goal
[ign gazebo-1] [INFO] [1790605535.349138069] [amir1.gripper_controller]: Received & accepted new action goal
[ign gazebo-1] [INFO] [1790605535.690188662] [amir1.gripper_controller]: Received & accepted new action goal
[ign gazebo-1] [INFO] [1790605535.690327995] [amir2.gripper_controller]: Received & accepted new action goal
[ign gazebo-1] [INFO] [1790605535.831423977] [amir1.gripper_controller]: Received & accepted new action goal
[ign gazebo-1] [INFO] [1790605535.831484802] [amir2.gripper_controller]: Received & accepted new action goal
[ign gazebo-1] [INFO] [1790605536.205028300] [amir2.gripper_controller]: Received & accepted new action goal
[ign gazebo-1] [INFO] [1790605536.428304322] [amir1.gripper_controller]: Received & accepted new action goal
[ign gazebo-1] [INFO] [1790605536.428383339] [amir2.gripper_controller]: Received & accepted new action goal
[ign gazebo-1] [INFO] [1790605536.557704320] [amir2.gripper_controller]: Received & accepted new action goal
[ign gazebo-1] [INFO] [1790605536.862607013] [amir1.gripper_controller]: Received & accepted new action goal
[ign gazebo-1] [INFO] [1790605536.862726302] [amir2.gripper_controller]: Received & accepted new action goal
[ign gazebo-1] [INFO] [1790605537.144765187] [amir1.gripper_controller]: Received & accepted new action goal
[ign gazebo-1] [INFO] [1790605537.144834496] [amir2.gripper_controller]: Received & accepted new action goal
[ign gazebo-1] [INFO] [1790605537.625945521] [amir1.gripper_controller]: Received & accepted new action goal
[ign gazebo-1] [INFO] [1790605537.625986125] [amir2.gripper_controller]: Received & accepted new action goal
[ign gazebo-1] [INFO] [1790605537.965395155] [amir1.gripper_controller]: Received & accepted new action goal
[ign gazebo-1] [INFO] [1790605537.965457382] [amir2.gripper_controller]: Received & accepted new action goal
[ign gazebo-1] [INFO] [1790605538.164277969] [amir1.gripper_controller]: Received & accepted new action goal
[ign gazebo-1] [INFO] [1790605538.164691136] [amir2.gripper_controller]: Received & accepted new action goal
[ign gazebo-1] [INFO] [1790605538.529029787] [amir1.gripper_controller]: Received & accepted new action goal
[ign gazebo-1] [INFO] [1790605538.529160339] [amir2.gripper_controller]: Received & accepted new action goal
[ign gazebo-1] [INFO] [1790605538.854361707] [amir1.gripper_controller]: Received & accepted new action goal
[ign gazebo-1] [INFO] [1790605538.854444428] [amir2.gripper_controller]: Received & accepted new action goal
[ign gazebo-1] [INFO] [1790605538.980074310] [amir1.gripper_controller]: Received & accepted new action goal
[ign gazebo-1] [INFO] [1790605538.980276524] [amir2.gripper_controller]: Received & accepted new action goal
[ign gazebo-1] [INFO] [1790605539.307492001] [amir1.gripper_controller]: Received & accepted new action goal
[ign gazebo-1] [INFO] [1790605539.307649612] [amir2.gripper_controller]: Received & accepted new action goal
[ign gazebo-1] [INFO] [1790605539.590344548] [amir2.gripper_controller]: Received & accepted new action goal
[ign gazebo-1] [INFO] [1790605539.590386636] [amir1.gripper_controller]: Received & accepted new action goal
[ign gazebo-1] [INFO] [1790605539.731081559] [amir1.gripper_controller]: Received & accepted new action goal
[ign gazebo-1] [INFO] [1790605539.977637194] [amir2.gripper_controller]: Received & accepted new action goal
[ign gazebo-1] [INFO] [1790605540.378847680] [amir1.gripper_controller]: Received & accepted new action goal
[ign gazebo-1] [INFO] [1790605540.584744281] [amir1.gripper_controller]: Received & accepted new action goal
[ign gazebo-1] [INFO] [1790605540.584814162] [amir2.gripper_controller]: Received & accepted new action goal
[ign gazebo-1] [INFO] [1790605541.134598710] [amir1.gripper_controller]: Received & accepted new action goal
[ign gazebo-1] [INFO] [1790605541.134710344] [amir2.gripper_controller]: Received & accepted new action goal
[ign gazebo-1] [INFO] [1790605541.571667300] [amir1.gripper_controller]: Received & accepted new action goal
[ign gazebo-1] [INFO] [1790605541.571688466] [amir2.gripper_controller]: Received & accepted new action goal
[friction_grasp_manager-32] [WARN] [1790605541.783548298] [friction_grasp_manager]: amir1 finger force above 26.0 N; backing off.
[ign gazebo-1] [INFO] [1790605541.784138160] [amir1.gripper_controller]: Received & accepted new action goal
[ign gazebo-1] [INFO] [1790605541.784404710] [amir2.gripper_controller]: Received & accepted new action goal
[ign gazebo-1] [INFO] [1790605542.043404986] [amir1.gripper_controller]: Received & accepted new action goal
[ign gazebo-1] [INFO] [1790605542.043475099] [amir2.gripper_controller]: Received & accepted new action goal
[ign gazebo-1] [INFO] [1790605542.350887172] [amir1.gripper_controller]: Received & accepted new action goal
[ign gazebo-1] [INFO] [1790605542.490309768] [amir1.gripper_controller]: Received & accepted new action goal
[ign gazebo-1] [INFO] [1790605542.490591101] [amir2.gripper_controller]: Received & accepted new action goal
[ign gazebo-1] [INFO] [1790605542.720421071] [amir1.gripper_controller]: Received & accepted new action goal
[ign gazebo-1] [INFO] [1790605542.720508051] [amir2.gripper_controller]: Received & accepted new action goal
[ign gazebo-1] [INFO] [1790605543.022878679] [amir2.gripper_controller]: Received & accepted new action goal
[friction_grasp_manager-32] [WARN] [1790605543.211355095] [friction_grasp_manager]: amir2 finger force above 26.0 N; backing off.
[ign gazebo-1] [INFO] [1790605543.211628930] [amir2.gripper_controller]: Received & accepted new action goal
[ign gazebo-1] [INFO] [1790605543.509866262] [amir1.gripper_controller]: Received & accepted new action goal
[ign gazebo-1] [INFO] [1790605543.509923486] [amir2.gripper_controller]: Received & accepted new action goal
[ign gazebo-1] [INFO] [1790605543.748208339] [amir1.gripper_controller]: Received & accepted new action goal
[ign gazebo-1] [INFO] [1790605543.748361443] [amir2.gripper_controller]: Received & accepted new action goal
[ign gazebo-1] [INFO] [1790605543.865032034] [amir2.gripper_controller]: Received & accepted new action goal
[ign gazebo-1] [INFO] [1790605543.865115844] [amir1.gripper_controller]: Received & accepted new action goal
[ign gazebo-1] [INFO] [1790605544.130132807] [amir2.gripper_controller]: Received & accepted new action goal
[ign gazebo-1] [INFO] [1790605544.472398299] [amir2.gripper_controller]: Received & accepted new action goal
[ign gazebo-1] [INFO] [1790605544.472449160] [amir1.gripper_controller]: Received & accepted new action goal
[ign gazebo-1] [INFO] [1790605544.669286731] [amir1.gripper_controller]: Received & accepted new action goal
[ign gazebo-1] [INFO] [1790605544.669435288] [amir2.gripper_controller]: Received & accepted new action goal
[ign gazebo-1] [INFO] [1790605545.035094465] [amir1.gripper_controller]: Received & accepted new action goal
[ign gazebo-1] [INFO] [1790605545.035160877] [amir2.gripper_controller]: Received & accepted new action goal
[ign gazebo-1] [INFO] [1790605545.472721634] [amir1.gripper_controller]: Received & accepted new action goal
[ign gazebo-1] [INFO] [1790605545.472843029] [amir2.gripper_controller]: Received & accepted new action goal
[ign gazebo-1] [INFO] [1790605545.725756490] [amir1.gripper_controller]: Received & accepted new action goal
[ign gazebo-1] [INFO] [1790605545.725838932] [amir2.gripper_controller]: Received & accepted new action goal
[ign gazebo-1] [INFO] [1790605546.190294715] [amir2.gripper_controller]: Received & accepted new action goal
[ign gazebo-1] [INFO] [1790605546.190304945] [amir1.gripper_controller]: Received & accepted new action goal
[ign gazebo-1] [INFO] [1790605546.598329967] [amir1.gripper_controller]: Received & accepted new action goal
[ign gazebo-1] [INFO] [1790605546.598514774] [amir2.gripper_controller]: Received & accepted new action goal
[ign gazebo-1] [INFO] [1790605546.786177513] [amir1.gripper_controller]: Received & accepted new action goal
[ign gazebo-1] [INFO] [1790605546.786270513] [amir2.gripper_controller]: Received & accepted new action goal
[ign gazebo-1] [INFO] [1790605547.197421949] [amir1.gripper_controller]: Received & accepted new action goal
[ign gazebo-1] [INFO] [1790605547.197540824] [amir2.gripper_controller]: Received & accepted new action goal
[ign gazebo-1] [INFO] [1790605547.701949489] [amir1.gripper_controller]: Received & accepted new action goal
[ign gazebo-1] [INFO] [1790605547.702068687] [amir2.gripper_controller]: Received & accepted new action goal
[ign gazebo-1] [INFO] [1790605547.914531856] [amir2.gripper_controller]: Received & accepted new action goal
[ign gazebo-1] [INFO] [1790605547.914684724] [amir1.gripper_controller]: Received & accepted new action goal
[ign gazebo-1] [INFO] [1790605548.282362551] [amir1.gripper_controller]: Received & accepted new action goal
[ign gazebo-1] [INFO] [1790605548.282564291] [amir2.gripper_controller]: Received & accepted new action goal
[ign gazebo-1] [INFO] [1790605548.690340893] [amir1.gripper_controller]: Received & accepted new action goal
[ign gazebo-1] [INFO] [1790605548.690364854] [amir2.gripper_controller]: Received & accepted new action goal
[ign gazebo-1] [INFO] [1790605548.909631643] [amir1.gripper_controller]: Received & accepted new action goal
[ign gazebo-1] [INFO] [1790605548.909810676] [amir2.gripper_controller]: Received & accepted new action goal
[ign gazebo-1] [INFO] [1790605549.351576365] [amir1.gripper_controller]: Received & accepted new action goal
[ign gazebo-1] [INFO] [1790605549.351792355] [amir2.gripper_controller]: Received & accepted new action goal
[ign gazebo-1] [INFO] [1790605549.821061141] [amir1.gripper_controller]: Received & accepted new action goal
[ign gazebo-1] [INFO] [1790605549.821131698] [amir2.gripper_controller]: Received & accepted new action goal
[ign gazebo-1] [INFO] [1790605550.052965969] [amir1.gripper_controller]: Received & accepted new action goal
[ign gazebo-1] [INFO] [1790605550.053111204] [amir2.gripper_controller]: Received & accepted new action goal
[ign gazebo-1] [INFO] [1790605550.567359346] [amir1.gripper_controller]: Received & accepted new action goal
[ign gazebo-1] [INFO] [1790605550.567382322] [amir2.gripper_controller]: Received & accepted new action goal
[ign gazebo-1] [INFO] [1790605550.977422858] [amir1.gripper_controller]: Received & accepted new action goal
[ign gazebo-1] [INFO] [1790605550.977495911] [amir2.gripper_controller]: Received & accepted new action goal
[ign gazebo-1] [INFO] [1790605551.166141772] [amir2.gripper_controller]: Received & accepted new action goal
[ign gazebo-1] [INFO] [1790605551.166175830] [amir1.gripper_controller]: Received & accepted new action goal
[ign gazebo-1] [INFO] [1790605551.689059969] [amir1.gripper_controller]: Received & accepted new action goal
[ign gazebo-1] [INFO] [1790605551.689196263] [amir2.gripper_controller]: Received & accepted new action goal
[ign gazebo-1] [INFO] [1790605552.183749098] [amir1.gripper_controller]: Received & accepted new action goal
[ign gazebo-1] [INFO] [1790605552.183903506] [amir2.gripper_controller]: Received & accepted new action goal
[ign gazebo-1] [INFO] [1790605552.407558059] [amir1.gripper_controller]: Received & accepted new action goal
[ign gazebo-1] [INFO] [1790605552.407594293] [amir2.gripper_controller]: Received & accepted new action goal
[ign gazebo-1] [INFO] [1790605552.841432074] [amir1.gripper_controller]: Received & accepted new action goal
[ign gazebo-1] [INFO] [1790605552.841541537] [amir2.gripper_controller]: Received & accepted new action goal
[ign gazebo-1] [INFO] [1790605553.347386968] [amir1.gripper_controller]: Received & accepted new action goal
[ign gazebo-1] [INFO] [1790605553.347486440] [amir2.gripper_controller]: Received & accepted new action goal
[ign gazebo-1] [INFO] [1790605553.635464037] [amir1.gripper_controller]: Received & accepted new action goal
[ign gazebo-1] [INFO] [1790605553.635726850] [amir2.gripper_controller]: Received & accepted new action goal
[ign gazebo-1] [INFO] [1790605554.074389981] [amir1.gripper_controller]: Received & accepted new action goal
[ign gazebo-1] [INFO] [1790605554.074514016] [amir2.gripper_controller]: Received & accepted new action goal
[ign gazebo-1] [INFO] [1790605554.474822087] [amir1.gripper_controller]: Received & accepted new action goal
[ign gazebo-1] [INFO] [1790605554.474847957] [amir2.gripper_controller]: Received & accepted new action goal
[ign gazebo-1] [INFO] [1790605554.944694609] [amir1.gripper_controller]: Received & accepted new action goal
[ign gazebo-1] [INFO] [1790605554.944810419] [amir2.gripper_controller]: Received & accepted new action goal
[ign gazebo-1] [INFO] [1790605555.468606104] [amir1.gripper_controller]: Received & accepted new action goal
[ign gazebo-1] [INFO] [1790605555.469088691] [amir2.gripper_controller]: Received & accepted new action goal
[ign gazebo-1] [INFO] [1790605555.665661899] [amir1.gripper_controller]: Received & accepted new action goal
[ign gazebo-1] [INFO] [1790605555.665823872] [amir2.gripper_controller]: Received & accepted new action goal
[friction_grasp_manager-32] [WARN] [1790605555.919910683] [friction_grasp_manager]: amir1 finger force above 26.0 N; backing off.
[ign gazebo-1] [INFO] [1790605555.920199006] [amir1.gripper_controller]: Received & accepted new action goal
[ign gazebo-1] [INFO] [1790605556.280651353] [amir1.gripper_controller]: Received & accepted new action goal
[ign gazebo-1] [INFO] [1790605556.280774995] [amir2.gripper_controller]: Received & accepted new action goal
[ign gazebo-1] [INFO] [1790605556.533483795] [amir1.gripper_controller]: Received & accepted new action goal
[ign gazebo-1] [INFO] [1790605556.533698894] [amir2.gripper_controller]: Received & accepted new action goal
[ign gazebo-1] [INFO] [1790605557.011459092] [amir1.gripper_controller]: Received & accepted new action goal
[ign gazebo-1] [INFO] [1790605557.011852054] [amir2.gripper_controller]: Received & accepted new action goal
[ign gazebo-1] [INFO] [1790605557.303322925] [amir1.gripper_controller]: Received & accepted new action goal
[ign gazebo-1] [INFO] [1790605557.303415924] [amir2.gripper_controller]: Received & accepted new action goal
[ign gazebo-1] [INFO] [1790605557.517970057] [amir1.gripper_controller]: Received & accepted new action goal
[ign gazebo-1] [INFO] [1790605557.517974416] [amir2.gripper_controller]: Received & accepted new action goal
[ign gazebo-1] [INFO] [1790605557.882442582] [amir1.gripper_controller]: Received & accepted new action goal
[ign gazebo-1] [INFO] [1790605558.227627341] [amir1.gripper_controller]: Received & accepted new action goal
[ign gazebo-1] [INFO] [1790605558.227716706] [amir2.gripper_controller]: Received & accepted new action goal
[ign gazebo-1] [INFO] [1790605558.429576844] [amir1.gripper_controller]: Received & accepted new action goal
[ign gazebo-1] [INFO] [1790605558.429834512] [amir2.gripper_controller]: Received & accepted new action goal
[ign gazebo-1] [INFO] [1790605558.896876706] [amir2.gripper_controller]: Received & accepted new action goal
[ign gazebo-1] [INFO] [1790605558.896877669] [amir1.gripper_controller]: Received & accepted new action goal
[ign gazebo-1] [INFO] [1790605559.440873974] [amir1.gripper_controller]: Received & accepted new action goal
[ign gazebo-1] [INFO] [1790605559.440938599] [amir2.gripper_controller]: Received & accepted new action goal
[ign gazebo-1] [INFO] [1790605559.571455783] [amir1.gripper_controller]: Received & accepted new action goal
[ign gazebo-1] [INFO] [1790605559.571625610] [amir2.gripper_controller]: Received & accepted new action goal
[ign gazebo-1] [INFO] [1790605559.859330843] [amir1.gripper_controller]: Received & accepted new action goal
[ign gazebo-1] [INFO] [1790605559.859404485] [amir2.gripper_controller]: Received & accepted new action goal
[ign gazebo-1] [INFO] [1790605560.289269186] [amir2.gripper_controller]: Received & accepted new action goal
[ign gazebo-1] [INFO] [1790605560.289369161] [amir1.gripper_controller]: Received & accepted new action goal
[ign gazebo-1] [INFO] [1790605560.528625523] [amir1.gripper_controller]: Received & accepted new action goal
[ign gazebo-1] [INFO] [1790605560.528762442] [amir2.gripper_controller]: Received & accepted new action goal
[ign gazebo-1] [INFO] [1790605560.942559710] [amir1.gripper_controller]: Received & accepted new action goal
[ign gazebo-1] [INFO] [1790605560.942622151] [amir2.gripper_controller]: Received & accepted new action goal
[ign gazebo-1] [INFO] [1790605561.378380158] [amir1.gripper_controller]: Received & accepted new action goal
[ign gazebo-1] [INFO] [1790605561.378564865] [amir2.gripper_controller]: Received & accepted new action goal
[ign gazebo-1] [INFO] [1790605561.575036922] [amir1.gripper_controller]: Received & accepted new action goal
[ign gazebo-1] [INFO] [1790605561.575166825] [amir2.gripper_controller]: Received & accepted new action goal
[ign gazebo-1] [INFO] [1790605561.820210294] [amir1.gripper_controller]: Received & accepted new action goal
[ign gazebo-1] [INFO] [1790605562.204966681] [amir1.gripper_controller]: Received & accepted new action goal
[ign gazebo-1] [INFO] [1790605562.205097064] [amir2.gripper_controller]: Received & accepted new action goal
[ign gazebo-1] [INFO] [1790605562.331525773] [amir1.gripper_controller]: Received & accepted new action goal
[ign gazebo-1] [INFO] [1790605562.331553609] [amir2.gripper_controller]: Received & accepted new action goal
[ign gazebo-1] [INFO] [1790605562.756987762] [amir1.gripper_controller]: Received & accepted new action goal
[ign gazebo-1] [INFO] [1790605562.757051470] [amir2.gripper_controller]: Received & accepted new action goal
[ign gazebo-1] [INFO] [1790605563.267031257] [amir1.gripper_controller]: Received & accepted new action goal
[ign gazebo-1] [INFO] [1790605563.267224912] [amir2.gripper_controller]: Received & accepted new action goal
[ign gazebo-1] [INFO] [1790605563.549291922] [amir1.gripper_controller]: Received & accepted new action goal
[ign gazebo-1] [INFO] [1790605563.549361323] [amir2.gripper_controller]: Received & accepted new action goal
[ign gazebo-1] [INFO] [1790605564.043916357] [amir1.gripper_controller]: Received & accepted new action goal
[ign gazebo-1] [INFO] [1790605564.043977722] [amir2.gripper_controller]: Received & accepted new action goal
[ign gazebo-1] [INFO] [1790605564.430681806] [amir1.gripper_controller]: Received & accepted new action goal
[ign gazebo-1] [INFO] [1790605564.430688181] [amir2.gripper_controller]: Received & accepted new action goal
[ign gazebo-1] [INFO] [1790605564.655005024] [amir2.gripper_controller]: Received & accepted new action goal
[ign gazebo-1] [INFO] [1790605564.655023890] [amir1.gripper_controller]: Received & accepted new action goal
[ign gazebo-1] [INFO] [1790605565.111673180] [amir2.gripper_controller]: Received & accepted new action goal
[ign gazebo-1] [INFO] [1790605565.111675196] [amir1.gripper_controller]: Received & accepted new action goal
[ign gazebo-1] [INFO] [1790605565.482591244] [amir1.gripper_controller]: Received & accepted new action goal
[ign gazebo-1] [INFO] [1790605565.482684929] [amir2.gripper_controller]: Received & accepted new action goal
[ign gazebo-1] [INFO] [1790605565.629529149] [amir1.gripper_controller]: Received & accepted new action goal
[ign gazebo-1] [INFO] [1790605565.630133584] [amir2.gripper_controller]: Received & accepted new action goal
[ign gazebo-1] [INFO] [1790605565.872903252] [amir1.gripper_controller]: Received & accepted new action goal
[ign gazebo-1] [INFO] [1790605565.872945431] [amir2.gripper_controller]: Received & accepted new action goal
[ign gazebo-1] [INFO] [1790605566.195984794] [amir2.gripper_controller]: Received & accepted new action goal
[ign gazebo-1] [INFO] [1790605566.381644867] [amir1.gripper_controller]: Received & accepted new action goal
[ign gazebo-1] [INFO] [1790605566.381671831] [amir2.gripper_controller]: Received & accepted new action goal
[ign gazebo-1] [INFO] [1790605566.672519565] [amir1.gripper_controller]: Received & accepted new action goal
[ign gazebo-1] [INFO] [1790605566.672533318] [amir2.gripper_controller]: Received & accepted new action goal
[ign gazebo-1] [INFO] [1790605567.039087265] [amir1.gripper_controller]: Received & accepted new action goal
[ign gazebo-1] [INFO] [1790605567.039191819] [amir2.gripper_controller]: Received & accepted new action goal
[ign gazebo-1] [INFO] [1790605567.171090520] [amir1.gripper_controller]: Received & accepted new action goal
[ign gazebo-1] [INFO] [1790605567.171197777] [amir2.gripper_controller]: Received & accepted new action goal
[ign gazebo-1] [INFO] [1790605567.509841589] [amir1.gripper_controller]: Received & accepted new action goal
[ign gazebo-1] [INFO] [1790605567.509941107] [amir2.gripper_controller]: Received & accepted new action goal
[ign gazebo-1] [INFO] [1790605567.858060303] [amir1.gripper_controller]: Received & accepted new action goal
[ign gazebo-1] [INFO] [1790605567.858293573] [amir2.gripper_controller]: Received & accepted new action goal
[ign gazebo-1] [INFO] [1790605568.004984319] [amir1.gripper_controller]: Received & accepted new action goal
[ign gazebo-1] [INFO] [1790605568.005009836] [amir2.gripper_controller]: Received & accepted new action goal
[ign gazebo-1] [INFO] [1790605568.358239290] [amir2.gripper_controller]: Received & accepted new action goal
[ign gazebo-1] [INFO] [1790605568.358269918] [amir1.gripper_controller]: Received & accepted new action goal
[ign gazebo-1] [INFO] [1790605568.755404912] [amir2.gripper_controller]: Received & accepted new action goal
[ign gazebo-1] [INFO] [1790605568.755425786] [amir1.gripper_controller]: Received & accepted new action goal
[ign gazebo-1] [INFO] [1790605568.947082667] [amir1.gripper_controller]: Received & accepted new action goal
[ign gazebo-1] [INFO] [1790605568.947167819] [amir2.gripper_controller]: Received & accepted new action goal
[ign gazebo-1] [INFO] [1790605569.371285346] [amir1.gripper_controller]: Received & accepted new action goal
[ign gazebo-1] [INFO] [1790605569.371357723] [amir2.gripper_controller]: Received & accepted new action goal
[ign gazebo-1] [INFO] [1790605569.826009817] [amir1.gripper_controller]: Received & accepted new action goal
[ign gazebo-1] [INFO] [1790605569.826116494] [amir2.gripper_controller]: Received & accepted new action goal
[ign gazebo-1] [INFO] [1790605570.076665626] [amir1.gripper_controller]: Received & accepted new action goal
[ign gazebo-1] [INFO] [1790605570.076796953] [amir2.gripper_controller]: Received & accepted new action goal
[ign gazebo-1] [INFO] [1790605570.633540728] [amir1.gripper_controller]: Received & accepted new action goal
[ign gazebo-1] [INFO] [1790605570.633655741] [amir2.gripper_controller]: Received & accepted new action goal
[ign gazebo-1] [INFO] [1790605570.761477903] [amir1.gripper_controller]: Received & accepted new action goal
[ign gazebo-1] [INFO] [1790605570.761610376] [amir2.gripper_controller]: Received & accepted new action goal
[ign gazebo-1] [INFO] [1790605571.065579985] [amir2.gripper_controller]: Received & accepted new action goal
[ign gazebo-1] [INFO] [1790605571.065580555] [amir1.gripper_controller]: Received & accepted new action goal
[ign gazebo-1] [INFO] [1790605571.469920567] [amir1.gripper_controller]: Received & accepted new action goal
[ign gazebo-1] [INFO] [1790605571.469960364] [amir2.gripper_controller]: Received & accepted new action goal
[ign gazebo-1] [INFO] [1790605571.857978050] [amir2.gripper_controller]: Received & accepted new action goal
[ign gazebo-1] [INFO] [1790605571.858067559] [amir1.gripper_controller]: Received & accepted new action goal
[ign gazebo-1] [INFO] [1790605572.011641690] [amir1.gripper_controller]: Received & accepted new action goal
[ign gazebo-1] [INFO] [1790605572.312361429] [amir1.gripper_controller]: Received & accepted new action goal
[ign gazebo-1] [INFO] [1790605572.312482689] [amir2.gripper_controller]: Received & accepted new action goal
[ign gazebo-1] [INFO] [1790605572.621740135] [amir1.gripper_controller]: Received & accepted new action goal
[ign gazebo-1] [INFO] [1790605572.621829481] [amir2.gripper_controller]: Received & accepted new action goal
[ign gazebo-1] [INFO] [1790605572.804292872] [amir1.gripper_controller]: Received & accepted new action goal
[ign gazebo-1] [INFO] [1790605572.804324689] [amir2.gripper_controller]: Received & accepted new action goal
[ign gazebo-1] [INFO] [1790605573.169441281] [amir1.gripper_controller]: Received & accepted new action goal
[ign gazebo-1] [INFO] [1790605573.169485745] [amir2.gripper_controller]: Received & accepted new action goal
[ign gazebo-1] [INFO] [1790605573.521355580] [amir1.gripper_controller]: Received & accepted new action goal
[ign gazebo-1] [INFO] [1790605573.521419079] [amir2.gripper_controller]: Received & accepted new action goal
[ign gazebo-1] [INFO] [1790605573.689252662] [amir2.gripper_controller]: Received & accepted new action goal
[ign gazebo-1] [INFO] [1790605573.689383266] [amir1.gripper_controller]: Received & accepted new action goal
[ign gazebo-1] [INFO] [1790605573.975417596] [amir1.gripper_controller]: Received & accepted new action goal
[ign gazebo-1] [INFO] [1790605573.975622371] [amir2.gripper_controller]: Received & accepted new action goal
[ign gazebo-1] [INFO] [1790605574.422898062] [amir1.gripper_controller]: Received & accepted new action goal
[ign gazebo-1] [INFO] [1790605574.422932753] [amir2.gripper_controller]: Received & accepted new action goal
[ign gazebo-1] [INFO] [1790605574.622019653] [amir1.gripper_controller]: Received & accepted new action goal
[ign gazebo-1] [INFO] [1790605574.622098023] [amir2.gripper_controller]: Received & accepted new action goal
[ign gazebo-1] [INFO] [1790605574.907722937] [amir1.gripper_controller]: Received & accepted new action goal
[ign gazebo-1] [INFO] [1790605574.907774064] [amir2.gripper_controller]: Received & accepted new action goal
[ign gazebo-1] [INFO] [1790605575.333586956] [amir1.gripper_controller]: Received & accepted new action goal
[ign gazebo-1] [INFO] [1790605575.333687450] [amir2.gripper_controller]: Received & accepted new action goal
[ign gazebo-1] [INFO] [1790605575.527958592] [amir2.gripper_controller]: Received & accepted new action goal
[ign gazebo-1] [INFO] [1790605575.527959197] [amir1.gripper_controller]: Received & accepted new action goal
[ign gazebo-1] [INFO] [1790605576.013796839] [amir1.gripper_controller]: Received & accepted new action goal
[ign gazebo-1] [INFO] [1790605576.014054609] [amir2.gripper_controller]: Received & accepted new action goal
[ign gazebo-1] [INFO] [1790605576.475311025] [amir2.gripper_controller]: Received & accepted new action goal
[ign gazebo-1] [INFO] [1790605576.475324222] [amir1.gripper_controller]: Received & accepted new action goal
[ign gazebo-1] [INFO] [1790605576.669989386] [amir1.gripper_controller]: Received & accepted new action goal
[ign gazebo-1] [INFO] [1790605576.670045577] [amir2.gripper_controller]: Received & accepted new action goal
[ign gazebo-1] [INFO] [1790605577.233290734] [amir1.gripper_controller]: Received & accepted new action goal
[ign gazebo-1] [INFO] [1790605577.233550597] [amir2.gripper_controller]: Received & accepted new action goal
[ign gazebo-1] [INFO] [1790605577.852374285] [amir1.gripper_controller]: Received & accepted new action goal
[ign gazebo-1] [INFO] [1790605577.852558603] [amir2.gripper_controller]: Received & accepted new action goal
[ign gazebo-1] [INFO] [1790605578.079279227] [amir1.gripper_controller]: Received & accepted new action goal
[ign gazebo-1] [INFO] [1790605578.079361991] [amir2.gripper_controller]: Received & accepted new action goal
[ign gazebo-1] [INFO] [1790605578.635073600] [amir1.gripper_controller]: Received & accepted new action goal
[ign gazebo-1] [INFO] [1790605578.635199565] [amir2.gripper_controller]: Received & accepted new action goal
[ign gazebo-1] [INFO] [1790605579.258997457] [amir2.gripper_controller]: Received & accepted new action goal
[ign gazebo-1] [INFO] [1790605579.259014880] [amir1.gripper_controller]: Received & accepted new action goal
[ign gazebo-1] [INFO] [1790605579.548729347] [amir1.gripper_controller]: Received & accepted new action goal
[ign gazebo-1] [INFO] [1790605579.548766319] [amir2.gripper_controller]: Received & accepted new action goal
[ign gazebo-1] [INFO] [1790605579.937775757] [amir1.gripper_controller]: Received & accepted new action goal
[friction_grasp_manager-32] [WARN] [1790605579.938087796] [friction_grasp_manager]: amir2 finger force above 26.0 N; backing off.
[ign gazebo-1] [INFO] [1790605579.938284433] [amir2.gripper_controller]: Received & accepted new action goal
[ign gazebo-1] [INFO] [1790605580.205733598] [amir2.gripper_controller]: Received & accepted new action goal
[ign gazebo-1] [INFO] [1790605580.344088034] [amir2.gripper_controller]: Received & accepted new action goal
[ign gazebo-1] [INFO] [1790605580.656963598] [amir2.gripper_controller]: Received & accepted new action goal
[ign gazebo-1] [INFO] [1790605581.074261322] [amir2.gripper_controller]: Received & accepted new action goal
[ign gazebo-1] [INFO] [1790605581.074270709] [amir1.gripper_controller]: Received & accepted new action goal
[ign gazebo-1] [INFO] [1790605581.324109155] [amir1.gripper_controller]: Received & accepted new action goal
[friction_grasp_manager-32] [WARN] [1790605581.324734425] [friction_grasp_manager]: amir2 finger force above 26.0 N; backing off.
[ign gazebo-1] [INFO] [1790605581.324979904] [amir2.gripper_controller]: Received & accepted new action goal
[ign gazebo-1] [INFO] [1790605581.728273249] [amir2.gripper_controller]: Received & accepted new action goal
[ign gazebo-1] [INFO] [1790605581.728291403] [amir1.gripper_controller]: Received & accepted new action goal
[ign gazebo-1] [INFO] [1790605582.321946737] [amir1.gripper_controller]: Received & accepted new action goal
[ign gazebo-1] [INFO] [1790605582.321949992] [amir2.gripper_controller]: Received & accepted new action goal
[ign gazebo-1] [INFO] [1790605582.599041325] [amir2.gripper_controller]: Received & accepted new action goal
[ign gazebo-1] [INFO] [1790605582.599118576] [amir1.gripper_controller]: Received & accepted new action goal
[ign gazebo-1] [INFO] [1790605583.320644005] [amir1.gripper_controller]: Received & accepted new action goal
[ign gazebo-1] [INFO] [1790605583.320734347] [amir2.gripper_controller]: Received & accepted new action goal
[ign gazebo-1] [INFO] [1790605583.808564716] [amir2.gripper_controller]: Received & accepted new action goal
[ign gazebo-1] [INFO] [1790605583.808671407] [amir1.gripper_controller]: Received & accepted new action goal
[ign gazebo-1] [INFO] [1790605583.961268665] [amir1.gripper_controller]: Received & accepted new action goal
[ign gazebo-1] [INFO] [1790605583.961411519] [amir2.gripper_controller]: Received & accepted new action goal
[ign gazebo-1] [INFO] [1790605584.294299844] [amir1.gripper_controller]: Received & accepted new action goal
[friction_grasp_manager-32] [WARN] [1790605584.294639285] [friction_grasp_manager]: amir2 finger force above 26.0 N; backing off.
[ign gazebo-1] [INFO] [1790605584.294786917] [amir2.gripper_controller]: Received & accepted new action goal
[ign gazebo-1] [INFO] [1790605584.704900428] [amir1.gripper_controller]: Received & accepted new action goal
[ign gazebo-1] [INFO] [1790605584.704958231] [amir2.gripper_controller]: Received & accepted new action goal
[ign gazebo-1] [INFO] [1790605584.866479224] [amir2.gripper_controller]: Received & accepted new action goal
[ign gazebo-1] [INFO] [1790605585.149201109] [amir1.gripper_controller]: Received & accepted new action goal
[ign gazebo-1] [INFO] [1790605585.149251655] [amir2.gripper_controller]: Received & accepted new action goal
[ign gazebo-1] [INFO] [1790605585.528138530] [amir1.gripper_controller]: Received & accepted new action goal
[ign gazebo-1] [INFO] [1790605585.528229656] [amir2.gripper_controller]: Received & accepted new action goal
[ign gazebo-1] [INFO] [1790605585.719772586] [amir1.gripper_controller]: Received & accepted new action goal
[ign gazebo-1] [INFO] [1790605585.719776445] [amir2.gripper_controller]: Received & accepted new action goal
[ign gazebo-1] [INFO] [1790605586.097377029] [amir1.gripper_controller]: Received & accepted new action goal
[ign gazebo-1] [INFO] [1790605586.097502243] [amir2.gripper_controller]: Received & accepted new action goal
[ign gazebo-1] [INFO] [1790605586.363920556] [amir1.gripper_controller]: Received & accepted new action goal
[ign gazebo-1] [INFO] [1790605586.364160540] [amir2.gripper_controller]: Received & accepted new action goal
[ign gazebo-1] [INFO] [1790605586.488327537] [amir1.gripper_controller]: Received & accepted new action goal
[ign gazebo-1] [INFO] [1790605586.488516998] [amir2.gripper_controller]: Received & accepted new action goal
[ign gazebo-1] [INFO] [1790605586.753132204] [amir1.gripper_controller]: Received & accepted new action goal
[ign gazebo-1] [INFO] [1790605586.753170655] [amir2.gripper_controller]: Received & accepted new action goal
[ign gazebo-1] [INFO] [1790605587.187617408] [amir1.gripper_controller]: Received & accepted new action goal
[ign gazebo-1] [INFO] [1790605587.187658664] [amir2.gripper_controller]: Received & accepted new action goal
[ign gazebo-1] [INFO] [1790605588.285929961] [amir1.gripper_controller]: Received & accepted new action goal
[ign gazebo-1] [INFO] [1790605588.286026249] [amir2.gripper_controller]: Received & accepted new action goal
[ign gazebo-1] [INFO] [1790605588.593012650] [amir1.gripper_controller]: Received & accepted new action goal
[ign gazebo-1] [INFO] [1790605588.593077953] [amir2.gripper_controller]: Received & accepted new action goal
[ign gazebo-1] [INFO] [1790605589.158505747] [amir2.gripper_controller]: Received & accepted new action goal
[ign gazebo-1] [INFO] [1790605589.158522829] [amir1.gripper_controller]: Received & accepted new action goal
[ign gazebo-1] [INFO] [1790605589.724830684] [amir1.gripper_controller]: Received & accepted new action goal
[ign gazebo-1] [INFO] [1790605589.724990310] [amir2.gripper_controller]: Received & accepted new action goal
[pivot_rotation_controller-7] [INFO] [1790605589.858516970] [pivot_rotation_controller]: Pivot rotation complete; both robots stopped
[ign gazebo-1] [INFO] [1790605589.929497856] [amir1.gripper_controller]: Received & accepted new action goal
[ign gazebo-1] [INFO] [1790605589.929594590] [amir2.gripper_controller]: Received & accepted new action goal
[ign gazebo-1] [INFO] [1790605590.318650949] [amir1.gripper_controller]: Received & accepted new action goal
[ign gazebo-1] [INFO] [1790605590.318749467] [amir2.gripper_controller]: Received & accepted new action goal
[ign gazebo-1] [INFO] [1790605590.760528404] [amir1.gripper_controller]: Received & accepted new action goal
[ign gazebo-1] [INFO] [1790605590.760537976] [amir2.gripper_controller]: Received & accepted new action goal
[ign gazebo-1] [INFO] [1790605590.967653844] [amir1.gripper_controller]: Received & accepted new action goal
[ign gazebo-1] [INFO] [1790605590.967886927] [amir2.gripper_controller]: Received & accepted new action goal
[ign gazebo-1] [INFO] [1790605591.386797567] [amir1.gripper_controller]: Received & accepted new action goal
[ign gazebo-1] [INFO] [1790605591.386889866] [amir2.gripper_controller]: Received & accepted new action goal
[ign gazebo-1] [INFO] [1790605591.814969065] [amir1.gripper_controller]: Received & accepted new action goal
[ign gazebo-1] [INFO] [1790605591.815102871] [amir2.gripper_controller]: Received & accepted new action goal
[ign gazebo-1] [INFO] [1790605592.035582541] [amir1.gripper_controller]: Received & accepted new action goal
[ign gazebo-1] [INFO] [1790605592.036058563] [amir2.gripper_controller]: Received & accepted new action goal
[ign gazebo-1] [INFO] [1790605592.360427428] [amir1.gripper_controller]: Received & accepted new action goal
[ign gazebo-1] [INFO] [1790605592.360507265] [amir2.gripper_controller]: Received & accepted new action goal
[ign gazebo-1] [INFO] [1790605592.703571998] [amir1.gripper_controller]: Received & accepted new action goal
[ign gazebo-1] [INFO] [1790605592.703636618] [amir2.gripper_controller]: Received & accepted new action goal
[ign gazebo-1] [INFO] [1790605593.020550339] [amir1.gripper_controller]: Received & accepted new action goal
[ign gazebo-1] [INFO] [1790605593.020710773] [amir2.gripper_controller]: Received & accepted new action goal
[ign gazebo-1] [INFO] [1790605593.467885383] [amir1.gripper_controller]: Received & accepted new action goal
[ign gazebo-1] [INFO] [1790605593.468019639] [amir2.gripper_controller]: Received & accepted new action goal
[ign gazebo-1] [INFO] [1790605593.913402899] [amir1.gripper_controller]: Received & accepted new action goal
[ign gazebo-1] [INFO] [1790605593.913505347] [amir2.gripper_controller]: Received & accepted new action goal
[ign gazebo-1] [INFO] [1790605594.088665913] [amir1.gripper_controller]: Received & accepted new action goal
[ign gazebo-1] [INFO] [1790605594.088784222] [amir2.gripper_controller]: Received & accepted new action goal
[friction_grasp_manager-32] [WARN] [1790605594.463109059] [friction_grasp_manager]: amir1 finger force above 26.0 N; backing off.
[ign gazebo-1] [INFO] [1790605594.463437443] [amir1.gripper_controller]: Received & accepted new action goal
[ign gazebo-1] [INFO] [1790605594.463683651] [amir2.gripper_controller]: Received & accepted new action goal
[ign gazebo-1] [INFO] [1790605594.764996017] [amir1.gripper_controller]: Received & accepted new action goal
[ign gazebo-1] [INFO] [1790605594.947261007] [amir1.gripper_controller]: Received & accepted new action goal
[ign gazebo-1] [INFO] [1790605594.947315155] [amir2.gripper_controller]: Received & accepted new action goal
[ign gazebo-1] [INFO] [1790605595.342245098] [amir1.gripper_controller]: Received & accepted new action goal
[ign gazebo-1] [INFO] [1790605595.342393251] [amir2.gripper_controller]: Received & accepted new action goal
[ign gazebo-1] [INFO] [1790605595.755496282] [amir1.gripper_controller]: Received & accepted new action goal
[ign gazebo-1] [INFO] [1790605595.755841534] [amir2.gripper_controller]: Received & accepted new action goal
[ign gazebo-1] [INFO] [1790605595.909888811] [amir1.gripper_controller]: Received & accepted new action goal
[ign gazebo-1] [INFO] [1790605595.909923504] [amir2.gripper_controller]: Received & accepted new action goal
[ign gazebo-1] [INFO] [1790605596.353285438] [amir1.gripper_controller]: Received & accepted new action goal
[friction_grasp_manager-32] [WARN] [1790605596.353514816] [friction_grasp_manager]: amir2 finger force above 26.0 N; backing off.
[ign gazebo-1] [INFO] [1790605596.353699352] [amir2.gripper_controller]: Received & accepted new action goal
[ign gazebo-1] [INFO] [1790605596.844126687] [amir1.gripper_controller]: Received & accepted new action goal
[ign gazebo-1] [INFO] [1790605596.844350337] [amir2.gripper_controller]: Received & accepted new action goal
[ign gazebo-1] [INFO] [1790605597.051448392] [amir1.gripper_controller]: Received & accepted new action goal
[ign gazebo-1] [INFO] [1790605597.051632345] [amir2.gripper_controller]: Received & accepted new action goal
[ign gazebo-1] [INFO] [1790605597.349876751] [amir1.gripper_controller]: Received & accepted new action goal
[ign gazebo-1] [INFO] [1790605597.349904064] [amir2.gripper_controller]: Received & accepted new action goal
[ign gazebo-1] [INFO] [1790605597.784458421] [amir1.gripper_controller]: Received & accepted new action goal
[ign gazebo-1] [INFO] [1790605597.784653232] [amir2.gripper_controller]: Received & accepted new action goal
[ign gazebo-1] [INFO] [1790605598.004917458] [amir1.gripper_controller]: Received & accepted new action goal
[ign gazebo-1] [INFO] [1790605598.005100531] [amir2.gripper_controller]: Received & accepted new action goal
[ign gazebo-1] [INFO] [1790605598.479770970] [amir1.gripper_controller]: Received & accepted new action goal
[ign gazebo-1] [INFO] [1790605598.479871006] [amir2.gripper_controller]: Received & accepted new action goal
[ign gazebo-1] [INFO] [1790605598.946507864] [amir1.gripper_controller]: Received & accepted new action goal
[ign gazebo-1] [INFO] [1790605598.946728231] [amir2.gripper_controller]: Received & accepted new action goal
[ign gazebo-1] [INFO] [1790605599.126305695] [amir1.gripper_controller]: Received & accepted new action goal
[ign gazebo-1] [INFO] [1790605599.126415805] [amir2.gripper_controller]: Received & accepted new action goal
[ign gazebo-1] [INFO] [1790605599.583480092] [amir1.gripper_controller]: Received & accepted new action goal
[ign gazebo-1] [INFO] [1790605599.583788030] [amir2.gripper_controller]: Received & accepted new action goal
[ign gazebo-1] [INFO] [1790605599.993582631] [amir1.gripper_controller]: Received & accepted new action goal
[ign gazebo-1] [INFO] [1790605599.993651336] [amir2.gripper_controller]: Received & accepted new action goal
[ign gazebo-1] [INFO] [1790605600.190610839] [amir2.gripper_controller]: Received & accepted new action goal
[WARNING] [launch]: user interrupted with ctrl-c (SIGINT)
[INFO] [dual_base_approach-40]: sending signal 'SIGINT' to process[dual_base_approach-40]
[INFO] [slip_monitor-39]: sending signal 'SIGINT' to process[slip_monitor-39]
[INFO] [safety_monitor-38]: sending signal 'SIGINT' to process[safety_monitor-38]
[INFO] [coordinator-37]: sending signal 'SIGINT' to process[coordinator-37]
[ERROR] [dual_base_approach-40]: process has died [pid 44877, exit code -2, cmd '/home/dars5070/ros2_humble_ws/install/cooperative_transport_control/lib/cooperative_transport_control/dual_base_approach --ros-args -p use_sim_time:=True -p use_sim_time:=True --params-file /tmp/launch_params_6uyev5t8'].
[ERROR] [slip_monitor-39]: process has died [pid 44875, exit code -2, cmd '/home/dars5070/ros2_humble_ws/install/cooperative_transport_control/lib/cooperative_transport_control/slip_monitor --ros-args -p use_sim_time:=True -p use_sim_time:=True --params-file /home/dars5070/ros2_humble_ws/install/cooperative_transport_control/share/cooperative_transport_control/config/friction_transport.yaml --params-file /tmp/launch_params_d9mm5sdk --params-file /tmp/launch_params_nicgn23j --params-file /tmp/launch_params_dzx4ec0r'].
[INFO] [grasp_support_remover-36]: sending signal 'SIGINT' to process[grasp_support_remover-36]
[ERROR] [safety_monitor-38]: process has died [pid 44873, exit code -2, cmd '/home/dars5070/ros2_humble_ws/install/cooperative_transport_control/lib/cooperative_transport_control/safety_monitor --ros-args -p use_sim_time:=True -p use_sim_time:=True --params-file /home/dars5070/ros2_humble_ws/install/cooperative_transport_control/share/cooperative_transport_control/config/friction_transport.yaml --params-file /tmp/launch_params_7zpnt5dy --params-file /tmp/launch_params_jmquypci'].
[ERROR] [coordinator-37]: process has died [pid 44871, exit code -2, cmd '/home/dars5070/ros2_humble_ws/install/cooperative_transport_control/lib/cooperative_transport_control/coordinator --ros-args -p use_sim_time:=True -p use_sim_time:=True --params-file /home/dars5070/ros2_humble_ws/install/cooperative_transport_control/share/cooperative_transport_control/config/friction_transport.yaml --params-file /tmp/launch_params__yc13pqg --params-file /tmp/launch_params_xfdrwo6a --params-file /tmp/launch_params_y0cwqkz2'].
[ERROR] [rover_twist_relay_ign.py-25]: process has died [pid 44354, exit code -2, cmd '/home/dars5070/ros2_humble_ws/install/mecanumrover_description/lib/mecanumrover_description/rover_twist_relay_ign.py --ros-args -r __node:=rover_twist_relay_ign -r __ns:=/amir2 -p use_sim_time:=True -p use_sim_time:=True --params-file /tmp/launch_params_z_guabz2'].
[ERROR] [rover_twist_relay_ign.py-13]: process has died [pid 43959, exit code -2, cmd '/home/dars5070/ros2_humble_ws/install/mecanumrover_description/lib/mecanumrover_description/rover_twist_relay_ign.py --ros-args -r __node:=rover_twist_relay_ign -r __ns:=/amir1 -p use_sim_time:=True --params-file /tmp/launch_params_2ygqfshv'].
[INFO] [arm_home_positioner-33]: sending signal 'SIGINT' to process[arm_home_positioner-33]
[INFO] [friction_grasp_manager-32]: sending signal 'SIGINT' to process[friction_grasp_manager-32]
[ERROR] [grasp_support_remover-36]: process has died [pid 44869, exit code -2, cmd '/home/dars5070/ros2_humble_ws/install/cooperative_transport_control/lib/cooperative_transport_control/grasp_support_remover --ros-args -p use_sim_time:=True -p use_sim_time:=True --params-file /home/dars5070/ros2_humble_ws/install/cooperative_transport_control/share/cooperative_transport_control/config/friction_transport.yaml --params-file /tmp/launch_params_xyceictp'].
[ERROR] [arm_home_positioner-33]: process has died [pid 44732, exit code -2, cmd '/home/dars5070/ros2_humble_ws/install/coop_transport_controller/lib/coop_transport_controller/arm_home_positioner --ros-args -p use_sim_time:=True -p use_sim_time:=True --params-file /tmp/launch_params_k0vrwr3q'].
[INFO] [parameter_bridge-24]: sending signal 'SIGINT' to process[parameter_bridge-24]
[ERROR] [friction_grasp_manager-32]: process has died [pid 44730, exit code -2, cmd '/home/dars5070/ros2_humble_ws/install/cooperative_transport_control/lib/cooperative_transport_control/friction_grasp_manager --ros-args -p use_sim_time:=True -p use_sim_time:=True --params-file /home/dars5070/ros2_humble_ws/install/cooperative_transport_control/share/cooperative_transport_control/config/friction_transport.yaml --params-file /tmp/launch_params_469g1cog --params-file /tmp/launch_params_oqhzy9e6'].
[INFO] [parameter_bridge-23]: sending signal 'SIGINT' to process[parameter_bridge-23]
[INFO] [parameter_bridge-22]: sending signal 'SIGINT' to process[parameter_bridge-22]
[INFO] [robot_state_publisher-20]: sending signal 'SIGINT' to process[robot_state_publisher-20]
[INFO] [parameter_bridge-12]: sending signal 'SIGINT' to process[parameter_bridge-12]
[INFO] [parameter_bridge-11]: sending signal 'SIGINT' to process[parameter_bridge-11]
[INFO] [parameter_bridge-10]: sending signal 'SIGINT' to process[parameter_bridge-10]
[INFO] [robot_state_publisher-8]: sending signal 'SIGINT' to process[robot_state_publisher-8]
[INFO] [pivot_rotation_controller-7]: sending signal 'SIGINT' to process[pivot_rotation_controller-7]
[ERROR] [robot_state_publisher-20]: process has died [pid 44344, exit code -2, cmd '/opt/ros/humble/lib/robot_state_publisher/robot_state_publisher --ros-args -r __node:=robot_state_publisher -r __ns:=/amir2 -p use_sim_time:=True -p use_sim_time:=True --params-file /tmp/launch_params_cq30m6m7 -r /tf:=tf -r /tf_static:=tf_static'].
[INFO] [parameter_bridge-24]: process has finished cleanly [pid 44352]
[INFO] [parameter_bridge-2]: process has finished cleanly [pid 43737]
[INFO] [parameter_bridge-22]: process has finished cleanly [pid 44348]
[INFO] [parameter_bridge-11]: process has finished cleanly [pid 43955]
[INFO] [parameter_bridge-10]: process has finished cleanly [pid 43953]
[INFO] [rotation_controller-6]: sending signal 'SIGINT' to process[rotation_controller-6]
[ERROR] [robot_state_publisher-8]: process has died [pid 43949, exit code -2, cmd '/opt/ros/humble/lib/robot_state_publisher/robot_state_publisher --ros-args -r __node:=robot_state_publisher -r __ns:=/amir1 -p use_sim_time:=True --params-file /tmp/launch_params_ar7w1hqr -r /tf:=tf -r /tf_static:=tf_static'].
[INFO] [parameter_bridge-23]: process has finished cleanly [pid 44350]
[INFO] [transport_pose_filter-3]: process has finished cleanly [pid 43740]
[INFO] [parameter_bridge-12]: process has finished cleanly [pid 43957]
[INFO] [finger_contact_aggregator-4]: sending signal 'SIGINT' to process[finger_contact_aggregator-4]
[ERROR] [pivot_rotation_controller-7]: process has died [pid 43748, exit code -2, cmd '/home/dars5070/ros2_humble_ws/install/cooperative_transport_control/lib/cooperative_transport_control/pivot_rotation_controller --ros-args --params-file /tmp/launch_params_h7ssg_8a'].
[ERROR] [rotation_controller-6]: process has died [pid 43746, exit code -2, cmd '/home/dars5070/ros2_humble_ws/install/cooperative_rotation/lib/cooperative_rotation/rotation_controller --ros-args --params-file /home/dars5070/ros2_humble_ws/install/cooperative_rotation/share/cooperative_rotation/config/rotation_params.yaml --params-file /tmp/launch_params_xgnjln_e'].
[INFO] [ign gazebo-1]: sending signal 'SIGINT' to process[ign gazebo-1]
[ERROR] [finger_contact_aggregator-4]: process has died [pid 43742, exit code -2, cmd '/home/dars5070/ros2_humble_ws/install/cooperative_transport_gazebo/lib/cooperative_transport_gazebo/finger_contact_aggregator --ros-args --params-file /tmp/launch_params_5iztihv1'].
[parameter_bridge-23] [INFO] [1790605600.571711374] [rclcpp]: signal_handler(SIGINT/SIGTERM)
[parameter_bridge-2] [INFO] [1790605600.571757758] [rclcpp]: signal_handler(SIGINT/SIGTERM)
[parameter_bridge-24] [INFO] [1790605600.571783035] [rclcpp]: signal_handler(SIGINT/SIGTERM)
[parameter_bridge-10] [INFO] [1790605600.571821265] [rclcpp]: signal_handler(SIGINT/SIGTERM)
[parameter_bridge-22] [INFO] [1790605600.571838216] [rclcpp]: signal_handler(SIGINT/SIGTERM)
[transport_pose_filter-3] [INFO] [1790605600.571841305] [rclcpp]: signal_handler(SIGINT/SIGTERM)
[parameter_bridge-11] [INFO] [1790605600.571839340] [rclcpp]: signal_handler(SIGINT/SIGTERM)
[rover_twist_relay_ign.py-25] Traceback (most recent call last):
[rover_twist_relay_ign.py-25]   File "/home/dars5070/ros2_humble_ws/install/mecanumrover_description/lib/mecanumrover_description/rover_twist_relay_ign.py", line 36, in <module>
[rover_twist_relay_ign.py-25]     main()
[rover_twist_relay_ign.py-25]   File "/home/dars5070/ros2_humble_ws/install/mecanumrover_description/lib/mecanumrover_description/rover_twist_relay_ign.py", line 31, in main
[rover_twist_relay_ign.py-25]     rclpy.spin(RoverTwistRelayIgn())
[rover_twist_relay_ign.py-25]   File "/opt/ros/humble/local/lib/python3.10/dist-packages/rclpy/__init__.py", line 229, in spin
[rover_twist_relay_ign.py-25]     executor.spin_once()
[rover_twist_relay_ign.py-25]   File "/opt/ros/humble/local/lib/python3.10/dist-packages/rclpy/executors.py", line 776, in spin_once
[rover_twist_relay_ign.py-25]     self._spin_once_impl(timeout_sec)
[rover_twist_relay_ign.py-25]   File "/opt/ros/humble/local/lib/python3.10/dist-packages/rclpy/executors.py", line 765, in _spin_once_impl
[rover_twist_relay_ign.py-25]     handler, entity, node = self.wait_for_ready_callbacks(timeout_sec=timeout_sec)
[rover_twist_relay_ign.py-25]   File "/opt/ros/humble/local/lib/python3.10/dist-packages/rclpy/executors.py", line 748, in wait_for_ready_callbacks
[rover_twist_relay_ign.py-25]     return next(self._cb_iter)
[rover_twist_relay_ign.py-25]   File "/opt/ros/humble/local/lib/python3.10/dist-packages/rclpy/executors.py", line 645, in _wait_for_ready_callbacks
[rover_twist_relay_ign.py-25]     wait_set.wait(timeout_nsec)
[rover_twist_relay_ign.py-25] KeyboardInterrupt
[rover_twist_relay_ign.py-13] Traceback (most recent call last):
[rover_twist_relay_ign.py-13]   File "/home/dars5070/ros2_humble_ws/install/mecanumrover_description/lib/mecanumrover_description/rover_twist_relay_ign.py", line 36, in <module>
[rover_twist_relay_ign.py-13]     main()
[rover_twist_relay_ign.py-13]   File "/home/dars5070/ros2_humble_ws/install/mecanumrover_description/lib/mecanumrover_description/rover_twist_relay_ign.py", line 31, in main
[rover_twist_relay_ign.py-13]     rclpy.spin(RoverTwistRelayIgn())
[rover_twist_relay_ign.py-13]   File "/opt/ros/humble/local/lib/python3.10/dist-packages/rclpy/__init__.py", line 229, in spin
[rover_twist_relay_ign.py-13]     executor.spin_once()
[rover_twist_relay_ign.py-13]   File "/opt/ros/humble/local/lib/python3.10/dist-packages/rclpy/executors.py", line 776, in spin_once
[rover_twist_relay_ign.py-13]     self._spin_once_impl(timeout_sec)
[rover_twist_relay_ign.py-13]   File "/opt/ros/humble/local/lib/python3.10/dist-packages/rclpy/executors.py", line 765, in _spin_once_impl
[rover_twist_relay_ign.py-13]     handler, entity, node = self.wait_for_ready_callbacks(timeout_sec=timeout_sec)
[rover_twist_relay_ign.py-13]   File "/opt/ros/humble/local/lib/python3.10/dist-packages/rclpy/executors.py", line 748, in wait_for_ready_callbacks
[rover_twist_relay_ign.py-13]     return next(self._cb_iter)
[rover_twist_relay_ign.py-13]   File "/opt/ros/humble/local/lib/python3.10/dist-packages/rclpy/executors.py", line 645, in _wait_for_ready_callbacks
[rover_twist_relay_ign.py-13]     wait_set.wait(timeout_nsec)
[rover_twist_relay_ign.py-13] KeyboardInterrupt
[robot_state_publisher-20] [INFO] [1790605600.572126898] [rclcpp]: signal_handler(SIGINT/SIGTERM)
[ign gazebo-1] [INFO] [1790605600.572149456] [rclcpp]: signal_handler(SIGINT/SIGTERM)
[ign gazebo-1] [INFO] [1790605600.572195643] [amir2.controller_manager]: Shutdown request received....
[ign gazebo-1] [INFO] [1790605600.572254246] [amir2.controller_manager]: Shutting down all controllers in the controller manager.
[ign gazebo-1] [INFO] [1790605600.572280770] [amir2.controller_manager]: Deactivating controller 'joint_state_broadcaster'
[ign gazebo-1] [INFO] [1790605600.572324037] [amir2.controller_manager]: Shutting down controller 'joint_state_broadcaster'
[ign gazebo-1] [INFO] [1790605600.572361071] [amir2.controller_manager]: Deactivating controller 'arm_controller'
[ign gazebo-1] [INFO] [1790605600.572396961] [amir2.controller_manager]: Shutting down controller 'arm_controller'
[ign gazebo-1] [INFO] [1790605600.572416884] [amir2.controller_manager]: Deactivating controller 'gripper_controller'
[ign gazebo-1] [INFO] [1790605600.572442730] [amir2.controller_manager]: Shutting down controller 'gripper_controller'
[ign gazebo-1] [INFO] [1790605600.572461726] [amir2.controller_manager]: Deactivating controller 'mecanum_drive_controller'
[ign gazebo-1] [INFO] [1790605600.572484876] [amir2.controller_manager]: Shutting down controller 'mecanum_drive_controller'
[ign gazebo-1] [INFO] [1790605600.572513791] [resource_manager]: 'deactivate' hardware 'AmirGazeboSystem' 
[ign gazebo-1] [INFO] [1790605600.572531849] [resource_manager]: Successful 'deactivate' of hardware 'AmirGazeboSystem'
[ign gazebo-1] [INFO] [1790605600.572537048] [resource_manager]: 'shutdown' hardware 'AmirGazeboSystem' 
[ign gazebo-1] [INFO] [1790605600.572542800] [resource_manager]: Successful 'shutdown' of hardware 'AmirGazeboSystem'
[ign gazebo-1] [INFO] [1790605600.572548425] [resource_manager]: 'deactivate' hardware 'MecanumSystem' 
[ign gazebo-1] [INFO] [1790605600.572553747] [resource_manager]: Successful 'deactivate' of hardware 'MecanumSystem'
[ign gazebo-1] [INFO] [1790605600.572557629] [resource_manager]: 'shutdown' hardware 'MecanumSystem' 
[ign gazebo-1] [INFO] [1790605600.572562542] [resource_manager]: Successful 'shutdown' of hardware 'MecanumSystem'
[ign gazebo-1] [INFO] [1790605600.572566921] [amir2.controller_manager]: Shutting down the controller manager.
[ign gazebo-1] [INFO] [1790605600.572576316] [amir1.controller_manager]: Shutdown request received....
[ign gazebo-1] [INFO] [1790605600.572599970] [amir1.controller_manager]: Shutting down all controllers in the controller manager.
[ign gazebo-1] [INFO] [1790605600.572613919] [amir1.controller_manager]: Deactivating controller 'joint_state_broadcaster'
[ign gazebo-1] [INFO] [1790605600.572638825] [amir1.controller_manager]: Shutting down controller 'joint_state_broadcaster'
[ign gazebo-1] [INFO] [1790605600.572657695] [amir1.controller_manager]: Deactivating controller 'arm_controller'
[ign gazebo-1] [INFO] [1790605600.572682986] [amir1.controller_manager]: Shutting down controller 'arm_controller'
[ign gazebo-1] [INFO] [1790605600.572701219] [amir1.controller_manager]: Deactivating controller 'gripper_controller'
[ign gazebo-1] [INFO] [1790605600.572746489] [amir1.controller_manager]: Shutting down controller 'gripper_controller'
[ign gazebo-1] [INFO] [1790605600.572766284] [amir1.controller_manager]: Deactivating controller 'mecanum_drive_controller'
[ign gazebo-1] [INFO] [1790605600.572788368] [amir1.controller_manager]: Shutting down controller 'mecanum_drive_controller'
[ign gazebo-1] [INFO] [1790605600.572808649] [resource_manager]: 'deactivate' hardware 'AmirGazeboSystem' 
[ign gazebo-1] [INFO] [1790605600.572815023] [resource_manager]: Successful 'deactivate' of hardware 'AmirGazeboSystem'
[ign gazebo-1] [INFO] [1790605600.572819228] [resource_manager]: 'shutdown' hardware 'AmirGazeboSystem' 
[ign gazebo-1] [INFO] [1790605600.572823990] [resource_manager]: Successful 'shutdown' of hardware 'AmirGazeboSystem'
[ign gazebo-1] [INFO] [1790605600.572829106] [resource_manager]: 'deactivate' hardware 'MecanumSystem' 
[ign gazebo-1] [INFO] [1790605600.572834239] [resource_manager]: Successful 'deactivate' of hardware 'MecanumSystem'
[ign gazebo-1] [INFO] [1790605600.572838159] [resource_manager]: 'shutdown' hardware 'MecanumSystem' 
[ign gazebo-1] [INFO] [1790605600.572842974] [resource_manager]: Successful 'shutdown' of hardware 'MecanumSystem'
[ign gazebo-1] [INFO] [1790605600.572847279] [amir1.controller_manager]: Shutting down the controller manager.
[robot_state_publisher-8] [INFO] [1790605600.572218001] [rclcpp]: signal_handler(SIGINT/SIGTERM)
[parameter_bridge-12] [INFO] [1790605600.574575711] [rclcpp]: signal_handler(SIGINT/SIGTERM)
[finger_contact_aggregator-4] [INFO] [1790605600.571723946] [rclcpp]: signal_handler(SIGINT/SIGTERM)
[parameter_bridge-24] [INFO] [1790605600.656943961] [rclcpp]: signal_handler(SIGINT/SIGTERM)
[parameter_bridge-23] [INFO] [1790605600.660922326] [rclcpp]: signal_handler(SIGINT/SIGTERM)
[parameter_bridge-22] [INFO] [1790605600.664617941] [rclcpp]: signal_handler(SIGINT/SIGTERM)
[parameter_bridge-12] [INFO] [1790605600.676523936] [rclcpp]: signal_handler(SIGINT/SIGTERM)
[parameter_bridge-11] [INFO] [1790605600.680256435] [rclcpp]: signal_handler(SIGINT/SIGTERM)
[parameter_bridge-10] [INFO] [1790605600.683947643] [rclcpp]: signal_handler(SIGINT/SIGTERM)
[ERROR] [ign gazebo-1]: process has died [pid 43735, exit code -2, cmd 'ruby /usr/bin/ign gazebo -s -r -v 1 /home/dars5070/ros2_humble_ws/install/cooperative_transport_gazebo/share/cooperative_transport_gazebo/worlds/cooperative_transport_contact.sdf --force-version 6'].
[INFO] [launch]: process[ign gazebo-1] was required: shutting down launched system
