[INFO] [launch]: All log files can be found below /home/dars5070/.ros/log/2026-09-29-00-59-17-290249-dars5070-Katana-15-HX-B14WGK-67234
[INFO] [launch]: Default logging verbosity is set to INFO
[INFO] [ign gazebo-1]: process started with pid [67245]
[INFO] [parameter_bridge-2]: process started with pid [67247]
[INFO] [transport_pose_filter-3]: process started with pid [67250]
[INFO] [finger_contact_aggregator-4]: process started with pid [67252]
[INFO] [simulation_startup_gate-5]: process started with pid [67254]
[INFO] [rotation_controller-6]: process started with pid [67256]
[INFO] [pivot_rotation_controller-7]: process started with pid [67258]
[transport_pose_filter-3] [INFO] [1790611157.567434958] [transport_pose_filter]: Filtering /world/cooperative_transport_friction/pose/info -> /cooperative_transport/model_poses (3 models)
[finger_contact_aggregator-4] [INFO] [1790611157.587322741] [finger_contact_aggregator]: Contact input: gazebo; 4 fingers x 9 segments
[parameter_bridge-2] [INFO] [1790611157.605785298] [cooperative_transport_friction_bridge]: Creating GZ->ROS Bridge: [/clock (gz.msgs.Clock) -> /clock (rosgraph_msgs/msg/Clock)] (Lazy 0)
[parameter_bridge-2] [INFO] [1790611157.607419051] [cooperative_transport_friction_bridge]: Creating GZ->ROS Bridge: [/world/cooperative_transport_friction/pose/info (gz.msgs.Pose_V) -> /world/cooperative_transport_friction/pose/info (tf2_msgs/msg/TFMessage)] (Lazy 0)
[pivot_rotation_controller-7] [INFO] [1790611157.890435346] [pivot_rotation_controller]: Waiting for grasp; pivot=amir1, follower=amir2, target=30.0 deg
[rotation_controller-6] [INFO] [1790611157.906768891] [cooperative_rotation_controller]: Rotation controller ready: target=30.0 deg, axis=[0.0, 0.0, 1.0]
[simulation_startup_gate-5] [INFO] [1790611157.915051781] [startup_world_ready]: Waiting for world: ['amir1']
[simulation_startup_gate-5] [INFO] [1790611160.497122576] [startup_world_ready]: Ready: world_ready
[INFO] [simulation_startup_gate-5]: process has finished cleanly [pid 67254]
[INFO] [robot_state_publisher-8]: process started with pid [67477]
[INFO] [simulation_startup_gate-9]: process started with pid [67479]
[INFO] [parameter_bridge-10]: process started with pid [67481]
[INFO] [parameter_bridge-11]: process started with pid [67483]
[INFO] [rover_twist_relay_ign.py-12]: process started with pid [67485]
[INFO] [simulation_startup_gate-13]: process started with pid [67487]
[parameter_bridge-10] [INFO] [1790611160.911527852] [amir1.odom_bridge]: Creating GZ->ROS Bridge: [/amir1/odom (gz.msgs.Odometry) -> /amir1/odom (nav_msgs/msg/Odometry)] (Lazy 0)
[parameter_bridge-10] [INFO] [1790611160.913126107] [amir1.odom_bridge]: Creating GZ->ROS Bridge: [/amir1/odom/tf (gz.msgs.Pose_V) -> /amir1/odom/tf (tf2_msgs/msg/TFMessage)] (Lazy 0)
[robot_state_publisher-8] [INFO] [1790611160.916355658] [amir1.robot_state_publisher]: got segment back_left_arm
[robot_state_publisher-8] [INFO] [1790611160.916451626] [amir1.robot_state_publisher]: got segment back_left_wheel_1
[robot_state_publisher-8] [INFO] [1790611160.916459210] [amir1.robot_state_publisher]: got segment back_right_arm
[robot_state_publisher-8] [INFO] [1790611160.916463840] [amir1.robot_state_publisher]: got segment back_right_wheel_1
[robot_state_publisher-8] [INFO] [1790611160.916468578] [amir1.robot_state_publisher]: got segment base_footprint
[robot_state_publisher-8] [INFO] [1790611160.916471634] [amir1.robot_state_publisher]: got segment base_link
[robot_state_publisher-8] [INFO] [1790611160.916474607] [amir1.robot_state_publisher]: got segment finger_left_1
[robot_state_publisher-8] [INFO] [1790611160.916478974] [amir1.robot_state_publisher]: got segment finger_right_1
[robot_state_publisher-8] [INFO] [1790611160.916481939] [amir1.robot_state_publisher]: got segment front_left_arm
[robot_state_publisher-8] [INFO] [1790611160.916485650] [amir1.robot_state_publisher]: got segment front_left_wheel_1
[robot_state_publisher-8] [INFO] [1790611160.916489637] [amir1.robot_state_publisher]: got segment front_lrf_link
[robot_state_publisher-8] [INFO] [1790611160.916492599] [amir1.robot_state_publisher]: got segment front_right_arm
[robot_state_publisher-8] [INFO] [1790611160.916497020] [amir1.robot_state_publisher]: got segment front_right_wheel_1
[robot_state_publisher-8] [INFO] [1790611160.916500357] [amir1.robot_state_publisher]: got segment gripper_base_1
[robot_state_publisher-8] [INFO] [1790611160.916502846] [amir1.robot_state_publisher]: got segment inner_link_left_1
[robot_state_publisher-8] [INFO] [1790611160.916505372] [amir1.robot_state_publisher]: got segment inner_link_right_1
[robot_state_publisher-8] [INFO] [1790611160.916507841] [amir1.robot_state_publisher]: got segment link0_1
[robot_state_publisher-8] [INFO] [1790611160.916510403] [amir1.robot_state_publisher]: got segment link1_1
[robot_state_publisher-8] [INFO] [1790611160.916514295] [amir1.robot_state_publisher]: got segment link2_1
[robot_state_publisher-8] [INFO] [1790611160.916518033] [amir1.robot_state_publisher]: got segment link3_1
[robot_state_publisher-8] [INFO] [1790611160.916521729] [amir1.robot_state_publisher]: got segment link4_1
[robot_state_publisher-8] [INFO] [1790611160.916525507] [amir1.robot_state_publisher]: got segment outer_link_left_1
[robot_state_publisher-8] [INFO] [1790611160.916528101] [amir1.robot_state_publisher]: got segment outer_link_right_1
[robot_state_publisher-8] [INFO] [1790611160.916530596] [amir1.robot_state_publisher]: got segment tcp_link
[parameter_bridge-11] [INFO] [1790611160.918990738] [amir1.finger_ft_bridge]: Creating GZ->ROS Bridge: [/amir1/finger_left_wrench (gz.msgs.Wrench) -> /amir1/finger_left_wrench (geometry_msgs/msg/WrenchStamped)] (Lazy 0)
[parameter_bridge-11] [INFO] [1790611160.920389597] [amir1.finger_ft_bridge]: Creating GZ->ROS Bridge: [/amir1/finger_right_wrench (gz.msgs.Wrench) -> /amir1/finger_right_wrench (geometry_msgs/msg/WrenchStamped)] (Lazy 0)
[rover_twist_relay_ign.py-12] [INFO] [1790611161.175060531] [amir1.rover_twist_relay_ign]: rover_twist_relay_ign: /rover_twist → /mecanum_drive_controller/reference_unstamped
[simulation_startup_gate-9] [INFO] [1790611161.236854730] [amir1.description_ready]: Waiting for description: ['amir1']
[simulation_startup_gate-13] [INFO] [1790611161.260741202] [startup_amir1_controllers_ready]: Waiting for controllers: ['amir1']
[simulation_startup_gate-9] [INFO] [1790611162.228579629] [amir1.description_ready]: Ready: amir1_description_ready
[INFO] [simulation_startup_gate-9]: process has finished cleanly [pid 67479]
[INFO] [create-14]: process started with pid [67636]
[create-14] [INFO] [1790611162.400754241] [amir1.ros_gz_sim]: Requesting list of world names.
[create-14] [INFO] [1790611162.604255955] [amir1.ros_gz_sim]: Requested creation of entity.
[create-14] [INFO] [1790611162.604342319] [amir1.ros_gz_sim]: OK creation of entity.
[ign gazebo-1] [INFO] [1790611162.700092646] [GazeboSimROS2ControlPlugin]: robot_param_node is robot_state_publisher
[ign gazebo-1] [INFO] [1790611162.700112086] [GazeboSimROS2ControlPlugin]: robot_param_node is robot_description
[INFO] [create-14]: process has finished cleanly [pid 67636]
[INFO] [simulation_startup_gate-15]: process started with pid [67690]
[simulation_startup_gate-15] [INFO] [1790611162.990105911] [amir1.manager_ready]: Waiting for manager: ['amir1']
[ign gazebo-1] [ERROR] [1790611163.216312009] [amir1.gz_ros2_control]: /amir1/robot_state_publisher service not available, waiting again...
[ign gazebo-1] [INFO] [1790611163.396337162] [amir1.gz_ros2_control]: connected to service!! /amir1/robot_state_publisher asking for robot_description
[ign gazebo-1] [INFO] [1790611163.398446777] [amir1.gz_ros2_control]: Received URDF from param server
[ign gazebo-1] [INFO] [1790611163.422928602] [amir1.gz_ros2_control]: The position_proportional_gain has been set to: 0.1
[ign gazebo-1] [INFO] [1790611163.423049123] [amir1.gz_ros2_control]: Loading joint: front_left_joint
[ign gazebo-1] [INFO] [1790611163.423082148] [amir1.gz_ros2_control]: 	State:
[ign gazebo-1] [INFO] [1790611163.423097357] [amir1.gz_ros2_control]: 		 position
[ign gazebo-1] [INFO] [1790611163.423108275] [amir1.gz_ros2_control]: 		 velocity
[ign gazebo-1] [INFO] [1790611163.423117337] [amir1.gz_ros2_control]: 	Command:
[ign gazebo-1] [INFO] [1790611163.423126154] [amir1.gz_ros2_control]: 		 velocity
[ign gazebo-1] [INFO] [1790611163.423180182] [amir1.gz_ros2_control]: Loading joint: front_right_joint
[ign gazebo-1] [INFO] [1790611163.423191644] [amir1.gz_ros2_control]: 	State:
[ign gazebo-1] [INFO] [1790611163.423204609] [amir1.gz_ros2_control]: 		 position
[ign gazebo-1] [INFO] [1790611163.423219386] [amir1.gz_ros2_control]: 		 velocity
[ign gazebo-1] [INFO] [1790611163.423234110] [amir1.gz_ros2_control]: 	Command:
[ign gazebo-1] [INFO] [1790611163.423245488] [amir1.gz_ros2_control]: 		 velocity
[ign gazebo-1] [INFO] [1790611163.423295812] [amir1.gz_ros2_control]: Loading joint: back_left_joint
[ign gazebo-1] [INFO] [1790611163.423312008] [amir1.gz_ros2_control]: 	State:
[ign gazebo-1] [INFO] [1790611163.423326555] [amir1.gz_ros2_control]: 		 position
[ign gazebo-1] [INFO] [1790611163.423337462] [amir1.gz_ros2_control]: 		 velocity
[ign gazebo-1] [INFO] [1790611163.423345678] [amir1.gz_ros2_control]: 	Command:
[ign gazebo-1] [INFO] [1790611163.423353947] [amir1.gz_ros2_control]: 		 velocity
[ign gazebo-1] [INFO] [1790611163.423390911] [amir1.gz_ros2_control]: Loading joint: back_right_joint
[ign gazebo-1] [INFO] [1790611163.423400754] [amir1.gz_ros2_control]: 	State:
[ign gazebo-1] [INFO] [1790611163.423409001] [amir1.gz_ros2_control]: 		 position
[ign gazebo-1] [INFO] [1790611163.423417579] [amir1.gz_ros2_control]: 		 velocity
[ign gazebo-1] [INFO] [1790611163.423425878] [amir1.gz_ros2_control]: 	Command:
[ign gazebo-1] [INFO] [1790611163.423433879] [amir1.gz_ros2_control]: 		 velocity
[ign gazebo-1] [INFO] [1790611163.423610190] [amir1.gz_ros2_control]: Loading sensor: finger_right_force_sensor
[ign gazebo-1] [INFO] [1790611163.423623307] [amir1.gz_ros2_control]: 	State:
[ign gazebo-1] [WARN] [1790611163.423633871] [amir1.gz_ros2_control]: ForceTorque sensor 'finger_right_force_sensor' not found in hardware_info, skipping.
[ign gazebo-1] [INFO] [1790611163.423644845] [amir1.gz_ros2_control]: Loading sensor: finger_left_force_sensor
[ign gazebo-1] [INFO] [1790611163.423653675] [amir1.gz_ros2_control]: 	State:
[ign gazebo-1] [WARN] [1790611163.423662357] [amir1.gz_ros2_control]: ForceTorque sensor 'finger_left_force_sensor' not found in hardware_info, skipping.
[ign gazebo-1] [INFO] [1790611163.423684401] [resource_manager]: Initialize hardware 'MecanumSystem' 
[ign gazebo-1] [INFO] [1790611163.423775421] [resource_manager]: Successful initialization of hardware 'MecanumSystem'
[ign gazebo-1] [INFO] [1790611163.423831956] [resource_manager]: 'configure' hardware 'MecanumSystem' 
[ign gazebo-1] [INFO] [1790611163.423838680] [amir1.gz_ros2_control]: System Successfully configured!
[ign gazebo-1] [INFO] [1790611163.423853585] [resource_manager]: Successful 'configure' of hardware 'MecanumSystem'
[ign gazebo-1] [INFO] [1790611163.423865608] [resource_manager]: 'activate' hardware 'MecanumSystem' 
[ign gazebo-1] [INFO] [1790611163.423877155] [resource_manager]: Successful 'activate' of hardware 'MecanumSystem'
[ign gazebo-1] [INFO] [1790611163.424025236] [amir1.gz_ros2_control]: The position_proportional_gain has been set to: 0.1
[ign gazebo-1] [INFO] [1790611163.424061463] [amir1.gz_ros2_control]: Loading joint: Joint_1
[ign gazebo-1] [INFO] [1790611163.424082999] [amir1.gz_ros2_control]: 	State:
[ign gazebo-1] [INFO] [1790611163.424091319] [amir1.gz_ros2_control]: 		 position
[ign gazebo-1] [INFO] [1790611163.424102121] [amir1.gz_ros2_control]: 			 found initial value: 0.000000
[ign gazebo-1] [INFO] [1790611163.424112903] [amir1.gz_ros2_control]: 		 velocity
[ign gazebo-1] [INFO] [1790611163.424120885] [amir1.gz_ros2_control]: 	Command:
[ign gazebo-1] [INFO] [1790611163.424128716] [amir1.gz_ros2_control]: 		 position
[ign gazebo-1] [INFO] [1790611163.424169722] [amir1.gz_ros2_control]: Loading joint: Joint_2
[ign gazebo-1] [INFO] [1790611163.424178157] [amir1.gz_ros2_control]: 	State:
[ign gazebo-1] [INFO] [1790611163.424185871] [amir1.gz_ros2_control]: 		 position
[ign gazebo-1] [INFO] [1790611163.424194832] [amir1.gz_ros2_control]: 			 found initial value: 1.400000
[ign gazebo-1] [INFO] [1790611163.424234413] [amir1.gz_ros2_control]: 		 velocity
[ign gazebo-1] [INFO] [1790611163.424242428] [amir1.gz_ros2_control]: 	Command:
[ign gazebo-1] [INFO] [1790611163.424250302] [amir1.gz_ros2_control]: 		 position
[ign gazebo-1] [INFO] [1790611163.424282923] [amir1.gz_ros2_control]: Loading joint: Joint_3
[ign gazebo-1] [INFO] [1790611163.424291139] [amir1.gz_ros2_control]: 	State:
[ign gazebo-1] [INFO] [1790611163.424298650] [amir1.gz_ros2_control]: 		 position
[ign gazebo-1] [INFO] [1790611163.424306281] [amir1.gz_ros2_control]: 			 found initial value: -1.600000
[ign gazebo-1] [INFO] [1790611163.424315472] [amir1.gz_ros2_control]: 		 velocity
[ign gazebo-1] [INFO] [1790611163.424322763] [amir1.gz_ros2_control]: 	Command:
[ign gazebo-1] [INFO] [1790611163.424330079] [amir1.gz_ros2_control]: 		 position
[ign gazebo-1] [INFO] [1790611163.424358444] [amir1.gz_ros2_control]: Loading joint: Joint_4
[ign gazebo-1] [INFO] [1790611163.424367112] [amir1.gz_ros2_control]: 	State:
[ign gazebo-1] [INFO] [1790611163.424374590] [amir1.gz_ros2_control]: 		 position
[ign gazebo-1] [INFO] [1790611163.424382163] [amir1.gz_ros2_control]: 			 found initial value: 0.200000
[ign gazebo-1] [INFO] [1790611163.424391621] [amir1.gz_ros2_control]: 		 velocity
[ign gazebo-1] [INFO] [1790611163.424398863] [amir1.gz_ros2_control]: 	Command:
[ign gazebo-1] [INFO] [1790611163.424406357] [amir1.gz_ros2_control]: 		 position
[ign gazebo-1] [INFO] [1790611163.424433227] [amir1.gz_ros2_control]: Loading joint: Joint_5
[ign gazebo-1] [INFO] [1790611163.424441309] [amir1.gz_ros2_control]: 	State:
[ign gazebo-1] [INFO] [1790611163.424448777] [amir1.gz_ros2_control]: 		 position
[ign gazebo-1] [INFO] [1790611163.424470512] [amir1.gz_ros2_control]: 			 found initial value: 1.570796
[ign gazebo-1] [INFO] [1790611163.424480110] [amir1.gz_ros2_control]: 		 velocity
[ign gazebo-1] [INFO] [1790611163.424489290] [amir1.gz_ros2_control]: 	Command:
[ign gazebo-1] [INFO] [1790611163.424497343] [amir1.gz_ros2_control]: 		 position
[ign gazebo-1] [INFO] [1790611163.424525213] [amir1.gz_ros2_control]: Loading joint: Gripper
[ign gazebo-1] [INFO] [1790611163.424533577] [amir1.gz_ros2_control]: 	State:
[ign gazebo-1] [INFO] [1790611163.424541069] [amir1.gz_ros2_control]: 		 position
[ign gazebo-1] [INFO] [1790611163.424548587] [amir1.gz_ros2_control]: 			 found initial value: -1.000000
[ign gazebo-1] [INFO] [1790611163.424557988] [amir1.gz_ros2_control]: 		 velocity
[ign gazebo-1] [INFO] [1790611163.424565514] [amir1.gz_ros2_control]: 	Command:
[ign gazebo-1] [INFO] [1790611163.424572788] [amir1.gz_ros2_control]: 		 position
[ign gazebo-1] [INFO] [1790611163.424599532] [amir1.gz_ros2_control]: Loading joint: left_inner_back_joint
[ign gazebo-1] [INFO] [1790611163.424614010] [amir1.gz_ros2_control]: Joint 'left_inner_back_joint'is mimicking joint 'Gripper' with multiplier: 1
[ign gazebo-1] [INFO] [1790611163.424623805] [amir1.gz_ros2_control]: 	State:
[ign gazebo-1] [INFO] [1790611163.424631490] [amir1.gz_ros2_control]: 		 position
[ign gazebo-1] [INFO] [1790611163.424639975] [amir1.gz_ros2_control]: 		 velocity
[ign gazebo-1] [INFO] [1790611163.424647750] [amir1.gz_ros2_control]: 	Command:
[ign gazebo-1] [INFO] [1790611163.424655036] [amir1.gz_ros2_control]: 		 position
[ign gazebo-1] [INFO] [1790611163.424683234] [amir1.gz_ros2_control]: Loading joint: right_outer_back_joint
[ign gazebo-1] [INFO] [1790611163.424696328] [amir1.gz_ros2_control]: Joint 'right_outer_back_joint'is mimicking joint 'Gripper' with multiplier: 1
[ign gazebo-1] [INFO] [1790611163.424704592] [amir1.gz_ros2_control]: 	State:
[ign gazebo-1] [INFO] [1790611163.424711963] [amir1.gz_ros2_control]: 		 position
[ign gazebo-1] [INFO] [1790611163.424719453] [amir1.gz_ros2_control]: 		 velocity
[ign gazebo-1] [INFO] [1790611163.424726954] [amir1.gz_ros2_control]: 	Command:
[ign gazebo-1] [INFO] [1790611163.424734186] [amir1.gz_ros2_control]: 		 position
[ign gazebo-1] [INFO] [1790611163.424760820] [amir1.gz_ros2_control]: Loading joint: left_outer_back_joint
[ign gazebo-1] [INFO] [1790611163.424771195] [amir1.gz_ros2_control]: Joint 'left_outer_back_joint'is mimicking joint 'Gripper' with multiplier: 1
[ign gazebo-1] [INFO] [1790611163.424779500] [amir1.gz_ros2_control]: 	State:
[ign gazebo-1] [INFO] [1790611163.424787417] [amir1.gz_ros2_control]: 		 position
[ign gazebo-1] [INFO] [1790611163.424803098] [amir1.gz_ros2_control]: 		 velocity
[ign gazebo-1] [INFO] [1790611163.424811398] [amir1.gz_ros2_control]: 	Command:
[ign gazebo-1] [INFO] [1790611163.424819309] [amir1.gz_ros2_control]: 		 position
[ign gazebo-1] [INFO] [1790611163.424852588] [amir1.gz_ros2_control]: Loading joint: right_inner_front_joint
[ign gazebo-1] [INFO] [1790611163.424863470] [amir1.gz_ros2_control]: Joint 'right_inner_front_joint'is mimicking joint 'Gripper' with multiplier: 1
[ign gazebo-1] [INFO] [1790611163.424880225] [amir1.gz_ros2_control]: 	State:
[ign gazebo-1] [INFO] [1790611163.424893684] [amir1.gz_ros2_control]: 		 position
[ign gazebo-1] [INFO] [1790611163.424901855] [amir1.gz_ros2_control]: 		 velocity
[ign gazebo-1] [INFO] [1790611163.424909514] [amir1.gz_ros2_control]: 	Command:
[ign gazebo-1] [INFO] [1790611163.424917022] [amir1.gz_ros2_control]: 		 position
[ign gazebo-1] [INFO] [1790611163.424948955] [amir1.gz_ros2_control]: Loading joint: left_inner_front_joint
[ign gazebo-1] [INFO] [1790611163.424960295] [amir1.gz_ros2_control]: Joint 'left_inner_front_joint'is mimicking joint 'Gripper' with multiplier: 1
[ign gazebo-1] [INFO] [1790611163.424969078] [amir1.gz_ros2_control]: 	State:
[ign gazebo-1] [INFO] [1790611163.424977639] [amir1.gz_ros2_control]: 		 position
[ign gazebo-1] [INFO] [1790611163.424990687] [amir1.gz_ros2_control]: 		 velocity
[ign gazebo-1] [INFO] [1790611163.425001862] [amir1.gz_ros2_control]: 	Command:
[ign gazebo-1] [INFO] [1790611163.425013926] [amir1.gz_ros2_control]: 		 position
[ign gazebo-1] [INFO] [1790611163.425046688] [amir1.gz_ros2_control]: Loading sensor: finger_right_force_sensor
[ign gazebo-1] [INFO] [1790611163.425056766] [amir1.gz_ros2_control]: 	State:
[ign gazebo-1] [WARN] [1790611163.425082859] [amir1.gz_ros2_control]: ForceTorque sensor 'finger_right_force_sensor' not found in hardware_info, skipping.
[ign gazebo-1] [INFO] [1790611163.425093244] [amir1.gz_ros2_control]: Loading sensor: finger_left_force_sensor
[ign gazebo-1] [INFO] [1790611163.425101884] [amir1.gz_ros2_control]: 	State:
[ign gazebo-1] [WARN] [1790611163.425109996] [amir1.gz_ros2_control]: ForceTorque sensor 'finger_left_force_sensor' not found in hardware_info, skipping.
[ign gazebo-1] [INFO] [1790611163.425117812] [resource_manager]: Initialize hardware 'AmirGazeboSystem' 
[ign gazebo-1] [INFO] [1790611163.425146139] [resource_manager]: Successful initialization of hardware 'AmirGazeboSystem'
[ign gazebo-1] [INFO] [1790611163.425182682] [resource_manager]: 'configure' hardware 'AmirGazeboSystem' 
[ign gazebo-1] [INFO] [1790611163.425188779] [amir1.gz_ros2_control]: System Successfully configured!
[ign gazebo-1] [INFO] [1790611163.425199291] [resource_manager]: Successful 'configure' of hardware 'AmirGazeboSystem'
[ign gazebo-1] [INFO] [1790611163.425213091] [resource_manager]: 'activate' hardware 'AmirGazeboSystem' 
[ign gazebo-1] [INFO] [1790611163.425220555] [resource_manager]: Successful 'activate' of hardware 'AmirGazeboSystem'
[ign gazebo-1] [INFO] [1790611163.425226365] [amir1.gz_ros2_control]: Loading controller_manager
[simulation_startup_gate-15] [INFO] [1790611164.382567520] [amir1.manager_ready]: Ready: amir1_manager_ready
[INFO] [simulation_startup_gate-15]: process has finished cleanly [pid 67690]
[INFO] [spawner-16]: process started with pid [67738]
[spawner-16] [INFO] [1790611164.760807980] [amir1.spawner_joint_state_broadcaster]: waiting for service /amir1/controller_manager/list_controllers to become available...
[ign gazebo-1] [INFO] [1790611166.516460109] [amir1.controller_manager]: Loading controller 'joint_state_broadcaster'
[spawner-16] [INFO] [1790611166.542845274] [amir1.spawner_joint_state_broadcaster]: [94mLoaded [1mjoint_state_broadcaster[0m
[ign gazebo-1] [INFO] [1790611166.543959789] [amir1.controller_manager]: Configuring controller 'joint_state_broadcaster'
[ign gazebo-1] [INFO] [1790611166.544075720] [amir1.joint_state_broadcaster]: 'joints' or 'interfaces' parameter is empty. All available state interfaces will be published
[spawner-16] [INFO] [1790611166.558324123] [amir1.spawner_joint_state_broadcaster]: [92mConfigured and activated [1mjoint_state_broadcaster[0m
[INFO] [spawner-16]: process has finished cleanly [pid 67738]
[INFO] [spawner-17]: process started with pid [67782]
[spawner-17] [INFO] [1790611166.937901632] [amir1.spawner_arm_controller]: [96mSetting controller param "type" to "joint_trajectory_controller/JointTrajectoryController" for [1marm_controller[0m
[spawner-17] [INFO] [1790611166.942400484] [amir1.spawner_arm_controller]: [96mSetting controller param "params_file" to "['/home/dars5070/ros2_humble_ws/install/amir_gazebo/share/amir_gazebo/config/arm_controllers.yaml']" for [1marm_controller[0m
[ign gazebo-1] [INFO] [1790611166.946004051] [amir1.controller_manager]: Loading controller 'arm_controller'
[ign gazebo-1] [WARN] [1790611166.953399793] [amir1.arm_controller]: [Deprecated]: "allow_nonzero_velocity_at_trajectory_end" is set to true. The default behavior will change to false.
[spawner-17] [INFO] [1790611166.955655924] [amir1.spawner_arm_controller]: [94mLoaded [1marm_controller[0m
[ign gazebo-1] [INFO] [1790611166.956643621] [amir1.controller_manager]: Configuring controller 'arm_controller'
[ign gazebo-1] [INFO] [1790611166.956745235] [amir1.arm_controller]: No specific joint names are used for command interfaces. Using 'joints' parameter.
[ign gazebo-1] [INFO] [1790611166.956759930] [amir1.arm_controller]: Command interfaces are [position] and state interfaces are [position velocity].
[ign gazebo-1] [INFO] [1790611166.956774627] [amir1.arm_controller]: Using 'splines' interpolation method.
[ign gazebo-1] [INFO] [1790611166.957445031] [amir1.arm_controller]: Controller state will be published at 100.00 Hz.
[ign gazebo-1] [INFO] [1790611166.958569932] [amir1.arm_controller]: Goals with partial set of joints are allowed
[ign gazebo-1] [INFO] [1790611166.958583454] [amir1.arm_controller]: Action status changes will be monitored at 20.00 Hz.
[spawner-17] [INFO] [1790611166.971181654] [amir1.spawner_arm_controller]: [92mConfigured and activated [1marm_controller[0m
[INFO] [spawner-17]: process has finished cleanly [pid 67782]
[INFO] [spawner-18]: process started with pid [67820]
[spawner-18] [INFO] [1790611167.360656186] [amir1.spawner_mecanum_drive_controller]: waiting for service /amir1/controller_manager/list_controllers to become available...
[ign gazebo-1] [INFO] [1790611167.864847104] [amir1.controller_manager]: Loading controller 'mecanum_drive_controller'
[spawner-18] [INFO] [1790611167.907336554] [amir1.spawner_mecanum_drive_controller]: [94mLoaded [1mmecanum_drive_controller[0m
[ign gazebo-1] [INFO] [1790611167.910406142] [amir1.controller_manager]: Configuring controller 'mecanum_drive_controller'
[ign gazebo-1] [INFO] [1790611167.918694929] [amir1.mecanum_drive_controller]: MecanumDriveController configured successfully
[spawner-18] [INFO] [1790611167.931741870] [amir1.spawner_mecanum_drive_controller]: [92mConfigured and activated [1mmecanum_drive_controller[0m
[INFO] [spawner-18]: process has finished cleanly [pid 67820]
[INFO] [spawner-19]: process started with pid [67862]
[spawner-19] [INFO] [1790611168.317929391] [amir1.spawner_gripper_controller]: waiting for service /amir1/controller_manager/list_controllers to become available...
[spawner-19] [INFO] [1790611169.072121220] [amir1.spawner_gripper_controller]: [96mSetting controller param "type" to "position_controllers/GripperActionController" for [1mgripper_controller[0m
[spawner-19] [INFO] [1790611169.077452787] [amir1.spawner_gripper_controller]: [96mSetting controller param "params_file" to "['/home/dars5070/ros2_humble_ws/install/amir_gazebo/share/amir_gazebo/config/arm_controllers.yaml']" for [1mgripper_controller[0m
[ign gazebo-1] [INFO] [1790611169.081007073] [amir1.controller_manager]: Loading controller 'gripper_controller'
[spawner-19] [INFO] [1790611169.090575784] [amir1.spawner_gripper_controller]: [94mLoaded [1mgripper_controller[0m
[ign gazebo-1] [INFO] [1790611169.091237040] [amir1.controller_manager]: Configuring controller 'gripper_controller'
[ign gazebo-1] [INFO] [1790611169.091323688] [amir1.gripper_controller]: Action status changes will be monitored at 20.000000 Hz.
[spawner-19] [INFO] [1790611169.102752811] [amir1.spawner_gripper_controller]: [92mConfigured and activated [1mgripper_controller[0m
[INFO] [spawner-19]: process has finished cleanly [pid 67862]
[simulation_startup_gate-13] [INFO] [1790611170.252761551] [startup_amir1_controllers_ready]: Ready: amir1_controllers_ready
[INFO] [simulation_startup_gate-13]: process has finished cleanly [pid 67487]
[INFO] [robot_state_publisher-20]: process started with pid [67908]
[INFO] [simulation_startup_gate-21]: process started with pid [67910]
[INFO] [parameter_bridge-22]: process started with pid [67912]
[INFO] [parameter_bridge-23]: process started with pid [67914]
[INFO] [rover_twist_relay_ign.py-24]: process started with pid [67916]
[INFO] [simulation_startup_gate-25]: process started with pid [67918]
[parameter_bridge-22] [INFO] [1790611171.050449861] [amir2.odom_bridge]: Creating GZ->ROS Bridge: [/amir2/odom (gz.msgs.Odometry) -> /amir2/odom (nav_msgs/msg/Odometry)] (Lazy 0)
[parameter_bridge-23] [INFO] [1790611171.052150160] [amir2.finger_ft_bridge]: Creating GZ->ROS Bridge: [/amir2/finger_left_wrench (gz.msgs.Wrench) -> /amir2/finger_left_wrench (geometry_msgs/msg/WrenchStamped)] (Lazy 0)
[parameter_bridge-23] [INFO] [1790611171.054946154] [amir2.finger_ft_bridge]: Creating GZ->ROS Bridge: [/amir2/finger_right_wrench (gz.msgs.Wrench) -> /amir2/finger_right_wrench (geometry_msgs/msg/WrenchStamped)] (Lazy 0)
[parameter_bridge-22] [INFO] [1790611171.055753507] [amir2.odom_bridge]: Creating GZ->ROS Bridge: [/amir2/odom/tf (gz.msgs.Pose_V) -> /amir2/odom/tf (tf2_msgs/msg/TFMessage)] (Lazy 0)
[robot_state_publisher-20] [INFO] [1790611171.079213442] [amir2.robot_state_publisher]: got segment back_left_arm
[robot_state_publisher-20] [INFO] [1790611171.079299544] [amir2.robot_state_publisher]: got segment back_left_wheel_1
[robot_state_publisher-20] [INFO] [1790611171.079306272] [amir2.robot_state_publisher]: got segment back_right_arm
[robot_state_publisher-20] [INFO] [1790611171.079309711] [amir2.robot_state_publisher]: got segment back_right_wheel_1
[robot_state_publisher-20] [INFO] [1790611171.079312464] [amir2.robot_state_publisher]: got segment base_footprint
[robot_state_publisher-20] [INFO] [1790611171.079315087] [amir2.robot_state_publisher]: got segment base_link
[robot_state_publisher-20] [INFO] [1790611171.079317678] [amir2.robot_state_publisher]: got segment finger_left_1
[robot_state_publisher-20] [INFO] [1790611171.079320227] [amir2.robot_state_publisher]: got segment finger_right_1
[robot_state_publisher-20] [INFO] [1790611171.079322728] [amir2.robot_state_publisher]: got segment front_left_arm
[robot_state_publisher-20] [INFO] [1790611171.079326424] [amir2.robot_state_publisher]: got segment front_left_wheel_1
[robot_state_publisher-20] [INFO] [1790611171.079330833] [amir2.robot_state_publisher]: got segment front_lrf_link
[robot_state_publisher-20] [INFO] [1790611171.079333785] [amir2.robot_state_publisher]: got segment front_right_arm
[robot_state_publisher-20] [INFO] [1790611171.079336278] [amir2.robot_state_publisher]: got segment front_right_wheel_1
[robot_state_publisher-20] [INFO] [1790611171.079338817] [amir2.robot_state_publisher]: got segment gripper_base_1
[robot_state_publisher-20] [INFO] [1790611171.079341369] [amir2.robot_state_publisher]: got segment inner_link_left_1
[robot_state_publisher-20] [INFO] [1790611171.079343925] [amir2.robot_state_publisher]: got segment inner_link_right_1
[robot_state_publisher-20] [INFO] [1790611171.079346669] [amir2.robot_state_publisher]: got segment link0_1
[robot_state_publisher-20] [INFO] [1790611171.079349253] [amir2.robot_state_publisher]: got segment link1_1
[robot_state_publisher-20] [INFO] [1790611171.079353271] [amir2.robot_state_publisher]: got segment link2_1
[robot_state_publisher-20] [INFO] [1790611171.079357316] [amir2.robot_state_publisher]: got segment link3_1
[robot_state_publisher-20] [INFO] [1790611171.079360634] [amir2.robot_state_publisher]: got segment link4_1
[robot_state_publisher-20] [INFO] [1790611171.079363089] [amir2.robot_state_publisher]: got segment outer_link_left_1
[robot_state_publisher-20] [INFO] [1790611171.079365569] [amir2.robot_state_publisher]: got segment outer_link_right_1
[robot_state_publisher-20] [INFO] [1790611171.079368029] [amir2.robot_state_publisher]: got segment tcp_link
[simulation_startup_gate-25] [INFO] [1790611171.111740697] [startup_robots_ready]: Waiting for controllers: ['amir2']
[rover_twist_relay_ign.py-24] [INFO] [1790611171.436546280] [amir2.rover_twist_relay_ign]: rover_twist_relay_ign: /rover_twist → /mecanum_drive_controller/reference_unstamped
[simulation_startup_gate-21] [INFO] [1790611171.443713824] [amir2.description_ready]: Waiting for description: ['amir2']
[simulation_startup_gate-21] [INFO] [1790611172.419553504] [amir2.description_ready]: Ready: amir2_description_ready
[INFO] [simulation_startup_gate-21]: process has finished cleanly [pid 67910]
[INFO] [create-26]: process started with pid [68071]
[create-26] [INFO] [1790611172.620775310] [amir2.ros_gz_sim]: Requesting list of world names.
[create-26] [INFO] [1790611172.824249443] [amir2.ros_gz_sim]: Requested creation of entity.
[create-26] [INFO] [1790611172.824349373] [amir2.ros_gz_sim]: OK creation of entity.
[ign gazebo-1] [INFO] [1790611172.906397140] [GazeboSimROS2ControlPlugin]: robot_param_node is robot_state_publisher
[ign gazebo-1] [INFO] [1790611172.906422611] [GazeboSimROS2ControlPlugin]: robot_param_node is robot_description
[ign gazebo-1] [INFO] [1790611172.912749844] [amir2.gz_ros2_control]: connected to service!! /amir2/robot_state_publisher asking for robot_description
[ign gazebo-1] [INFO] [1790611172.913089325] [amir2.gz_ros2_control]: Received URDF from param server
[ign gazebo-1] [INFO] [1790611172.916461208] [amir2.gz_ros2_control]: The position_proportional_gain has been set to: 0.1
[ign gazebo-1] [INFO] [1790611172.916513529] [amir2.gz_ros2_control]: Loading joint: front_left_joint
[ign gazebo-1] [INFO] [1790611172.916518780] [amir2.gz_ros2_control]: 	State:
[ign gazebo-1] [INFO] [1790611172.916522320] [amir2.gz_ros2_control]: 		 position
[ign gazebo-1] [INFO] [1790611172.916527404] [amir2.gz_ros2_control]: 		 velocity
[ign gazebo-1] [INFO] [1790611172.916540651] [amir2.gz_ros2_control]: 	Command:
[ign gazebo-1] [INFO] [1790611172.916545194] [amir2.gz_ros2_control]: 		 velocity
[ign gazebo-1] [INFO] [1790611172.916573358] [amir2.gz_ros2_control]: Loading joint: front_right_joint
[ign gazebo-1] [INFO] [1790611172.916577927] [amir2.gz_ros2_control]: 	State:
[ign gazebo-1] [INFO] [1790611172.916581999] [amir2.gz_ros2_control]: 		 position
[ign gazebo-1] [INFO] [1790611172.916590123] [amir2.gz_ros2_control]: 		 velocity
[ign gazebo-1] [INFO] [1790611172.916594807] [amir2.gz_ros2_control]: 	Command:
[ign gazebo-1] [INFO] [1790611172.916599465] [amir2.gz_ros2_control]: 		 velocity
[ign gazebo-1] [INFO] [1790611172.916620843] [amir2.gz_ros2_control]: Loading joint: back_left_joint
[ign gazebo-1] [INFO] [1790611172.916624568] [amir2.gz_ros2_control]: 	State:
[ign gazebo-1] [INFO] [1790611172.916627392] [amir2.gz_ros2_control]: 		 position
[ign gazebo-1] [INFO] [1790611172.916630444] [amir2.gz_ros2_control]: 		 velocity
[ign gazebo-1] [INFO] [1790611172.916633579] [amir2.gz_ros2_control]: 	Command:
[ign gazebo-1] [INFO] [1790611172.916636196] [amir2.gz_ros2_control]: 		 velocity
[ign gazebo-1] [INFO] [1790611172.916650554] [amir2.gz_ros2_control]: Loading joint: back_right_joint
[ign gazebo-1] [INFO] [1790611172.916653681] [amir2.gz_ros2_control]: 	State:
[ign gazebo-1] [INFO] [1790611172.916656696] [amir2.gz_ros2_control]: 		 position
[ign gazebo-1] [INFO] [1790611172.916660115] [amir2.gz_ros2_control]: 		 velocity
[ign gazebo-1] [INFO] [1790611172.916662939] [amir2.gz_ros2_control]: 	Command:
[ign gazebo-1] [INFO] [1790611172.916665721] [amir2.gz_ros2_control]: 		 velocity
[ign gazebo-1] [INFO] [1790611172.916677783] [amir2.gz_ros2_control]: Loading sensor: finger_right_force_sensor
[ign gazebo-1] [INFO] [1790611172.916682324] [amir2.gz_ros2_control]: Topic name: /amir1/finger_right_wrench
[ign gazebo-1] [INFO] [1790611172.916685375] [amir2.gz_ros2_control]: 	State:
[ign gazebo-1] [WARN] [1790611172.916689498] [amir2.gz_ros2_control]: ForceTorque sensor 'finger_right_force_sensor' not found in hardware_info, skipping.
[ign gazebo-1] [INFO] [1790611172.916693556] [amir2.gz_ros2_control]: Loading sensor: finger_left_force_sensor
[ign gazebo-1] [INFO] [1790611172.916697369] [amir2.gz_ros2_control]: Topic name: /amir1/finger_left_wrench
[ign gazebo-1] [INFO] [1790611172.916700021] [amir2.gz_ros2_control]: 	State:
[ign gazebo-1] [WARN] [1790611172.916702869] [amir2.gz_ros2_control]: ForceTorque sensor 'finger_left_force_sensor' not found in hardware_info, skipping.
[ign gazebo-1] [INFO] [1790611172.916706585] [amir2.gz_ros2_control]: Loading sensor: finger_right_force_sensor
[ign gazebo-1] [INFO] [1790611172.916709553] [amir2.gz_ros2_control]: 	State:
[ign gazebo-1] [WARN] [1790611172.916712565] [amir2.gz_ros2_control]: ForceTorque sensor 'finger_right_force_sensor' not found in hardware_info, skipping.
[ign gazebo-1] [INFO] [1790611172.916715746] [amir2.gz_ros2_control]: Loading sensor: finger_left_force_sensor
[ign gazebo-1] [INFO] [1790611172.916718442] [amir2.gz_ros2_control]: 	State:
[ign gazebo-1] [WARN] [1790611172.916721355] [amir2.gz_ros2_control]: ForceTorque sensor 'finger_left_force_sensor' not found in hardware_info, skipping.
[ign gazebo-1] [INFO] [1790611172.916725654] [resource_manager]: Initialize hardware 'MecanumSystem' 
[ign gazebo-1] [INFO] [1790611172.916742880] [resource_manager]: Successful initialization of hardware 'MecanumSystem'
[ign gazebo-1] [INFO] [1790611172.916766072] [resource_manager]: 'configure' hardware 'MecanumSystem' 
[ign gazebo-1] [INFO] [1790611172.916768431] [amir2.gz_ros2_control]: System Successfully configured!
[ign gazebo-1] [INFO] [1790611172.916773037] [resource_manager]: Successful 'configure' of hardware 'MecanumSystem'
[ign gazebo-1] [INFO] [1790611172.916776873] [resource_manager]: 'activate' hardware 'MecanumSystem' 
[ign gazebo-1] [INFO] [1790611172.916818772] [resource_manager]: Successful 'activate' of hardware 'MecanumSystem'
[ign gazebo-1] [INFO] [1790611172.916865465] [amir2.gz_ros2_control]: The position_proportional_gain has been set to: 0.1
[ign gazebo-1] [INFO] [1790611172.916878042] [amir2.gz_ros2_control]: Loading joint: Joint_1
[ign gazebo-1] [INFO] [1790611172.916881660] [amir2.gz_ros2_control]: 	State:
[ign gazebo-1] [INFO] [1790611172.916884844] [amir2.gz_ros2_control]: 		 position
[ign gazebo-1] [INFO] [1790611172.916888557] [amir2.gz_ros2_control]: 			 found initial value: 0.000000
[ign gazebo-1] [INFO] [1790611172.916892673] [amir2.gz_ros2_control]: 		 velocity
[ign gazebo-1] [INFO] [1790611172.916896267] [amir2.gz_ros2_control]: 	Command:
[ign gazebo-1] [INFO] [1790611172.916899120] [amir2.gz_ros2_control]: 		 position
[ign gazebo-1] [INFO] [1790611172.916912351] [amir2.gz_ros2_control]: Loading joint: Joint_2
[ign gazebo-1] [INFO] [1790611172.916915521] [amir2.gz_ros2_control]: 	State:
[ign gazebo-1] [INFO] [1790611172.916918250] [amir2.gz_ros2_control]: 		 position
[ign gazebo-1] [INFO] [1790611172.916921615] [amir2.gz_ros2_control]: 			 found initial value: 1.400000
[ign gazebo-1] [INFO] [1790611172.916925203] [amir2.gz_ros2_control]: 		 velocity
[ign gazebo-1] [INFO] [1790611172.916928197] [amir2.gz_ros2_control]: 	Command:
[ign gazebo-1] [INFO] [1790611172.916930894] [amir2.gz_ros2_control]: 		 position
[ign gazebo-1] [INFO] [1790611172.916945024] [amir2.gz_ros2_control]: Loading joint: Joint_3
[ign gazebo-1] [INFO] [1790611172.916948080] [amir2.gz_ros2_control]: 	State:
[ign gazebo-1] [INFO] [1790611172.916951000] [amir2.gz_ros2_control]: 		 position
[ign gazebo-1] [INFO] [1790611172.916953791] [amir2.gz_ros2_control]: 			 found initial value: -1.600000
[ign gazebo-1] [INFO] [1790611172.916957240] [amir2.gz_ros2_control]: 		 velocity
[ign gazebo-1] [INFO] [1790611172.916959902] [amir2.gz_ros2_control]: 	Command:
[ign gazebo-1] [INFO] [1790611172.916962733] [amir2.gz_ros2_control]: 		 position
[ign gazebo-1] [INFO] [1790611172.916976878] [amir2.gz_ros2_control]: Loading joint: Joint_4
[ign gazebo-1] [INFO] [1790611172.916980117] [amir2.gz_ros2_control]: 	State:
[ign gazebo-1] [INFO] [1790611172.916983059] [amir2.gz_ros2_control]: 		 position
[ign gazebo-1] [INFO] [1790611172.916985804] [amir2.gz_ros2_control]: 			 found initial value: 0.200000
[ign gazebo-1] [INFO] [1790611172.916989196] [amir2.gz_ros2_control]: 		 velocity
[ign gazebo-1] [INFO] [1790611172.916991961] [amir2.gz_ros2_control]: 	Command:
[ign gazebo-1] [INFO] [1790611172.916994826] [amir2.gz_ros2_control]: 		 position
[ign gazebo-1] [INFO] [1790611172.917007917] [amir2.gz_ros2_control]: Loading joint: Joint_5
[ign gazebo-1] [INFO] [1790611172.917011152] [amir2.gz_ros2_control]: 	State:
[ign gazebo-1] [INFO] [1790611172.917014083] [amir2.gz_ros2_control]: 		 position
[ign gazebo-1] [INFO] [1790611172.917020284] [amir2.gz_ros2_control]: 			 found initial value: 1.570796
[ign gazebo-1] [INFO] [1790611172.917024308] [amir2.gz_ros2_control]: 		 velocity
[ign gazebo-1] [INFO] [1790611172.917029000] [amir2.gz_ros2_control]: 	Command:
[ign gazebo-1] [INFO] [1790611172.917033146] [amir2.gz_ros2_control]: 		 position
[ign gazebo-1] [INFO] [1790611172.917049783] [amir2.gz_ros2_control]: Loading joint: Gripper
[ign gazebo-1] [INFO] [1790611172.917053772] [amir2.gz_ros2_control]: 	State:
[ign gazebo-1] [INFO] [1790611172.917056804] [amir2.gz_ros2_control]: 		 position
[ign gazebo-1] [INFO] [1790611172.917069280] [amir2.gz_ros2_control]: 			 found initial value: -1.000000
[ign gazebo-1] [INFO] [1790611172.917073315] [amir2.gz_ros2_control]: 		 velocity
[ign gazebo-1] [INFO] [1790611172.917076236] [amir2.gz_ros2_control]: 	Command:
[ign gazebo-1] [INFO] [1790611172.917078973] [amir2.gz_ros2_control]: 		 position
[ign gazebo-1] [INFO] [1790611172.917092350] [amir2.gz_ros2_control]: Loading joint: left_inner_back_joint
[ign gazebo-1] [INFO] [1790611172.917097726] [amir2.gz_ros2_control]: Joint 'left_inner_back_joint'is mimicking joint 'Gripper' with multiplier: 1
[ign gazebo-1] [INFO] [1790611172.917101497] [amir2.gz_ros2_control]: 	State:
[ign gazebo-1] [INFO] [1790611172.917104495] [amir2.gz_ros2_control]: 		 position
[ign gazebo-1] [INFO] [1790611172.917107497] [amir2.gz_ros2_control]: 		 velocity
[ign gazebo-1] [INFO] [1790611172.917111880] [amir2.gz_ros2_control]: 	Command:
[ign gazebo-1] [INFO] [1790611172.917115744] [amir2.gz_ros2_control]: 		 position
[ign gazebo-1] [INFO] [1790611172.917132446] [amir2.gz_ros2_control]: Loading joint: right_outer_back_joint
[ign gazebo-1] [INFO] [1790611172.917142877] [amir2.gz_ros2_control]: Joint 'right_outer_back_joint'is mimicking joint 'Gripper' with multiplier: 1
[ign gazebo-1] [INFO] [1790611172.917147371] [amir2.gz_ros2_control]: 	State:
[ign gazebo-1] [INFO] [1790611172.917151635] [amir2.gz_ros2_control]: 		 position
[ign gazebo-1] [INFO] [1790611172.917279805] [amir2.gz_ros2_control]: 		 velocity
[ign gazebo-1] [INFO] [1790611172.917284071] [amir2.gz_ros2_control]: 	Command:
[ign gazebo-1] [INFO] [1790611172.917286814] [amir2.gz_ros2_control]: 		 position
[ign gazebo-1] [INFO] [1790611172.917297754] [amir2.gz_ros2_control]: Loading joint: left_outer_back_joint
[ign gazebo-1] [INFO] [1790611172.917302459] [amir2.gz_ros2_control]: Joint 'left_outer_back_joint'is mimicking joint 'Gripper' with multiplier: 1
[ign gazebo-1] [INFO] [1790611172.917310090] [amir2.gz_ros2_control]: 	State:
[ign gazebo-1] [INFO] [1790611172.917315063] [amir2.gz_ros2_control]: 		 position
[ign gazebo-1] [INFO] [1790611172.917318603] [amir2.gz_ros2_control]: 		 velocity
[ign gazebo-1] [INFO] [1790611172.917321252] [amir2.gz_ros2_control]: 	Command:
[ign gazebo-1] [INFO] [1790611172.917323850] [amir2.gz_ros2_control]: 		 position
[ign gazebo-1] [INFO] [1790611172.917338583] [amir2.gz_ros2_control]: Loading joint: right_inner_front_joint
[ign gazebo-1] [INFO] [1790611172.917343833] [amir2.gz_ros2_control]: Joint 'right_inner_front_joint'is mimicking joint 'Gripper' with multiplier: 1
[ign gazebo-1] [INFO] [1790611172.917347514] [amir2.gz_ros2_control]: 	State:
[ign gazebo-1] [INFO] [1790611172.917350283] [amir2.gz_ros2_control]: 		 position
[ign gazebo-1] [INFO] [1790611172.917352942] [amir2.gz_ros2_control]: 		 velocity
[ign gazebo-1] [INFO] [1790611172.917355994] [amir2.gz_ros2_control]: 	Command:
[ign gazebo-1] [INFO] [1790611172.917358652] [amir2.gz_ros2_control]: 		 position
[ign gazebo-1] [INFO] [1790611172.917369415] [amir2.gz_ros2_control]: Loading joint: left_inner_front_joint
[ign gazebo-1] [INFO] [1790611172.917373056] [amir2.gz_ros2_control]: Joint 'left_inner_front_joint'is mimicking joint 'Gripper' with multiplier: 1
[ign gazebo-1] [INFO] [1790611172.917375913] [amir2.gz_ros2_control]: 	State:
[ign gazebo-1] [INFO] [1790611172.917378872] [amir2.gz_ros2_control]: 		 position
[ign gazebo-1] [INFO] [1790611172.917381585] [amir2.gz_ros2_control]: 		 velocity
[ign gazebo-1] [INFO] [1790611172.917384323] [amir2.gz_ros2_control]: 	Command:
[ign gazebo-1] [INFO] [1790611172.917386896] [amir2.gz_ros2_control]: 		 position
[ign gazebo-1] [INFO] [1790611172.917393365] [amir2.gz_ros2_control]: Loading sensor: finger_right_force_sensor
[ign gazebo-1] [INFO] [1790611172.917397863] [amir2.gz_ros2_control]: Topic name: /amir1/finger_right_wrench
[ign gazebo-1] [INFO] [1790611172.917400737] [amir2.gz_ros2_control]: 	State:
[ign gazebo-1] [WARN] [1790611172.917407979] [amir2.gz_ros2_control]: ForceTorque sensor 'finger_right_force_sensor' not found in hardware_info, skipping.
[ign gazebo-1] [INFO] [1790611172.917411394] [amir2.gz_ros2_control]: Loading sensor: finger_left_force_sensor
[ign gazebo-1] [INFO] [1790611172.917414545] [amir2.gz_ros2_control]: Topic name: /amir1/finger_left_wrench
[ign gazebo-1] [INFO] [1790611172.917417228] [amir2.gz_ros2_control]: 	State:
[ign gazebo-1] [WARN] [1790611172.917419999] [amir2.gz_ros2_control]: ForceTorque sensor 'finger_left_force_sensor' not found in hardware_info, skipping.
[ign gazebo-1] [INFO] [1790611172.917422963] [amir2.gz_ros2_control]: Loading sensor: finger_right_force_sensor
[ign gazebo-1] [INFO] [1790611172.917425632] [amir2.gz_ros2_control]: 	State:
[ign gazebo-1] [WARN] [1790611172.917428513] [amir2.gz_ros2_control]: ForceTorque sensor 'finger_right_force_sensor' not found in hardware_info, skipping.
[ign gazebo-1] [INFO] [1790611172.917431352] [amir2.gz_ros2_control]: Loading sensor: finger_left_force_sensor
[ign gazebo-1] [INFO] [1790611172.917433977] [amir2.gz_ros2_control]: 	State:
[ign gazebo-1] [WARN] [1790611172.917436812] [amir2.gz_ros2_control]: ForceTorque sensor 'finger_left_force_sensor' not found in hardware_info, skipping.
[ign gazebo-1] [INFO] [1790611172.917439897] [resource_manager]: Initialize hardware 'AmirGazeboSystem' 
[ign gazebo-1] [INFO] [1790611172.917450271] [resource_manager]: Successful initialization of hardware 'AmirGazeboSystem'
[ign gazebo-1] [INFO] [1790611172.917465712] [resource_manager]: 'configure' hardware 'AmirGazeboSystem' 
[ign gazebo-1] [INFO] [1790611172.917467784] [amir2.gz_ros2_control]: System Successfully configured!
[ign gazebo-1] [INFO] [1790611172.917471874] [resource_manager]: Successful 'configure' of hardware 'AmirGazeboSystem'
[ign gazebo-1] [INFO] [1790611172.917477807] [resource_manager]: 'activate' hardware 'AmirGazeboSystem' 
[ign gazebo-1] [INFO] [1790611172.917480848] [resource_manager]: Successful 'activate' of hardware 'AmirGazeboSystem'
[ign gazebo-1] [INFO] [1790611172.917483204] [amir2.gz_ros2_control]: Loading controller_manager
[INFO] [create-26]: process has finished cleanly [pid 68071]
[INFO] [simulation_startup_gate-27]: process started with pid [68123]
[simulation_startup_gate-27] [INFO] [1790611173.365460032] [amir2.manager_ready]: Waiting for manager: ['amir2']
[simulation_startup_gate-27] [INFO] [1790611174.355998481] [amir2.manager_ready]: Ready: amir2_manager_ready
[INFO] [simulation_startup_gate-27]: process has finished cleanly [pid 68123]
[INFO] [spawner-28]: process started with pid [68161]
[spawner-28] [INFO] [1790611174.747362220] [amir2.spawner_joint_state_broadcaster]: waiting for service /amir2/controller_manager/list_controllers to become available...
[ign gazebo-1] [INFO] [1790611176.752102288] [amir2.controller_manager]: Loading controller 'joint_state_broadcaster'
[spawner-28] [INFO] [1790611176.786975835] [amir2.spawner_joint_state_broadcaster]: [94mLoaded [1mjoint_state_broadcaster[0m
[ign gazebo-1] [INFO] [1790611176.787857278] [amir2.controller_manager]: Configuring controller 'joint_state_broadcaster'
[ign gazebo-1] [INFO] [1790611176.787906692] [amir2.joint_state_broadcaster]: 'joints' or 'interfaces' parameter is empty. All available state interfaces will be published
[spawner-28] [INFO] [1790611176.800237551] [amir2.spawner_joint_state_broadcaster]: [92mConfigured and activated [1mjoint_state_broadcaster[0m
[INFO] [spawner-28]: process has finished cleanly [pid 68161]
[INFO] [spawner-29]: process started with pid [68208]
[spawner-29] [INFO] [1790611178.215785256] [amir2.spawner_arm_controller]: [96mSetting controller param "type" to "joint_trajectory_controller/JointTrajectoryController" for [1marm_controller[0m
[spawner-29] [INFO] [1790611178.223284117] [amir2.spawner_arm_controller]: [96mSetting controller param "params_file" to "['/home/dars5070/ros2_humble_ws/install/amir_gazebo/share/amir_gazebo/config/arm_controllers.yaml']" for [1marm_controller[0m
[ign gazebo-1] [INFO] [1790611178.229306584] [amir2.controller_manager]: Loading controller 'arm_controller'
[ign gazebo-1] [WARN] [1790611178.248277952] [amir2.arm_controller]: [Deprecated]: "allow_nonzero_velocity_at_trajectory_end" is set to true. The default behavior will change to false.
[spawner-29] [INFO] [1790611178.252977461] [amir2.spawner_arm_controller]: [94mLoaded [1marm_controller[0m
[ign gazebo-1] [INFO] [1790611178.254023821] [amir2.controller_manager]: Configuring controller 'arm_controller'
[ign gazebo-1] [INFO] [1790611178.254133257] [amir2.arm_controller]: No specific joint names are used for command interfaces. Using 'joints' parameter.
[ign gazebo-1] [INFO] [1790611178.254144364] [amir2.arm_controller]: Command interfaces are [position] and state interfaces are [position velocity].
[ign gazebo-1] [INFO] [1790611178.254152663] [amir2.arm_controller]: Using 'splines' interpolation method.
[ign gazebo-1] [INFO] [1790611178.254607962] [amir2.arm_controller]: Controller state will be published at 100.00 Hz.
[ign gazebo-1] [INFO] [1790611178.255759980] [amir2.arm_controller]: Goals with partial set of joints are allowed
[ign gazebo-1] [INFO] [1790611178.255774680] [amir2.arm_controller]: Action status changes will be monitored at 20.00 Hz.
[spawner-29] [INFO] [1790611178.268957323] [amir2.spawner_arm_controller]: [92mConfigured and activated [1marm_controller[0m
[INFO] [spawner-29]: process has finished cleanly [pid 68208]
[INFO] [spawner-30]: process started with pid [68249]
[spawner-30] [INFO] [1790611178.958985173] [amir2.spawner_mecanum_drive_controller]: waiting for service /amir2/controller_manager/list_controllers to become available...
[ign gazebo-1] [INFO] [1790611181.464620122] [amir2.controller_manager]: Loading controller 'mecanum_drive_controller'
[spawner-30] [INFO] [1790611181.494494284] [amir2.spawner_mecanum_drive_controller]: [94mLoaded [1mmecanum_drive_controller[0m
[ign gazebo-1] [INFO] [1790611181.495510241] [amir2.controller_manager]: Configuring controller 'mecanum_drive_controller'
[ign gazebo-1] [INFO] [1790611181.497830265] [amir2.mecanum_drive_controller]: MecanumDriveController configured successfully
[spawner-30] [INFO] [1790611181.510444084] [amir2.spawner_mecanum_drive_controller]: [92mConfigured and activated [1mmecanum_drive_controller[0m
[INFO] [spawner-30]: process has finished cleanly [pid 68249]
[INFO] [spawner-31]: process started with pid [68297]
[spawner-31] [INFO] [1790611183.259722451] [amir2.spawner_gripper_controller]: [96mSetting controller param "type" to "position_controllers/GripperActionController" for [1mgripper_controller[0m
[spawner-31] [INFO] [1790611183.265634773] [amir2.spawner_gripper_controller]: [96mSetting controller param "params_file" to "['/home/dars5070/ros2_humble_ws/install/amir_gazebo/share/amir_gazebo/config/arm_controllers.yaml']" for [1mgripper_controller[0m
[ign gazebo-1] [INFO] [1790611183.269565626] [amir2.controller_manager]: Loading controller 'gripper_controller'
[spawner-31] [INFO] [1790611183.284655350] [amir2.spawner_gripper_controller]: [94mLoaded [1mgripper_controller[0m
[ign gazebo-1] [INFO] [1790611183.285897178] [amir2.controller_manager]: Configuring controller 'gripper_controller'
[ign gazebo-1] [INFO] [1790611183.285961330] [amir2.gripper_controller]: Action status changes will be monitored at 20.000000 Hz.
[spawner-31] [INFO] [1790611183.296725348] [amir2.spawner_gripper_controller]: [92mConfigured and activated [1mgripper_controller[0m
[INFO] [spawner-31]: process has finished cleanly [pid 68297]
[simulation_startup_gate-25] [INFO] [1790611184.103251395] [startup_robots_ready]: Ready: robots_ready
[INFO] [simulation_startup_gate-25]: process has finished cleanly [pid 67918]
[INFO] [friction_grasp_manager-32]: process started with pid [68342]
[INFO] [arm_home_positioner-33]: process started with pid [68344]
[INFO] [simulation_startup_gate-34]: process started with pid [68346]
[simulation_startup_gate-34] [INFO] [1790611184.623459962] [startup_grippers_and_home_ready]: Waiting for open_home: ['amir1', 'amir2']
[friction_grasp_manager-32] [INFO] [1790611184.697061184] [friction_grasp_manager]: Friction grasp manager ready; no detachable joint will be used.
[friction_grasp_manager-32] [INFO] [1790611184.698590864] [friction_grasp_manager]: Friction grasp state: OPENING_GRIPPERS
[arm_home_positioner-33] [INFO] [1790611184.723908714] [arm_home_positioner]: Waiting to move all ('amir1', 'amir2') to Q_HOME=[0.0, 1.4, -1.6, 0.2, 1.570796] rad
[ign gazebo-1] [INFO] [1790611184.868982254] [amir1.gripper_controller]: Received & accepted new action goal
[ign gazebo-1] [INFO] [1790611184.871881157] [amir2.gripper_controller]: Received & accepted new action goal
[ign gazebo-1] [INFO] [1790611186.613713137] [amir1.arm_controller]: Received new action goal
[ign gazebo-1] [INFO] [1790611186.613770355] [amir1.arm_controller]: Accepted new action goal
[ign gazebo-1] [INFO] [1790611186.613878612] [amir2.arm_controller]: Received new action goal
[ign gazebo-1] [INFO] [1790611186.613936911] [amir2.arm_controller]: Accepted new action goal
[arm_home_positioner-33] [INFO] [1790611186.614129196] [arm_home_positioner]: Sent Q_HOME=[0.0, 1.4, -1.6, 0.2, 1.570796] rad goals to all arm controllers
[arm_home_positioner-33] [INFO] [1790611186.654484569] [arm_home_positioner]: All AMIR arm controllers accepted Q_HOME
[friction_grasp_manager-32] [INFO] [1790611186.779515354] [friction_grasp_manager]: Friction grasp state: READY_TO_GRASP
[simulation_startup_gate-34] [INFO] [1790611187.409441959] [startup_grippers_and_home_ready]: Ready: grippers_and_home_ready
[INFO] [simulation_startup_gate-34]: process has finished cleanly [pid 68346]
[INFO] [create-35]: process started with pid [68465]
[create-35] [INFO] [1790611187.796048054] [spawn_friction_payload]: Requested creation of entity.
[create-35] [INFO] [1790611187.796305347] [spawn_friction_payload]: OK creation of entity.
[INFO] [create-35]: process has finished cleanly [pid 68465]
[INFO] [grasp_support_remover-36]: process started with pid [68484]
[INFO] [coordinator-37]: process started with pid [68486]
[INFO] [safety_monitor-38]: process started with pid [68488]
[INFO] [slip_monitor-39]: process started with pid [68490]
[INFO] [dual_base_approach-40]: process started with pid [68492]
[grasp_support_remover-36] [INFO] [1790611188.251074561] [grasp_support_remover]: Temporary grasp support will be removed after both configured grasp conditions have been satisfied.
[coordinator-37] [INFO] [1790611188.430766578] [cooperative_coordinator]: Coordinator ready: /amir1/rover_twist and /amir2/rover_twist
[slip_monitor-39] [INFO] [1790611188.467863873] [slip_monitor]: Payload slip monitor ready.
[dual_base_approach-40] [INFO] [1790611188.489928840] [dual_base_approach]: Waiting for the payload, opening both grippers to their safe maximum, then moving both AMIR bases 0.110 m toward it
[safety_monitor-38] [INFO] [1790611188.493127129] [safety_monitor]: Safety monitor ready; emergency stop affects both robots.
[ign gazebo-1] [INFO] [1790611188.602444216] [amir1.gripper_controller]: Received & accepted new action goal
[ign gazebo-1] [INFO] [1790611188.602531710] [amir2.gripper_controller]: Received & accepted new action goal
[dual_base_approach-40] [INFO] [1790611188.603153566] [dual_base_approach]: Opening both grippers to the safe maximum (-1.000000 rad) before base approach
[dual_base_approach-40] [INFO] [1790611188.634019855] [dual_base_approach]: Both grippers are at their safe-open position. Payload detached at base positions: amir1=-1.174999, amir2=1.174999; approaching targets: amir1=-1.064999, amir2=1.064999
[ign gazebo-1] [INFO] [1790611195.238169006] [amir1.arm_controller]: Goal reached, success!
[ign gazebo-1] [INFO] [1790611195.238206981] [amir2.arm_controller]: Goal reached, success!
[arm_home_positioner-33] [INFO] [1790611195.273873077] [arm_home_positioner]: All AMIR arms reached Q_HOME
[dual_base_approach-40] [INFO] [1790611210.831434006] [dual_base_approach]: Both AMIR bases completed the 0.110 m payload approach
[friction_grasp_manager-32] [INFO] [1790611210.868508900] [friction_grasp_manager]: Friction grasp state: CLOSING_GRIPPERS
[dual_base_approach-40] [INFO] [1790611210.870849065] [dual_base_approach]: Both bases reached the payload; gripper-close sequence requested. Holding both bases stopped during grasp.
[ign gazebo-1] [INFO] [1790611210.933803297] [amir1.gripper_controller]: Received & accepted new action goal
[ign gazebo-1] [INFO] [1790611210.934136115] [amir2.gripper_controller]: Received & accepted new action goal
[ign gazebo-1] [INFO] [1790611211.035145124] [amir1.gripper_controller]: Received & accepted new action goal
[ign gazebo-1] [INFO] [1790611211.035372099] [amir2.gripper_controller]: Received & accepted new action goal
[ign gazebo-1] [INFO] [1790611211.143855259] [amir1.gripper_controller]: Received & accepted new action goal
[ign gazebo-1] [INFO] [1790611211.144326286] [amir2.gripper_controller]: Received & accepted new action goal
[ign gazebo-1] [INFO] [1790611211.250689756] [amir1.gripper_controller]: Received & accepted new action goal
[ign gazebo-1] [INFO] [1790611211.250803997] [amir2.gripper_controller]: Received & accepted new action goal
[ign gazebo-1] [INFO] [1790611211.461268619] [amir1.gripper_controller]: Received & accepted new action goal
[ign gazebo-1] [INFO] [1790611211.461593523] [amir2.gripper_controller]: Received & accepted new action goal
[ign gazebo-1] [INFO] [1790611211.569784731] [amir1.gripper_controller]: Received & accepted new action goal
[ign gazebo-1] [INFO] [1790611211.570148226] [amir2.gripper_controller]: Received & accepted new action goal
[ign gazebo-1] [INFO] [1790611211.669853292] [amir1.gripper_controller]: Received & accepted new action goal
[ign gazebo-1] [INFO] [1790611211.670018702] [amir2.gripper_controller]: Received & accepted new action goal
[ign gazebo-1] [INFO] [1790611211.773358877] [amir1.gripper_controller]: Received & accepted new action goal
[ign gazebo-1] [INFO] [1790611211.773428822] [amir2.gripper_controller]: Received & accepted new action goal
[ign gazebo-1] [INFO] [1790611211.990179457] [amir1.gripper_controller]: Received & accepted new action goal
[ign gazebo-1] [INFO] [1790611211.990366459] [amir2.gripper_controller]: Received & accepted new action goal
[ign gazebo-1] [INFO] [1790611212.092178663] [amir1.gripper_controller]: Received & accepted new action goal
[ign gazebo-1] [INFO] [1790611212.092329888] [amir2.gripper_controller]: Received & accepted new action goal
[ign gazebo-1] [INFO] [1790611212.201213335] [amir1.gripper_controller]: Received & accepted new action goal
[ign gazebo-1] [INFO] [1790611212.201618741] [amir2.gripper_controller]: Received & accepted new action goal
[ign gazebo-1] [INFO] [1790611212.304383147] [amir1.gripper_controller]: Received & accepted new action goal
[ign gazebo-1] [INFO] [1790611212.305244823] [amir2.gripper_controller]: Received & accepted new action goal
[ign gazebo-1] [INFO] [1790611212.519474759] [amir2.gripper_controller]: Received & accepted new action goal
[ign gazebo-1] [INFO] [1790611212.519494545] [amir1.gripper_controller]: Received & accepted new action goal
[ign gazebo-1] [INFO] [1790611212.625365227] [amir1.gripper_controller]: Received & accepted new action goal
[ign gazebo-1] [INFO] [1790611212.625916212] [amir2.gripper_controller]: Received & accepted new action goal
[ign gazebo-1] [INFO] [1790611212.729419834] [amir1.gripper_controller]: Received & accepted new action goal
[ign gazebo-1] [INFO] [1790611212.729563596] [amir2.gripper_controller]: Received & accepted new action goal
[ign gazebo-1] [INFO] [1790611212.836544936] [amir1.gripper_controller]: Received & accepted new action goal
[ign gazebo-1] [INFO] [1790611212.836920172] [amir2.gripper_controller]: Received & accepted new action goal
[ign gazebo-1] [INFO] [1790611213.037888029] [amir1.gripper_controller]: Received & accepted new action goal
[ign gazebo-1] [INFO] [1790611213.037972538] [amir2.gripper_controller]: Received & accepted new action goal
[ign gazebo-1] [INFO] [1790611213.146156521] [amir1.gripper_controller]: Received & accepted new action goal
[ign gazebo-1] [INFO] [1790611213.146795053] [amir2.gripper_controller]: Received & accepted new action goal
[ign gazebo-1] [INFO] [1790611213.247151943] [amir1.gripper_controller]: Received & accepted new action goal
[ign gazebo-1] [INFO] [1790611213.247325683] [amir2.gripper_controller]: Received & accepted new action goal
[ign gazebo-1] [INFO] [1790611213.348256233] [amir2.gripper_controller]: Received & accepted new action goal
[ign gazebo-1] [INFO] [1790611213.348329891] [amir1.gripper_controller]: Received & accepted new action goal
[ign gazebo-1] [INFO] [1790611213.550738321] [amir1.gripper_controller]: Received & accepted new action goal
[ign gazebo-1] [INFO] [1790611213.550783739] [amir2.gripper_controller]: Received & accepted new action goal
[ign gazebo-1] [INFO] [1790611213.654858352] [amir1.gripper_controller]: Received & accepted new action goal
[ign gazebo-1] [INFO] [1790611213.654926689] [amir2.gripper_controller]: Received & accepted new action goal
[ign gazebo-1] [INFO] [1790611213.759678177] [amir1.gripper_controller]: Received & accepted new action goal
[ign gazebo-1] [INFO] [1790611213.759912286] [amir2.gripper_controller]: Received & accepted new action goal
[ign gazebo-1] [INFO] [1790611213.859861267] [amir1.gripper_controller]: Received & accepted new action goal
[ign gazebo-1] [INFO] [1790611213.859925948] [amir2.gripper_controller]: Received & accepted new action goal
[ign gazebo-1] [INFO] [1790611214.073246503] [amir1.gripper_controller]: Received & accepted new action goal
[ign gazebo-1] [INFO] [1790611214.073628073] [amir2.gripper_controller]: Received & accepted new action goal
[ign gazebo-1] [INFO] [1790611214.175055575] [amir1.gripper_controller]: Received & accepted new action goal
[ign gazebo-1] [INFO] [1790611214.175575701] [amir2.gripper_controller]: Received & accepted new action goal
[ign gazebo-1] [INFO] [1790611214.276534506] [amir1.gripper_controller]: Received & accepted new action goal
[ign gazebo-1] [INFO] [1790611214.276744840] [amir2.gripper_controller]: Received & accepted new action goal
[ign gazebo-1] [INFO] [1790611214.381156742] [amir1.gripper_controller]: Received & accepted new action goal
[ign gazebo-1] [INFO] [1790611214.381156737] [amir2.gripper_controller]: Received & accepted new action goal
[ign gazebo-1] [INFO] [1790611214.593120529] [amir1.gripper_controller]: Received & accepted new action goal
[ign gazebo-1] [INFO] [1790611214.593247881] [amir2.gripper_controller]: Received & accepted new action goal
[ign gazebo-1] [INFO] [1790611214.698813810] [amir1.gripper_controller]: Received & accepted new action goal
[ign gazebo-1] [INFO] [1790611214.699529477] [amir2.gripper_controller]: Received & accepted new action goal
[ign gazebo-1] [INFO] [1790611214.804543486] [amir1.gripper_controller]: Received & accepted new action goal
[ign gazebo-1] [INFO] [1790611214.804747597] [amir2.gripper_controller]: Received & accepted new action goal
[ign gazebo-1] [INFO] [1790611214.910194936] [amir1.gripper_controller]: Received & accepted new action goal
[ign gazebo-1] [INFO] [1790611214.910330676] [amir2.gripper_controller]: Received & accepted new action goal
[ign gazebo-1] [INFO] [1790611215.113132790] [amir1.gripper_controller]: Received & accepted new action goal
[ign gazebo-1] [INFO] [1790611215.113232552] [amir2.gripper_controller]: Received & accepted new action goal
[ign gazebo-1] [INFO] [1790611215.214408341] [amir1.gripper_controller]: Received & accepted new action goal
[ign gazebo-1] [INFO] [1790611215.214540439] [amir2.gripper_controller]: Received & accepted new action goal
[ign gazebo-1] [INFO] [1790611215.327158331] [amir1.gripper_controller]: Received & accepted new action goal
[ign gazebo-1] [INFO] [1790611215.327301030] [amir2.gripper_controller]: Received & accepted new action goal
[ign gazebo-1] [INFO] [1790611215.432426298] [amir1.gripper_controller]: Received & accepted new action goal
[ign gazebo-1] [INFO] [1790611215.432544228] [amir2.gripper_controller]: Received & accepted new action goal
[ign gazebo-1] [INFO] [1790611215.645528663] [amir1.gripper_controller]: Received & accepted new action goal
[ign gazebo-1] [INFO] [1790611215.645623618] [amir2.gripper_controller]: Received & accepted new action goal
[ign gazebo-1] [INFO] [1790611215.750315306] [amir1.gripper_controller]: Received & accepted new action goal
[ign gazebo-1] [INFO] [1790611215.750381670] [amir2.gripper_controller]: Received & accepted new action goal
[ign gazebo-1] [INFO] [1790611215.855151565] [amir1.gripper_controller]: Received & accepted new action goal
[ign gazebo-1] [INFO] [1790611215.855259381] [amir2.gripper_controller]: Received & accepted new action goal
[ign gazebo-1] [INFO] [1790611215.956068854] [amir1.gripper_controller]: Received & accepted new action goal
[ign gazebo-1] [INFO] [1790611215.956153056] [amir2.gripper_controller]: Received & accepted new action goal
[ign gazebo-1] [INFO] [1790611216.158022061] [amir1.gripper_controller]: Received & accepted new action goal
[ign gazebo-1] [INFO] [1790611216.158167260] [amir2.gripper_controller]: Received & accepted new action goal
[ign gazebo-1] [INFO] [1790611216.259419843] [amir1.gripper_controller]: Received & accepted new action goal
[ign gazebo-1] [INFO] [1790611216.259578407] [amir2.gripper_controller]: Received & accepted new action goal
[ign gazebo-1] [INFO] [1790611216.359761738] [amir1.gripper_controller]: Received & accepted new action goal
[ign gazebo-1] [INFO] [1790611216.359850448] [amir2.gripper_controller]: Received & accepted new action goal
[ign gazebo-1] [INFO] [1790611216.461506656] [amir1.gripper_controller]: Received & accepted new action goal
[ign gazebo-1] [INFO] [1790611216.461588433] [amir2.gripper_controller]: Received & accepted new action goal
[ign gazebo-1] [INFO] [1790611216.662671345] [amir1.gripper_controller]: Received & accepted new action goal
[ign gazebo-1] [INFO] [1790611216.662802737] [amir2.gripper_controller]: Received & accepted new action goal
[ign gazebo-1] [INFO] [1790611216.763639326] [amir1.gripper_controller]: Received & accepted new action goal
[ign gazebo-1] [INFO] [1790611216.763707369] [amir2.gripper_controller]: Received & accepted new action goal
[ign gazebo-1] [INFO] [1790611216.864737843] [amir2.gripper_controller]: Received & accepted new action goal
[ign gazebo-1] [INFO] [1790611216.866140118] [amir1.gripper_controller]: Received & accepted new action goal
[ign gazebo-1] [INFO] [1790611216.966239743] [amir1.gripper_controller]: Received & accepted new action goal
[ign gazebo-1] [INFO] [1790611216.966365433] [amir2.gripper_controller]: Received & accepted new action goal
[ign gazebo-1] [INFO] [1790611217.168580275] [amir1.gripper_controller]: Received & accepted new action goal
[ign gazebo-1] [INFO] [1790611217.168673543] [amir2.gripper_controller]: Received & accepted new action goal
[ign gazebo-1] [INFO] [1790611217.268250017] [amir1.gripper_controller]: Received & accepted new action goal
[ign gazebo-1] [INFO] [1790611217.268347905] [amir2.gripper_controller]: Received & accepted new action goal
[ign gazebo-1] [INFO] [1790611217.369766751] [amir1.gripper_controller]: Received & accepted new action goal
[ign gazebo-1] [INFO] [1790611217.369793965] [amir2.gripper_controller]: Received & accepted new action goal
[ign gazebo-1] [INFO] [1790611217.470432022] [amir1.gripper_controller]: Received & accepted new action goal
[ign gazebo-1] [INFO] [1790611217.470525898] [amir2.gripper_controller]: Received & accepted new action goal
[ign gazebo-1] [INFO] [1790611217.673644540] [amir2.gripper_controller]: Received & accepted new action goal
[ign gazebo-1] [INFO] [1790611217.673679847] [amir1.gripper_controller]: Received & accepted new action goal
[ign gazebo-1] [INFO] [1790611217.803700814] [amir1.gripper_controller]: Received & accepted new action goal
[ign gazebo-1] [INFO] [1790611217.803958055] [amir2.gripper_controller]: Received & accepted new action goal
[ign gazebo-1] [INFO] [1790611217.916977016] [amir1.gripper_controller]: Received & accepted new action goal
[ign gazebo-1] [INFO] [1790611217.917095110] [amir2.gripper_controller]: Received & accepted new action goal
[ign gazebo-1] [INFO] [1790611218.019511187] [amir1.gripper_controller]: Received & accepted new action goal
[ign gazebo-1] [INFO] [1790611218.019664727] [amir2.gripper_controller]: Received & accepted new action goal
[ign gazebo-1] [INFO] [1790611218.253659369] [amir1.gripper_controller]: Received & accepted new action goal
[ign gazebo-1] [INFO] [1790611218.253666817] [amir2.gripper_controller]: Received & accepted new action goal
[ign gazebo-1] [INFO] [1790611218.356509088] [amir1.gripper_controller]: Received & accepted new action goal
[ign gazebo-1] [INFO] [1790611218.357100010] [amir2.gripper_controller]: Received & accepted new action goal
[ign gazebo-1] [INFO] [1790611218.460512030] [amir1.gripper_controller]: Received & accepted new action goal
[ign gazebo-1] [INFO] [1790611218.460635973] [amir2.gripper_controller]: Received & accepted new action goal
[ign gazebo-1] [INFO] [1790611218.569461123] [amir1.gripper_controller]: Received & accepted new action goal
[ign gazebo-1] [INFO] [1790611218.569539667] [amir2.gripper_controller]: Received & accepted new action goal
[ign gazebo-1] [INFO] [1790611218.801820534] [amir1.gripper_controller]: Received & accepted new action goal
[ign gazebo-1] [INFO] [1790611218.801946910] [amir2.gripper_controller]: Received & accepted new action goal
[ign gazebo-1] [INFO] [1790611218.916125984] [amir1.gripper_controller]: Received & accepted new action goal
[ign gazebo-1] [INFO] [1790611218.916152089] [amir2.gripper_controller]: Received & accepted new action goal
[ign gazebo-1] [INFO] [1790611219.032603871] [amir1.gripper_controller]: Received & accepted new action goal
[ign gazebo-1] [INFO] [1790611219.033185990] [amir2.gripper_controller]: Received & accepted new action goal
[ign gazebo-1] [INFO] [1790611219.147677463] [amir1.gripper_controller]: Received & accepted new action goal
[ign gazebo-1] [INFO] [1790611219.147781812] [amir2.gripper_controller]: Received & accepted new action goal
[ign gazebo-1] [INFO] [1790611219.378499265] [amir1.gripper_controller]: Received & accepted new action goal
[ign gazebo-1] [INFO] [1790611219.378646029] [amir2.gripper_controller]: Received & accepted new action goal
[ign gazebo-1] [INFO] [1790611219.488657108] [amir1.gripper_controller]: Received & accepted new action goal
[ign gazebo-1] [INFO] [1790611219.488807723] [amir2.gripper_controller]: Received & accepted new action goal
[ign gazebo-1] [INFO] [1790611219.596691968] [amir1.gripper_controller]: Received & accepted new action goal
[ign gazebo-1] [INFO] [1790611219.596886115] [amir2.gripper_controller]: Received & accepted new action goal
[ign gazebo-1] [INFO] [1790611219.710410109] [amir1.gripper_controller]: Received & accepted new action goal
[ign gazebo-1] [INFO] [1790611219.710539076] [amir2.gripper_controller]: Received & accepted new action goal
[ign gazebo-1] [INFO] [1790611219.926590674] [amir1.gripper_controller]: Received & accepted new action goal
[ign gazebo-1] [INFO] [1790611219.926692085] [amir2.gripper_controller]: Received & accepted new action goal
[ign gazebo-1] [INFO] [1790611220.032413139] [amir1.gripper_controller]: Received & accepted new action goal
[ign gazebo-1] [INFO] [1790611220.032510018] [amir2.gripper_controller]: Received & accepted new action goal
[ign gazebo-1] [INFO] [1790611220.138505266] [amir1.gripper_controller]: Received & accepted new action goal
[ign gazebo-1] [INFO] [1790611220.138873717] [amir2.gripper_controller]: Received & accepted new action goal
[ign gazebo-1] [INFO] [1790611220.240475075] [amir1.gripper_controller]: Received & accepted new action goal
[ign gazebo-1] [INFO] [1790611220.240642819] [amir2.gripper_controller]: Received & accepted new action goal
[ign gazebo-1] [INFO] [1790611220.447264692] [amir1.gripper_controller]: Received & accepted new action goal
[ign gazebo-1] [INFO] [1790611220.447329105] [amir2.gripper_controller]: Received & accepted new action goal
[ign gazebo-1] [INFO] [1790611220.554058913] [amir1.gripper_controller]: Received & accepted new action goal
[ign gazebo-1] [INFO] [1790611220.554153281] [amir2.gripper_controller]: Received & accepted new action goal
[ign gazebo-1] [INFO] [1790611220.655337580] [amir1.gripper_controller]: Received & accepted new action goal
[ign gazebo-1] [INFO] [1790611220.655465729] [amir2.gripper_controller]: Received & accepted new action goal
[ign gazebo-1] [INFO] [1790611220.757079872] [amir1.gripper_controller]: Received & accepted new action goal
[ign gazebo-1] [INFO] [1790611220.757198548] [amir2.gripper_controller]: Received & accepted new action goal
[ign gazebo-1] [INFO] [1790611220.865252069] [amir1.gripper_controller]: Received & accepted new action goal
[ign gazebo-1] [INFO] [1790611220.865350363] [amir2.gripper_controller]: Received & accepted new action goal
[ign gazebo-1] [INFO] [1790611221.105674919] [amir1.gripper_controller]: Received & accepted new action goal
[ign gazebo-1] [INFO] [1790611221.105759576] [amir2.gripper_controller]: Received & accepted new action goal
[ign gazebo-1] [INFO] [1790611221.206764000] [amir1.gripper_controller]: Received & accepted new action goal
[ign gazebo-1] [INFO] [1790611221.206868589] [amir2.gripper_controller]: Received & accepted new action goal
[ign gazebo-1] [INFO] [1790611221.308259917] [amir1.gripper_controller]: Received & accepted new action goal
[ign gazebo-1] [INFO] [1790611221.308398991] [amir2.gripper_controller]: Received & accepted new action goal
[ign gazebo-1] [INFO] [1790611221.414586844] [amir1.gripper_controller]: Received & accepted new action goal
[ign gazebo-1] [INFO] [1790611221.414680625] [amir2.gripper_controller]: Received & accepted new action goal
[ign gazebo-1] [INFO] [1790611221.622718765] [amir1.gripper_controller]: Received & accepted new action goal
[ign gazebo-1] [INFO] [1790611221.622841153] [amir2.gripper_controller]: Received & accepted new action goal
[ign gazebo-1] [INFO] [1790611221.724893642] [amir1.gripper_controller]: Received & accepted new action goal
[ign gazebo-1] [INFO] [1790611221.725023730] [amir2.gripper_controller]: Received & accepted new action goal
[ign gazebo-1] [INFO] [1790611221.830798058] [amir1.gripper_controller]: Received & accepted new action goal
[ign gazebo-1] [INFO] [1790611221.830919374] [amir2.gripper_controller]: Received & accepted new action goal
[ign gazebo-1] [INFO] [1790611221.950401653] [amir1.gripper_controller]: Received & accepted new action goal
[ign gazebo-1] [INFO] [1790611221.950475593] [amir2.gripper_controller]: Received & accepted new action goal
[ign gazebo-1] [INFO] [1790611222.180843501] [amir1.gripper_controller]: Received & accepted new action goal
[ign gazebo-1] [INFO] [1790611222.180880538] [amir2.gripper_controller]: Received & accepted new action goal
[ign gazebo-1] [INFO] [1790611222.302813467] [amir1.gripper_controller]: Received & accepted new action goal
[ign gazebo-1] [INFO] [1790611222.303164582] [amir2.gripper_controller]: Received & accepted new action goal
[ign gazebo-1] [INFO] [1790611222.408265463] [amir1.gripper_controller]: Received & accepted new action goal
[ign gazebo-1] [INFO] [1790611222.408287649] [amir2.gripper_controller]: Received & accepted new action goal
[ign gazebo-1] [INFO] [1790611222.512124561] [amir1.gripper_controller]: Received & accepted new action goal
[ign gazebo-1] [INFO] [1790611222.512209176] [amir2.gripper_controller]: Received & accepted new action goal
[ign gazebo-1] [INFO] [1790611222.765487506] [amir1.gripper_controller]: Received & accepted new action goal
[ign gazebo-1] [INFO] [1790611222.765573868] [amir2.gripper_controller]: Received & accepted new action goal
[ign gazebo-1] [INFO] [1790611222.884625264] [amir1.gripper_controller]: Received & accepted new action goal
[ign gazebo-1] [INFO] [1790611222.884826122] [amir2.gripper_controller]: Received & accepted new action goal
[ign gazebo-1] [INFO] [1790611223.000625847] [amir1.gripper_controller]: Received & accepted new action goal
[ign gazebo-1] [INFO] [1790611223.000637349] [amir2.gripper_controller]: Received & accepted new action goal
[ign gazebo-1] [INFO] [1790611223.112815972] [amir2.gripper_controller]: Received & accepted new action goal
[ign gazebo-1] [INFO] [1790611223.112863290] [amir1.gripper_controller]: Received & accepted new action goal
[ign gazebo-1] [INFO] [1790611223.322753333] [amir1.gripper_controller]: Received & accepted new action goal
[ign gazebo-1] [INFO] [1790611223.323008610] [amir2.gripper_controller]: Received & accepted new action goal
[ign gazebo-1] [INFO] [1790611223.427008501] [amir1.gripper_controller]: Received & accepted new action goal
[ign gazebo-1] [INFO] [1790611223.427100952] [amir2.gripper_controller]: Received & accepted new action goal
[ign gazebo-1] [INFO] [1790611223.529375495] [amir1.gripper_controller]: Received & accepted new action goal
[ign gazebo-1] [INFO] [1790611223.529497513] [amir2.gripper_controller]: Received & accepted new action goal
[ign gazebo-1] [INFO] [1790611223.630281966] [amir1.gripper_controller]: Received & accepted new action goal
[ign gazebo-1] [INFO] [1790611223.630319885] [amir2.gripper_controller]: Received & accepted new action goal
[ign gazebo-1] [INFO] [1790611223.871793876] [amir1.gripper_controller]: Received & accepted new action goal
[ign gazebo-1] [INFO] [1790611223.871858310] [amir2.gripper_controller]: Received & accepted new action goal
[ign gazebo-1] [INFO] [1790611223.983600126] [amir1.gripper_controller]: Received & accepted new action goal
[ign gazebo-1] [INFO] [1790611223.983729251] [amir2.gripper_controller]: Received & accepted new action goal
[ign gazebo-1] [INFO] [1790611224.085378923] [amir1.gripper_controller]: Received & accepted new action goal
[ign gazebo-1] [INFO] [1790611224.085523036] [amir2.gripper_controller]: Received & accepted new action goal
[ign gazebo-1] [INFO] [1790611224.191572302] [amir1.gripper_controller]: Received & accepted new action goal
[ign gazebo-1] [INFO] [1790611224.191666230] [amir2.gripper_controller]: Received & accepted new action goal
[ign gazebo-1] [INFO] [1790611224.413402934] [amir1.gripper_controller]: Received & accepted new action goal
[ign gazebo-1] [INFO] [1790611224.413554414] [amir2.gripper_controller]: Received & accepted new action goal
[ign gazebo-1] [INFO] [1790611224.516185411] [amir1.gripper_controller]: Received & accepted new action goal
[ign gazebo-1] [INFO] [1790611224.516296545] [amir2.gripper_controller]: Received & accepted new action goal
[ign gazebo-1] [INFO] [1790611224.625516357] [amir1.gripper_controller]: Received & accepted new action goal
[ign gazebo-1] [INFO] [1790611224.625976613] [amir2.gripper_controller]: Received & accepted new action goal
[ign gazebo-1] [INFO] [1790611224.741477097] [amir1.gripper_controller]: Received & accepted new action goal
[ign gazebo-1] [INFO] [1790611224.741814983] [amir2.gripper_controller]: Received & accepted new action goal
[ign gazebo-1] [INFO] [1790611224.974684687] [amir1.gripper_controller]: Received & accepted new action goal
[ign gazebo-1] [INFO] [1790611224.974947541] [amir2.gripper_controller]: Received & accepted new action goal
[ign gazebo-1] [INFO] [1790611225.084968475] [amir1.gripper_controller]: Received & accepted new action goal
[ign gazebo-1] [INFO] [1790611225.085233360] [amir2.gripper_controller]: Received & accepted new action goal
[ign gazebo-1] [INFO] [1790611225.201482778] [amir1.gripper_controller]: Received & accepted new action goal
[ign gazebo-1] [INFO] [1790611225.201559419] [amir2.gripper_controller]: Received & accepted new action goal
[ign gazebo-1] [INFO] [1790611225.308792370] [amir1.gripper_controller]: Received & accepted new action goal
[ign gazebo-1] [INFO] [1790611225.308817380] [amir2.gripper_controller]: Received & accepted new action goal
[ign gazebo-1] [INFO] [1790611225.526434237] [amir1.gripper_controller]: Received & accepted new action goal
[ign gazebo-1] [INFO] [1790611225.526440537] [amir2.gripper_controller]: Received & accepted new action goal
[ign gazebo-1] [INFO] [1790611225.629776085] [amir2.gripper_controller]: Received & accepted new action goal
[ign gazebo-1] [INFO] [1790611225.629799549] [amir1.gripper_controller]: Received & accepted new action goal
[ign gazebo-1] [INFO] [1790611225.744195812] [amir2.gripper_controller]: Received & accepted new action goal
[ign gazebo-1] [INFO] [1790611225.744196323] [amir1.gripper_controller]: Received & accepted new action goal
[ign gazebo-1] [INFO] [1790611225.844229021] [amir1.gripper_controller]: Received & accepted new action goal
[ign gazebo-1] [INFO] [1790611225.844304466] [amir2.gripper_controller]: Received & accepted new action goal
[ign gazebo-1] [INFO] [1790611226.071261383] [amir1.gripper_controller]: Received & accepted new action goal
[ign gazebo-1] [INFO] [1790611226.071406384] [amir2.gripper_controller]: Received & accepted new action goal
[ign gazebo-1] [INFO] [1790611226.175367111] [amir1.gripper_controller]: Received & accepted new action goal
[ign gazebo-1] [INFO] [1790611226.175440075] [amir2.gripper_controller]: Received & accepted new action goal
[ign gazebo-1] [INFO] [1790611226.282745073] [amir1.gripper_controller]: Received & accepted new action goal
[ign gazebo-1] [INFO] [1790611226.282815773] [amir2.gripper_controller]: Received & accepted new action goal
[ign gazebo-1] [INFO] [1790611226.387813056] [amir1.gripper_controller]: Received & accepted new action goal
[ign gazebo-1] [INFO] [1790611226.387829126] [amir2.gripper_controller]: Received & accepted new action goal
[ign gazebo-1] [INFO] [1790611226.639035462] [amir1.gripper_controller]: Received & accepted new action goal
[ign gazebo-1] [INFO] [1790611226.639102868] [amir2.gripper_controller]: Received & accepted new action goal
[ign gazebo-1] [INFO] [1790611226.752538617] [amir1.gripper_controller]: Received & accepted new action goal
[ign gazebo-1] [INFO] [1790611226.752657996] [amir2.gripper_controller]: Received & accepted new action goal
[ign gazebo-1] [INFO] [1790611226.859469674] [amir1.gripper_controller]: Received & accepted new action goal
[ign gazebo-1] [INFO] [1790611226.859570331] [amir2.gripper_controller]: Received & accepted new action goal
[ign gazebo-1] [INFO] [1790611226.962427770] [amir1.gripper_controller]: Received & accepted new action goal
[ign gazebo-1] [INFO] [1790611226.962559738] [amir2.gripper_controller]: Received & accepted new action goal
[ign gazebo-1] [INFO] [1790611227.193087842] [amir1.gripper_controller]: Received & accepted new action goal
[ign gazebo-1] [INFO] [1790611227.193616939] [amir2.gripper_controller]: Received & accepted new action goal
[ign gazebo-1] [INFO] [1790611227.315475985] [amir1.gripper_controller]: Received & accepted new action goal
[ign gazebo-1] [INFO] [1790611227.315511965] [amir2.gripper_controller]: Received & accepted new action goal
[ign gazebo-1] [INFO] [1790611227.446353981] [amir1.gripper_controller]: Received & accepted new action goal
[ign gazebo-1] [INFO] [1790611227.446575564] [amir2.gripper_controller]: Received & accepted new action goal
[ign gazebo-1] [INFO] [1790611227.549247644] [amir1.gripper_controller]: Received & accepted new action goal
[ign gazebo-1] [INFO] [1790611227.549343598] [amir2.gripper_controller]: Received & accepted new action goal
[ign gazebo-1] [INFO] [1790611227.780868330] [amir1.gripper_controller]: Received & accepted new action goal
[ign gazebo-1] [INFO] [1790611227.780978640] [amir2.gripper_controller]: Received & accepted new action goal
[ign gazebo-1] [INFO] [1790611227.887202941] [amir1.gripper_controller]: Received & accepted new action goal
[ign gazebo-1] [INFO] [1790611227.887334305] [amir2.gripper_controller]: Received & accepted new action goal
[ign gazebo-1] [INFO] [1790611227.990856121] [amir1.gripper_controller]: Received & accepted new action goal
[ign gazebo-1] [INFO] [1790611227.990888990] [amir2.gripper_controller]: Received & accepted new action goal
[ign gazebo-1] [INFO] [1790611228.199572886] [amir1.gripper_controller]: Received & accepted new action goal
[ign gazebo-1] [INFO] [1790611228.199617603] [amir2.gripper_controller]: Received & accepted new action goal
[ign gazebo-1] [INFO] [1790611228.408027492] [amir1.gripper_controller]: Received & accepted new action goal
[ign gazebo-1] [INFO] [1790611228.408260623] [amir2.gripper_controller]: Received & accepted new action goal
[ign gazebo-1] [INFO] [1790611228.521290633] [amir1.gripper_controller]: Received & accepted new action goal
[ign gazebo-1] [INFO] [1790611228.521809351] [amir2.gripper_controller]: Received & accepted new action goal
[ign gazebo-1] [INFO] [1790611228.747489993] [amir1.gripper_controller]: Received & accepted new action goal
[ign gazebo-1] [INFO] [1790611228.747525904] [amir2.gripper_controller]: Received & accepted new action goal
[ign gazebo-1] [INFO] [1790611228.953116528] [amir1.gripper_controller]: Received & accepted new action goal
[ign gazebo-1] [INFO] [1790611228.953187116] [amir2.gripper_controller]: Received & accepted new action goal
[ign gazebo-1] [INFO] [1790611229.071926948] [amir1.gripper_controller]: Received & accepted new action goal
[ign gazebo-1] [INFO] [1790611229.072054040] [amir2.gripper_controller]: Received & accepted new action goal
[ign gazebo-1] [INFO] [1790611229.284549814] [amir1.gripper_controller]: Received & accepted new action goal
[ign gazebo-1] [INFO] [1790611229.284608350] [amir2.gripper_controller]: Received & accepted new action goal
[ign gazebo-1] [INFO] [1790611229.515197770] [amir1.gripper_controller]: Received & accepted new action goal
[ign gazebo-1] [INFO] [1790611229.515251751] [amir2.gripper_controller]: Received & accepted new action goal
[ign gazebo-1] [INFO] [1790611229.616691850] [amir1.gripper_controller]: Received & accepted new action goal
[ign gazebo-1] [INFO] [1790611229.616744268] [amir2.gripper_controller]: Received & accepted new action goal
[ign gazebo-1] [INFO] [1790611229.834958979] [amir1.gripper_controller]: Received & accepted new action goal
[ign gazebo-1] [INFO] [1790611229.835101035] [amir2.gripper_controller]: Received & accepted new action goal
[ign gazebo-1] [INFO] [1790611230.052512161] [amir1.gripper_controller]: Received & accepted new action goal
[ign gazebo-1] [INFO] [1790611230.052583743] [amir2.gripper_controller]: Received & accepted new action goal
[ign gazebo-1] [INFO] [1790611230.162992868] [amir1.gripper_controller]: Received & accepted new action goal
[ign gazebo-1] [INFO] [1790611230.163143662] [amir2.gripper_controller]: Received & accepted new action goal
[ign gazebo-1] [INFO] [1790611230.375552219] [amir1.gripper_controller]: Received & accepted new action goal
[ign gazebo-1] [INFO] [1790611230.375684839] [amir2.gripper_controller]: Received & accepted new action goal
[ign gazebo-1] [INFO] [1790611230.593416515] [amir1.gripper_controller]: Received & accepted new action goal
[ign gazebo-1] [INFO] [1790611230.593569793] [amir2.gripper_controller]: Received & accepted new action goal
[ign gazebo-1] [INFO] [1790611230.701135463] [amir1.gripper_controller]: Received & accepted new action goal
[ign gazebo-1] [INFO] [1790611230.701270754] [amir2.gripper_controller]: Received & accepted new action goal
[ign gazebo-1] [INFO] [1790611230.919941871] [amir1.gripper_controller]: Received & accepted new action goal
[ign gazebo-1] [INFO] [1790611230.920084993] [amir2.gripper_controller]: Received & accepted new action goal
[ign gazebo-1] [INFO] [1790611231.148595852] [amir1.gripper_controller]: Received & accepted new action goal
[ign gazebo-1] [INFO] [1790611231.148831628] [amir2.gripper_controller]: Received & accepted new action goal
[ign gazebo-1] [INFO] [1790611231.257898373] [amir2.gripper_controller]: Received & accepted new action goal
[ign gazebo-1] [INFO] [1790611231.257975888] [amir1.gripper_controller]: Received & accepted new action goal
[ign gazebo-1] [INFO] [1790611231.510047315] [amir1.gripper_controller]: Received & accepted new action goal
[ign gazebo-1] [INFO] [1790611231.510488309] [amir2.gripper_controller]: Received & accepted new action goal
[ign gazebo-1] [INFO] [1790611231.723710250] [amir1.gripper_controller]: Received & accepted new action goal
[ign gazebo-1] [INFO] [1790611231.723843595] [amir2.gripper_controller]: Received & accepted new action goal
[ign gazebo-1] [INFO] [1790611231.828874600] [amir1.gripper_controller]: Received & accepted new action goal
[ign gazebo-1] [INFO] [1790611231.828977793] [amir2.gripper_controller]: Received & accepted new action goal
[ign gazebo-1] [INFO] [1790611232.040406833] [amir2.gripper_controller]: Received & accepted new action goal
[ign gazebo-1] [INFO] [1790611232.040520228] [amir1.gripper_controller]: Received & accepted new action goal
[ign gazebo-1] [INFO] [1790611232.248894750] [amir1.gripper_controller]: Received & accepted new action goal
[ign gazebo-1] [INFO] [1790611232.248932143] [amir2.gripper_controller]: Received & accepted new action goal
[ign gazebo-1] [INFO] [1790611232.352133466] [amir1.gripper_controller]: Received & accepted new action goal
[ign gazebo-1] [INFO] [1790611232.352253014] [amir2.gripper_controller]: Received & accepted new action goal
[ign gazebo-1] [INFO] [1790611232.561386430] [amir1.gripper_controller]: Received & accepted new action goal
[ign gazebo-1] [INFO] [1790611232.561520525] [amir2.gripper_controller]: Received & accepted new action goal
[ign gazebo-1] [INFO] [1790611232.766281059] [amir1.gripper_controller]: Received & accepted new action goal
[ign gazebo-1] [INFO] [1790611232.766298343] [amir2.gripper_controller]: Received & accepted new action goal
[ign gazebo-1] [INFO] [1790611232.868372665] [amir1.gripper_controller]: Received & accepted new action goal
[ign gazebo-1] [INFO] [1790611232.868544674] [amir2.gripper_controller]: Received & accepted new action goal
[ign gazebo-1] [INFO] [1790611233.133007014] [amir1.gripper_controller]: Received & accepted new action goal
[ign gazebo-1] [INFO] [1790611233.133229050] [amir2.gripper_controller]: Received & accepted new action goal
[ign gazebo-1] [INFO] [1790611233.362218869] [amir1.gripper_controller]: Received & accepted new action goal
[ign gazebo-1] [INFO] [1790611233.362301497] [amir2.gripper_controller]: Received & accepted new action goal
[ign gazebo-1] [INFO] [1790611233.648190418] [amir1.gripper_controller]: Received & accepted new action goal
[ign gazebo-1] [INFO] [1790611233.648770360] [amir2.gripper_controller]: Received & accepted new action goal
[ign gazebo-1] [INFO] [1790611233.762460237] [amir1.gripper_controller]: Received & accepted new action goal
[ign gazebo-1] [INFO] [1790611233.762532083] [amir2.gripper_controller]: Received & accepted new action goal
[ign gazebo-1] [INFO] [1790611234.013497279] [amir1.gripper_controller]: Received & accepted new action goal
[ign gazebo-1] [INFO] [1790611234.013539009] [amir2.gripper_controller]: Received & accepted new action goal
[ign gazebo-1] [INFO] [1790611234.231879616] [amir1.gripper_controller]: Received & accepted new action goal
[ign gazebo-1] [INFO] [1790611234.232034672] [amir2.gripper_controller]: Received & accepted new action goal
[ign gazebo-1] [INFO] [1790611234.335700691] [amir1.gripper_controller]: Received & accepted new action goal
[ign gazebo-1] [INFO] [1790611234.335911805] [amir2.gripper_controller]: Received & accepted new action goal
[ign gazebo-1] [INFO] [1790611234.539332758] [amir1.gripper_controller]: Received & accepted new action goal
[ign gazebo-1] [INFO] [1790611234.539439574] [amir2.gripper_controller]: Received & accepted new action goal
[ign gazebo-1] [INFO] [1790611234.745445375] [amir1.gripper_controller]: Received & accepted new action goal
[ign gazebo-1] [INFO] [1790611234.745537137] [amir2.gripper_controller]: Received & accepted new action goal
[ign gazebo-1] [INFO] [1790611234.848274244] [amir1.gripper_controller]: Received & accepted new action goal
[ign gazebo-1] [INFO] [1790611234.848401787] [amir2.gripper_controller]: Received & accepted new action goal
[ign gazebo-1] [INFO] [1790611235.051356282] [amir1.gripper_controller]: Received & accepted new action goal
[ign gazebo-1] [INFO] [1790611235.051532562] [amir2.gripper_controller]: Received & accepted new action goal
[ign gazebo-1] [INFO] [1790611235.255981854] [amir1.gripper_controller]: Received & accepted new action goal
[ign gazebo-1] [INFO] [1790611235.256115290] [amir2.gripper_controller]: Received & accepted new action goal
[ign gazebo-1] [INFO] [1790611235.356303640] [amir1.gripper_controller]: Received & accepted new action goal
[ign gazebo-1] [INFO] [1790611235.356499084] [amir2.gripper_controller]: Received & accepted new action goal
[ign gazebo-1] [INFO] [1790611235.563984376] [amir1.gripper_controller]: Received & accepted new action goal
[ign gazebo-1] [INFO] [1790611235.564039207] [amir2.gripper_controller]: Received & accepted new action goal
[ign gazebo-1] [INFO] [1790611235.781414879] [amir1.gripper_controller]: Received & accepted new action goal
[ign gazebo-1] [INFO] [1790611235.781577928] [amir2.gripper_controller]: Received & accepted new action goal
[ign gazebo-1] [INFO] [1790611235.883696465] [amir1.gripper_controller]: Received & accepted new action goal
[ign gazebo-1] [INFO] [1790611235.883886494] [amir2.gripper_controller]: Received & accepted new action goal
[ign gazebo-1] [INFO] [1790611236.115208480] [amir1.gripper_controller]: Received & accepted new action goal
[ign gazebo-1] [INFO] [1790611236.115354164] [amir2.gripper_controller]: Received & accepted new action goal
[ign gazebo-1] [INFO] [1790611236.350009007] [amir1.gripper_controller]: Received & accepted new action goal
[ign gazebo-1] [INFO] [1790611236.350142047] [amir2.gripper_controller]: Received & accepted new action goal
[ign gazebo-1] [INFO] [1790611236.465350371] [amir1.gripper_controller]: Received & accepted new action goal
[ign gazebo-1] [INFO] [1790611236.465426837] [amir2.gripper_controller]: Received & accepted new action goal
[ign gazebo-1] [INFO] [1790611236.746436350] [amir1.gripper_controller]: Received & accepted new action goal
[ign gazebo-1] [INFO] [1790611236.746552945] [amir2.gripper_controller]: Received & accepted new action goal
[ign gazebo-1] [INFO] [1790611236.972040517] [amir1.gripper_controller]: Received & accepted new action goal
[ign gazebo-1] [INFO] [1790611236.972109242] [amir2.gripper_controller]: Received & accepted new action goal
[ign gazebo-1] [INFO] [1790611237.085737734] [amir1.gripper_controller]: Received & accepted new action goal
[ign gazebo-1] [INFO] [1790611237.085766235] [amir2.gripper_controller]: Received & accepted new action goal
[ign gazebo-1] [INFO] [1790611237.359300023] [amir1.gripper_controller]: Received & accepted new action goal
[ign gazebo-1] [INFO] [1790611237.359321015] [amir2.gripper_controller]: Received & accepted new action goal
[ign gazebo-1] [INFO] [1790611237.656333527] [amir1.gripper_controller]: Received & accepted new action goal
[ign gazebo-1] [INFO] [1790611237.656394750] [amir2.gripper_controller]: Received & accepted new action goal
[friction_grasp_manager-32] [INFO] [1790611238.647476950] [friction_grasp_manager]: Finger wrench bias captured: amir1/left=19.7N, amir1/right=22.6N, amir2/left=19.7N, amir2/right=22.6N
[friction_grasp_manager-32] [INFO] [1790611238.647696703] [friction_grasp_manager]: Friction grasp state: HOLDING
[slip_monitor-39] [INFO] [1790611238.682470079] [slip_monitor]: Captured friction-grasp payload baseline: x=-0.000, y=0.000, z=0.657
[ign gazebo-1] [INFO] [1790611238.839426336] [amir1.gripper_controller]: Received & accepted new action goal
[ign gazebo-1] [INFO] [1790611238.839692354] [amir2.gripper_controller]: Received & accepted new action goal
[ign gazebo-1] [INFO] [1790611239.267471872] [amir1.gripper_controller]: Received & accepted new action goal
[ign gazebo-1] [INFO] [1790611239.267528980] [amir2.gripper_controller]: Received & accepted new action goal
[ign gazebo-1] [INFO] [1790611239.661106941] [amir1.gripper_controller]: Received & accepted new action goal
[ign gazebo-1] [INFO] [1790611239.661222225] [amir2.gripper_controller]: Received & accepted new action goal
[ign gazebo-1] [INFO] [1790611239.831309204] [amir1.gripper_controller]: Received & accepted new action goal
[ign gazebo-1] [INFO] [1790611239.831532624] [amir2.gripper_controller]: Received & accepted new action goal
[ign gazebo-1] [INFO] [1790611240.188153008] [amir1.gripper_controller]: Received & accepted new action goal
[ign gazebo-1] [INFO] [1790611240.188404135] [amir2.gripper_controller]: Received & accepted new action goal
[ign gazebo-1] [INFO] [1790611240.594138001] [amir1.gripper_controller]: Received & accepted new action goal
[ign gazebo-1] [INFO] [1790611240.594508276] [amir2.gripper_controller]: Received & accepted new action goal
[ign gazebo-1] [INFO] [1790611240.765982059] [amir1.gripper_controller]: Received & accepted new action goal
[ign gazebo-1] [INFO] [1790611240.766089858] [amir2.gripper_controller]: Received & accepted new action goal
[grasp_support_remover-36] [INFO] [1790611240.869368408] [grasp_support_remover]: Removed temporary support model "grasp_support"; transport may start.
[ign gazebo-1] [INFO] [1790611241.303969705] [amir1.gripper_controller]: Received & accepted new action goal
[ign gazebo-1] [INFO] [1790611241.304086257] [amir2.gripper_controller]: Received & accepted new action goal
[ign gazebo-1] [INFO] [1790611241.658887526] [amir1.gripper_controller]: Received & accepted new action goal
[ign gazebo-1] [INFO] [1790611241.658969440] [amir2.gripper_controller]: Received & accepted new action goal
[ign gazebo-1] [INFO] [1790611241.874905220] [amir1.gripper_controller]: Received & accepted new action goal
[ign gazebo-1] [INFO] [1790611241.875101194] [amir2.gripper_controller]: Received & accepted new action goal
[ign gazebo-1] [INFO] [1790611242.299746003] [amir1.gripper_controller]: Received & accepted new action goal
[ign gazebo-1] [INFO] [1790611242.299776052] [amir2.gripper_controller]: Received & accepted new action goal
[ign gazebo-1] [INFO] [1790611242.669216727] [amir2.gripper_controller]: Received & accepted new action goal
[ign gazebo-1] [INFO] [1790611242.669390938] [amir1.gripper_controller]: Received & accepted new action goal
[ign gazebo-1] [INFO] [1790611242.908802599] [amir1.gripper_controller]: Received & accepted new action goal
[ign gazebo-1] [INFO] [1790611242.908804536] [amir2.gripper_controller]: Received & accepted new action goal
[rotation_controller-6] [INFO] [1790611242.930330405] [cooperative_rotation_controller]: シーケンス開始: 搬送（直進） （0.500 m）
[coordinator-37] [INFO] [1790611242.943985334] [cooperative_coordinator]: Payload goal: x=-0.000, y=0.000, yaw=-0.000
[coordinator-37] [INFO] [1790611242.944500449] [cooperative_coordinator]: Formation-distance reference captured: 2.1339 m
[ign gazebo-1] [INFO] [1790611243.281927245] [amir1.gripper_controller]: Received & accepted new action goal
[ign gazebo-1] [INFO] [1790611243.281964662] [amir2.gripper_controller]: Received & accepted new action goal
[ign gazebo-1] [INFO] [1790611243.525297498] [amir1.gripper_controller]: Received & accepted new action goal
[ign gazebo-1] [INFO] [1790611243.525391410] [amir2.gripper_controller]: Received & accepted new action goal
[ign gazebo-1] [INFO] [1790611243.694649581] [amir1.gripper_controller]: Received & accepted new action goal
[ign gazebo-1] [INFO] [1790611243.694694337] [amir2.gripper_controller]: Received & accepted new action goal
[coordinator-37] [INFO] [1790611243.944430511] [cooperative_coordinator]: Payload goal: x=0.005, y=0.000, yaw=-0.000
[ign gazebo-1] [INFO] [1790611244.079830110] [amir2.gripper_controller]: Received & accepted new action goal
[ign gazebo-1] [INFO] [1790611244.079847866] [amir1.gripper_controller]: Received & accepted new action goal
[ign gazebo-1] [INFO] [1790611244.444955142] [amir1.gripper_controller]: Received & accepted new action goal
[ign gazebo-1] [INFO] [1790611244.445007836] [amir2.gripper_controller]: Received & accepted new action goal
[ign gazebo-1] [INFO] [1790611244.643305725] [amir1.gripper_controller]: Received & accepted new action goal
[ign gazebo-1] [INFO] [1790611244.643447566] [amir2.gripper_controller]: Received & accepted new action goal
[coordinator-37] [INFO] [1790611244.956208314] [cooperative_coordinator]: Payload goal: x=0.017, y=0.000, yaw=-0.000
[ign gazebo-1] [INFO] [1790611244.997469399] [amir1.gripper_controller]: Received & accepted new action goal
[ign gazebo-1] [INFO] [1790611244.997474113] [amir2.gripper_controller]: Received & accepted new action goal
[ign gazebo-1] [INFO] [1790611245.382045595] [amir1.gripper_controller]: Received & accepted new action goal
[ign gazebo-1] [INFO] [1790611245.382109474] [amir2.gripper_controller]: Received & accepted new action goal
[ign gazebo-1] [INFO] [1790611245.585507801] [amir2.gripper_controller]: Received & accepted new action goal
[ign gazebo-1] [INFO] [1790611245.585584671] [amir1.gripper_controller]: Received & accepted new action goal
[ign gazebo-1] [INFO] [1790611245.965822188] [amir2.gripper_controller]: Received & accepted new action goal
[coordinator-37] [INFO] [1790611245.966669712] [cooperative_coordinator]: Payload goal: x=0.036, y=0.000, yaw=-0.000
[ign gazebo-1] [INFO] [1790611246.311636511] [amir2.gripper_controller]: Received & accepted new action goal
[ign gazebo-1] [INFO] [1790611246.450134498] [amir1.gripper_controller]: Received & accepted new action goal
[ign gazebo-1] [INFO] [1790611246.450269613] [amir2.gripper_controller]: Received & accepted new action goal
[ign gazebo-1] [INFO] [1790611246.704803570] [amir1.gripper_controller]: Received & accepted new action goal
[ign gazebo-1] [INFO] [1790611246.704910864] [amir2.gripper_controller]: Received & accepted new action goal
[coordinator-37] [INFO] [1790611246.981013963] [cooperative_coordinator]: Payload goal: x=0.045, y=0.000, yaw=-0.000
[ign gazebo-1] [INFO] [1790611247.713488130] [amir2.gripper_controller]: Received & accepted new action goal
[ign gazebo-1] [INFO] [1790611247.713520895] [amir1.gripper_controller]: Received & accepted new action goal
[coordinator-37] [INFO] [1790611248.005215663] [cooperative_coordinator]: Payload goal: x=0.045, y=0.000, yaw=-0.000
[ign gazebo-1] [INFO] [1790611248.101649845] [amir2.gripper_controller]: Received & accepted new action goal
[ign gazebo-1] [INFO] [1790611248.101711927] [amir1.gripper_controller]: Received & accepted new action goal
[ign gazebo-1] [INFO] [1790611248.314021306] [amir2.gripper_controller]: Received & accepted new action goal
[ign gazebo-1] [INFO] [1790611248.314043303] [amir1.gripper_controller]: Received & accepted new action goal
[ign gazebo-1] [INFO] [1790611248.786456260] [amir1.gripper_controller]: Received & accepted new action goal
[ign gazebo-1] [INFO] [1790611248.786495080] [amir2.gripper_controller]: Received & accepted new action goal
[coordinator-37] [INFO] [1790611249.014479103] [cooperative_coordinator]: Payload goal: x=0.045, y=0.000, yaw=-0.000
[ign gazebo-1] [INFO] [1790611249.189214988] [amir1.gripper_controller]: Received & accepted new action goal
[ign gazebo-1] [INFO] [1790611249.189249842] [amir2.gripper_controller]: Received & accepted new action goal
[ign gazebo-1] [INFO] [1790611249.396904883] [amir2.gripper_controller]: Received & accepted new action goal
[ign gazebo-1] [INFO] [1790611249.397075483] [amir1.gripper_controller]: Received & accepted new action goal
[ign gazebo-1] [INFO] [1790611249.764245785] [amir1.gripper_controller]: Received & accepted new action goal
[ign gazebo-1] [INFO] [1790611249.764318582] [amir2.gripper_controller]: Received & accepted new action goal
[coordinator-37] [INFO] [1790611250.039534962] [cooperative_coordinator]: Payload goal: x=0.045, y=0.000, yaw=-0.000
[ign gazebo-1] [INFO] [1790611250.145085139] [amir2.gripper_controller]: Received & accepted new action goal
[ign gazebo-1] [INFO] [1790611250.145160257] [amir1.gripper_controller]: Received & accepted new action goal
[ign gazebo-1] [INFO] [1790611250.343081596] [amir1.gripper_controller]: Received & accepted new action goal
[ign gazebo-1] [INFO] [1790611250.343239299] [amir2.gripper_controller]: Received & accepted new action goal
[ign gazebo-1] [INFO] [1790611250.824839731] [amir1.gripper_controller]: Received & accepted new action goal
[ign gazebo-1] [INFO] [1790611250.824869015] [amir2.gripper_controller]: Received & accepted new action goal
[coordinator-37] [INFO] [1790611251.051314425] [cooperative_coordinator]: Payload goal: x=0.045, y=0.000, yaw=-0.000
[ign gazebo-1] [INFO] [1790611251.196432790] [amir1.gripper_controller]: Received & accepted new action goal
[ign gazebo-1] [INFO] [1790611251.196438678] [amir2.gripper_controller]: Received & accepted new action goal
[ign gazebo-1] [INFO] [1790611251.435897503] [amir1.gripper_controller]: Received & accepted new action goal
[ign gazebo-1] [INFO] [1790611251.435934288] [amir2.gripper_controller]: Received & accepted new action goal
[ign gazebo-1] [INFO] [1790611251.890624297] [amir1.gripper_controller]: Received & accepted new action goal
[ign gazebo-1] [INFO] [1790611251.890739464] [amir2.gripper_controller]: Received & accepted new action goal
[coordinator-37] [INFO] [1790611252.075830573] [cooperative_coordinator]: Payload goal: x=0.068, y=0.000, yaw=-0.000
[ign gazebo-1] [INFO] [1790611252.334913551] [amir1.gripper_controller]: Received & accepted new action goal
[ign gazebo-1] [INFO] [1790611252.334992149] [amir2.gripper_controller]: Received & accepted new action goal
[ign gazebo-1] [INFO] [1790611252.543546127] [amir1.gripper_controller]: Received & accepted new action goal
[ign gazebo-1] [INFO] [1790611252.543563819] [amir2.gripper_controller]: Received & accepted new action goal
[ign gazebo-1] [INFO] [1790611252.978940212] [amir1.gripper_controller]: Received & accepted new action goal
[ign gazebo-1] [INFO] [1790611252.979027595] [amir2.gripper_controller]: Received & accepted new action goal
[coordinator-37] [INFO] [1790611253.083760837] [cooperative_coordinator]: Payload goal: x=0.069, y=0.000, yaw=-0.000
[ign gazebo-1] [INFO] [1790611253.252844783] [amir1.gripper_controller]: Received & accepted new action goal
[ign gazebo-1] [INFO] [1790611253.252878429] [amir2.gripper_controller]: Received & accepted new action goal
[ign gazebo-1] [INFO] [1790611253.395985950] [amir1.gripper_controller]: Received & accepted new action goal
[ign gazebo-1] [INFO] [1790611253.396166695] [amir2.gripper_controller]: Received & accepted new action goal
[ign gazebo-1] [INFO] [1790611253.625253206] [amir1.gripper_controller]: Received & accepted new action goal
[ign gazebo-1] [INFO] [1790611253.625729949] [amir2.gripper_controller]: Received & accepted new action goal
[ign gazebo-1] [INFO] [1790611253.862873118] [amir1.gripper_controller]: Received & accepted new action goal
[friction_grasp_manager-32] [WARN] [1790611253.998473815] [friction_grasp_manager]: amir1 finger force above 26.0 N; backing off.
[ign gazebo-1] [INFO] [1790611253.998707037] [amir1.gripper_controller]: Received & accepted new action goal
[coordinator-37] [INFO] [1790611254.085113088] [cooperative_coordinator]: Payload goal: x=0.069, y=0.000, yaw=-0.000
[ign gazebo-1] [INFO] [1790611254.251189546] [amir1.gripper_controller]: Received & accepted new action goal
[ign gazebo-1] [INFO] [1790611254.251424206] [amir2.gripper_controller]: Received & accepted new action goal
[ign gazebo-1] [INFO] [1790611254.540067019] [amir1.gripper_controller]: Received & accepted new action goal
[ign gazebo-1] [INFO] [1790611254.540108118] [amir2.gripper_controller]: Received & accepted new action goal
[ign gazebo-1] [INFO] [1790611254.707679519] [amir1.gripper_controller]: Received & accepted new action goal
[coordinator-37] [INFO] [1790611255.096984658] [cooperative_coordinator]: Payload goal: x=0.069, y=0.000, yaw=-0.000
[ign gazebo-1] [INFO] [1790611255.166632046] [amir1.gripper_controller]: Received & accepted new action goal
[ign gazebo-1] [INFO] [1790611255.167132903] [amir2.gripper_controller]: Received & accepted new action goal
[ign gazebo-1] [INFO] [1790611255.745107239] [amir1.gripper_controller]: Received & accepted new action goal
[ign gazebo-1] [INFO] [1790611255.745238297] [amir2.gripper_controller]: Received & accepted new action goal
[coordinator-37] [INFO] [1790611256.106683012] [cooperative_coordinator]: Payload goal: x=0.069, y=0.000, yaw=-0.000
[ign gazebo-1] [INFO] [1790611256.119210334] [amir1.gripper_controller]: Received & accepted new action goal
[ign gazebo-1] [INFO] [1790611256.119233790] [amir2.gripper_controller]: Received & accepted new action goal
[ign gazebo-1] [INFO] [1790611256.512677977] [amir1.gripper_controller]: Received & accepted new action goal
[ign gazebo-1] [INFO] [1790611256.512681228] [amir2.gripper_controller]: Received & accepted new action goal
[ign gazebo-1] [INFO] [1790611256.676804328] [amir1.gripper_controller]: Received & accepted new action goal
[ign gazebo-1] [INFO] [1790611257.108130543] [amir1.gripper_controller]: Received & accepted new action goal
[ign gazebo-1] [INFO] [1790611257.108226611] [amir2.gripper_controller]: Received & accepted new action goal
[coordinator-37] [INFO] [1790611257.110335510] [cooperative_coordinator]: Payload goal: x=0.088, y=0.000, yaw=-0.000
[ign gazebo-1] [INFO] [1790611257.565256409] [amir2.gripper_controller]: Received & accepted new action goal
[ign gazebo-1] [INFO] [1790611257.565333612] [amir1.gripper_controller]: Received & accepted new action goal
[ign gazebo-1] [INFO] [1790611257.784137306] [amir1.gripper_controller]: Received & accepted new action goal
[ign gazebo-1] [INFO] [1790611257.784413431] [amir2.gripper_controller]: Received & accepted new action goal
[coordinator-37] [INFO] [1790611258.125961041] [cooperative_coordinator]: Payload goal: x=0.092, y=0.000, yaw=-0.000
[ign gazebo-1] [INFO] [1790611258.189917350] [amir1.gripper_controller]: Received & accepted new action goal
[ign gazebo-1] [INFO] [1790611258.189933492] [amir2.gripper_controller]: Received & accepted new action goal
[ign gazebo-1] [INFO] [1790611258.471091854] [amir1.gripper_controller]: Received & accepted new action goal
[ign gazebo-1] [INFO] [1790611258.471340543] [amir2.gripper_controller]: Received & accepted new action goal
[ign gazebo-1] [INFO] [1790611258.650538404] [amir1.gripper_controller]: Received & accepted new action goal
[ign gazebo-1] [INFO] [1790611259.083964930] [amir1.gripper_controller]: Received & accepted new action goal
[ign gazebo-1] [INFO] [1790611259.084078892] [amir2.gripper_controller]: Received & accepted new action goal
[coordinator-37] [INFO] [1790611259.134553489] [cooperative_coordinator]: Payload goal: x=0.092, y=0.000, yaw=-0.000
[ign gazebo-1] [INFO] [1790611259.413576655] [amir1.gripper_controller]: Received & accepted new action goal
[ign gazebo-1] [INFO] [1790611259.413707786] [amir2.gripper_controller]: Received & accepted new action goal
[ign gazebo-1] [INFO] [1790611259.619593682] [amir2.gripper_controller]: Received & accepted new action goal
[ign gazebo-1] [INFO] [1790611260.054850865] [amir1.gripper_controller]: Received & accepted new action goal
[ign gazebo-1] [INFO] [1790611260.055013180] [amir2.gripper_controller]: Received & accepted new action goal
[coordinator-37] [INFO] [1790611260.162896636] [cooperative_coordinator]: Payload goal: x=0.092, y=0.000, yaw=-0.000
[ign gazebo-1] [INFO] [1790611260.481381300] [amir1.gripper_controller]: Received & accepted new action goal
[ign gazebo-1] [INFO] [1790611260.481490159] [amir2.gripper_controller]: Received & accepted new action goal
[ign gazebo-1] [INFO] [1790611260.702887481] [amir1.gripper_controller]: Received & accepted new action goal
[ign gazebo-1] [INFO] [1790611260.703336882] [amir2.gripper_controller]: Received & accepted new action goal
[ign gazebo-1] [INFO] [1790611261.110687476] [amir1.gripper_controller]: Received & accepted new action goal
[ign gazebo-1] [INFO] [1790611261.110776747] [amir2.gripper_controller]: Received & accepted new action goal
[coordinator-37] [INFO] [1790611261.183799774] [cooperative_coordinator]: Payload goal: x=0.092, y=0.000, yaw=-0.000
[ign gazebo-1] [INFO] [1790611261.534109696] [amir1.gripper_controller]: Received & accepted new action goal
[ign gazebo-1] [INFO] [1790611261.534239656] [amir2.gripper_controller]: Received & accepted new action goal
[ign gazebo-1] [INFO] [1790611261.769176239] [amir1.gripper_controller]: Received & accepted new action goal
[ign gazebo-1] [INFO] [1790611261.769245870] [amir2.gripper_controller]: Received & accepted new action goal
[ign gazebo-1] [INFO] [1790611262.143315603] [amir1.gripper_controller]: Received & accepted new action goal
[friction_grasp_manager-32] [WARN] [1790611262.144396188] [friction_grasp_manager]: amir2 finger force above 26.0 N; backing off.
[ign gazebo-1] [INFO] [1790611262.144716864] [amir2.gripper_controller]: Received & accepted new action goal
[coordinator-37] [INFO] [1790611262.194340251] [cooperative_coordinator]: Payload goal: x=0.094, y=0.000, yaw=-0.000
[ign gazebo-1] [INFO] [1790611262.524009719] [amir1.gripper_controller]: Received & accepted new action goal
[ign gazebo-1] [INFO] [1790611262.524134773] [amir2.gripper_controller]: Received & accepted new action goal
[ign gazebo-1] [INFO] [1790611262.678111783] [amir1.gripper_controller]: Received & accepted new action goal
[ign gazebo-1] [INFO] [1790611262.678721456] [amir2.gripper_controller]: Received & accepted new action goal
[ign gazebo-1] [INFO] [1790611263.145856816] [amir1.gripper_controller]: Received & accepted new action goal
[ign gazebo-1] [INFO] [1790611263.146059605] [amir2.gripper_controller]: Received & accepted new action goal
[coordinator-37] [INFO] [1790611263.202947100] [cooperative_coordinator]: Payload goal: x=0.117, y=0.000, yaw=-0.000
[ign gazebo-1] [INFO] [1790611263.504890985] [amir1.gripper_controller]: Received & accepted new action goal
[ign gazebo-1] [INFO] [1790611263.505505702] [amir2.gripper_controller]: Received & accepted new action goal
[ign gazebo-1] [INFO] [1790611263.748266320] [amir1.gripper_controller]: Received & accepted new action goal
[ign gazebo-1] [INFO] [1790611263.748471637] [amir2.gripper_controller]: Received & accepted new action goal
[coordinator-37] [INFO] [1790611264.207782415] [cooperative_coordinator]: Payload goal: x=0.117, y=0.000, yaw=-0.000
[ign gazebo-1] [INFO] [1790611264.257848840] [amir1.gripper_controller]: Received & accepted new action goal
[ign gazebo-1] [INFO] [1790611264.258007148] [amir2.gripper_controller]: Received & accepted new action goal
[ign gazebo-1] [INFO] [1790611264.680434298] [amir2.gripper_controller]: Received & accepted new action goal
[ign gazebo-1] [INFO] [1790611264.680501796] [amir1.gripper_controller]: Received & accepted new action goal
[ign gazebo-1] [INFO] [1790611264.832386923] [amir1.gripper_controller]: Received & accepted new action goal
[ign gazebo-1] [INFO] [1790611264.832587145] [amir2.gripper_controller]: Received & accepted new action goal
[coordinator-37] [INFO] [1790611265.213547718] [cooperative_coordinator]: Payload goal: x=0.117, y=0.000, yaw=-0.000
[ign gazebo-1] [INFO] [1790611265.275317489] [amir1.gripper_controller]: Received & accepted new action goal
[ign gazebo-1] [INFO] [1790611265.275444701] [amir2.gripper_controller]: Received & accepted new action goal
[ign gazebo-1] [INFO] [1790611265.633852727] [amir1.gripper_controller]: Received & accepted new action goal
[ign gazebo-1] [INFO] [1790611265.633922706] [amir2.gripper_controller]: Received & accepted new action goal
[friction_grasp_manager-32] [WARN] [1790611265.785841367] [friction_grasp_manager]: amir1 finger force above 26.0 N; backing off.
[ign gazebo-1] [INFO] [1790611265.786376877] [amir1.gripper_controller]: Received & accepted new action goal
[ign gazebo-1] [INFO] [1790611265.786582147] [amir2.gripper_controller]: Received & accepted new action goal
[ign gazebo-1] [INFO] [1790611266.124825577] [amir1.gripper_controller]: Received & accepted new action goal
[ign gazebo-1] [INFO] [1790611266.124906610] [amir2.gripper_controller]: Received & accepted new action goal
[coordinator-37] [INFO] [1790611266.221890214] [cooperative_coordinator]: Payload goal: x=0.117, y=0.000, yaw=-0.000
[ign gazebo-1] [INFO] [1790611266.546510260] [amir1.gripper_controller]: Received & accepted new action goal
[ign gazebo-1] [INFO] [1790611266.546589663] [amir2.gripper_controller]: Received & accepted new action goal
[ign gazebo-1] [INFO] [1790611266.770375196] [amir1.gripper_controller]: Received & accepted new action goal
[ign gazebo-1] [INFO] [1790611266.770556368] [amir2.gripper_controller]: Received & accepted new action goal
[ign gazebo-1] [INFO] [1790611267.163612901] [amir1.gripper_controller]: Received & accepted new action goal
[ign gazebo-1] [INFO] [1790611267.163815313] [amir2.gripper_controller]: Received & accepted new action goal
[coordinator-37] [INFO] [1790611267.243059814] [cooperative_coordinator]: Payload goal: x=0.117, y=0.000, yaw=-0.000
[ign gazebo-1] [INFO] [1790611267.470769380] [amir1.gripper_controller]: Received & accepted new action goal
[ign gazebo-1] [INFO] [1790611267.471020630] [amir2.gripper_controller]: Received & accepted new action goal
[ign gazebo-1] [INFO] [1790611267.661603714] [amir1.gripper_controller]: Received & accepted new action goal
[ign gazebo-1] [INFO] [1790611267.661646934] [amir2.gripper_controller]: Received & accepted new action goal
[ign gazebo-1] [INFO] [1790611268.063883034] [amir1.gripper_controller]: Received & accepted new action goal
[ign gazebo-1] [INFO] [1790611268.064230742] [amir2.gripper_controller]: Received & accepted new action goal
[coordinator-37] [INFO] [1790611268.253805678] [cooperative_coordinator]: Payload goal: x=0.125, y=0.000, yaw=-0.000
[ign gazebo-1] [INFO] [1790611268.378215224] [amir1.gripper_controller]: Received & accepted new action goal
[ign gazebo-1] [INFO] [1790611268.378296231] [amir2.gripper_controller]: Received & accepted new action goal
[friction_grasp_manager-32] [WARN] [1790611268.525448246] [friction_grasp_manager]: amir1 finger force above 26.0 N; backing off.
[ign gazebo-1] [INFO] [1790611268.525792166] [amir1.gripper_controller]: Received & accepted new action goal
[ign gazebo-1] [INFO] [1790611268.525894336] [amir2.gripper_controller]: Received & accepted new action goal
[ign gazebo-1] [INFO] [1790611268.810296023] [amir1.gripper_controller]: Received & accepted new action goal
[ign gazebo-1] [INFO] [1790611268.810574351] [amir2.gripper_controller]: Received & accepted new action goal
[ign gazebo-1] [INFO] [1790611269.131394105] [amir1.gripper_controller]: Received & accepted new action goal
[ign gazebo-1] [INFO] [1790611269.131464770] [amir2.gripper_controller]: Received & accepted new action goal
[coordinator-37] [INFO] [1790611269.265423712] [cooperative_coordinator]: Payload goal: x=0.142, y=0.000, yaw=-0.000
[ign gazebo-1] [INFO] [1790611269.353991395] [amir1.gripper_controller]: Received & accepted new action goal
[ign gazebo-1] [INFO] [1790611269.354234903] [amir2.gripper_controller]: Received & accepted new action goal
[ign gazebo-1] [INFO] [1790611269.680663772] [amir1.gripper_controller]: Received & accepted new action goal
[ign gazebo-1] [INFO] [1790611269.680744865] [amir2.gripper_controller]: Received & accepted new action goal
[ign gazebo-1] [INFO] [1790611270.103946573] [amir1.gripper_controller]: Received & accepted new action goal
[ign gazebo-1] [INFO] [1790611270.104015783] [amir2.gripper_controller]: Received & accepted new action goal
[coordinator-37] [INFO] [1790611270.280470350] [cooperative_coordinator]: Payload goal: x=0.142, y=0.000, yaw=-0.000
[ign gazebo-1] [INFO] [1790611270.318655027] [amir1.gripper_controller]: Received & accepted new action goal
[ign gazebo-1] [INFO] [1790611270.653025437] [amir1.gripper_controller]: Received & accepted new action goal
[ign gazebo-1] [INFO] [1790611270.653133298] [amir2.gripper_controller]: Received & accepted new action goal
[ign gazebo-1] [INFO] [1790611270.973021766] [amir1.gripper_controller]: Received & accepted new action goal
[ign gazebo-1] [INFO] [1790611270.973113748] [amir2.gripper_controller]: Received & accepted new action goal
[ign gazebo-1] [INFO] [1790611271.105872996] [amir1.gripper_controller]: Received & accepted new action goal
[ign gazebo-1] [INFO] [1790611271.106131407] [amir2.gripper_controller]: Received & accepted new action goal
[coordinator-37] [INFO] [1790611271.298105993] [cooperative_coordinator]: Payload goal: x=0.142, y=0.000, yaw=-0.000
[ign gazebo-1] [INFO] [1790611271.508903812] [amir1.gripper_controller]: Received & accepted new action goal
[ign gazebo-1] [INFO] [1790611271.508993167] [amir2.gripper_controller]: Received & accepted new action goal
[ign gazebo-1] [INFO] [1790611272.094672174] [amir1.gripper_controller]: Received & accepted new action goal
[ign gazebo-1] [INFO] [1790611272.094851953] [amir2.gripper_controller]: Received & accepted new action goal
[ign gazebo-1] [INFO] [1790611272.292222974] [amir1.gripper_controller]: Received & accepted new action goal
[ign gazebo-1] [INFO] [1790611272.292306699] [amir2.gripper_controller]: Received & accepted new action goal
[coordinator-37] [INFO] [1790611272.314854073] [cooperative_coordinator]: Payload goal: x=0.142, y=0.000, yaw=-0.000
[ign gazebo-1] [INFO] [1790611272.721186556] [amir1.gripper_controller]: Received & accepted new action goal
[ign gazebo-1] [INFO] [1790611272.721359664] [amir2.gripper_controller]: Received & accepted new action goal
[ign gazebo-1] [INFO] [1790611272.962547601] [amir1.gripper_controller]: Received & accepted new action goal
[ign gazebo-1] [INFO] [1790611272.962757399] [amir2.gripper_controller]: Received & accepted new action goal
[ign gazebo-1] [INFO] [1790611273.181027373] [amir2.gripper_controller]: Received & accepted new action goal
[ign gazebo-1] [INFO] [1790611273.181153890] [amir1.gripper_controller]: Received & accepted new action goal
[coordinator-37] [INFO] [1790611273.327184346] [cooperative_coordinator]: Payload goal: x=0.143, y=0.000, yaw=-0.000
[ign gazebo-1] [INFO] [1790611273.567814032] [amir1.gripper_controller]: Received & accepted new action goal
[ign gazebo-1] [INFO] [1790611273.567844005] [amir2.gripper_controller]: Received & accepted new action goal
[ign gazebo-1] [INFO] [1790611273.966767690] [amir1.gripper_controller]: Received & accepted new action goal
[ign gazebo-1] [INFO] [1790611273.966881288] [amir2.gripper_controller]: Received & accepted new action goal
[ign gazebo-1] [INFO] [1790611274.174044955] [amir1.gripper_controller]: Received & accepted new action goal
[ign gazebo-1] [INFO] [1790611274.174465254] [amir2.gripper_controller]: Received & accepted new action goal
[coordinator-37] [INFO] [1790611274.339014404] [cooperative_coordinator]: Payload goal: x=0.166, y=0.000, yaw=-0.000
[ign gazebo-1] [INFO] [1790611274.568701500] [amir1.gripper_controller]: Received & accepted new action goal
[ign gazebo-1] [INFO] [1790611274.568726304] [amir2.gripper_controller]: Received & accepted new action goal
[ign gazebo-1] [INFO] [1790611274.825191388] [amir1.gripper_controller]: Received & accepted new action goal
[ign gazebo-1] [INFO] [1790611274.825290775] [amir2.gripper_controller]: Received & accepted new action goal
[ign gazebo-1] [INFO] [1790611275.013962818] [amir1.gripper_controller]: Received & accepted new action goal
[ign gazebo-1] [INFO] [1790611275.014032278] [amir2.gripper_controller]: Received & accepted new action goal
[coordinator-37] [INFO] [1790611275.346213231] [cooperative_coordinator]: Payload goal: x=0.166, y=0.000, yaw=-0.000
[ign gazebo-1] [INFO] [1790611275.403157424] [amir1.gripper_controller]: Received & accepted new action goal
[ign gazebo-1] [INFO] [1790611275.403313296] [amir2.gripper_controller]: Received & accepted new action goal
[ign gazebo-1] [INFO] [1790611275.795176114] [amir1.gripper_controller]: Received & accepted new action goal
[ign gazebo-1] [INFO] [1790611275.795245351] [amir2.gripper_controller]: Received & accepted new action goal
[ign gazebo-1] [INFO] [1790611276.014601376] [amir1.gripper_controller]: Received & accepted new action goal
[ign gazebo-1] [INFO] [1790611276.014843290] [amir2.gripper_controller]: Received & accepted new action goal
[coordinator-37] [INFO] [1790611276.368628371] [cooperative_coordinator]: Payload goal: x=0.166, y=0.000, yaw=-0.000
[ign gazebo-1] [INFO] [1790611276.382081292] [amir1.gripper_controller]: Received & accepted new action goal
[ign gazebo-1] [INFO] [1790611276.382352452] [amir2.gripper_controller]: Received & accepted new action goal
[ign gazebo-1] [INFO] [1790611276.883726982] [amir1.gripper_controller]: Received & accepted new action goal
[ign gazebo-1] [INFO] [1790611276.883736642] [amir2.gripper_controller]: Received & accepted new action goal
[ign gazebo-1] [INFO] [1790611277.098675824] [amir1.gripper_controller]: Received & accepted new action goal
[ign gazebo-1] [INFO] [1790611277.098815817] [amir2.gripper_controller]: Received & accepted new action goal
[ign gazebo-1] [INFO] [1790611277.315144151] [amir1.gripper_controller]: Received & accepted new action goal
[ign gazebo-1] [INFO] [1790611277.315197848] [amir2.gripper_controller]: Received & accepted new action goal
[coordinator-37] [INFO] [1790611277.370215422] [cooperative_coordinator]: Payload goal: x=0.166, y=0.000, yaw=-0.000
[ign gazebo-1] [INFO] [1790611277.656611653] [amir2.gripper_controller]: Received & accepted new action goal
[ign gazebo-1] [INFO] [1790611278.302872741] [amir1.gripper_controller]: Received & accepted new action goal
[ign gazebo-1] [INFO] [1790611278.302992903] [amir2.gripper_controller]: Received & accepted new action goal
[coordinator-37] [INFO] [1790611278.379672712] [cooperative_coordinator]: Payload goal: x=0.166, y=0.000, yaw=-0.000
[ign gazebo-1] [INFO] [1790611278.702848103] [amir1.gripper_controller]: Received & accepted new action goal
[ign gazebo-1] [INFO] [1790611278.702937704] [amir2.gripper_controller]: Received & accepted new action goal
[ign gazebo-1] [INFO] [1790611278.893059176] [amir1.gripper_controller]: Received & accepted new action goal
[ign gazebo-1] [INFO] [1790611278.893106337] [amir2.gripper_controller]: Received & accepted new action goal
[ign gazebo-1] [INFO] [1790611279.311677803] [amir2.gripper_controller]: Received & accepted new action goal
[ign gazebo-1] [INFO] [1790611279.311903039] [amir1.gripper_controller]: Received & accepted new action goal
[coordinator-37] [INFO] [1790611279.396321392] [cooperative_coordinator]: Payload goal: x=0.178, y=0.000, yaw=-0.000
[ign gazebo-1] [INFO] [1790611279.744657038] [amir1.gripper_controller]: Received & accepted new action goal
[ign gazebo-1] [INFO] [1790611279.744675812] [amir2.gripper_controller]: Received & accepted new action goal
[ign gazebo-1] [INFO] [1790611279.963616010] [amir1.gripper_controller]: Received & accepted new action goal
[ign gazebo-1] [INFO] [1790611279.963649071] [amir2.gripper_controller]: Received & accepted new action goal
[ign gazebo-1] [INFO] [1790611280.371236255] [amir1.gripper_controller]: Received & accepted new action goal
[ign gazebo-1] [INFO] [1790611280.371364878] [amir2.gripper_controller]: Received & accepted new action goal
[coordinator-37] [INFO] [1790611280.402590840] [cooperative_coordinator]: Payload goal: x=0.190, y=0.000, yaw=-0.000
[ign gazebo-1] [INFO] [1790611280.628615272] [amir1.gripper_controller]: Received & accepted new action goal
[ign gazebo-1] [INFO] [1790611280.628680248] [amir2.gripper_controller]: Received & accepted new action goal
[ign gazebo-1] [INFO] [1790611280.756387647] [amir1.gripper_controller]: Received & accepted new action goal
[ign gazebo-1] [INFO] [1790611280.756475183] [amir2.gripper_controller]: Received & accepted new action goal
[ign gazebo-1] [INFO] [1790611281.039016115] [amir2.gripper_controller]: Received & accepted new action goal
[ign gazebo-1] [INFO] [1790611281.269693974] [amir1.gripper_controller]: Received & accepted new action goal
[ign gazebo-1] [INFO] [1790611281.269698935] [amir2.gripper_controller]: Received & accepted new action goal
[ign gazebo-1] [INFO] [1790611281.379629146] [amir1.gripper_controller]: Received & accepted new action goal
[ign gazebo-1] [INFO] [1790611281.379642404] [amir2.gripper_controller]: Received & accepted new action goal
[coordinator-37] [INFO] [1790611281.404694105] [cooperative_coordinator]: Payload goal: x=0.190, y=0.000, yaw=-0.000
[ign gazebo-1] [INFO] [1790611281.741794712] [amir1.gripper_controller]: Received & accepted new action goal
[ign gazebo-1] [INFO] [1790611281.741800667] [amir2.gripper_controller]: Received & accepted new action goal
[ign gazebo-1] [INFO] [1790611282.020707192] [amir1.gripper_controller]: Received & accepted new action goal
[ign gazebo-1] [INFO] [1790611282.020842971] [amir2.gripper_controller]: Received & accepted new action goal
[coordinator-37] [INFO] [1790611282.408972555] [cooperative_coordinator]: Payload goal: x=0.190, y=0.000, yaw=-0.000
[ign gazebo-1] [INFO] [1790611283.213589652] [amir1.gripper_controller]: Received & accepted new action goal
[ign gazebo-1] [INFO] [1790611283.213640285] [amir2.gripper_controller]: Received & accepted new action goal
[coordinator-37] [INFO] [1790611283.417791427] [cooperative_coordinator]: Payload goal: x=0.190, y=0.000, yaw=-0.000
[ign gazebo-1] [INFO] [1790611283.509911273] [amir1.gripper_controller]: Received & accepted new action goal
[ign gazebo-1] [INFO] [1790611283.510085645] [amir2.gripper_controller]: Received & accepted new action goal
[ign gazebo-1] [INFO] [1790611283.862653243] [amir1.gripper_controller]: Received & accepted new action goal
[ign gazebo-1] [INFO] [1790611283.862855357] [amir2.gripper_controller]: Received & accepted new action goal
[ign gazebo-1] [INFO] [1790611284.049973230] [amir1.gripper_controller]: Received & accepted new action goal
[ign gazebo-1] [INFO] [1790611284.050015060] [amir2.gripper_controller]: Received & accepted new action goal
[ign gazebo-1] [INFO] [1790611284.429408917] [amir1.gripper_controller]: Received & accepted new action goal
[ign gazebo-1] [INFO] [1790611284.429585741] [amir2.gripper_controller]: Received & accepted new action goal
[coordinator-37] [INFO] [1790611284.430592394] [cooperative_coordinator]: Payload goal: x=0.204, y=0.000, yaw=-0.000
[ign gazebo-1] [INFO] [1790611284.878000509] [amir1.gripper_controller]: Received & accepted new action goal
[ign gazebo-1] [INFO] [1790611284.878019940] [amir2.gripper_controller]: Received & accepted new action goal
[ign gazebo-1] [INFO] [1790611285.079928097] [amir1.gripper_controller]: Received & accepted new action goal
[ign gazebo-1] [INFO] [1790611285.079958718] [amir2.gripper_controller]: Received & accepted new action goal
[coordinator-37] [INFO] [1790611285.454430325] [cooperative_coordinator]: Payload goal: x=0.214, y=0.000, yaw=-0.000
[ign gazebo-1] [INFO] [1790611285.506614748] [amir1.gripper_controller]: Received & accepted new action goal
[ign gazebo-1] [INFO] [1790611285.506894615] [amir2.gripper_controller]: Received & accepted new action goal
[ign gazebo-1] [INFO] [1790611285.745107902] [amir2.gripper_controller]: Received & accepted new action goal
[ign gazebo-1] [INFO] [1790611285.896464654] [amir2.gripper_controller]: Received & accepted new action goal
[ign gazebo-1] [INFO] [1790611285.896588254] [amir1.gripper_controller]: Received & accepted new action goal
[ign gazebo-1] [INFO] [1790611286.235582595] [amir2.gripper_controller]: Received & accepted new action goal
[coordinator-37] [INFO] [1790611286.463040125] [cooperative_coordinator]: Payload goal: x=0.214, y=0.000, yaw=-0.000
[ign gazebo-1] [INFO] [1790611286.662993661] [amir1.gripper_controller]: Received & accepted new action goal
[ign gazebo-1] [INFO] [1790611286.663073110] [amir2.gripper_controller]: Received & accepted new action goal
[ign gazebo-1] [INFO] [1790611286.835907438] [amir1.gripper_controller]: Received & accepted new action goal
[ign gazebo-1] [INFO] [1790611287.173180563] [amir1.gripper_controller]: Received & accepted new action goal
[coordinator-37] [INFO] [1790611287.464859756] [cooperative_coordinator]: Payload goal: x=0.214, y=0.000, yaw=-0.000
[ign gazebo-1] [INFO] [1790611287.592253136] [amir2.gripper_controller]: Received & accepted new action goal
[ign gazebo-1] [INFO] [1790611287.592253109] [amir1.gripper_controller]: Received & accepted new action goal
[ign gazebo-1] [INFO] [1790611287.812550104] [amir1.gripper_controller]: Received & accepted new action goal
[ign gazebo-1] [INFO] [1790611287.812604494] [amir2.gripper_controller]: Received & accepted new action goal
[ign gazebo-1] [INFO] [1790611288.039545410] [amir1.gripper_controller]: Received & accepted new action goal
[ign gazebo-1] [INFO] [1790611288.039713078] [amir2.gripper_controller]: Received & accepted new action goal
[ign gazebo-1] [INFO] [1790611288.459904971] [amir1.gripper_controller]: Received & accepted new action goal
[ign gazebo-1] [INFO] [1790611288.459954766] [amir2.gripper_controller]: Received & accepted new action goal
[coordinator-37] [INFO] [1790611288.483242544] [cooperative_coordinator]: Payload goal: x=0.214, y=0.000, yaw=-0.000
[ign gazebo-1] [INFO] [1790611288.659242338] [amir1.gripper_controller]: Received & accepted new action goal
[ign gazebo-1] [INFO] [1790611288.659399975] [amir2.gripper_controller]: Received & accepted new action goal
[ign gazebo-1] [INFO] [1790611289.049818412] [amir1.gripper_controller]: Received & accepted new action goal
[ign gazebo-1] [INFO] [1790611289.049819544] [amir2.gripper_controller]: Received & accepted new action goal
[ign gazebo-1] [INFO] [1790611289.449832215] [amir2.gripper_controller]: Received & accepted new action goal
[ign gazebo-1] [INFO] [1790611289.449951093] [amir1.gripper_controller]: Received & accepted new action goal
[coordinator-37] [INFO] [1790611289.483895905] [cooperative_coordinator]: Payload goal: x=0.217, y=0.000, yaw=-0.000
[ign gazebo-1] [INFO] [1790611289.618804994] [amir1.gripper_controller]: Received & accepted new action goal
[ign gazebo-1] [INFO] [1790611289.618820579] [amir2.gripper_controller]: Received & accepted new action goal
[ign gazebo-1] [INFO] [1790611290.063287440] [amir1.gripper_controller]: Received & accepted new action goal
[ign gazebo-1] [INFO] [1790611290.063302513] [amir2.gripper_controller]: Received & accepted new action goal
[coordinator-37] [INFO] [1790611290.487968798] [cooperative_coordinator]: Payload goal: x=0.239, y=0.000, yaw=-0.000
[ign gazebo-1] [INFO] [1790611290.543002956] [amir1.gripper_controller]: Received & accepted new action goal
[ign gazebo-1] [INFO] [1790611290.543049024] [amir2.gripper_controller]: Received & accepted new action goal
[ign gazebo-1] [INFO] [1790611290.771845037] [amir1.gripper_controller]: Received & accepted new action goal
[ign gazebo-1] [INFO] [1790611290.771988200] [amir2.gripper_controller]: Received & accepted new action goal
[ign gazebo-1] [INFO] [1790611291.190027461] [amir1.gripper_controller]: Received & accepted new action goal
[ign gazebo-1] [INFO] [1790611291.190155073] [amir2.gripper_controller]: Received & accepted new action goal
[ign gazebo-1] [INFO] [1790611291.464038655] [amir1.gripper_controller]: Received & accepted new action goal
[ign gazebo-1] [INFO] [1790611291.464323874] [amir2.gripper_controller]: Received & accepted new action goal
[coordinator-37] [INFO] [1790611291.490471687] [cooperative_coordinator]: Payload goal: x=0.239, y=0.000, yaw=-0.000
[ign gazebo-1] [INFO] [1790611291.627998446] [amir1.gripper_controller]: Received & accepted new action goal
[ign gazebo-1] [INFO] [1790611291.628136399] [amir2.gripper_controller]: Received & accepted new action goal
[ign gazebo-1] [INFO] [1790611292.074548364] [amir1.gripper_controller]: Received & accepted new action goal
[ign gazebo-1] [INFO] [1790611292.074579203] [amir2.gripper_controller]: Received & accepted new action goal
[coordinator-37] [INFO] [1790611292.503437987] [cooperative_coordinator]: Payload goal: x=0.239, y=0.000, yaw=-0.000
[ign gazebo-1] [INFO] [1790611292.544962828] [amir1.gripper_controller]: Received & accepted new action goal
[ign gazebo-1] [INFO] [1790611292.545126477] [amir2.gripper_controller]: Received & accepted new action goal
[ign gazebo-1] [INFO] [1790611292.742036315] [amir1.gripper_controller]: Received & accepted new action goal
[ign gazebo-1] [INFO] [1790611292.742139762] [amir2.gripper_controller]: Received & accepted new action goal
[ign gazebo-1] [INFO] [1790611293.177651276] [amir1.gripper_controller]: Received & accepted new action goal
[ign gazebo-1] [INFO] [1790611293.177873643] [amir2.gripper_controller]: Received & accepted new action goal
[ign gazebo-1] [INFO] [1790611293.459254860] [amir1.gripper_controller]: Received & accepted new action goal
[ign gazebo-1] [INFO] [1790611293.459374344] [amir2.gripper_controller]: Received & accepted new action goal
[coordinator-37] [INFO] [1790611293.512529248] [cooperative_coordinator]: Payload goal: x=0.239, y=0.000, yaw=-0.000
[ign gazebo-1] [INFO] [1790611293.654377768] [amir1.gripper_controller]: Received & accepted new action goal
[ign gazebo-1] [INFO] [1790611293.654947939] [amir2.gripper_controller]: Received & accepted new action goal
[ign gazebo-1] [INFO] [1790611294.112946477] [amir1.gripper_controller]: Received & accepted new action goal
[ign gazebo-1] [INFO] [1790611294.112968590] [amir2.gripper_controller]: Received & accepted new action goal
[coordinator-37] [INFO] [1790611294.523240198] [cooperative_coordinator]: Payload goal: x=0.239, y=0.000, yaw=-0.000
[ign gazebo-1] [INFO] [1790611294.564409961] [amir1.gripper_controller]: Received & accepted new action goal
[ign gazebo-1] [INFO] [1790611294.564694474] [amir2.gripper_controller]: Received & accepted new action goal
[ign gazebo-1] [INFO] [1790611294.731156766] [amir1.gripper_controller]: Received & accepted new action goal
[ign gazebo-1] [INFO] [1790611294.731326168] [amir2.gripper_controller]: Received & accepted new action goal
[ign gazebo-1] [INFO] [1790611295.064975485] [amir1.gripper_controller]: Received & accepted new action goal
[ign gazebo-1] [INFO] [1790611295.065044201] [amir2.gripper_controller]: Received & accepted new action goal
[ign gazebo-1] [INFO] [1790611295.499405840] [amir1.gripper_controller]: Received & accepted new action goal
[ign gazebo-1] [INFO] [1790611295.499512120] [amir2.gripper_controller]: Received & accepted new action goal
[coordinator-37] [INFO] [1790611295.532622678] [cooperative_coordinator]: Payload goal: x=0.243, y=0.000, yaw=-0.000
[ign gazebo-1] [INFO] [1790611295.652812025] [amir1.gripper_controller]: Received & accepted new action goal
[ign gazebo-1] [INFO] [1790611295.652888102] [amir2.gripper_controller]: Received & accepted new action goal
[ign gazebo-1] [INFO] [1790611296.033719792] [amir2.gripper_controller]: Received & accepted new action goal
[ign gazebo-1] [INFO] [1790611296.399626587] [amir1.gripper_controller]: Received & accepted new action goal
[ign gazebo-1] [INFO] [1790611296.399724001] [amir2.gripper_controller]: Received & accepted new action goal
[coordinator-37] [INFO] [1790611296.535840091] [cooperative_coordinator]: Payload goal: x=0.262, y=0.000, yaw=-0.000
[ign gazebo-1] [INFO] [1790611296.557601795] [amir2.gripper_controller]: Received & accepted new action goal
[ign gazebo-1] [INFO] [1790611297.054263174] [amir2.gripper_controller]: Received & accepted new action goal
[ign gazebo-1] [INFO] [1790611297.054264023] [amir1.gripper_controller]: Received & accepted new action goal
[ign gazebo-1] [INFO] [1790611297.400304896] [amir1.gripper_controller]: Received & accepted new action goal
[ign gazebo-1] [INFO] [1790611297.400446841] [amir2.gripper_controller]: Received & accepted new action goal
[coordinator-37] [INFO] [1790611297.539002919] [cooperative_coordinator]: Payload goal: x=0.262, y=0.000, yaw=-0.000
[ign gazebo-1] [INFO] [1790611297.639348594] [amir1.gripper_controller]: Received & accepted new action goal
[ign gazebo-1] [INFO] [1790611297.639387276] [amir2.gripper_controller]: Received & accepted new action goal
[ign gazebo-1] [INFO] [1790611297.986040808] [amir1.gripper_controller]: Received & accepted new action goal
[ign gazebo-1] [INFO] [1790611297.986144366] [amir2.gripper_controller]: Received & accepted new action goal
[ign gazebo-1] [INFO] [1790611298.356901179] [amir2.gripper_controller]: Received & accepted new action goal
[ign gazebo-1] [INFO] [1790611298.501852508] [amir1.gripper_controller]: Received & accepted new action goal
[ign gazebo-1] [INFO] [1790611298.501946768] [amir2.gripper_controller]: Received & accepted new action goal
[coordinator-37] [INFO] [1790611298.545195852] [cooperative_coordinator]: Payload goal: x=0.262, y=0.000, yaw=-0.000
[friction_grasp_manager-32] [WARN] [1790611298.733015777] [friction_grasp_manager]: amir1 finger force above 26.0 N; backing off.
[ign gazebo-1] [INFO] [1790611298.733392669] [amir1.gripper_controller]: Received & accepted new action goal
[ign gazebo-1] [INFO] [1790611298.733442561] [amir2.gripper_controller]: Received & accepted new action goal
[ign gazebo-1] [INFO] [1790611298.955844458] [amir1.gripper_controller]: Received & accepted new action goal
[ign gazebo-1] [INFO] [1790611298.955920225] [amir2.gripper_controller]: Received & accepted new action goal
[ign gazebo-1] [INFO] [1790611299.072674783] [amir1.gripper_controller]: Received & accepted new action goal
[ign gazebo-1] [INFO] [1790611299.364040296] [amir2.gripper_controller]: Received & accepted new action goal
[coordinator-37] [INFO] [1790611299.546320007] [cooperative_coordinator]: Payload goal: x=0.262, y=0.000, yaw=-0.000
[ign gazebo-1] [INFO] [1790611299.614356144] [amir2.gripper_controller]: Received & accepted new action goal
[ign gazebo-1] [INFO] [1790611299.787778868] [amir2.gripper_controller]: Received & accepted new action goal
[ign gazebo-1] [INFO] [1790611300.176959373] [amir1.gripper_controller]: Received & accepted new action goal
[ign gazebo-1] [INFO] [1790611300.177124710] [amir2.gripper_controller]: Received & accepted new action goal
[ign gazebo-1] [INFO] [1790611300.460937816] [amir1.gripper_controller]: Received & accepted new action goal
[ign gazebo-1] [INFO] [1790611300.461095347] [amir2.gripper_controller]: Received & accepted new action goal
[coordinator-37] [INFO] [1790611300.568734551] [cooperative_coordinator]: Payload goal: x=0.273, y=0.000, yaw=-0.000
[ign gazebo-1] [INFO] [1790611300.660890090] [amir2.gripper_controller]: Received & accepted new action goal
[ign gazebo-1] [INFO] [1790611301.080382183] [amir1.gripper_controller]: Received & accepted new action goal
[ign gazebo-1] [INFO] [1790611301.080396363] [amir2.gripper_controller]: Received & accepted new action goal
[ign gazebo-1] [INFO] [1790611301.409665386] [amir1.gripper_controller]: Received & accepted new action goal
[ign gazebo-1] [INFO] [1790611301.410190417] [amir2.gripper_controller]: Received & accepted new action goal
[coordinator-37] [INFO] [1790611301.577679255] [cooperative_coordinator]: Payload goal: x=0.286, y=0.000, yaw=-0.000
[ign gazebo-1] [INFO] [1790611301.616755075] [amir1.gripper_controller]: Received & accepted new action goal
[ign gazebo-1] [INFO] [1790611301.616829602] [amir2.gripper_controller]: Received & accepted new action goal
[ign gazebo-1] [INFO] [1790611302.049781317] [amir1.gripper_controller]: Received & accepted new action goal
[ign gazebo-1] [INFO] [1790611302.049892778] [amir2.gripper_controller]: Received & accepted new action goal
[ign gazebo-1] [INFO] [1790611302.361594898] [amir1.gripper_controller]: Received & accepted new action goal
[ign gazebo-1] [INFO] [1790611302.361633759] [amir2.gripper_controller]: Received & accepted new action goal
[ign gazebo-1] [INFO] [1790611302.575488265] [amir1.gripper_controller]: Received & accepted new action goal
[ign gazebo-1] [INFO] [1790611302.575863196] [amir2.gripper_controller]: Received & accepted new action goal
[coordinator-37] [INFO] [1790611302.607644430] [cooperative_coordinator]: Payload goal: x=0.286, y=0.000, yaw=-0.000
[ign gazebo-1] [INFO] [1790611303.105886726] [amir2.gripper_controller]: Received & accepted new action goal
[ign gazebo-1] [INFO] [1790611303.105983284] [amir1.gripper_controller]: Received & accepted new action goal
[ign gazebo-1] [INFO] [1790611303.503085024] [amir1.gripper_controller]: Received & accepted new action goal
[ign gazebo-1] [INFO] [1790611303.503209931] [amir2.gripper_controller]: Received & accepted new action goal
[coordinator-37] [INFO] [1790611303.612482140] [cooperative_coordinator]: Payload goal: x=0.286, y=0.000, yaw=-0.000
[ign gazebo-1] [INFO] [1790611303.705770699] [amir1.gripper_controller]: Received & accepted new action goal
[ign gazebo-1] [INFO] [1790611303.705913487] [amir2.gripper_controller]: Received & accepted new action goal
[ign gazebo-1] [INFO] [1790611304.158920008] [amir1.gripper_controller]: Received & accepted new action goal
[ign gazebo-1] [INFO] [1790611304.159050390] [amir2.gripper_controller]: Received & accepted new action goal
[ign gazebo-1] [INFO] [1790611304.459628964] [amir2.gripper_controller]: Received & accepted new action goal
[ign gazebo-1] [INFO] [1790611304.459636313] [amir1.gripper_controller]: Received & accepted new action goal
[coordinator-37] [INFO] [1790611304.624804122] [cooperative_coordinator]: Payload goal: x=0.286, y=0.000, yaw=-0.000
[ign gazebo-1] [INFO] [1790611304.636313182] [amir1.gripper_controller]: Received & accepted new action goal
[ign gazebo-1] [INFO] [1790611304.636426445] [amir2.gripper_controller]: Received & accepted new action goal
[ign gazebo-1] [INFO] [1790611305.052689685] [amir1.gripper_controller]: Received & accepted new action goal
[ign gazebo-1] [INFO] [1790611305.052776514] [amir2.gripper_controller]: Received & accepted new action goal
[ign gazebo-1] [INFO] [1790611305.473021716] [amir1.gripper_controller]: Received & accepted new action goal
[ign gazebo-1] [INFO] [1790611305.473183911] [amir2.gripper_controller]: Received & accepted new action goal
[coordinator-37] [INFO] [1790611305.650290456] [cooperative_coordinator]: Payload goal: x=0.286, y=0.000, yaw=-0.000
[ign gazebo-1] [INFO] [1790611305.662697104] [amir1.gripper_controller]: Received & accepted new action goal
[ign gazebo-1] [INFO] [1790611305.662719108] [amir2.gripper_controller]: Received & accepted new action goal
[ign gazebo-1] [INFO] [1790611306.118858578] [amir1.gripper_controller]: Received & accepted new action goal
[ign gazebo-1] [INFO] [1790611306.118913339] [amir2.gripper_controller]: Received & accepted new action goal
[ign gazebo-1] [INFO] [1790611306.393554661] [amir1.gripper_controller]: Received & accepted new action goal
[ign gazebo-1] [INFO] [1790611306.393561133] [amir2.gripper_controller]: Received & accepted new action goal
[friction_grasp_manager-32] [WARN] [1790611306.535282694] [friction_grasp_manager]: amir1 finger force above 26.0 N; backing off.
[ign gazebo-1] [INFO] [1790611306.535664980] [amir1.gripper_controller]: Received & accepted new action goal
[ign gazebo-1] [INFO] [1790611306.535691213] [amir2.gripper_controller]: Received & accepted new action goal
[coordinator-37] [INFO] [1790611306.661409571] [cooperative_coordinator]: Payload goal: x=0.307, y=0.000, yaw=-0.000
[ign gazebo-1] [INFO] [1790611306.781771001] [amir1.gripper_controller]: Received & accepted new action goal
[ign gazebo-1] [INFO] [1790611306.781912472] [amir2.gripper_controller]: Received & accepted new action goal
[ign gazebo-1] [INFO] [1790611307.050089495] [amir2.gripper_controller]: Received & accepted new action goal
[ign gazebo-1] [INFO] [1790611307.202142156] [amir1.gripper_controller]: Received & accepted new action goal
[ign gazebo-1] [INFO] [1790611307.202490071] [amir2.gripper_controller]: Received & accepted new action goal
[ign gazebo-1] [INFO] [1790611307.501874719] [amir1.gripper_controller]: Received & accepted new action goal
[ign gazebo-1] [INFO] [1790611307.501933603] [amir2.gripper_controller]: Received & accepted new action goal
[coordinator-37] [INFO] [1790611307.676855495] [cooperative_coordinator]: Payload goal: x=0.310, y=0.000, yaw=-0.000
[ign gazebo-1] [INFO] [1790611307.884665040] [amir1.gripper_controller]: Received & accepted new action goal
[ign gazebo-1] [INFO] [1790611307.884673592] [amir2.gripper_controller]: Received & accepted new action goal
[ign gazebo-1] [INFO] [1790611308.129077406] [amir1.gripper_controller]: Received & accepted new action goal
[ign gazebo-1] [INFO] [1790611308.129079519] [amir2.gripper_controller]: Received & accepted new action goal
[ign gazebo-1] [INFO] [1790611308.517621312] [amir1.gripper_controller]: Received & accepted new action goal
[ign gazebo-1] [INFO] [1790611308.517622061] [amir2.gripper_controller]: Received & accepted new action goal
[coordinator-37] [INFO] [1790611308.699201770] [cooperative_coordinator]: Payload goal: x=0.310, y=0.000, yaw=-0.000
[ign gazebo-1] [INFO] [1790611308.910137503] [amir2.gripper_controller]: Received & accepted new action goal
[ign gazebo-1] [INFO] [1790611308.910349296] [amir1.gripper_controller]: Received & accepted new action goal
[ign gazebo-1] [INFO] [1790611309.079614465] [amir1.gripper_controller]: Received & accepted new action goal
[ign gazebo-1] [INFO] [1790611309.079685508] [amir2.gripper_controller]: Received & accepted new action goal
[ign gazebo-1] [INFO] [1790611309.449802534] [amir2.gripper_controller]: Received & accepted new action goal
[ign gazebo-1] [INFO] [1790611309.449926138] [amir1.gripper_controller]: Received & accepted new action goal
[coordinator-37] [INFO] [1790611309.710333591] [cooperative_coordinator]: Payload goal: x=0.310, y=0.000, yaw=-0.000
[ign gazebo-1] [INFO] [1790611309.880291223] [amir1.gripper_controller]: Received & accepted new action goal
[ign gazebo-1] [INFO] [1790611309.880298351] [amir2.gripper_controller]: Received & accepted new action goal
[ign gazebo-1] [INFO] [1790611310.032922179] [amir1.gripper_controller]: Received & accepted new action goal
[ign gazebo-1] [INFO] [1790611310.032971974] [amir2.gripper_controller]: Received & accepted new action goal
[ign gazebo-1] [INFO] [1790611310.386491277] [amir1.gripper_controller]: Received & accepted new action goal
[ign gazebo-1] [INFO] [1790611310.386610201] [amir2.gripper_controller]: Received & accepted new action goal
[coordinator-37] [INFO] [1790611310.730388509] [cooperative_coordinator]: Payload goal: x=0.310, y=0.000, yaw=-0.000
[ign gazebo-1] [INFO] [1790611310.742987781] [amir1.gripper_controller]: Received & accepted new action goal
[ign gazebo-1] [INFO] [1790611310.743109385] [amir2.gripper_controller]: Received & accepted new action goal
[ign gazebo-1] [INFO] [1790611310.948717572] [amir1.gripper_controller]: Received & accepted new action goal
[ign gazebo-1] [INFO] [1790611310.948835246] [amir2.gripper_controller]: Received & accepted new action goal
[ign gazebo-1] [INFO] [1790611311.357357606] [amir1.gripper_controller]: Received & accepted new action goal
[ign gazebo-1] [INFO] [1790611311.357421525] [amir2.gripper_controller]: Received & accepted new action goal
[coordinator-37] [INFO] [1790611311.733321308] [cooperative_coordinator]: Payload goal: x=0.326, y=0.000, yaw=-0.000
[ign gazebo-1] [INFO] [1790611311.804408686] [amir1.gripper_controller]: Received & accepted new action goal
[ign gazebo-1] [INFO] [1790611311.804498351] [amir2.gripper_controller]: Received & accepted new action goal
[ign gazebo-1] [INFO] [1790611312.005862248] [amir1.gripper_controller]: Received & accepted new action goal
[ign gazebo-1] [INFO] [1790611312.005920129] [amir2.gripper_controller]: Received & accepted new action goal
[ign gazebo-1] [INFO] [1790611312.482244287] [amir1.gripper_controller]: Received & accepted new action goal
[ign gazebo-1] [INFO] [1790611312.482686378] [amir2.gripper_controller]: Received & accepted new action goal
[coordinator-37] [INFO] [1790611312.758462538] [cooperative_coordinator]: Payload goal: x=0.335, y=0.000, yaw=-0.000
[ign gazebo-1] [INFO] [1790611312.852703216] [amir1.gripper_controller]: Received & accepted new action goal
[ign gazebo-1] [INFO] [1790611312.853214863] [amir2.gripper_controller]: Received & accepted new action goal
[ign gazebo-1] [INFO] [1790611313.306117589] [amir1.gripper_controller]: Received & accepted new action goal
[ign gazebo-1] [INFO] [1790611313.306226277] [amir2.gripper_controller]: Received & accepted new action goal
[ign gazebo-1] [INFO] [1790611313.558080160] [amir2.gripper_controller]: Received & accepted new action goal
[ign gazebo-1] [INFO] [1790611313.558114656] [amir1.gripper_controller]: Received & accepted new action goal
[ign gazebo-1] [INFO] [1790611313.760036876] [amir1.gripper_controller]: Received & accepted new action goal
[ign gazebo-1] [INFO] [1790611313.760055289] [amir2.gripper_controller]: Received & accepted new action goal
[coordinator-37] [INFO] [1790611313.761683698] [cooperative_coordinator]: Payload goal: x=0.335, y=0.000, yaw=-0.000
[ign gazebo-1] [INFO] [1790611314.163919453] [amir1.gripper_controller]: Received & accepted new action goal
[ign gazebo-1] [INFO] [1790611314.163985649] [amir2.gripper_controller]: Received & accepted new action goal
[ign gazebo-1] [INFO] [1790611314.571844921] [amir1.gripper_controller]: Received & accepted new action goal
[ign gazebo-1] [INFO] [1790611314.571920380] [amir2.gripper_controller]: Received & accepted new action goal
[friction_grasp_manager-32] [WARN] [1790611314.714970620] [friction_grasp_manager]: amir1 finger force above 26.0 N; backing off.
[ign gazebo-1] [INFO] [1790611314.715188049] [amir1.gripper_controller]: Received & accepted new action goal
[ign gazebo-1] [INFO] [1790611314.715536799] [amir2.gripper_controller]: Received & accepted new action goal
[coordinator-37] [INFO] [1790611314.772992559] [cooperative_coordinator]: Payload goal: x=0.335, y=0.000, yaw=-0.000
[ign gazebo-1] [INFO] [1790611314.831350508] [amir1.gripper_controller]: Received & accepted new action goal
[ign gazebo-1] [INFO] [1790611314.831381174] [amir2.gripper_controller]: Received & accepted new action goal
[ign gazebo-1] [INFO] [1790611315.211078211] [amir2.gripper_controller]: Received & accepted new action goal
[ign gazebo-1] [INFO] [1790611315.605654662] [amir1.gripper_controller]: Received & accepted new action goal
[ign gazebo-1] [INFO] [1790611315.605681360] [amir2.gripper_controller]: Received & accepted new action goal
[coordinator-37] [INFO] [1790611315.781844895] [cooperative_coordinator]: Payload goal: x=0.335, y=0.000, yaw=-0.000
[ign gazebo-1] [INFO] [1790611316.024658374] [amir1.gripper_controller]: Received & accepted new action goal
[ign gazebo-1] [INFO] [1790611316.024814554] [amir2.gripper_controller]: Received & accepted new action goal
[ign gazebo-1] [INFO] [1790611316.380349079] [amir1.gripper_controller]: Received & accepted new action goal
[ign gazebo-1] [INFO] [1790611316.380368490] [amir2.gripper_controller]: Received & accepted new action goal
[ign gazebo-1] [INFO] [1790611316.719885205] [amir1.gripper_controller]: Received & accepted new action goal
[ign gazebo-1] [INFO] [1790611316.720075986] [amir2.gripper_controller]: Received & accepted new action goal
[coordinator-37] [INFO] [1790611316.789562604] [cooperative_coordinator]: Payload goal: x=0.344, y=0.000, yaw=-0.000
[ign gazebo-1] [INFO] [1790611316.915522103] [amir1.gripper_controller]: Received & accepted new action goal
[ign gazebo-1] [INFO] [1790611316.915778925] [amir2.gripper_controller]: Received & accepted new action goal
[ign gazebo-1] [INFO] [1790611317.208562630] [amir1.gripper_controller]: Received & accepted new action goal
[ign gazebo-1] [INFO] [1790611317.208660377] [amir2.gripper_controller]: Received & accepted new action goal
[ign gazebo-1] [INFO] [1790611317.600356010] [amir1.gripper_controller]: Received & accepted new action goal
[ign gazebo-1] [INFO] [1790611317.600603638] [amir2.gripper_controller]: Received & accepted new action goal
[coordinator-37] [INFO] [1790611317.801804579] [cooperative_coordinator]: Payload goal: x=0.359, y=0.000, yaw=-0.000
[ign gazebo-1] [INFO] [1790611317.816004316] [amir1.gripper_controller]: Received & accepted new action goal
[ign gazebo-1] [INFO] [1790611317.816190285] [amir2.gripper_controller]: Received & accepted new action goal
[ign gazebo-1] [INFO] [1790611318.320237450] [amir1.gripper_controller]: Received & accepted new action goal
[ign gazebo-1] [INFO] [1790611318.320326931] [amir2.gripper_controller]: Received & accepted new action goal
[ign gazebo-1] [INFO] [1790611318.614879529] [amir2.gripper_controller]: Received & accepted new action goal
[ign gazebo-1] [INFO] [1790611318.614932497] [amir1.gripper_controller]: Received & accepted new action goal
[ign gazebo-1] [INFO] [1790611318.769839069] [amir1.gripper_controller]: Received & accepted new action goal
[ign gazebo-1] [INFO] [1790611318.769926643] [amir2.gripper_controller]: Received & accepted new action goal
[coordinator-37] [INFO] [1790611318.802599292] [cooperative_coordinator]: Payload goal: x=0.359, y=0.000, yaw=-0.000
[ign gazebo-1] [INFO] [1790611319.158987061] [amir2.gripper_controller]: Received & accepted new action goal
[ign gazebo-1] [INFO] [1790611319.558605384] [amir1.gripper_controller]: Received & accepted new action goal
[ign gazebo-1] [INFO] [1790611319.558736403] [amir2.gripper_controller]: Received & accepted new action goal
[ign gazebo-1] [INFO] [1790611319.834385184] [amir1.gripper_controller]: Received & accepted new action goal
[ign gazebo-1] [INFO] [1790611319.834499386] [amir2.gripper_controller]: Received & accepted new action goal
[coordinator-37] [INFO] [1790611319.838877906] [cooperative_coordinator]: Payload goal: x=0.359, y=0.000, yaw=-0.000
[ign gazebo-1] [INFO] [1790611320.289851661] [amir1.gripper_controller]: Received & accepted new action goal
[ign gazebo-1] [INFO] [1790611320.290043722] [amir2.gripper_controller]: Received & accepted new action goal
[ign gazebo-1] [INFO] [1790611320.710640429] [amir1.gripper_controller]: Received & accepted new action goal
[ign gazebo-1] [INFO] [1790611320.710696396] [amir2.gripper_controller]: Received & accepted new action goal
[coordinator-37] [INFO] [1790611320.846742111] [cooperative_coordinator]: Payload goal: x=0.359, y=0.000, yaw=-0.000
[ign gazebo-1] [INFO] [1790611320.855955592] [amir1.gripper_controller]: Received & accepted new action goal
[ign gazebo-1] [INFO] [1790611320.856085395] [amir2.gripper_controller]: Received & accepted new action goal
[ign gazebo-1] [INFO] [1790611321.249797359] [amir1.gripper_controller]: Received & accepted new action goal
[ign gazebo-1] [INFO] [1790611321.249900697] [amir2.gripper_controller]: Received & accepted new action goal
[ign gazebo-1] [INFO] [1790611321.621850756] [amir1.gripper_controller]: Received & accepted new action goal
[ign gazebo-1] [INFO] [1790611321.621889320] [amir2.gripper_controller]: Received & accepted new action goal
[ign gazebo-1] [INFO] [1790611321.838104324] [amir1.gripper_controller]: Received & accepted new action goal
[ign gazebo-1] [INFO] [1790611321.838161028] [amir2.gripper_controller]: Received & accepted new action goal
[coordinator-37] [INFO] [1790611321.859331430] [cooperative_coordinator]: Payload goal: x=0.359, y=0.000, yaw=-0.000
[ign gazebo-1] [INFO] [1790611322.232125325] [amir1.gripper_controller]: Received & accepted new action goal
[ign gazebo-1] [INFO] [1790611322.232128406] [amir2.gripper_controller]: Received & accepted new action goal
[ign gazebo-1] [INFO] [1790611322.601850554] [amir1.gripper_controller]: Received & accepted new action goal
[ign gazebo-1] [INFO] [1790611322.601860481] [amir2.gripper_controller]: Received & accepted new action goal
[ign gazebo-1] [INFO] [1790611322.821982643] [amir1.gripper_controller]: Received & accepted new action goal
[ign gazebo-1] [INFO] [1790611322.822051995] [amir2.gripper_controller]: Received & accepted new action goal
[coordinator-37] [INFO] [1790611322.865311127] [cooperative_coordinator]: Payload goal: x=0.375, y=0.000, yaw=-0.000
[ign gazebo-1] [INFO] [1790611323.123121168] [amir1.gripper_controller]: Received & accepted new action goal
[ign gazebo-1] [INFO] [1790611323.123223089] [amir2.gripper_controller]: Received & accepted new action goal
[ign gazebo-1] [INFO] [1790611323.568627097] [amir1.gripper_controller]: Received & accepted new action goal
[ign gazebo-1] [INFO] [1790611323.569045013] [amir2.gripper_controller]: Received & accepted new action goal
[ign gazebo-1] [INFO] [1790611323.772921815] [amir1.gripper_controller]: Received & accepted new action goal
[ign gazebo-1] [INFO] [1790611323.773199682] [amir2.gripper_controller]: Received & accepted new action goal
[coordinator-37] [INFO] [1790611323.873274195] [cooperative_coordinator]: Payload goal: x=0.383, y=0.000, yaw=-0.000
[ign gazebo-1] [INFO] [1790611324.101797255] [amir1.gripper_controller]: Received & accepted new action goal
[ign gazebo-1] [INFO] [1790611324.101887782] [amir2.gripper_controller]: Received & accepted new action goal
[ign gazebo-1] [INFO] [1790611324.580035810] [amir1.gripper_controller]: Received & accepted new action goal
[ign gazebo-1] [INFO] [1790611324.580043248] [amir2.gripper_controller]: Received & accepted new action goal
[ign gazebo-1] [INFO] [1790611324.784559368] [amir1.gripper_controller]: Received & accepted new action goal
[ign gazebo-1] [INFO] [1790611324.784565098] [amir2.gripper_controller]: Received & accepted new action goal
[coordinator-37] [INFO] [1790611324.874587279] [cooperative_coordinator]: Payload goal: x=0.383, y=0.000, yaw=-0.000
[ign gazebo-1] [INFO] [1790611325.237658286] [amir1.gripper_controller]: Received & accepted new action goal
[ign gazebo-1] [INFO] [1790611325.237737458] [amir2.gripper_controller]: Received & accepted new action goal
[ign gazebo-1] [INFO] [1790611325.643019270] [amir1.gripper_controller]: Received & accepted new action goal
[ign gazebo-1] [INFO] [1790611325.643054320] [amir2.gripper_controller]: Received & accepted new action goal
[ign gazebo-1] [INFO] [1790611325.807841206] [amir1.gripper_controller]: Received & accepted new action goal
[ign gazebo-1] [INFO] [1790611325.807924558] [amir2.gripper_controller]: Received & accepted new action goal
[coordinator-37] [INFO] [1790611325.887692576] [cooperative_coordinator]: Payload goal: x=0.383, y=0.000, yaw=-0.000
[ign gazebo-1] [INFO] [1790611326.291213552] [amir1.gripper_controller]: Received & accepted new action goal
[ign gazebo-1] [INFO] [1790611326.291317946] [amir2.gripper_controller]: Received & accepted new action goal
[ign gazebo-1] [INFO] [1790611326.731921154] [amir1.gripper_controller]: Received & accepted new action goal
[ign gazebo-1] [INFO] [1790611326.731960592] [amir2.gripper_controller]: Received & accepted new action goal
[ign gazebo-1] [INFO] [1790611326.885041158] [amir2.gripper_controller]: Received & accepted new action goal
[ign gazebo-1] [INFO] [1790611326.885053355] [amir1.gripper_controller]: Received & accepted new action goal
[coordinator-37] [INFO] [1790611326.902828097] [cooperative_coordinator]: Payload goal: x=0.383, y=0.000, yaw=-0.000
[ign gazebo-1] [INFO] [1790611327.264137647] [amir1.gripper_controller]: Received & accepted new action goal
[ign gazebo-1] [INFO] [1790611327.264169923] [amir2.gripper_controller]: Received & accepted new action goal
[ign gazebo-1] [INFO] [1790611327.654493926] [amir1.gripper_controller]: Received & accepted new action goal
[ign gazebo-1] [INFO] [1790611327.654774872] [amir2.gripper_controller]: Received & accepted new action goal
[ign gazebo-1] [INFO] [1790611327.884260198] [amir2.gripper_controller]: Received & accepted new action goal
[ign gazebo-1] [INFO] [1790611327.884319630] [amir1.gripper_controller]: Received & accepted new action goal
[coordinator-37] [INFO] [1790611327.906844282] [cooperative_coordinator]: Payload goal: x=0.383, y=0.000, yaw=-0.000
[ign gazebo-1] [INFO] [1790611328.317337223] [amir1.gripper_controller]: Received & accepted new action goal
[ign gazebo-1] [INFO] [1790611328.317503607] [amir2.gripper_controller]: Received & accepted new action goal
[ign gazebo-1] [INFO] [1790611328.637075878] [amir1.gripper_controller]: Received & accepted new action goal
[ign gazebo-1] [INFO] [1790611328.637210681] [amir2.gripper_controller]: Received & accepted new action goal
[ign gazebo-1] [INFO] [1790611328.829315794] [amir1.gripper_controller]: Received & accepted new action goal
[coordinator-37] [INFO] [1790611328.909389852] [cooperative_coordinator]: Payload goal: x=0.405, y=0.000, yaw=-0.000
[ign gazebo-1] [INFO] [1790611329.311357530] [amir1.gripper_controller]: Received & accepted new action goal
[ign gazebo-1] [INFO] [1790611329.311888907] [amir2.gripper_controller]: Received & accepted new action goal
[ign gazebo-1] [INFO] [1790611329.747108287] [amir2.gripper_controller]: Received & accepted new action goal
[ign gazebo-1] [INFO] [1790611329.747122173] [amir1.gripper_controller]: Received & accepted new action goal
[ign gazebo-1] [INFO] [1790611329.884917844] [amir1.gripper_controller]: Received & accepted new action goal
[coordinator-37] [INFO] [1790611329.918225578] [cooperative_coordinator]: Payload goal: x=0.407, y=0.000, yaw=-0.000
[friction_grasp_manager-32] [WARN] [1790611330.225019195] [friction_grasp_manager]: amir1 finger force above 26.0 N; backing off.
[ign gazebo-1] [INFO] [1790611330.225312587] [amir2.gripper_controller]: Received & accepted new action goal
[ign gazebo-1] [INFO] [1790611330.225387305] [amir1.gripper_controller]: Received & accepted new action goal
[ign gazebo-1] [INFO] [1790611330.534537639] [amir1.gripper_controller]: Received & accepted new action goal
[ign gazebo-1] [INFO] [1790611330.535210330] [amir2.gripper_controller]: Received & accepted new action goal
[ign gazebo-1] [INFO] [1790611330.673594336] [amir1.gripper_controller]: Received & accepted new action goal
[ign gazebo-1] [INFO] [1790611330.673617682] [amir2.gripper_controller]: Received & accepted new action goal
[ign gazebo-1] [INFO] [1790611330.925392810] [amir1.gripper_controller]: Received & accepted new action goal
[ign gazebo-1] [INFO] [1790611330.925538558] [amir2.gripper_controller]: Received & accepted new action goal
[coordinator-37] [INFO] [1790611330.928462815] [cooperative_coordinator]: Payload goal: x=0.407, y=0.000, yaw=-0.000
[coordinator-37] [INFO] [1790611331.929161233] [cooperative_coordinator]: Payload goal: x=0.407, y=0.000, yaw=-0.000
[ign gazebo-1] [INFO] [1790611332.012666244] [amir2.gripper_controller]: Received & accepted new action goal
[ign gazebo-1] [INFO] [1790611332.398270165] [amir1.gripper_controller]: Received & accepted new action goal
[ign gazebo-1] [INFO] [1790611332.398463408] [amir2.gripper_controller]: Received & accepted new action goal
[ign gazebo-1] [INFO] [1790611332.591068826] [amir1.gripper_controller]: Received & accepted new action goal
[ign gazebo-1] [INFO] [1790611332.591171767] [amir2.gripper_controller]: Received & accepted new action goal
[coordinator-37] [INFO] [1790611332.941106357] [cooperative_coordinator]: Payload goal: x=0.407, y=0.000, yaw=-0.000
[ign gazebo-1] [INFO] [1790611333.016273806] [amir1.gripper_controller]: Received & accepted new action goal
[ign gazebo-1] [INFO] [1790611333.016387109] [amir2.gripper_controller]: Received & accepted new action goal
[ign gazebo-1] [INFO] [1790611333.415253377] [amir2.gripper_controller]: Received & accepted new action goal
[ign gazebo-1] [INFO] [1790611333.415346460] [amir1.gripper_controller]: Received & accepted new action goal
[ign gazebo-1] [INFO] [1790611333.615569944] [amir1.gripper_controller]: Received & accepted new action goal
[ign gazebo-1] [INFO] [1790611333.615614991] [amir2.gripper_controller]: Received & accepted new action goal
[coordinator-37] [INFO] [1790611333.960335337] [cooperative_coordinator]: Payload goal: x=0.416, y=0.000, yaw=-0.000
[ign gazebo-1] [INFO] [1790611334.019820530] [amir1.gripper_controller]: Received & accepted new action goal
[ign gazebo-1] [INFO] [1790611334.019868998] [amir2.gripper_controller]: Received & accepted new action goal
[ign gazebo-1] [INFO] [1790611334.439153676] [amir1.gripper_controller]: Received & accepted new action goal
[ign gazebo-1] [INFO] [1790611334.439217963] [amir2.gripper_controller]: Received & accepted new action goal
[ign gazebo-1] [INFO] [1790611334.577706421] [amir2.gripper_controller]: Received & accepted new action goal
[coordinator-37] [INFO] [1790611334.981938381] [cooperative_coordinator]: Payload goal: x=0.431, y=0.000, yaw=-0.000
[ign gazebo-1] [INFO] [1790611335.382600704] [amir1.gripper_controller]: Received & accepted new action goal
[ign gazebo-1] [INFO] [1790611335.565106188] [amir1.gripper_controller]: Received & accepted new action goal
[ign gazebo-1] [INFO] [1790611335.565141353] [amir2.gripper_controller]: Received & accepted new action goal
[ign gazebo-1] [INFO] [1790611335.983895133] [amir1.gripper_controller]: Received & accepted new action goal
[ign gazebo-1] [INFO] [1790611335.984019516] [amir2.gripper_controller]: Received & accepted new action goal
[coordinator-37] [INFO] [1790611335.984749814] [cooperative_coordinator]: Payload goal: x=0.431, y=0.000, yaw=-0.000
[ign gazebo-1] [INFO] [1790611336.421685690] [amir1.gripper_controller]: Received & accepted new action goal
[ign gazebo-1] [INFO] [1790611336.421993004] [amir2.gripper_controller]: Received & accepted new action goal
[ign gazebo-1] [INFO] [1790611336.642707482] [amir1.gripper_controller]: Received & accepted new action goal
[ign gazebo-1] [INFO] [1790611336.643020162] [amir2.gripper_controller]: Received & accepted new action goal
[coordinator-37] [INFO] [1790611337.004127063] [cooperative_coordinator]: Payload goal: x=0.431, y=0.000, yaw=-0.000
[ign gazebo-1] [INFO] [1790611337.017621582] [amir1.gripper_controller]: Received & accepted new action goal
[ign gazebo-1] [INFO] [1790611337.017678437] [amir2.gripper_controller]: Received & accepted new action goal
[ign gazebo-1] [INFO] [1790611337.431870371] [amir1.gripper_controller]: Received & accepted new action goal
[ign gazebo-1] [INFO] [1790611337.431891603] [amir2.gripper_controller]: Received & accepted new action goal
[ign gazebo-1] [INFO] [1790611337.618792879] [amir1.gripper_controller]: Received & accepted new action goal
[ign gazebo-1] [INFO] [1790611337.618819806] [amir2.gripper_controller]: Received & accepted new action goal
[ign gazebo-1] [INFO] [1790611337.898331962] [amir1.gripper_controller]: Received & accepted new action goal
[ign gazebo-1] [INFO] [1790611337.898391917] [amir2.gripper_controller]: Received & accepted new action goal
[coordinator-37] [INFO] [1790611338.020687272] [cooperative_coordinator]: Payload goal: x=0.431, y=0.000, yaw=-0.000
[ign gazebo-1] [INFO] [1790611338.213531468] [amir2.gripper_controller]: Received & accepted new action goal
[ign gazebo-1] [INFO] [1790611338.213646507] [amir1.gripper_controller]: Received & accepted new action goal
[ign gazebo-1] [INFO] [1790611338.401902802] [amir1.gripper_controller]: Received & accepted new action goal
[ign gazebo-1] [INFO] [1790611338.402240881] [amir2.gripper_controller]: Received & accepted new action goal
[ign gazebo-1] [INFO] [1790611338.770546244] [amir1.gripper_controller]: Received & accepted new action goal
[ign gazebo-1] [INFO] [1790611338.770669540] [amir2.gripper_controller]: Received & accepted new action goal
[coordinator-37] [INFO] [1790611339.041261426] [cooperative_coordinator]: Payload goal: x=0.431, y=0.000, yaw=-0.000
[ign gazebo-1] [INFO] [1790611339.132956815] [amir1.gripper_controller]: Received & accepted new action goal
[ign gazebo-1] [INFO] [1790611339.133020810] [amir2.gripper_controller]: Received & accepted new action goal
[ign gazebo-1] [INFO] [1790611339.314578348] [amir1.gripper_controller]: Received & accepted new action goal
[ign gazebo-1] [INFO] [1790611339.314630064] [amir2.gripper_controller]: Received & accepted new action goal
[ign gazebo-1] [INFO] [1790611339.743845101] [amir1.gripper_controller]: Received & accepted new action goal
[ign gazebo-1] [INFO] [1790611339.743930568] [amir2.gripper_controller]: Received & accepted new action goal
[coordinator-37] [INFO] [1790611340.045180378] [cooperative_coordinator]: Payload goal: x=0.453, y=0.000, yaw=-0.000
[ign gazebo-1] [INFO] [1790611340.190438646] [amir1.gripper_controller]: Received & accepted new action goal
[ign gazebo-1] [INFO] [1790611340.190448890] [amir2.gripper_controller]: Received & accepted new action goal
[ign gazebo-1] [INFO] [1790611340.339537864] [amir2.gripper_controller]: Received & accepted new action goal
[ign gazebo-1] [INFO] [1790611340.339541538] [amir1.gripper_controller]: Received & accepted new action goal
[ign gazebo-1] [INFO] [1790611340.654366627] [amir1.gripper_controller]: Received & accepted new action goal
[ign gazebo-1] [INFO] [1790611340.654526298] [amir2.gripper_controller]: Received & accepted new action goal
[ign gazebo-1] [INFO] [1790611340.996227337] [amir1.gripper_controller]: Received & accepted new action goal
[ign gazebo-1] [INFO] [1790611340.996334456] [amir2.gripper_controller]: Received & accepted new action goal
[coordinator-37] [INFO] [1790611341.054480229] [cooperative_coordinator]: Payload goal: x=0.456, y=0.000, yaw=-0.000
[ign gazebo-1] [INFO] [1790611341.152120828] [amir1.gripper_controller]: Received & accepted new action goal
[ign gazebo-1] [INFO] [1790611341.152125598] [amir2.gripper_controller]: Received & accepted new action goal
[friction_grasp_manager-32] [WARN] [1790611341.424343522] [friction_grasp_manager]: amir1 finger force above 26.0 N; backing off.
[ign gazebo-1] [INFO] [1790611341.424650923] [amir1.gripper_controller]: Received & accepted new action goal
[ign gazebo-1] [INFO] [1790611341.425364429] [amir2.gripper_controller]: Received & accepted new action goal
[ign gazebo-1] [INFO] [1790611341.710953898] [amir2.gripper_controller]: Received & accepted new action goal
[ign gazebo-1] [INFO] [1790611341.894738420] [amir2.gripper_controller]: Received & accepted new action goal
[coordinator-37] [INFO] [1790611342.073138514] [cooperative_coordinator]: Payload goal: x=0.456, y=0.000, yaw=-0.000
[ign gazebo-1] [INFO] [1790611342.305204428] [amir2.gripper_controller]: Received & accepted new action goal
[ign gazebo-1] [INFO] [1790611342.709394981] [amir1.gripper_controller]: Received & accepted new action goal
[ign gazebo-1] [INFO] [1790611342.709498798] [amir2.gripper_controller]: Received & accepted new action goal
[coordinator-37] [INFO] [1790611343.073731570] [cooperative_coordinator]: Payload goal: x=0.456, y=0.000, yaw=-0.000
[ign gazebo-1] [INFO] [1790611343.188754422] [amir1.gripper_controller]: Received & accepted new action goal
[ign gazebo-1] [INFO] [1790611343.188823377] [amir2.gripper_controller]: Received & accepted new action goal
[ign gazebo-1] [INFO] [1790611343.617970821] [amir1.gripper_controller]: Received & accepted new action goal
[ign gazebo-1] [INFO] [1790611343.618249121] [amir2.gripper_controller]: Received & accepted new action goal
[ign gazebo-1] [INFO] [1790611343.790230394] [amir1.gripper_controller]: Received & accepted new action goal
[ign gazebo-1] [INFO] [1790611343.790447749] [amir2.gripper_controller]: Received & accepted new action goal
[coordinator-37] [INFO] [1790611344.087617087] [cooperative_coordinator]: Payload goal: x=0.456, y=0.000, yaw=-0.000
[ign gazebo-1] [INFO] [1790611344.174512658] [amir1.gripper_controller]: Received & accepted new action goal
[ign gazebo-1] [INFO] [1790611344.174725834] [amir2.gripper_controller]: Received & accepted new action goal
[ign gazebo-1] [INFO] [1790611344.590031153] [amir1.gripper_controller]: Received & accepted new action goal
[ign gazebo-1] [INFO] [1790611344.590094895] [amir2.gripper_controller]: Received & accepted new action goal
[ign gazebo-1] [INFO] [1790611344.736277119] [amir1.gripper_controller]: Received & accepted new action goal
[ign gazebo-1] [INFO] [1790611344.736450927] [amir2.gripper_controller]: Received & accepted new action goal
[coordinator-37] [INFO] [1790611345.107766775] [cooperative_coordinator]: Payload goal: x=0.467, y=0.000, yaw=-0.000
[ign gazebo-1] [INFO] [1790611345.168847981] [amir1.gripper_controller]: Received & accepted new action goal
[ign gazebo-1] [INFO] [1790611345.168947774] [amir2.gripper_controller]: Received & accepted new action goal
[ign gazebo-1] [INFO] [1790611345.602290684] [amir1.gripper_controller]: Received & accepted new action goal
[ign gazebo-1] [INFO] [1790611345.602615143] [amir2.gripper_controller]: Received & accepted new action goal
[ign gazebo-1] [INFO] [1790611345.835604992] [amir1.gripper_controller]: Received & accepted new action goal
[ign gazebo-1] [INFO] [1790611345.835604907] [amir2.gripper_controller]: Received & accepted new action goal
[coordinator-37] [INFO] [1790611346.116754076] [cooperative_coordinator]: Payload goal: x=0.482, y=0.000, yaw=-0.000
[ign gazebo-1] [INFO] [1790611346.329963532] [amir1.gripper_controller]: Received & accepted new action goal
[ign gazebo-1] [INFO] [1790611346.330176013] [amir2.gripper_controller]: Received & accepted new action goal
[ign gazebo-1] [INFO] [1790611346.804384663] [amir1.gripper_controller]: Received & accepted new action goal
[ign gazebo-1] [INFO] [1790611346.804409993] [amir2.gripper_controller]: Received & accepted new action goal
[ign gazebo-1] [INFO] [1790611347.013419453] [amir1.gripper_controller]: Received & accepted new action goal
[ign gazebo-1] [INFO] [1790611347.013520427] [amir2.gripper_controller]: Received & accepted new action goal
[coordinator-37] [INFO] [1790611347.152377502] [cooperative_coordinator]: Payload goal: x=0.482, y=0.000, yaw=-0.000
[ign gazebo-1] [INFO] [1790611347.479773978] [amir1.gripper_controller]: Received & accepted new action goal
[ign gazebo-1] [INFO] [1790611347.479906810] [amir2.gripper_controller]: Received & accepted new action goal
[ign gazebo-1] [INFO] [1790611347.873977603] [amir1.gripper_controller]: Received & accepted new action goal
[ign gazebo-1] [INFO] [1790611348.041003926] [amir1.gripper_controller]: Received & accepted new action goal
[coordinator-37] [INFO] [1790611348.158783669] [cooperative_coordinator]: Payload goal: x=0.482, y=0.000, yaw=-0.000
[ign gazebo-1] [INFO] [1790611348.306021440] [amir1.gripper_controller]: Received & accepted new action goal
[ign gazebo-1] [INFO] [1790611348.306096505] [amir2.gripper_controller]: Received & accepted new action goal
[ign gazebo-1] [INFO] [1790611348.578034500] [amir2.gripper_controller]: Received & accepted new action goal
[ign gazebo-1] [INFO] [1790611348.760605001] [amir2.gripper_controller]: Received & accepted new action goal
[friction_grasp_manager-32] [WARN] [1790611349.063335277] [friction_grasp_manager]: amir1 finger force above 26.0 N; backing off.
[ign gazebo-1] [INFO] [1790611349.063760208] [amir1.gripper_controller]: Received & accepted new action goal
[ign gazebo-1] [INFO] [1790611349.064836642] [amir2.gripper_controller]: Received & accepted new action goal
[coordinator-37] [INFO] [1790611349.165725137] [cooperative_coordinator]: Payload goal: x=0.482, y=0.000, yaw=-0.000
[ign gazebo-1] [INFO] [1790611350.056743324] [amir1.gripper_controller]: Received & accepted new action goal
[ign gazebo-1] [INFO] [1790611350.056772618] [amir2.gripper_controller]: Received & accepted new action goal
[coordinator-37] [INFO] [1790611350.170017509] [cooperative_coordinator]: Payload goal: x=0.482, y=0.000, yaw=-0.000
[ign gazebo-1] [INFO] [1790611350.476223209] [amir1.gripper_controller]: Received & accepted new action goal
[ign gazebo-1] [INFO] [1790611350.476513781] [amir2.gripper_controller]: Received & accepted new action goal
[ign gazebo-1] [INFO] [1790611350.690380739] [amir1.gripper_controller]: Received & accepted new action goal
[ign gazebo-1] [INFO] [1790611350.690452253] [amir2.gripper_controller]: Received & accepted new action goal
[ign gazebo-1] [INFO] [1790611351.025494474] [amir1.gripper_controller]: Received & accepted new action goal
[ign gazebo-1] [INFO] [1790611351.025695364] [amir2.gripper_controller]: Received & accepted new action goal
[coordinator-37] [INFO] [1790611351.190555112] [cooperative_coordinator]: Payload goal: x=0.489, y=0.000, yaw=-0.000
[ign gazebo-1] [INFO] [1790611351.453366134] [amir1.gripper_controller]: Received & accepted new action goal
[ign gazebo-1] [INFO] [1790611351.453411414] [amir2.gripper_controller]: Received & accepted new action goal
[ign gazebo-1] [INFO] [1790611351.685242380] [amir1.gripper_controller]: Received & accepted new action goal
[ign gazebo-1] [INFO] [1790611351.685269884] [amir2.gripper_controller]: Received & accepted new action goal
[ign gazebo-1] [INFO] [1790611352.161933468] [amir1.gripper_controller]: Received & accepted new action goal
[ign gazebo-1] [INFO] [1790611352.162217478] [amir2.gripper_controller]: Received & accepted new action goal
[coordinator-37] [INFO] [1790611352.195878053] [cooperative_coordinator]: Payload goal: x=0.497, y=0.000, yaw=-0.000
[ign gazebo-1] [INFO] [1790611352.441003633] [amir2.gripper_controller]: Received & accepted new action goal
[ign gazebo-1] [INFO] [1790611352.441101536] [amir1.gripper_controller]: Received & accepted new action goal
[ign gazebo-1] [INFO] [1790611352.602779992] [amir1.gripper_controller]: Received & accepted new action goal
[ign gazebo-1] [INFO] [1790611352.602956709] [amir2.gripper_controller]: Received & accepted new action goal
[ign gazebo-1] [INFO] [1790611353.033949296] [amir1.gripper_controller]: Received & accepted new action goal
[ign gazebo-1] [INFO] [1790611353.034049313] [amir2.gripper_controller]: Received & accepted new action goal
[coordinator-37] [INFO] [1790611353.199125081] [cooperative_coordinator]: Payload goal: x=0.500, y=0.000, yaw=-0.000
[ign gazebo-1] [INFO] [1790611353.468928173] [amir1.gripper_controller]: Received & accepted new action goal
[ign gazebo-1] [INFO] [1790611353.469042040] [amir2.gripper_controller]: Received & accepted new action goal
[ign gazebo-1] [INFO] [1790611353.695663223] [amir1.gripper_controller]: Received & accepted new action goal
[ign gazebo-1] [INFO] [1790611353.695804365] [amir2.gripper_controller]: Received & accepted new action goal
[ign gazebo-1] [INFO] [1790611354.114648792] [amir1.gripper_controller]: Received & accepted new action goal
[ign gazebo-1] [INFO] [1790611354.114719455] [amir2.gripper_controller]: Received & accepted new action goal
[coordinator-37] [INFO] [1790611354.212153015] [cooperative_coordinator]: Payload goal: x=0.500, y=0.000, yaw=-0.000
[ign gazebo-1] [INFO] [1790611354.533206078] [amir1.gripper_controller]: Received & accepted new action goal
[ign gazebo-1] [INFO] [1790611354.533420557] [amir2.gripper_controller]: Received & accepted new action goal
[ign gazebo-1] [INFO] [1790611354.681475963] [amir1.gripper_controller]: Received & accepted new action goal
[ign gazebo-1] [INFO] [1790611354.681557230] [amir2.gripper_controller]: Received & accepted new action goal
[ign gazebo-1] [INFO] [1790611355.046568121] [amir1.gripper_controller]: Received & accepted new action goal
[ign gazebo-1] [INFO] [1790611355.046650484] [amir2.gripper_controller]: Received & accepted new action goal
[coordinator-37] [INFO] [1790611355.220666460] [cooperative_coordinator]: Payload goal: x=0.500, y=0.000, yaw=-0.000
[ign gazebo-1] [INFO] [1790611355.428483473] [amir1.gripper_controller]: Received & accepted new action goal
[ign gazebo-1] [INFO] [1790611355.428571992] [amir2.gripper_controller]: Received & accepted new action goal
[ign gazebo-1] [INFO] [1790611355.634056022] [amir1.gripper_controller]: Received & accepted new action goal
[ign gazebo-1] [INFO] [1790611355.634133633] [amir2.gripper_controller]: Received & accepted new action goal
[ign gazebo-1] [INFO] [1790611355.999564696] [amir1.gripper_controller]: Received & accepted new action goal
[ign gazebo-1] [INFO] [1790611355.999701224] [amir2.gripper_controller]: Received & accepted new action goal
[coordinator-37] [INFO] [1790611356.245231166] [cooperative_coordinator]: Payload goal: x=0.500, y=0.000, yaw=-0.000
[ign gazebo-1] [INFO] [1790611356.474796173] [amir1.gripper_controller]: Received & accepted new action goal
[ign gazebo-1] [INFO] [1790611356.475006045] [amir2.gripper_controller]: Received & accepted new action goal
[ign gazebo-1] [INFO] [1790611356.644705544] [amir1.gripper_controller]: Received & accepted new action goal
[ign gazebo-1] [INFO] [1790611356.644772082] [amir2.gripper_controller]: Received & accepted new action goal
[ign gazebo-1] [INFO] [1790611357.015758743] [amir1.gripper_controller]: Received & accepted new action goal
[ign gazebo-1] [INFO] [1790611357.015902904] [amir2.gripper_controller]: Received & accepted new action goal
[coordinator-37] [INFO] [1790611357.251085782] [cooperative_coordinator]: Payload goal: x=0.500, y=0.000, yaw=-0.000
[ign gazebo-1] [INFO] [1790611357.270877651] [amir1.gripper_controller]: Received & accepted new action goal
[ign gazebo-1] [INFO] [1790611357.270927432] [amir2.gripper_controller]: Received & accepted new action goal
[rotation_controller-6] [INFO] [1790611357.430429792] [cooperative_rotation_controller]: シーケンス終了: 搬送（直進）
[rotation_controller-6] [INFO] [1790611357.430626038] [cooperative_rotation_controller]: シーケンス開始: 搬送（回転）
[ign gazebo-1] [INFO] [1790611357.443179425] [amir1.gripper_controller]: Received & accepted new action goal
[ign gazebo-1] [INFO] [1790611357.443188997] [amir2.gripper_controller]: Received & accepted new action goal
[ign gazebo-1] [INFO] [1790611357.845143242] [amir1.gripper_controller]: Received & accepted new action goal
[ign gazebo-1] [INFO] [1790611357.845367369] [amir2.gripper_controller]: Received & accepted new action goal
[ign gazebo-1] [INFO] [1790611358.238018031] [amir1.gripper_controller]: Received & accepted new action goal
[ign gazebo-1] [INFO] [1790611358.238306382] [amir2.gripper_controller]: Received & accepted new action goal
[coordinator-37] [INFO] [1790611358.264500503] [cooperative_coordinator]: Payload goal: x=0.480, y=-0.000, yaw=0.000
[ign gazebo-1] [INFO] [1790611358.459694517] [amir1.gripper_controller]: Received & accepted new action goal
[ign gazebo-1] [INFO] [1790611358.460056227] [amir2.gripper_controller]: Received & accepted new action goal
[ign gazebo-1] [INFO] [1790611358.758550075] [amir1.gripper_controller]: Received & accepted new action goal
[ign gazebo-1] [INFO] [1790611358.758670706] [amir2.gripper_controller]: Received & accepted new action goal
[ign gazebo-1] [INFO] [1790611359.184055290] [amir1.gripper_controller]: Received & accepted new action goal
[ign gazebo-1] [INFO] [1790611359.184194155] [amir2.gripper_controller]: Received & accepted new action goal
[coordinator-37] [INFO] [1790611359.274413460] [cooperative_coordinator]: Payload goal: x=0.480, y=-0.000, yaw=0.002
[ign gazebo-1] [INFO] [1790611359.364965435] [amir1.gripper_controller]: Received & accepted new action goal
[ign gazebo-1] [INFO] [1790611359.365074998] [amir2.gripper_controller]: Received & accepted new action goal
[ign gazebo-1] [INFO] [1790611359.751101994] [amir1.gripper_controller]: Received & accepted new action goal
[ign gazebo-1] [INFO] [1790611360.093275519] [amir1.gripper_controller]: Received & accepted new action goal
[coordinator-37] [INFO] [1790611360.277341284] [cooperative_coordinator]: Payload goal: x=0.480, y=-0.000, yaw=0.005
[ign gazebo-1] [INFO] [1790611360.437644929] [amir1.gripper_controller]: Received & accepted new action goal
[ign gazebo-1] [INFO] [1790611360.827010071] [amir1.gripper_controller]: Received & accepted new action goal
[ign gazebo-1] [INFO] [1790611361.042342075] [amir1.gripper_controller]: Received & accepted new action goal
[coordinator-37] [INFO] [1790611361.291156508] [cooperative_coordinator]: Payload goal: x=0.480, y=-0.000, yaw=0.009
[ign gazebo-1] [INFO] [1790611361.446032590] [amir1.gripper_controller]: Received & accepted new action goal
[ign gazebo-1] [INFO] [1790611361.873526546] [amir1.gripper_controller]: Received & accepted new action goal
[ign gazebo-1] [INFO] [1790611362.070502968] [amir1.gripper_controller]: Received & accepted new action goal
[ign gazebo-1] [INFO] [1790611362.070561173] [amir2.gripper_controller]: Received & accepted new action goal
[coordinator-37] [INFO] [1790611362.294916591] [cooperative_coordinator]: Payload goal: x=0.480, y=-0.000, yaw=0.014
[ign gazebo-1] [INFO] [1790611362.358078767] [amir1.gripper_controller]: Received & accepted new action goal
[ign gazebo-1] [INFO] [1790611362.358217753] [amir2.gripper_controller]: Received & accepted new action goal
[ign gazebo-1] [INFO] [1790611362.761992595] [amir1.gripper_controller]: Received & accepted new action goal
[ign gazebo-1] [INFO] [1790611362.762014634] [amir2.gripper_controller]: Received & accepted new action goal
[ign gazebo-1] [INFO] [1790611362.979993886] [amir1.gripper_controller]: Received & accepted new action goal
[ign gazebo-1] [INFO] [1790611362.980100840] [amir2.gripper_controller]: Received & accepted new action goal
[coordinator-37] [INFO] [1790611363.303489603] [cooperative_coordinator]: Payload goal: x=0.480, y=-0.000, yaw=0.020
[ign gazebo-1] [INFO] [1790611363.454952476] [amir1.gripper_controller]: Received & accepted new action goal
[ign gazebo-1] [INFO] [1790611363.454971090] [amir2.gripper_controller]: Received & accepted new action goal
[ign gazebo-1] [INFO] [1790611363.881825136] [amir1.gripper_controller]: Received & accepted new action goal
[ign gazebo-1] [INFO] [1790611363.881897405] [amir2.gripper_controller]: Received & accepted new action goal
[ign gazebo-1] [INFO] [1790611364.099977497] [amir1.gripper_controller]: Received & accepted new action goal
[ign gazebo-1] [INFO] [1790611364.100067522] [amir2.gripper_controller]: Received & accepted new action goal
[coordinator-37] [INFO] [1790611364.341988326] [cooperative_coordinator]: Payload goal: x=0.480, y=-0.000, yaw=0.027
[ign gazebo-1] [INFO] [1790611364.622420067] [amir1.gripper_controller]: Received & accepted new action goal
[ign gazebo-1] [INFO] [1790611364.622426058] [amir2.gripper_controller]: Received & accepted new action goal
[ign gazebo-1] [INFO] [1790611365.126971067] [amir1.gripper_controller]: Received & accepted new action goal
[ign gazebo-1] [INFO] [1790611365.127006259] [amir2.gripper_controller]: Received & accepted new action goal
[ign gazebo-1] [INFO] [1790611365.335219602] [amir1.gripper_controller]: Received & accepted new action goal
[ign gazebo-1] [INFO] [1790611365.335407130] [amir2.gripper_controller]: Received & accepted new action goal
[coordinator-37] [INFO] [1790611365.358848014] [cooperative_coordinator]: Payload goal: x=0.480, y=-0.000, yaw=0.033
[ign gazebo-1] [INFO] [1790611365.795576103] [amir1.gripper_controller]: Received & accepted new action goal
[ign gazebo-1] [INFO] [1790611365.795692588] [amir2.gripper_controller]: Received & accepted new action goal
[ign gazebo-1] [INFO] [1790611366.272996389] [amir1.gripper_controller]: Received & accepted new action goal
[ign gazebo-1] [INFO] [1790611366.273038108] [amir2.gripper_controller]: Received & accepted new action goal
[coordinator-37] [INFO] [1790611366.372575228] [cooperative_coordinator]: Payload goal: x=0.480, y=-0.000, yaw=0.041
[ign gazebo-1] [INFO] [1790611366.544126308] [amir1.gripper_controller]: Received & accepted new action goal
[ign gazebo-1] [INFO] [1790611366.544236802] [amir2.gripper_controller]: Received & accepted new action goal
[ign gazebo-1] [INFO] [1790611367.016798048] [amir1.gripper_controller]: Received & accepted new action goal
[ign gazebo-1] [INFO] [1790611367.016804292] [amir2.gripper_controller]: Received & accepted new action goal
[coordinator-37] [INFO] [1790611367.406355149] [cooperative_coordinator]: Payload goal: x=0.480, y=-0.000, yaw=0.048
[ign gazebo-1] [INFO] [1790611367.517355242] [amir1.gripper_controller]: Received & accepted new action goal
[ign gazebo-1] [INFO] [1790611367.517454605] [amir2.gripper_controller]: Received & accepted new action goal
[ign gazebo-1] [INFO] [1790611367.827084605] [amir1.gripper_controller]: Received & accepted new action goal
[ign gazebo-1] [INFO] [1790611367.827269406] [amir2.gripper_controller]: Received & accepted new action goal
[ign gazebo-1] [INFO] [1790611368.299671304] [amir2.gripper_controller]: Received & accepted new action goal
[ign gazebo-1] [INFO] [1790611368.299759944] [amir1.gripper_controller]: Received & accepted new action goal
[coordinator-37] [INFO] [1790611368.416303740] [cooperative_coordinator]: Payload goal: x=0.480, y=-0.000, yaw=0.055
[ign gazebo-1] [INFO] [1790611368.720351806] [amir1.gripper_controller]: Received & accepted new action goal
[ign gazebo-1] [INFO] [1790611368.720436041] [amir2.gripper_controller]: Received & accepted new action goal
[ign gazebo-1] [INFO] [1790611368.963687529] [amir1.gripper_controller]: Received & accepted new action goal
[ign gazebo-1] [INFO] [1790611368.963760618] [amir2.gripper_controller]: Received & accepted new action goal
[coordinator-37] [INFO] [1790611369.437911494] [cooperative_coordinator]: Payload goal: x=0.480, y=-0.000, yaw=0.063
[ign gazebo-1] [INFO] [1790611369.450946053] [amir1.gripper_controller]: Received & accepted new action goal
[ign gazebo-1] [INFO] [1790611369.450994105] [amir2.gripper_controller]: Received & accepted new action goal
[ign gazebo-1] [INFO] [1790611369.923624251] [amir1.gripper_controller]: Received & accepted new action goal
[ign gazebo-1] [INFO] [1790611369.923810362] [amir2.gripper_controller]: Received & accepted new action goal
[ign gazebo-1] [INFO] [1790611370.162836599] [amir2.gripper_controller]: Received & accepted new action goal
[ign gazebo-1] [INFO] [1790611370.162879520] [amir1.gripper_controller]: Received & accepted new action goal
[coordinator-37] [INFO] [1790611370.446924660] [cooperative_coordinator]: Payload goal: x=0.480, y=-0.000, yaw=0.071
[ign gazebo-1] [INFO] [1790611370.583349170] [amir2.gripper_controller]: Received & accepted new action goal
[ign gazebo-1] [INFO] [1790611370.583349142] [amir1.gripper_controller]: Received & accepted new action goal
[ign gazebo-1] [INFO] [1790611371.062835322] [amir1.gripper_controller]: Received & accepted new action goal
[ign gazebo-1] [INFO] [1790611371.062865216] [amir2.gripper_controller]: Received & accepted new action goal
[ign gazebo-1] [INFO] [1790611371.313396300] [amir1.gripper_controller]: Received & accepted new action goal
[ign gazebo-1] [INFO] [1790611371.313650296] [amir2.gripper_controller]: Received & accepted new action goal
[coordinator-37] [INFO] [1790611371.451882000] [cooperative_coordinator]: Payload goal: x=0.480, y=-0.000, yaw=0.078
[ign gazebo-1] [INFO] [1790611371.732549322] [amir1.gripper_controller]: Received & accepted new action goal
[ign gazebo-1] [INFO] [1790611371.732596492] [amir2.gripper_controller]: Received & accepted new action goal
[ign gazebo-1] [INFO] [1790611372.187725741] [amir2.gripper_controller]: Received & accepted new action goal
[ign gazebo-1] [INFO] [1790611372.187785783] [amir1.gripper_controller]: Received & accepted new action goal
[ign gazebo-1] [INFO] [1790611372.410921334] [amir1.gripper_controller]: Received & accepted new action goal
[ign gazebo-1] [INFO] [1790611372.410938755] [amir2.gripper_controller]: Received & accepted new action goal
[coordinator-37] [INFO] [1790611372.453865240] [cooperative_coordinator]: Payload goal: x=0.480, y=-0.000, yaw=0.086
[ign gazebo-1] [INFO] [1790611372.900930972] [amir1.gripper_controller]: Received & accepted new action goal
[ign gazebo-1] [INFO] [1790611372.901454067] [amir2.gripper_controller]: Received & accepted new action goal
[ign gazebo-1] [INFO] [1790611373.374322859] [amir1.gripper_controller]: Received & accepted new action goal
[ign gazebo-1] [INFO] [1790611373.374425435] [amir2.gripper_controller]: Received & accepted new action goal
[coordinator-37] [INFO] [1790611373.460252521] [cooperative_coordinator]: Payload goal: x=0.480, y=-0.000, yaw=0.093
[ign gazebo-1] [INFO] [1790611373.626500694] [amir1.gripper_controller]: Received & accepted new action goal
[ign gazebo-1] [INFO] [1790611373.626573658] [amir2.gripper_controller]: Received & accepted new action goal
[ign gazebo-1] [INFO] [1790611374.122367523] [amir1.gripper_controller]: Received & accepted new action goal
[ign gazebo-1] [INFO] [1790611374.122472707] [amir2.gripper_controller]: Received & accepted new action goal
[coordinator-37] [INFO] [1790611374.486809446] [cooperative_coordinator]: Payload goal: x=0.480, y=-0.000, yaw=0.100
[ign gazebo-1] [INFO] [1790611374.681695599] [amir1.gripper_controller]: Received & accepted new action goal
[ign gazebo-1] [INFO] [1790611374.681901407] [amir2.gripper_controller]: Received & accepted new action goal
[ign gazebo-1] [INFO] [1790611374.911520940] [amir1.gripper_controller]: Received & accepted new action goal
[ign gazebo-1] [INFO] [1790611374.911883887] [amir2.gripper_controller]: Received & accepted new action goal
[ign gazebo-1] [INFO] [1790611375.384406231] [amir1.gripper_controller]: Received & accepted new action goal
[ign gazebo-1] [INFO] [1790611375.384413194] [amir2.gripper_controller]: Received & accepted new action goal
[coordinator-37] [INFO] [1790611375.501592430] [cooperative_coordinator]: Payload goal: x=0.480, y=-0.000, yaw=0.107
[ign gazebo-1] [INFO] [1790611375.874888610] [amir1.gripper_controller]: Received & accepted new action goal
[ign gazebo-1] [INFO] [1790611375.874920638] [amir2.gripper_controller]: Received & accepted new action goal
[ign gazebo-1] [INFO] [1790611376.109095293] [amir1.gripper_controller]: Received & accepted new action goal
[ign gazebo-1] [INFO] [1790611376.109122959] [amir2.gripper_controller]: Received & accepted new action goal
[coordinator-37] [INFO] [1790611376.507568037] [cooperative_coordinator]: Payload goal: x=0.480, y=-0.000, yaw=0.115
[ign gazebo-1] [INFO] [1790611376.549409965] [amir1.gripper_controller]: Received & accepted new action goal
[ign gazebo-1] [INFO] [1790611376.549428581] [amir2.gripper_controller]: Received & accepted new action goal
[ign gazebo-1] [INFO] [1790611377.027779094] [amir1.gripper_controller]: Received & accepted new action goal
[ign gazebo-1] [INFO] [1790611377.027856366] [amir2.gripper_controller]: Received & accepted new action goal
[ign gazebo-1] [INFO] [1790611377.296491697] [amir1.gripper_controller]: Received & accepted new action goal
[ign gazebo-1] [INFO] [1790611377.296624614] [amir2.gripper_controller]: Received & accepted new action goal
[coordinator-37] [INFO] [1790611377.514627182] [cooperative_coordinator]: Payload goal: x=0.480, y=-0.000, yaw=0.122
[ign gazebo-1] [INFO] [1790611377.765347461] [amir1.gripper_controller]: Received & accepted new action goal
[ign gazebo-1] [INFO] [1790611377.765359859] [amir2.gripper_controller]: Received & accepted new action goal
[ign gazebo-1] [INFO] [1790611378.276998622] [amir1.gripper_controller]: Received & accepted new action goal
[ign gazebo-1] [INFO] [1790611378.277060019] [amir2.gripper_controller]: Received & accepted new action goal
[ign gazebo-1] [INFO] [1790611378.518426228] [amir2.gripper_controller]: Received & accepted new action goal
[ign gazebo-1] [INFO] [1790611378.518550596] [amir1.gripper_controller]: Received & accepted new action goal
[coordinator-37] [INFO] [1790611378.520290125] [cooperative_coordinator]: Payload goal: x=0.480, y=-0.000, yaw=0.129
[ign gazebo-1] [INFO] [1790611379.113159778] [amir1.gripper_controller]: Received & accepted new action goal
[ign gazebo-1] [INFO] [1790611379.113528381] [amir2.gripper_controller]: Received & accepted new action goal
[coordinator-37] [INFO] [1790611379.526880772] [cooperative_coordinator]: Payload goal: x=0.480, y=-0.000, yaw=0.136
[ign gazebo-1] [INFO] [1790611379.603781679] [amir1.gripper_controller]: Received & accepted new action goal
[ign gazebo-1] [INFO] [1790611379.603859359] [amir2.gripper_controller]: Received & accepted new action goal
[ign gazebo-1] [INFO] [1790611379.850897579] [amir1.gripper_controller]: Received & accepted new action goal
[ign gazebo-1] [INFO] [1790611379.850992839] [amir2.gripper_controller]: Received & accepted new action goal
[ign gazebo-1] [INFO] [1790611380.291596019] [amir1.gripper_controller]: Received & accepted new action goal
[ign gazebo-1] [INFO] [1790611380.291771828] [amir2.gripper_controller]: Received & accepted new action goal
[coordinator-37] [INFO] [1790611380.535681001] [cooperative_coordinator]: Payload goal: x=0.480, y=-0.000, yaw=0.144
[ign gazebo-1] [INFO] [1790611380.720660217] [amir2.gripper_controller]: Received & accepted new action goal
[ign gazebo-1] [INFO] [1790611380.720661613] [amir1.gripper_controller]: Received & accepted new action goal
[ign gazebo-1] [INFO] [1790611380.968304132] [amir1.gripper_controller]: Received & accepted new action goal
[ign gazebo-1] [INFO] [1790611380.968362745] [amir2.gripper_controller]: Received & accepted new action goal
[ign gazebo-1] [INFO] [1790611381.507996227] [amir1.gripper_controller]: Received & accepted new action goal
[ign gazebo-1] [INFO] [1790611381.508081588] [amir2.gripper_controller]: Received & accepted new action goal
[coordinator-37] [INFO] [1790611381.549983985] [cooperative_coordinator]: Payload goal: x=0.480, y=-0.000, yaw=0.151
[ign gazebo-1] [INFO] [1790611381.982109969] [amir1.gripper_controller]: Received & accepted new action goal
[ign gazebo-1] [INFO] [1790611381.982162892] [amir2.gripper_controller]: Received & accepted new action goal
[ign gazebo-1] [INFO] [1790611382.252720441] [amir1.gripper_controller]: Received & accepted new action goal
[ign gazebo-1] [INFO] [1790611382.252834039] [amir2.gripper_controller]: Received & accepted new action goal
[coordinator-37] [INFO] [1790611382.557443580] [cooperative_coordinator]: Payload goal: x=0.480, y=-0.000, yaw=0.158
[ign gazebo-1] [INFO] [1790611382.722174071] [amir1.gripper_controller]: Received & accepted new action goal
[ign gazebo-1] [INFO] [1790611382.722400674] [amir2.gripper_controller]: Received & accepted new action goal
[ign gazebo-1] [INFO] [1790611383.186302560] [amir1.gripper_controller]: Received & accepted new action goal
[ign gazebo-1] [INFO] [1790611383.186360579] [amir2.gripper_controller]: Received & accepted new action goal
[ign gazebo-1] [INFO] [1790611383.449748864] [amir1.gripper_controller]: Received & accepted new action goal
[ign gazebo-1] [INFO] [1790611383.449836800] [amir2.gripper_controller]: Received & accepted new action goal
[coordinator-37] [INFO] [1790611383.571880806] [cooperative_coordinator]: Payload goal: x=0.480, y=-0.000, yaw=0.165
[ign gazebo-1] [INFO] [1790611383.922797700] [amir1.gripper_controller]: Received & accepted new action goal
[ign gazebo-1] [INFO] [1790611383.922851655] [amir2.gripper_controller]: Received & accepted new action goal
[ign gazebo-1] [INFO] [1790611384.414610476] [amir1.gripper_controller]: Received & accepted new action goal
[ign gazebo-1] [INFO] [1790611384.414649454] [amir2.gripper_controller]: Received & accepted new action goal
[coordinator-37] [INFO] [1790611384.579588282] [cooperative_coordinator]: Payload goal: x=0.480, y=-0.000, yaw=0.172
[ign gazebo-1] [INFO] [1790611384.692768771] [amir2.gripper_controller]: Received & accepted new action goal
[ign gazebo-1] [INFO] [1790611384.692791939] [amir1.gripper_controller]: Received & accepted new action goal
[ign gazebo-1] [INFO] [1790611385.206872090] [amir1.gripper_controller]: Received & accepted new action goal
[ign gazebo-1] [INFO] [1790611385.207010495] [amir2.gripper_controller]: Received & accepted new action goal
[coordinator-37] [INFO] [1790611385.596156598] [cooperative_coordinator]: Payload goal: x=0.480, y=-0.000, yaw=0.179
[ign gazebo-1] [INFO] [1790611385.728352179] [amir1.gripper_controller]: Received & accepted new action goal
[ign gazebo-1] [INFO] [1790611385.728440194] [amir2.gripper_controller]: Received & accepted new action goal
[ign gazebo-1] [INFO] [1790611385.979726420] [amir2.gripper_controller]: Received & accepted new action goal
[ign gazebo-1] [INFO] [1790611385.979761120] [amir1.gripper_controller]: Received & accepted new action goal
[ign gazebo-1] [INFO] [1790611386.452927138] [amir1.gripper_controller]: Received & accepted new action goal
[ign gazebo-1] [INFO] [1790611386.452996158] [amir2.gripper_controller]: Received & accepted new action goal
[coordinator-37] [INFO] [1790611386.609507143] [cooperative_coordinator]: Payload goal: x=0.480, y=-0.000, yaw=0.186
[ign gazebo-1] [INFO] [1790611386.897570575] [amir2.gripper_controller]: Received & accepted new action goal
[ign gazebo-1] [INFO] [1790611386.897571284] [amir1.gripper_controller]: Received & accepted new action goal
[ign gazebo-1] [INFO] [1790611387.116674906] [amir1.gripper_controller]: Received & accepted new action goal
[ign gazebo-1] [INFO] [1790611387.116924066] [amir2.gripper_controller]: Received & accepted new action goal
[coordinator-37] [INFO] [1790611387.609656243] [cooperative_coordinator]: Payload goal: x=0.480, y=-0.000, yaw=0.194
[ign gazebo-1] [INFO] [1790611387.625292134] [amir2.gripper_controller]: Received & accepted new action goal
[ign gazebo-1] [INFO] [1790611387.625292158] [amir1.gripper_controller]: Received & accepted new action goal
[ign gazebo-1] [INFO] [1790611388.091476655] [amir1.gripper_controller]: Received & accepted new action goal
[ign gazebo-1] [INFO] [1790611388.091675469] [amir2.gripper_controller]: Received & accepted new action goal
[ign gazebo-1] [INFO] [1790611388.324706402] [amir1.gripper_controller]: Received & accepted new action goal
[ign gazebo-1] [INFO] [1790611388.324791415] [amir2.gripper_controller]: Received & accepted new action goal
[coordinator-37] [INFO] [1790611388.617381553] [cooperative_coordinator]: Payload goal: x=0.480, y=-0.000, yaw=0.201
[ign gazebo-1] [INFO] [1790611388.802534906] [amir1.gripper_controller]: Received & accepted new action goal
[ign gazebo-1] [INFO] [1790611388.802590380] [amir2.gripper_controller]: Received & accepted new action goal
[ign gazebo-1] [INFO] [1790611389.297837318] [amir1.gripper_controller]: Received & accepted new action goal
[ign gazebo-1] [INFO] [1790611389.297924573] [amir2.gripper_controller]: Received & accepted new action goal
[ign gazebo-1] [INFO] [1790611389.526710141] [amir1.gripper_controller]: Received & accepted new action goal
[ign gazebo-1] [INFO] [1790611389.526725130] [amir2.gripper_controller]: Received & accepted new action goal
[coordinator-37] [INFO] [1790611389.658684150] [cooperative_coordinator]: Payload goal: x=0.480, y=-0.000, yaw=0.209
[ign gazebo-1] [INFO] [1790611390.006243903] [amir1.gripper_controller]: Received & accepted new action goal
[ign gazebo-1] [INFO] [1790611390.006409037] [amir2.gripper_controller]: Received & accepted new action goal
[ign gazebo-1] [INFO] [1790611390.495100833] [amir1.gripper_controller]: Received & accepted new action goal
[ign gazebo-1] [INFO] [1790611390.495224702] [amir2.gripper_controller]: Received & accepted new action goal
[coordinator-37] [INFO] [1790611390.662744684] [cooperative_coordinator]: Payload goal: x=0.480, y=-0.000, yaw=0.216
[ign gazebo-1] [INFO] [1790611390.731608373] [amir1.gripper_controller]: Received & accepted new action goal
[ign gazebo-1] [INFO] [1790611390.731688170] [amir2.gripper_controller]: Received & accepted new action goal
[ign gazebo-1] [INFO] [1790611391.200772841] [amir1.gripper_controller]: Received & accepted new action goal
[ign gazebo-1] [INFO] [1790611391.200969074] [amir2.gripper_controller]: Received & accepted new action goal
[coordinator-37] [INFO] [1790611391.701912799] [cooperative_coordinator]: Payload goal: x=0.480, y=-0.000, yaw=0.223
[ign gazebo-1] [INFO] [1790611391.727284557] [amir1.gripper_controller]: Received & accepted new action goal
[ign gazebo-1] [INFO] [1790611391.727353453] [amir2.gripper_controller]: Received & accepted new action goal
[ign gazebo-1] [INFO] [1790611391.979137245] [amir1.gripper_controller]: Received & accepted new action goal
[ign gazebo-1] [INFO] [1790611391.979178117] [amir2.gripper_controller]: Received & accepted new action goal
[ign gazebo-1] [INFO] [1790611392.466174186] [amir1.gripper_controller]: Received & accepted new action goal
[ign gazebo-1] [INFO] [1790611392.466339754] [amir2.gripper_controller]: Received & accepted new action goal
[coordinator-37] [INFO] [1790611392.707632407] [cooperative_coordinator]: Payload goal: x=0.480, y=-0.000, yaw=0.230
[ign gazebo-1] [INFO] [1790611392.982665196] [amir2.gripper_controller]: Received & accepted new action goal
[ign gazebo-1] [INFO] [1790611392.982819969] [amir1.gripper_controller]: Received & accepted new action goal
[ign gazebo-1] [INFO] [1790611393.215023186] [amir1.gripper_controller]: Received & accepted new action goal
[ign gazebo-1] [INFO] [1790611393.215033851] [amir2.gripper_controller]: Received & accepted new action goal
[ign gazebo-1] [INFO] [1790611393.669071814] [amir1.gripper_controller]: Received & accepted new action goal
[ign gazebo-1] [INFO] [1790611393.669159718] [amir2.gripper_controller]: Received & accepted new action goal
[coordinator-37] [INFO] [1790611393.710776990] [cooperative_coordinator]: Payload goal: x=0.480, y=-0.000, yaw=0.238
[ign gazebo-1] [INFO] [1790611394.181520436] [amir1.gripper_controller]: Received & accepted new action goal
[ign gazebo-1] [INFO] [1790611394.181786183] [amir2.gripper_controller]: Received & accepted new action goal
[ign gazebo-1] [INFO] [1790611394.324899552] [amir1.gripper_controller]: Received & accepted new action goal
[ign gazebo-1] [INFO] [1790611394.325190253] [amir2.gripper_controller]: Received & accepted new action goal
[ign gazebo-1] [INFO] [1790611394.603412941] [amir1.gripper_controller]: Received & accepted new action goal
[coordinator-37] [INFO] [1790611394.722415504] [cooperative_coordinator]: Payload goal: x=0.480, y=-0.000, yaw=0.247
[ign gazebo-1] [INFO] [1790611394.953414504] [amir1.gripper_controller]: Received & accepted new action goal
[ign gazebo-1] [INFO] [1790611394.953544675] [amir2.gripper_controller]: Received & accepted new action goal
[friction_grasp_manager-32] [WARN] [1790611395.139333107] [friction_grasp_manager]: amir1 finger force above 26.0 N; backing off.
[ign gazebo-1] [INFO] [1790611395.139849902] [amir1.gripper_controller]: Received & accepted new action goal
[ign gazebo-1] [INFO] [1790611395.140736429] [amir2.gripper_controller]: Received & accepted new action goal
[ign gazebo-1] [INFO] [1790611395.381041733] [amir1.gripper_controller]: Received & accepted new action goal
[ign gazebo-1] [INFO] [1790611395.381284414] [amir2.gripper_controller]: Received & accepted new action goal
[coordinator-37] [INFO] [1790611395.736338166] [cooperative_coordinator]: Payload goal: x=0.480, y=-0.000, yaw=0.259
[ign gazebo-1] [INFO] [1790611395.860627536] [amir1.gripper_controller]: Received & accepted new action goal
[ign gazebo-1] [INFO] [1790611396.259519968] [amir1.gripper_controller]: Received & accepted new action goal
[ign gazebo-1] [INFO] [1790611396.259599195] [amir2.gripper_controller]: Received & accepted new action goal
[ign gazebo-1] [INFO] [1790611396.671712383] [amir2.gripper_controller]: Received & accepted new action goal
[coordinator-37] [INFO] [1790611396.744973056] [cooperative_coordinator]: Payload goal: x=0.480, y=-0.000, yaw=0.268
[ign gazebo-1] [INFO] [1790611396.800494242] [amir1.gripper_controller]: Received & accepted new action goal
[ign gazebo-1] [INFO] [1790611396.800562446] [amir2.gripper_controller]: Received & accepted new action goal
[ign gazebo-1] [INFO] [1790611397.204133520] [amir1.gripper_controller]: Received & accepted new action goal
[ign gazebo-1] [INFO] [1790611397.204505940] [amir2.gripper_controller]: Received & accepted new action goal
[ign gazebo-1] [INFO] [1790611397.575463451] [amir1.gripper_controller]: Received & accepted new action goal
[coordinator-37] [INFO] [1790611397.755267012] [cooperative_coordinator]: Payload goal: x=0.480, y=-0.000, yaw=0.277
[ign gazebo-1] [INFO] [1790611397.768919981] [amir1.gripper_controller]: Received & accepted new action goal
[ign gazebo-1] [INFO] [1790611397.769054430] [amir2.gripper_controller]: Received & accepted new action goal
[ign gazebo-1] [INFO] [1790611398.284931628] [amir1.gripper_controller]: Received & accepted new action goal
[ign gazebo-1] [INFO] [1790611398.285055622] [amir2.gripper_controller]: Received & accepted new action goal
[ign gazebo-1] [INFO] [1790611398.759925035] [amir1.gripper_controller]: Received & accepted new action goal
[ign gazebo-1] [INFO] [1790611398.760019691] [amir2.gripper_controller]: Received & accepted new action goal
[coordinator-37] [INFO] [1790611398.762198308] [cooperative_coordinator]: Payload goal: x=0.480, y=-0.000, yaw=0.285
[ign gazebo-1] [INFO] [1790611398.971569349] [amir1.gripper_controller]: Received & accepted new action goal
[ign gazebo-1] [INFO] [1790611398.971622174] [amir2.gripper_controller]: Received & accepted new action goal
[ign gazebo-1] [INFO] [1790611399.418613048] [amir2.gripper_controller]: Received & accepted new action goal
[ign gazebo-1] [INFO] [1790611399.418616530] [amir1.gripper_controller]: Received & accepted new action goal
[coordinator-37] [INFO] [1790611399.773183904] [cooperative_coordinator]: Payload goal: x=0.480, y=-0.000, yaw=0.293
[ign gazebo-1] [INFO] [1790611399.863413301] [amir1.gripper_controller]: Received & accepted new action goal
[ign gazebo-1] [INFO] [1790611399.863438148] [amir2.gripper_controller]: Received & accepted new action goal
[ign gazebo-1] [INFO] [1790611400.124100415] [amir1.gripper_controller]: Received & accepted new action goal
[ign gazebo-1] [INFO] [1790611400.124105530] [amir2.gripper_controller]: Received & accepted new action goal
[ign gazebo-1] [INFO] [1790611400.569963257] [amir2.gripper_controller]: Received & accepted new action goal
[ign gazebo-1] [INFO] [1790611400.570359476] [amir1.gripper_controller]: Received & accepted new action goal
[coordinator-37] [INFO] [1790611400.823213017] [cooperative_coordinator]: Payload goal: x=0.480, y=-0.000, yaw=0.300
[ign gazebo-1] [INFO] [1790611401.128040537] [amir1.gripper_controller]: Received & accepted new action goal
[ign gazebo-1] [INFO] [1790611401.128122012] [amir2.gripper_controller]: Received & accepted new action goal
[ign gazebo-1] [INFO] [1790611401.356435529] [amir2.gripper_controller]: Received & accepted new action goal
[ign gazebo-1] [INFO] [1790611401.356438532] [amir1.gripper_controller]: Received & accepted new action goal
[coordinator-37] [INFO] [1790611401.826898889] [cooperative_coordinator]: Payload goal: x=0.480, y=-0.000, yaw=0.307
[ign gazebo-1] [INFO] [1790611401.842044230] [amir1.gripper_controller]: Received & accepted new action goal
[ign gazebo-1] [INFO] [1790611401.842119193] [amir2.gripper_controller]: Received & accepted new action goal
[ign gazebo-1] [INFO] [1790611402.386507188] [amir1.gripper_controller]: Received & accepted new action goal
[ign gazebo-1] [INFO] [1790611402.386549593] [amir2.gripper_controller]: Received & accepted new action goal
[ign gazebo-1] [INFO] [1790611402.590855164] [amir1.gripper_controller]: Received & accepted new action goal
[coordinator-37] [INFO] [1790611402.831667563] [cooperative_coordinator]: Payload goal: x=0.480, y=-0.000, yaw=0.314
[ign gazebo-1] [INFO] [1790611403.078739109] [amir2.gripper_controller]: Received & accepted new action goal
[ign gazebo-1] [INFO] [1790611403.078739113] [amir1.gripper_controller]: Received & accepted new action goal
[ign gazebo-1] [INFO] [1790611403.623453041] [amir1.gripper_controller]: Received & accepted new action goal
[ign gazebo-1] [INFO] [1790611403.623630056] [amir2.gripper_controller]: Received & accepted new action goal
[coordinator-37] [INFO] [1790611403.859658631] [cooperative_coordinator]: Payload goal: x=0.480, y=-0.000, yaw=0.321
[ign gazebo-1] [INFO] [1790611403.873713725] [amir1.gripper_controller]: Received & accepted new action goal
[ign gazebo-1] [INFO] [1790611403.873735605] [amir2.gripper_controller]: Received & accepted new action goal
[ign gazebo-1] [INFO] [1790611404.320761129] [amir1.gripper_controller]: Received & accepted new action goal
[ign gazebo-1] [INFO] [1790611404.320839414] [amir2.gripper_controller]: Received & accepted new action goal
[ign gazebo-1] [INFO] [1790611404.844212433] [amir1.gripper_controller]: Received & accepted new action goal
[ign gazebo-1] [INFO] [1790611404.844420151] [amir2.gripper_controller]: Received & accepted new action goal
[coordinator-37] [INFO] [1790611404.874179820] [cooperative_coordinator]: Payload goal: x=0.480, y=-0.000, yaw=0.328
[ign gazebo-1] [INFO] [1790611405.094580309] [amir1.gripper_controller]: Received & accepted new action goal
[ign gazebo-1] [INFO] [1790611405.094840270] [amir2.gripper_controller]: Received & accepted new action goal
[ign gazebo-1] [INFO] [1790611405.590288923] [amir1.gripper_controller]: Received & accepted new action goal
[ign gazebo-1] [INFO] [1790611405.590371055] [amir2.gripper_controller]: Received & accepted new action goal
[coordinator-37] [INFO] [1790611405.900703648] [cooperative_coordinator]: Payload goal: x=0.480, y=-0.000, yaw=0.336
[ign gazebo-1] [INFO] [1790611406.075319823] [amir1.gripper_controller]: Received & accepted new action goal
[ign gazebo-1] [INFO] [1790611406.075430166] [amir2.gripper_controller]: Received & accepted new action goal
[ign gazebo-1] [INFO] [1790611406.301866934] [amir2.gripper_controller]: Received & accepted new action goal
[ign gazebo-1] [INFO] [1790611406.301950656] [amir1.gripper_controller]: Received & accepted new action goal
[ign gazebo-1] [INFO] [1790611406.692327711] [amir2.gripper_controller]: Received & accepted new action goal
[ign gazebo-1] [INFO] [1790611406.692341666] [amir1.gripper_controller]: Received & accepted new action goal
[coordinator-37] [INFO] [1790611406.910942186] [cooperative_coordinator]: Payload goal: x=0.480, y=-0.000, yaw=0.344
[ign gazebo-1] [INFO] [1790611407.177116066] [amir1.gripper_controller]: Received & accepted new action goal
[ign gazebo-1] [INFO] [1790611407.177293852] [amir2.gripper_controller]: Received & accepted new action goal
[ign gazebo-1] [INFO] [1790611407.395792291] [amir2.gripper_controller]: Received & accepted new action goal
[ign gazebo-1] [INFO] [1790611407.395866014] [amir1.gripper_controller]: Received & accepted new action goal
[ign gazebo-1] [INFO] [1790611407.841311888] [amir1.gripper_controller]: Received & accepted new action goal
[ign gazebo-1] [INFO] [1790611407.841551184] [amir2.gripper_controller]: Received & accepted new action goal
[coordinator-37] [INFO] [1790611407.923316119] [cooperative_coordinator]: Payload goal: x=0.480, y=-0.000, yaw=0.352
[ign gazebo-1] [INFO] [1790611408.336880332] [amir1.gripper_controller]: Received & accepted new action goal
[ign gazebo-1] [INFO] [1790611408.337088644] [amir2.gripper_controller]: Received & accepted new action goal
[ign gazebo-1] [INFO] [1790611408.598603427] [amir1.gripper_controller]: Received & accepted new action goal
[ign gazebo-1] [INFO] [1790611408.599055728] [amir2.gripper_controller]: Received & accepted new action goal
[coordinator-37] [INFO] [1790611408.928309807] [cooperative_coordinator]: Payload goal: x=0.480, y=-0.000, yaw=0.359
[ign gazebo-1] [INFO] [1790611409.075900766] [amir1.gripper_controller]: Received & accepted new action goal
[ign gazebo-1] [INFO] [1790611409.076019579] [amir2.gripper_controller]: Received & accepted new action goal
[ign gazebo-1] [INFO] [1790611409.611068743] [amir1.gripper_controller]: Received & accepted new action goal
[ign gazebo-1] [INFO] [1790611409.611174714] [amir2.gripper_controller]: Received & accepted new action goal
[ign gazebo-1] [INFO] [1790611409.883610538] [amir2.gripper_controller]: Received & accepted new action goal
[ign gazebo-1] [INFO] [1790611409.883625740] [amir1.gripper_controller]: Received & accepted new action goal
[coordinator-37] [INFO] [1790611409.948902887] [cooperative_coordinator]: Payload goal: x=0.480, y=-0.000, yaw=0.365
[ign gazebo-1] [INFO] [1790611410.499740828] [amir1.gripper_controller]: Received & accepted new action goal
[ign gazebo-1] [INFO] [1790611410.499888131] [amir2.gripper_controller]: Received & accepted new action goal
[coordinator-37] [INFO] [1790611410.969049778] [cooperative_coordinator]: Payload goal: x=0.480, y=-0.000, yaw=0.371
[ign gazebo-1] [INFO] [1790611411.029826921] [amir1.gripper_controller]: Received & accepted new action goal
[ign gazebo-1] [INFO] [1790611411.030061468] [amir2.gripper_controller]: Received & accepted new action goal
[ign gazebo-1] [INFO] [1790611411.271130496] [amir1.gripper_controller]: Received & accepted new action goal
[ign gazebo-1] [INFO] [1790611411.271399253] [amir2.gripper_controller]: Received & accepted new action goal
[ign gazebo-1] [INFO] [1790611411.722402160] [amir1.gripper_controller]: Received & accepted new action goal
[ign gazebo-1] [INFO] [1790611411.722429598] [amir2.gripper_controller]: Received & accepted new action goal
[coordinator-37] [INFO] [1790611411.971394616] [cooperative_coordinator]: Payload goal: x=0.480, y=-0.000, yaw=0.379
[ign gazebo-1] [INFO] [1790611412.221394931] [amir1.gripper_controller]: Received & accepted new action goal
[ign gazebo-1] [INFO] [1790611412.221659256] [amir2.gripper_controller]: Received & accepted new action goal
[ign gazebo-1] [INFO] [1790611412.471873041] [amir1.gripper_controller]: Received & accepted new action goal
[ign gazebo-1] [INFO] [1790611412.471962826] [amir2.gripper_controller]: Received & accepted new action goal
[ign gazebo-1] [INFO] [1790611412.936246627] [amir1.gripper_controller]: Received & accepted new action goal
[ign gazebo-1] [INFO] [1790611412.936305237] [amir2.gripper_controller]: Received & accepted new action goal
[coordinator-37] [INFO] [1790611412.973001567] [cooperative_coordinator]: Payload goal: x=0.480, y=-0.000, yaw=0.386
[ign gazebo-1] [INFO] [1790611413.443139292] [amir1.gripper_controller]: Received & accepted new action goal
[ign gazebo-1] [INFO] [1790611413.443349181] [amir2.gripper_controller]: Received & accepted new action goal
[ign gazebo-1] [INFO] [1790611413.684505210] [amir1.gripper_controller]: Received & accepted new action goal
[ign gazebo-1] [INFO] [1790611413.684790282] [amir2.gripper_controller]: Received & accepted new action goal
[coordinator-37] [INFO] [1790611413.983211537] [cooperative_coordinator]: Payload goal: x=0.480, y=-0.000, yaw=0.393
[ign gazebo-1] [INFO] [1790611414.271014005] [amir1.gripper_controller]: Received & accepted new action goal
[ign gazebo-1] [INFO] [1790611414.271096351] [amir2.gripper_controller]: Received & accepted new action goal
[ign gazebo-1] [INFO] [1790611414.685001476] [amir1.gripper_controller]: Received & accepted new action goal
[ign gazebo-1] [INFO] [1790611414.685114471] [amir2.gripper_controller]: Received & accepted new action goal
[ign gazebo-1] [INFO] [1790611414.903206745] [amir1.gripper_controller]: Received & accepted new action goal
[ign gazebo-1] [INFO] [1790611414.903291628] [amir2.gripper_controller]: Received & accepted new action goal
[coordinator-37] [INFO] [1790611414.990600298] [cooperative_coordinator]: Payload goal: x=0.480, y=-0.000, yaw=0.400
[ign gazebo-1] [INFO] [1790611415.409820133] [amir1.gripper_controller]: Received & accepted new action goal
[ign gazebo-1] [INFO] [1790611415.409927631] [amir2.gripper_controller]: Received & accepted new action goal
[ign gazebo-1] [INFO] [1790611415.906348098] [amir1.gripper_controller]: Received & accepted new action goal
[ign gazebo-1] [INFO] [1790611415.906356978] [amir2.gripper_controller]: Received & accepted new action goal
[coordinator-37] [INFO] [1790611416.009981147] [cooperative_coordinator]: Payload goal: x=0.480, y=-0.000, yaw=0.408
[ign gazebo-1] [INFO] [1790611416.104438813] [amir1.gripper_controller]: Received & accepted new action goal
[ign gazebo-1] [INFO] [1790611416.104464820] [amir2.gripper_controller]: Received & accepted new action goal
[ign gazebo-1] [INFO] [1790611416.596466231] [amir1.gripper_controller]: Received & accepted new action goal
[ign gazebo-1] [INFO] [1790611416.596675954] [amir2.gripper_controller]: Received & accepted new action goal
[coordinator-37] [INFO] [1790611417.019466861] [cooperative_coordinator]: Payload goal: x=0.480, y=-0.000, yaw=0.415
[ign gazebo-1] [INFO] [1790611417.075664745] [amir1.gripper_controller]: Received & accepted new action goal
[ign gazebo-1] [INFO] [1790611417.075944785] [amir2.gripper_controller]: Received & accepted new action goal
[ign gazebo-1] [INFO] [1790611417.309549937] [amir1.gripper_controller]: Received & accepted new action goal
[ign gazebo-1] [INFO] [1790611417.309650191] [amir2.gripper_controller]: Received & accepted new action goal
[ign gazebo-1] [INFO] [1790611417.802907144] [amir1.gripper_controller]: Received & accepted new action goal
[ign gazebo-1] [INFO] [1790611417.804155516] [amir2.gripper_controller]: Received & accepted new action goal
[coordinator-37] [INFO] [1790611418.047785827] [cooperative_coordinator]: Payload goal: x=0.480, y=-0.000, yaw=0.422
[ign gazebo-1] [INFO] [1790611418.308096903] [amir1.gripper_controller]: Received & accepted new action goal
[ign gazebo-1] [INFO] [1790611418.308369545] [amir2.gripper_controller]: Received & accepted new action goal
[ign gazebo-1] [INFO] [1790611418.542973995] [amir2.gripper_controller]: Received & accepted new action goal
[ign gazebo-1] [INFO] [1790611418.543029881] [amir1.gripper_controller]: Received & accepted new action goal
[ign gazebo-1] [INFO] [1790611419.039694265] [amir1.gripper_controller]: Received & accepted new action goal
[ign gazebo-1] [INFO] [1790611419.039710785] [amir2.gripper_controller]: Received & accepted new action goal
[coordinator-37] [INFO] [1790611419.068304087] [cooperative_coordinator]: Payload goal: x=0.480, y=-0.000, yaw=0.430
[ign gazebo-1] [INFO] [1790611419.572111089] [amir1.gripper_controller]: Received & accepted new action goal
[ign gazebo-1] [INFO] [1790611419.572306226] [amir2.gripper_controller]: Received & accepted new action goal
[ign gazebo-1] [INFO] [1790611419.805851678] [amir1.gripper_controller]: Received & accepted new action goal
[ign gazebo-1] [INFO] [1790611419.805949233] [amir2.gripper_controller]: Received & accepted new action goal
[coordinator-37] [INFO] [1790611420.069625472] [cooperative_coordinator]: Payload goal: x=0.480, y=-0.000, yaw=0.437
[ign gazebo-1] [INFO] [1790611420.285097050] [amir1.gripper_controller]: Received & accepted new action goal
[ign gazebo-1] [INFO] [1790611420.285124788] [amir2.gripper_controller]: Received & accepted new action goal
[ign gazebo-1] [INFO] [1790611420.808998944] [amir1.gripper_controller]: Received & accepted new action goal
[ign gazebo-1] [INFO] [1790611420.809169171] [amir2.gripper_controller]: Received & accepted new action goal
[ign gazebo-1] [INFO] [1790611421.060517246] [amir1.gripper_controller]: Received & accepted new action goal
[ign gazebo-1] [INFO] [1790611421.060797590] [amir2.gripper_controller]: Received & accepted new action goal
[coordinator-37] [INFO] [1790611421.085553562] [cooperative_coordinator]: Payload goal: x=0.480, y=-0.000, yaw=0.444
[ign gazebo-1] [INFO] [1790611421.531953263] [amir2.gripper_controller]: Received & accepted new action goal
[ign gazebo-1] [INFO] [1790611421.531968050] [amir1.gripper_controller]: Received & accepted new action goal
[ign gazebo-1] [INFO] [1790611422.028724708] [amir1.gripper_controller]: Received & accepted new action goal
[ign gazebo-1] [INFO] [1790611422.028881122] [amir2.gripper_controller]: Received & accepted new action goal
[coordinator-37] [INFO] [1790611422.105096837] [cooperative_coordinator]: Payload goal: x=0.480, y=-0.000, yaw=0.451
[ign gazebo-1] [INFO] [1790611422.285987757] [amir1.gripper_controller]: Received & accepted new action goal
[ign gazebo-1] [INFO] [1790611422.286013291] [amir2.gripper_controller]: Received & accepted new action goal
[ign gazebo-1] [INFO] [1790611422.762896902] [amir1.gripper_controller]: Received & accepted new action goal
[ign gazebo-1] [INFO] [1790611422.762958832] [amir2.gripper_controller]: Received & accepted new action goal
[coordinator-37] [INFO] [1790611423.143648614] [cooperative_coordinator]: Payload goal: x=0.480, y=-0.000, yaw=0.458
[ign gazebo-1] [INFO] [1790611423.265685960] [amir1.gripper_controller]: Received & accepted new action goal
[ign gazebo-1] [INFO] [1790611423.265757492] [amir2.gripper_controller]: Received & accepted new action goal
[ign gazebo-1] [INFO] [1790611423.526485300] [amir1.gripper_controller]: Received & accepted new action goal
[ign gazebo-1] [INFO] [1790611423.526550067] [amir2.gripper_controller]: Received & accepted new action goal
[ign gazebo-1] [INFO] [1790611424.041073572] [amir1.gripper_controller]: Received & accepted new action goal
[ign gazebo-1] [INFO] [1790611424.041157470] [amir2.gripper_controller]: Received & accepted new action goal
[coordinator-37] [INFO] [1790611424.169910412] [cooperative_coordinator]: Payload goal: x=0.480, y=-0.000, yaw=0.465
[ign gazebo-1] [INFO] [1790611424.579482143] [amir1.gripper_controller]: Received & accepted new action goal
[ign gazebo-1] [INFO] [1790611424.579628684] [amir2.gripper_controller]: Received & accepted new action goal
[ign gazebo-1] [INFO] [1790611424.781296710] [amir1.gripper_controller]: Received & accepted new action goal
[ign gazebo-1] [INFO] [1790611424.781356015] [amir2.gripper_controller]: Received & accepted new action goal
[coordinator-37] [INFO] [1790611425.191519975] [cooperative_coordinator]: Payload goal: x=0.480, y=-0.000, yaw=0.473
[ign gazebo-1] [INFO] [1790611425.271865743] [amir1.gripper_controller]: Received & accepted new action goal
[ign gazebo-1] [INFO] [1790611425.271953430] [amir2.gripper_controller]: Received & accepted new action goal
[ign gazebo-1] [INFO] [1790611425.802636314] [amir1.gripper_controller]: Received & accepted new action goal
[ign gazebo-1] [INFO] [1790611425.802637767] [amir2.gripper_controller]: Received & accepted new action goal
[ign gazebo-1] [INFO] [1790611426.081425953] [amir1.gripper_controller]: Received & accepted new action goal
[ign gazebo-1] [INFO] [1790611426.081473989] [amir2.gripper_controller]: Received & accepted new action goal
[coordinator-37] [INFO] [1790611426.204423945] [cooperative_coordinator]: Payload goal: x=0.480, y=-0.000, yaw=0.479
[ign gazebo-1] [INFO] [1790611426.416585980] [amir1.gripper_controller]: Received & accepted new action goal
[ign gazebo-1] [INFO] [1790611426.753155334] [amir1.gripper_controller]: Received & accepted new action goal
[ign gazebo-1] [INFO] [1790611426.753276406] [amir2.gripper_controller]: Received & accepted new action goal
[ign gazebo-1] [INFO] [1790611427.007469020] [amir1.gripper_controller]: Received & accepted new action goal
[ign gazebo-1] [INFO] [1790611427.007857147] [amir2.gripper_controller]: Received & accepted new action goal
[coordinator-37] [INFO] [1790611427.223028390] [cooperative_coordinator]: Payload goal: x=0.480, y=-0.000, yaw=0.488
[ign gazebo-1] [INFO] [1790611427.505758520] [amir2.gripper_controller]: Received & accepted new action goal
[ign gazebo-1] [INFO] [1790611427.505794127] [amir1.gripper_controller]: Received & accepted new action goal
[ign gazebo-1] [INFO] [1790611427.990944070] [amir1.gripper_controller]: Received & accepted new action goal
[ign gazebo-1] [INFO] [1790611427.991047739] [amir2.gripper_controller]: Received & accepted new action goal
[ign gazebo-1] [INFO] [1790611428.211819217] [amir1.gripper_controller]: Received & accepted new action goal
[ign gazebo-1] [INFO] [1790611428.212004621] [amir2.gripper_controller]: Received & accepted new action goal
[coordinator-37] [INFO] [1790611428.243703249] [cooperative_coordinator]: Payload goal: x=0.480, y=-0.000, yaw=0.496
[ign gazebo-1] [INFO] [1790611428.766515012] [amir2.gripper_controller]: Received & accepted new action goal
[ign gazebo-1] [INFO] [1790611428.766608099] [amir1.gripper_controller]: Received & accepted new action goal
[coordinator-37] [INFO] [1790611429.264376934] [cooperative_coordinator]: Payload goal: x=0.480, y=-0.000, yaw=0.501
[ign gazebo-1] [INFO] [1790611429.277935638] [amir1.gripper_controller]: Received & accepted new action goal
[ign gazebo-1] [INFO] [1790611429.277967829] [amir2.gripper_controller]: Received & accepted new action goal
[ign gazebo-1] [INFO] [1790611429.552813664] [amir2.gripper_controller]: Received & accepted new action goal
[ign gazebo-1] [INFO] [1790611429.552858141] [amir1.gripper_controller]: Received & accepted new action goal
[ign gazebo-1] [INFO] [1790611430.000995537] [amir1.gripper_controller]: Received & accepted new action goal
[ign gazebo-1] [INFO] [1790611430.001045047] [amir2.gripper_controller]: Received & accepted new action goal
[coordinator-37] [INFO] [1790611430.272141352] [cooperative_coordinator]: Payload goal: x=0.480, y=-0.000, yaw=0.507
[ign gazebo-1] [INFO] [1790611430.470617166] [amir2.gripper_controller]: Received & accepted new action goal
[ign gazebo-1] [INFO] [1790611430.470717327] [amir1.gripper_controller]: Received & accepted new action goal
[ign gazebo-1] [INFO] [1790611430.726758711] [amir2.gripper_controller]: Received & accepted new action goal
[ign gazebo-1] [INFO] [1790611430.726782609] [amir1.gripper_controller]: Received & accepted new action goal
[ign gazebo-1] [INFO] [1790611431.136099033] [amir1.gripper_controller]: Received & accepted new action goal
[ign gazebo-1] [INFO] [1790611431.136119697] [amir2.gripper_controller]: Received & accepted new action goal
[coordinator-37] [INFO] [1790611431.300471335] [cooperative_coordinator]: Payload goal: x=0.480, y=-0.000, yaw=0.512
[ign gazebo-1] [INFO] [1790611431.650229952] [amir1.gripper_controller]: Received & accepted new action goal
[ign gazebo-1] [INFO] [1790611431.650252149] [amir2.gripper_controller]: Received & accepted new action goal
[ign gazebo-1] [INFO] [1790611431.895643906] [amir1.gripper_controller]: Received & accepted new action goal
[ign gazebo-1] [INFO] [1790611431.895750081] [amir2.gripper_controller]: Received & accepted new action goal
[coordinator-37] [INFO] [1790611432.303092619] [cooperative_coordinator]: Payload goal: x=0.480, y=-0.000, yaw=0.515
[ign gazebo-1] [INFO] [1790611432.432829830] [amir1.gripper_controller]: Received & accepted new action goal
[ign gazebo-1] [INFO] [1790611432.432942030] [amir2.gripper_controller]: Received & accepted new action goal
[ign gazebo-1] [INFO] [1790611432.894571329] [amir2.gripper_controller]: Received & accepted new action goal
[ign gazebo-1] [INFO] [1790611432.894688876] [amir1.gripper_controller]: Received & accepted new action goal
[ign gazebo-1] [INFO] [1790611433.165632781] [amir1.gripper_controller]: Received & accepted new action goal
[ign gazebo-1] [INFO] [1790611433.165761568] [amir2.gripper_controller]: Received & accepted new action goal
[coordinator-37] [INFO] [1790611433.305013997] [cooperative_coordinator]: Payload goal: x=0.480, y=-0.000, yaw=0.518
[ign gazebo-1] [INFO] [1790611433.665840423] [amir2.gripper_controller]: Received & accepted new action goal
[ign gazebo-1] [INFO] [1790611433.666125852] [amir1.gripper_controller]: Received & accepted new action goal
[ign gazebo-1] [INFO] [1790611434.177644543] [amir2.gripper_controller]: Received & accepted new action goal
[ign gazebo-1] [INFO] [1790611434.177650289] [amir1.gripper_controller]: Received & accepted new action goal
[coordinator-37] [INFO] [1790611434.311169880] [cooperative_coordinator]: Payload goal: x=0.480, y=-0.000, yaw=0.521
[ign gazebo-1] [INFO] [1790611434.423591162] [amir1.gripper_controller]: Received & accepted new action goal
[ign gazebo-1] [INFO] [1790611434.423649959] [amir2.gripper_controller]: Received & accepted new action goal
[ign gazebo-1] [INFO] [1790611434.893950882] [amir1.gripper_controller]: Received & accepted new action goal
[ign gazebo-1] [INFO] [1790611434.894007650] [amir2.gripper_controller]: Received & accepted new action goal
[coordinator-37] [INFO] [1790611435.324958195] [cooperative_coordinator]: Payload goal: x=0.480, y=-0.000, yaw=0.522
[ign gazebo-1] [INFO] [1790611435.391377116] [amir1.gripper_controller]: Received & accepted new action goal
[ign gazebo-1] [INFO] [1790611435.391553930] [amir2.gripper_controller]: Received & accepted new action goal
[ign gazebo-1] [INFO] [1790611435.654571063] [amir2.gripper_controller]: Received & accepted new action goal
[ign gazebo-1] [INFO] [1790611435.654717450] [amir1.gripper_controller]: Received & accepted new action goal
[ign gazebo-1] [INFO] [1790611436.178740866] [amir1.gripper_controller]: Received & accepted new action goal
[ign gazebo-1] [INFO] [1790611436.178953226] [amir2.gripper_controller]: Received & accepted new action goal
[coordinator-37] [INFO] [1790611436.339256987] [cooperative_coordinator]: Payload goal: x=0.480, y=-0.000, yaw=0.523
[ign gazebo-1] [INFO] [1790611436.655701728] [amir1.gripper_controller]: Received & accepted new action goal
[ign gazebo-1] [INFO] [1790611436.655796736] [amir2.gripper_controller]: Received & accepted new action goal
[ign gazebo-1] [INFO] [1790611436.927279364] [amir1.gripper_controller]: Received & accepted new action goal
[ign gazebo-1] [INFO] [1790611436.927439827] [amir2.gripper_controller]: Received & accepted new action goal
[coordinator-37] [INFO] [1790611437.363672455] [cooperative_coordinator]: Payload goal: x=0.480, y=-0.000, yaw=0.569
[ign gazebo-1] [INFO] [1790611437.438849658] [amir1.gripper_controller]: Received & accepted new action goal
[ign gazebo-1] [INFO] [1790611437.439028835] [amir2.gripper_controller]: Received & accepted new action goal
[ign gazebo-1] [INFO] [1790611437.858230400] [amir1.gripper_controller]: Received & accepted new action goal
[ign gazebo-1] [INFO] [1790611437.858286711] [amir2.gripper_controller]: Received & accepted new action goal
[ign gazebo-1] [INFO] [1790611438.080021548] [amir1.gripper_controller]: Received & accepted new action goal
[ign gazebo-1] [INFO] [1790611438.080085381] [amir2.gripper_controller]: Received & accepted new action goal
[coordinator-37] [INFO] [1790611438.375753139] [cooperative_coordinator]: Payload goal: x=0.480, y=-0.000, yaw=0.555
[ign gazebo-1] [INFO] [1790611438.570572663] [amir1.gripper_controller]: Received & accepted new action goal
[ign gazebo-1] [INFO] [1790611438.570665388] [amir2.gripper_controller]: Received & accepted new action goal
[ign gazebo-1] [INFO] [1790611439.072875665] [amir1.gripper_controller]: Received & accepted new action goal
[ign gazebo-1] [INFO] [1790611439.073117015] [amir2.gripper_controller]: Received & accepted new action goal
[ign gazebo-1] [INFO] [1790611439.380598143] [amir1.gripper_controller]: Received & accepted new action goal
[ign gazebo-1] [INFO] [1790611439.380618932] [amir2.gripper_controller]: Received & accepted new action goal
[coordinator-37] [INFO] [1790611439.383980887] [cooperative_coordinator]: Payload goal: x=0.480, y=-0.000, yaw=0.544
[ign gazebo-1] [INFO] [1790611439.780636277] [amir1.gripper_controller]: Received & accepted new action goal
[ign gazebo-1] [INFO] [1790611439.780766236] [amir2.gripper_controller]: Received & accepted new action goal
[ign gazebo-1] [INFO] [1790611440.213999037] [amir1.gripper_controller]: Received & accepted new action goal
[ign gazebo-1] [INFO] [1790611440.214026221] [amir2.gripper_controller]: Received & accepted new action goal
[coordinator-37] [INFO] [1790611440.390610468] [cooperative_coordinator]: Payload goal: x=0.480, y=-0.000, yaw=0.535
[ign gazebo-1] [INFO] [1790611440.432980160] [amir1.gripper_controller]: Received & accepted new action goal
[ign gazebo-1] [INFO] [1790611440.433119733] [amir2.gripper_controller]: Received & accepted new action goal
[ign gazebo-1] [INFO] [1790611440.958347989] [amir1.gripper_controller]: Received & accepted new action goal
[ign gazebo-1] [INFO] [1790611440.958395918] [amir2.gripper_controller]: Received & accepted new action goal
[coordinator-37] [INFO] [1790611441.413269150] [cooperative_coordinator]: Payload goal: x=0.480, y=-0.000, yaw=0.531
[ign gazebo-1] [INFO] [1790611441.436206523] [amir1.gripper_controller]: Received & accepted new action goal
[ign gazebo-1] [INFO] [1790611441.436289605] [amir2.gripper_controller]: Received & accepted new action goal
[ign gazebo-1] [INFO] [1790611441.607824281] [amir1.gripper_controller]: Received & accepted new action goal
[ign gazebo-1] [INFO] [1790611441.607923917] [amir2.gripper_controller]: Received & accepted new action goal
[ign gazebo-1] [INFO] [1790611441.970812270] [amir1.gripper_controller]: Received & accepted new action goal
[ign gazebo-1] [INFO] [1790611441.970863917] [amir2.gripper_controller]: Received & accepted new action goal
[ign gazebo-1] [INFO] [1790611442.373745454] [amir1.gripper_controller]: Received & accepted new action goal
[ign gazebo-1] [INFO] [1790611442.373826747] [amir2.gripper_controller]: Received & accepted new action goal
[coordinator-37] [INFO] [1790611442.428084834] [cooperative_coordinator]: Payload goal: x=0.480, y=-0.000, yaw=0.531
[ign gazebo-1] [INFO] [1790611442.507481050] [amir1.gripper_controller]: Received & accepted new action goal
[ign gazebo-1] [INFO] [1790611442.507568733] [amir2.gripper_controller]: Received & accepted new action goal
[rotation_controller-6] [INFO] [1790611442.572278016] [cooperative_rotation_controller]: シーケンス終了: 搬送（回転）
[rotation_controller-6] [INFO] [1790611442.572453819] [cooperative_rotation_controller]: シーケンス開始: 搬送（横方向直進） 0.300 m（payload-local right）
[ign gazebo-1] [INFO] [1790611442.835261955] [amir1.gripper_controller]: Received & accepted new action goal
[ign gazebo-1] [INFO] [1790611442.835452970] [amir2.gripper_controller]: Received & accepted new action goal
[ign gazebo-1] [INFO] [1790611443.125399944] [amir1.gripper_controller]: Received & accepted new action goal
[ign gazebo-1] [INFO] [1790611443.125436523] [amir2.gripper_controller]: Received & accepted new action goal
[ign gazebo-1] [INFO] [1790611443.298656939] [amir1.gripper_controller]: Received & accepted new action goal
[ign gazebo-1] [INFO] [1790611443.298694825] [amir2.gripper_controller]: Received & accepted new action goal
[coordinator-37] [INFO] [1790611443.429961117] [cooperative_coordinator]: Payload goal: x=0.482, y=-0.003, yaw=0.520
[ign gazebo-1] [INFO] [1790611443.672824712] [amir1.gripper_controller]: Received & accepted new action goal
[ign gazebo-1] [INFO] [1790611443.672883676] [amir2.gripper_controller]: Received & accepted new action goal
[ign gazebo-1] [INFO] [1790611444.019429320] [amir2.gripper_controller]: Received & accepted new action goal
[ign gazebo-1] [INFO] [1790611444.019602150] [amir1.gripper_controller]: Received & accepted new action goal
[ign gazebo-1] [INFO] [1790611444.213155045] [amir1.gripper_controller]: Received & accepted new action goal
[ign gazebo-1] [INFO] [1790611444.213214627] [amir2.gripper_controller]: Received & accepted new action goal
[coordinator-37] [INFO] [1790611444.448676532] [cooperative_coordinator]: Payload goal: x=0.487, y=-0.012, yaw=0.520
[ign gazebo-1] [INFO] [1790611444.616720407] [amir1.gripper_controller]: Received & accepted new action goal
[ign gazebo-1] [INFO] [1790611444.616774055] [amir2.gripper_controller]: Received & accepted new action goal
[ign gazebo-1] [INFO] [1790611445.005368674] [amir1.gripper_controller]: Received & accepted new action goal
[ign gazebo-1] [INFO] [1790611445.005593790] [amir2.gripper_controller]: Received & accepted new action goal
[ign gazebo-1] [INFO] [1790611445.225761058] [amir1.gripper_controller]: Received & accepted new action goal
[coordinator-37] [INFO] [1790611445.453199496] [cooperative_coordinator]: Payload goal: x=0.495, y=-0.026, yaw=0.520
[ign gazebo-1] [INFO] [1790611445.693940638] [amir2.gripper_controller]: Received & accepted new action goal
[ign gazebo-1] [INFO] [1790611445.694043425] [amir1.gripper_controller]: Received & accepted new action goal
[ign gazebo-1] [INFO] [1790611446.211945528] [amir2.gripper_controller]: Received & accepted new action goal
[ign gazebo-1] [INFO] [1790611446.463631039] [amir1.gripper_controller]: Received & accepted new action goal
[ign gazebo-1] [INFO] [1790611446.463690487] [amir2.gripper_controller]: Received & accepted new action goal
[coordinator-37] [INFO] [1790611446.465188648] [cooperative_coordinator]: Payload goal: x=0.503, y=-0.039, yaw=0.520
[ign gazebo-1] [INFO] [1790611446.910805584] [amir1.gripper_controller]: Received & accepted new action goal
[ign gazebo-1] [INFO] [1790611446.910929239] [amir2.gripper_controller]: Received & accepted new action goal
[ign gazebo-1] [INFO] [1790611447.369766165] [amir2.gripper_controller]: Received & accepted new action goal
[ign gazebo-1] [INFO] [1790611447.369814202] [amir1.gripper_controller]: Received & accepted new action goal
[coordinator-37] [INFO] [1790611447.496285291] [cooperative_coordinator]: Payload goal: x=0.503, y=-0.039, yaw=0.520
[ign gazebo-1] [INFO] [1790611447.600504354] [amir1.gripper_controller]: Received & accepted new action goal
[ign gazebo-1] [INFO] [1790611447.600528302] [amir2.gripper_controller]: Received & accepted new action goal
[ign gazebo-1] [INFO] [1790611448.081487104] [amir1.gripper_controller]: Received & accepted new action goal
[ign gazebo-1] [INFO] [1790611448.081921195] [amir2.gripper_controller]: Received & accepted new action goal
[coordinator-37] [INFO] [1790611448.498895431] [cooperative_coordinator]: Payload goal: x=0.503, y=-0.039, yaw=0.520
[ign gazebo-1] [INFO] [1790611448.544094686] [amir2.gripper_controller]: Received & accepted new action goal
[ign gazebo-1] [INFO] [1790611448.544097858] [amir1.gripper_controller]: Received & accepted new action goal
[ign gazebo-1] [INFO] [1790611448.765115106] [amir1.gripper_controller]: Received & accepted new action goal
[ign gazebo-1] [INFO] [1790611448.765396861] [amir2.gripper_controller]: Received & accepted new action goal
[ign gazebo-1] [INFO] [1790611449.153451750] [amir1.gripper_controller]: Received & accepted new action goal
[ign gazebo-1] [INFO] [1790611449.153732261] [amir2.gripper_controller]: Received & accepted new action goal
[coordinator-37] [INFO] [1790611449.509497038] [cooperative_coordinator]: Payload goal: x=0.503, y=-0.039, yaw=0.520
[ign gazebo-1] [INFO] [1790611449.523222128] [amir1.gripper_controller]: Received & accepted new action goal
[ign gazebo-1] [INFO] [1790611449.694429392] [amir1.gripper_controller]: Received & accepted new action goal
[ign gazebo-1] [INFO] [1790611449.694542048] [amir2.gripper_controller]: Received & accepted new action goal
[ign gazebo-1] [INFO] [1790611450.106069821] [amir1.gripper_controller]: Received & accepted new action goal
[ign gazebo-1] [INFO] [1790611450.106375266] [amir2.gripper_controller]: Received & accepted new action goal
[coordinator-37] [INFO] [1790611450.524523962] [cooperative_coordinator]: Payload goal: x=0.503, y=-0.039, yaw=0.520
[ign gazebo-1] [INFO] [1790611450.590027069] [amir1.gripper_controller]: Received & accepted new action goal
[ign gazebo-1] [INFO] [1790611450.590060892] [amir2.gripper_controller]: Received & accepted new action goal
[ign gazebo-1] [INFO] [1790611450.801275346] [amir1.gripper_controller]: Received & accepted new action goal
[ign gazebo-1] [INFO] [1790611450.801290745] [amir2.gripper_controller]: Received & accepted new action goal
[ign gazebo-1] [INFO] [1790611451.268932279] [amir1.gripper_controller]: Received & accepted new action goal
[ign gazebo-1] [INFO] [1790611451.269024890] [amir2.gripper_controller]: Received & accepted new action goal
[coordinator-37] [INFO] [1790611451.533080463] [cooperative_coordinator]: Payload goal: x=0.503, y=-0.039, yaw=0.520
[ign gazebo-1] [INFO] [1790611451.798948330] [amir1.gripper_controller]: Received & accepted new action goal
[ign gazebo-1] [INFO] [1790611451.799049427] [amir2.gripper_controller]: Received & accepted new action goal
[ign gazebo-1] [INFO] [1790611452.075892134] [amir1.gripper_controller]: Received & accepted new action goal
[ign gazebo-1] [INFO] [1790611452.076054946] [amir2.gripper_controller]: Received & accepted new action goal
[ign gazebo-1] [INFO] [1790611452.541445854] [amir1.gripper_controller]: Received & accepted new action goal
[ign gazebo-1] [INFO] [1790611452.541604928] [amir2.gripper_controller]: Received & accepted new action goal
[coordinator-37] [INFO] [1790611452.542567242] [cooperative_coordinator]: Payload goal: x=0.510, y=-0.051, yaw=0.520
[ign gazebo-1] [INFO] [1790611452.900556158] [amir1.gripper_controller]: Received & accepted new action goal
[ign gazebo-1] [INFO] [1790611452.900556116] [amir2.gripper_controller]: Received & accepted new action goal
[ign gazebo-1] [INFO] [1790611453.076993364] [amir1.gripper_controller]: Received & accepted new action goal
[ign gazebo-1] [INFO] [1790611453.077065869] [amir2.gripper_controller]: Received & accepted new action goal
[ign gazebo-1] [INFO] [1790611453.450521819] [amir1.gripper_controller]: Received & accepted new action goal
[coordinator-37] [INFO] [1790611453.542953206] [cooperative_coordinator]: Payload goal: x=0.515, y=-0.060, yaw=0.520
[ign gazebo-1] [INFO] [1790611453.809388730] [amir1.gripper_controller]: Received & accepted new action goal
[ign gazebo-1] [INFO] [1790611453.809421360] [amir2.gripper_controller]: Received & accepted new action goal
[ign gazebo-1] [INFO] [1790611454.084800235] [amir1.gripper_controller]: Received & accepted new action goal
[ign gazebo-1] [INFO] [1790611454.084852635] [amir2.gripper_controller]: Received & accepted new action goal
[ign gazebo-1] [INFO] [1790611454.521638119] [amir1.gripper_controller]: Received & accepted new action goal
[ign gazebo-1] [INFO] [1790611454.521914196] [amir2.gripper_controller]: Received & accepted new action goal
[coordinator-37] [INFO] [1790611454.550568586] [cooperative_coordinator]: Payload goal: x=0.515, y=-0.060, yaw=0.520
[ign gazebo-1] [INFO] [1790611454.962004099] [amir1.gripper_controller]: Received & accepted new action goal
[ign gazebo-1] [INFO] [1790611454.962103975] [amir2.gripper_controller]: Received & accepted new action goal
[ign gazebo-1] [INFO] [1790611455.195824369] [amir2.gripper_controller]: Received & accepted new action goal
[ign gazebo-1] [INFO] [1790611455.195844436] [amir1.gripper_controller]: Received & accepted new action goal
[ign gazebo-1] [INFO] [1790611455.557094111] [amir1.gripper_controller]: Received & accepted new action goal
[ign gazebo-1] [INFO] [1790611455.557163071] [amir2.gripper_controller]: Received & accepted new action goal
[coordinator-37] [INFO] [1790611455.558817437] [cooperative_coordinator]: Payload goal: x=0.515, y=-0.060, yaw=0.520
[ign gazebo-1] [INFO] [1790611455.900478028] [amir1.gripper_controller]: Received & accepted new action goal
[ign gazebo-1] [INFO] [1790611455.900644811] [amir2.gripper_controller]: Received & accepted new action goal
[ign gazebo-1] [INFO] [1790611456.055247502] [amir1.gripper_controller]: Received & accepted new action goal
[ign gazebo-1] [INFO] [1790611456.055303822] [amir2.gripper_controller]: Received & accepted new action goal
[ign gazebo-1] [INFO] [1790611456.479273905] [amir1.gripper_controller]: Received & accepted new action goal
[ign gazebo-1] [INFO] [1790611456.479469664] [amir2.gripper_controller]: Received & accepted new action goal
[coordinator-37] [INFO] [1790611456.595167400] [cooperative_coordinator]: Payload goal: x=0.515, y=-0.060, yaw=0.520
[ign gazebo-1] [INFO] [1790611456.970912009] [amir1.gripper_controller]: Received & accepted new action goal
[ign gazebo-1] [INFO] [1790611456.971171023] [amir2.gripper_controller]: Received & accepted new action goal
[ign gazebo-1] [INFO] [1790611457.189027710] [amir1.gripper_controller]: Received & accepted new action goal
[ign gazebo-1] [INFO] [1790611457.189212935] [amir2.gripper_controller]: Received & accepted new action goal
[coordinator-37] [INFO] [1790611457.610689524] [cooperative_coordinator]: Payload goal: x=0.515, y=-0.060, yaw=0.520
[ign gazebo-1] [INFO] [1790611457.669212865] [amir1.gripper_controller]: Received & accepted new action goal
[ign gazebo-1] [INFO] [1790611457.669730232] [amir2.gripper_controller]: Received & accepted new action goal
[ign gazebo-1] [INFO] [1790611458.102579900] [amir1.gripper_controller]: Received & accepted new action goal
[ign gazebo-1] [INFO] [1790611458.102774133] [amir2.gripper_controller]: Received & accepted new action goal
[ign gazebo-1] [INFO] [1790611458.306056288] [amir1.gripper_controller]: Received & accepted new action goal
[ign gazebo-1] [INFO] [1790611458.306276632] [amir2.gripper_controller]: Received & accepted new action goal
[coordinator-37] [INFO] [1790611458.621613443] [cooperative_coordinator]: Payload goal: x=0.524, y=-0.075, yaw=0.520
[ign gazebo-1] [INFO] [1790611458.632621047] [amir1.gripper_controller]: Received & accepted new action goal
[ign gazebo-1] [INFO] [1790611458.632694619] [amir2.gripper_controller]: Received & accepted new action goal
[ign gazebo-1] [INFO] [1790611459.069769154] [amir1.gripper_controller]: Received & accepted new action goal
[ign gazebo-1] [INFO] [1790611459.069855375] [amir2.gripper_controller]: Received & accepted new action goal
[ign gazebo-1] [INFO] [1790611459.291291404] [amir1.gripper_controller]: Received & accepted new action goal
[ign gazebo-1] [INFO] [1790611459.291366383] [amir2.gripper_controller]: Received & accepted new action goal
[coordinator-37] [INFO] [1790611459.639630224] [cooperative_coordinator]: Payload goal: x=0.526, y=-0.080, yaw=0.520
[ign gazebo-1] [INFO] [1790611459.758405509] [amir2.gripper_controller]: Received & accepted new action goal
[ign gazebo-1] [INFO] [1790611459.758463799] [amir1.gripper_controller]: Received & accepted new action goal
[ign gazebo-1] [INFO] [1790611460.194728650] [amir2.gripper_controller]: Received & accepted new action goal
[ign gazebo-1] [INFO] [1790611460.194729425] [amir1.gripper_controller]: Received & accepted new action goal
[ign gazebo-1] [INFO] [1790611460.400841035] [amir1.gripper_controller]: Received & accepted new action goal
[ign gazebo-1] [INFO] [1790611460.400908923] [amir2.gripper_controller]: Received & accepted new action goal
[coordinator-37] [INFO] [1790611460.653151319] [cooperative_coordinator]: Payload goal: x=0.526, y=-0.080, yaw=0.520
[ign gazebo-1] [INFO] [1790611460.855361591] [amir2.gripper_controller]: Received & accepted new action goal
[ign gazebo-1] [INFO] [1790611460.855385146] [amir1.gripper_controller]: Received & accepted new action goal
[ign gazebo-1] [INFO] [1790611461.337523964] [amir2.gripper_controller]: Received & accepted new action goal
[ign gazebo-1] [INFO] [1790611461.337525332] [amir1.gripper_controller]: Received & accepted new action goal
[ign gazebo-1] [INFO] [1790611461.512365593] [amir1.gripper_controller]: Received & accepted new action goal
[ign gazebo-1] [INFO] [1790611461.512393407] [amir2.gripper_controller]: Received & accepted new action goal
[coordinator-37] [INFO] [1790611461.668902135] [cooperative_coordinator]: Payload goal: x=0.526, y=-0.080, yaw=0.520
[ign gazebo-1] [INFO] [1790611461.903145714] [amir1.gripper_controller]: Received & accepted new action goal
[ign gazebo-1] [INFO] [1790611461.903146528] [amir2.gripper_controller]: Received & accepted new action goal
[ign gazebo-1] [INFO] [1790611462.340659130] [amir1.gripper_controller]: Received & accepted new action goal
[ign gazebo-1] [INFO] [1790611462.340860734] [amir2.gripper_controller]: Received & accepted new action goal
[ign gazebo-1] [INFO] [1790611462.551827895] [amir1.gripper_controller]: Received & accepted new action goal
[ign gazebo-1] [INFO] [1790611462.551876395] [amir2.gripper_controller]: Received & accepted new action goal
[coordinator-37] [INFO] [1790611462.671873764] [cooperative_coordinator]: Payload goal: x=0.526, y=-0.080, yaw=0.520
[ign gazebo-1] [INFO] [1790611462.981093513] [amir1.gripper_controller]: Received & accepted new action goal
[ign gazebo-1] [INFO] [1790611462.981137843] [amir2.gripper_controller]: Received & accepted new action goal
[ign gazebo-1] [INFO] [1790611463.428352033] [amir1.gripper_controller]: Received & accepted new action goal
[ign gazebo-1] [INFO] [1790611463.428358895] [amir2.gripper_controller]: Received & accepted new action goal
[ign gazebo-1] [INFO] [1790611463.647824558] [amir1.gripper_controller]: Received & accepted new action goal
[ign gazebo-1] [INFO] [1790611463.648106265] [amir2.gripper_controller]: Received & accepted new action goal
[coordinator-37] [INFO] [1790611463.679046576] [cooperative_coordinator]: Payload goal: x=0.526, y=-0.080, yaw=0.520
[ign gazebo-1] [INFO] [1790611463.989010763] [amir1.gripper_controller]: Received & accepted new action goal
[ign gazebo-1] [INFO] [1790611463.989357087] [amir2.gripper_controller]: Received & accepted new action goal
[ign gazebo-1] [INFO] [1790611464.302106360] [amir1.gripper_controller]: Received & accepted new action goal
[ign gazebo-1] [INFO] [1790611464.302345304] [amir2.gripper_controller]: Received & accepted new action goal
[ign gazebo-1] [INFO] [1790611464.481863442] [amir1.gripper_controller]: Received & accepted new action goal
[ign gazebo-1] [INFO] [1790611464.481881610] [amir2.gripper_controller]: Received & accepted new action goal
[coordinator-37] [INFO] [1790611464.683806684] [cooperative_coordinator]: Payload goal: x=0.533, y=-0.092, yaw=0.520
[ign gazebo-1] [INFO] [1790611464.899523295] [amir1.gripper_controller]: Received & accepted new action goal
[ign gazebo-1] [INFO] [1790611464.899747808] [amir2.gripper_controller]: Received & accepted new action goal
[ign gazebo-1] [INFO] [1790611465.371765164] [amir1.gripper_controller]: Received & accepted new action goal
[ign gazebo-1] [INFO] [1790611465.371913339] [amir2.gripper_controller]: Received & accepted new action goal
[ign gazebo-1] [INFO] [1790611465.596276138] [amir2.gripper_controller]: Received & accepted new action goal
[ign gazebo-1] [INFO] [1790611465.596302353] [amir1.gripper_controller]: Received & accepted new action goal
[coordinator-37] [INFO] [1790611465.712496678] [cooperative_coordinator]: Payload goal: x=0.538, y=-0.100, yaw=0.520
[ign gazebo-1] [INFO] [1790611466.070663100] [amir1.gripper_controller]: Received & accepted new action goal
[ign gazebo-1] [INFO] [1790611466.070796251] [amir2.gripper_controller]: Received & accepted new action goal
[ign gazebo-1] [INFO] [1790611466.501529708] [amir1.gripper_controller]: Received & accepted new action goal
[ign gazebo-1] [INFO] [1790611466.501622700] [amir2.gripper_controller]: Received & accepted new action goal
[ign gazebo-1] [INFO] [1790611466.710886490] [amir2.gripper_controller]: Received & accepted new action goal
[ign gazebo-1] [INFO] [1790611466.710952541] [amir1.gripper_controller]: Received & accepted new action goal
[coordinator-37] [INFO] [1790611466.735856908] [cooperative_coordinator]: Payload goal: x=0.538, y=-0.100, yaw=0.520
[ign gazebo-1] [INFO] [1790611467.047816328] [amir1.gripper_controller]: Received & accepted new action goal
[ign gazebo-1] [INFO] [1790611467.047857349] [amir2.gripper_controller]: Received & accepted new action goal
[ign gazebo-1] [INFO] [1790611467.508532032] [amir1.gripper_controller]: Received & accepted new action goal
[ign gazebo-1] [INFO] [1790611467.508670026] [amir2.gripper_controller]: Received & accepted new action goal
[ign gazebo-1] [INFO] [1790611467.708869903] [amir1.gripper_controller]: Received & accepted new action goal
[ign gazebo-1] [INFO] [1790611467.709021519] [amir2.gripper_controller]: Received & accepted new action goal
[coordinator-37] [INFO] [1790611467.745278061] [cooperative_coordinator]: Payload goal: x=0.538, y=-0.100, yaw=0.520
[ign gazebo-1] [INFO] [1790611468.107166689] [amir1.gripper_controller]: Received & accepted new action goal
[ign gazebo-1] [INFO] [1790611468.107280957] [amir2.gripper_controller]: Received & accepted new action goal
[ign gazebo-1] [INFO] [1790611468.518383636] [amir1.gripper_controller]: Received & accepted new action goal
[ign gazebo-1] [INFO] [1790611468.518530367] [amir2.gripper_controller]: Received & accepted new action goal
[ign gazebo-1] [INFO] [1790611468.722011643] [amir1.gripper_controller]: Received & accepted new action goal
[ign gazebo-1] [INFO] [1790611468.722087435] [amir2.gripper_controller]: Received & accepted new action goal
[coordinator-37] [INFO] [1790611468.752406302] [cooperative_coordinator]: Payload goal: x=0.538, y=-0.100, yaw=0.520
[ign gazebo-1] [INFO] [1790611469.043230609] [amir2.gripper_controller]: Received & accepted new action goal
[ign gazebo-1] [INFO] [1790611469.043294471] [amir1.gripper_controller]: Received & accepted new action goal
[ign gazebo-1] [INFO] [1790611469.469823815] [amir2.gripper_controller]: Received & accepted new action goal
[ign gazebo-1] [INFO] [1790611469.469870931] [amir1.gripper_controller]: Received & accepted new action goal
[ign gazebo-1] [INFO] [1790611469.691901680] [amir1.gripper_controller]: Received & accepted new action goal
[ign gazebo-1] [INFO] [1790611469.692385191] [amir2.gripper_controller]: Received & accepted new action goal
[coordinator-37] [INFO] [1790611469.767014303] [cooperative_coordinator]: Payload goal: x=0.538, y=-0.100, yaw=0.520
[ign gazebo-1] [INFO] [1790611470.152114221] [amir1.gripper_controller]: Received & accepted new action goal
[ign gazebo-1] [INFO] [1790611470.152157336] [amir2.gripper_controller]: Received & accepted new action goal
[ign gazebo-1] [INFO] [1790611470.527765221] [amir1.gripper_controller]: Received & accepted new action goal
[ign gazebo-1] [INFO] [1790611470.527829553] [amir2.gripper_controller]: Received & accepted new action goal
[ign gazebo-1] [INFO] [1790611470.731383757] [amir1.gripper_controller]: Received & accepted new action goal
[ign gazebo-1] [INFO] [1790611470.731420748] [amir2.gripper_controller]: Received & accepted new action goal
[coordinator-37] [INFO] [1790611470.767130572] [cooperative_coordinator]: Payload goal: x=0.543, y=-0.109, yaw=0.520
[ign gazebo-1] [INFO] [1790611471.165366369] [amir1.gripper_controller]: Received & accepted new action goal
[ign gazebo-1] [INFO] [1790611471.165662766] [amir2.gripper_controller]: Received & accepted new action goal
[ign gazebo-1] [INFO] [1790611471.605124943] [amir1.gripper_controller]: Received & accepted new action goal
[ign gazebo-1] [INFO] [1790611471.605242523] [amir2.gripper_controller]: Received & accepted new action goal
[ign gazebo-1] [INFO] [1790611471.762923516] [amir2.gripper_controller]: Received & accepted new action goal
[ign gazebo-1] [INFO] [1790611471.762939624] [amir1.gripper_controller]: Received & accepted new action goal
[coordinator-37] [INFO] [1790611471.784657957] [cooperative_coordinator]: Payload goal: x=0.550, y=-0.121, yaw=0.520
[ign gazebo-1] [INFO] [1790611472.139411153] [amir1.gripper_controller]: Received & accepted new action goal
[ign gazebo-1] [INFO] [1790611472.139570095] [amir2.gripper_controller]: Received & accepted new action goal
[ign gazebo-1] [INFO] [1790611472.448230790] [amir1.gripper_controller]: Received & accepted new action goal
[ign gazebo-1] [INFO] [1790611472.448246845] [amir2.gripper_controller]: Received & accepted new action goal
[ign gazebo-1] [INFO] [1790611472.595238746] [amir2.gripper_controller]: Received & accepted new action goal
[coordinator-37] [INFO] [1790611472.787710612] [cooperative_coordinator]: Payload goal: x=0.550, y=-0.121, yaw=0.520
[ign gazebo-1] [INFO] [1790611472.854111712] [amir1.gripper_controller]: Received & accepted new action goal
[friction_grasp_manager-32] [WARN] [1790611472.854715955] [friction_grasp_manager]: amir2 finger force above 26.0 N; backing off.
[ign gazebo-1] [INFO] [1790611472.854953478] [amir2.gripper_controller]: Received & accepted new action goal
[ign gazebo-1] [INFO] [1790611473.220830913] [amir1.gripper_controller]: Received & accepted new action goal
[ign gazebo-1] [INFO] [1790611473.220963735] [amir2.gripper_controller]: Received & accepted new action goal
[ign gazebo-1] [INFO] [1790611473.423030879] [amir1.gripper_controller]: Received & accepted new action goal
[ign gazebo-1] [INFO] [1790611473.423122322] [amir2.gripper_controller]: Received & accepted new action goal
[ign gazebo-1] [INFO] [1790611473.669986540] [amir1.gripper_controller]: Received & accepted new action goal
[ign gazebo-1] [INFO] [1790611473.670163818] [amir2.gripper_controller]: Received & accepted new action goal
[coordinator-37] [INFO] [1790611473.794649985] [cooperative_coordinator]: Payload goal: x=0.550, y=-0.121, yaw=0.520
[ign gazebo-1] [INFO] [1790611474.075834731] [amir1.gripper_controller]: Received & accepted new action goal
[ign gazebo-1] [INFO] [1790611474.075940741] [amir2.gripper_controller]: Received & accepted new action goal
[ign gazebo-1] [INFO] [1790611474.318998285] [amir1.gripper_controller]: Received & accepted new action goal
[ign gazebo-1] [INFO] [1790611474.319026385] [amir2.gripper_controller]: Received & accepted new action goal
[ign gazebo-1] [INFO] [1790611474.798355151] [amir1.gripper_controller]: Received & accepted new action goal
[ign gazebo-1] [INFO] [1790611474.798473639] [amir2.gripper_controller]: Received & accepted new action goal
[coordinator-37] [INFO] [1790611474.799880467] [cooperative_coordinator]: Payload goal: x=0.550, y=-0.121, yaw=0.520
[ign gazebo-1] [INFO] [1790611475.246977414] [amir2.gripper_controller]: Received & accepted new action goal
[ign gazebo-1] [INFO] [1790611475.247007748] [amir1.gripper_controller]: Received & accepted new action goal
[ign gazebo-1] [INFO] [1790611475.483269524] [amir1.gripper_controller]: Received & accepted new action goal
[ign gazebo-1] [INFO] [1790611475.483853174] [amir2.gripper_controller]: Received & accepted new action goal
[coordinator-37] [INFO] [1790611475.802746269] [cooperative_coordinator]: Payload goal: x=0.550, y=-0.121, yaw=0.520
[ign gazebo-1] [INFO] [1790611475.901843438] [amir1.gripper_controller]: Received & accepted new action goal
[ign gazebo-1] [INFO] [1790611475.901964211] [amir2.gripper_controller]: Received & accepted new action goal
[ign gazebo-1] [INFO] [1790611476.172661371] [amir1.gripper_controller]: Received & accepted new action goal
[ign gazebo-1] [INFO] [1790611476.172715320] [amir2.gripper_controller]: Received & accepted new action goal
[ign gazebo-1] [INFO] [1790611476.318657761] [amir1.gripper_controller]: Received & accepted new action goal
[ign gazebo-1] [INFO] [1790611476.318812317] [amir2.gripper_controller]: Received & accepted new action goal
[ign gazebo-1] [INFO] [1790611476.673732388] [amir2.gripper_controller]: Received & accepted new action goal
[ign gazebo-1] [INFO] [1790611476.673761227] [amir1.gripper_controller]: Received & accepted new action goal
[coordinator-37] [INFO] [1790611476.809953536] [cooperative_coordinator]: Payload goal: x=0.562, y=-0.142, yaw=0.520
[ign gazebo-1] [INFO] [1790611477.083981425] [amir1.gripper_controller]: Received & accepted new action goal
[ign gazebo-1] [INFO] [1790611477.084081142] [amir2.gripper_controller]: Received & accepted new action goal
[ign gazebo-1] [INFO] [1790611477.302579255] [amir2.gripper_controller]: Received & accepted new action goal
[ign gazebo-1] [INFO] [1790611477.303177338] [amir1.gripper_controller]: Received & accepted new action goal
[ign gazebo-1] [INFO] [1790611477.719751239] [amir1.gripper_controller]: Received & accepted new action goal
[ign gazebo-1] [INFO] [1790611477.719796506] [amir2.gripper_controller]: Received & accepted new action goal
[coordinator-37] [INFO] [1790611477.834129784] [cooperative_coordinator]: Payload goal: x=0.562, y=-0.142, yaw=0.520
[ign gazebo-1] [INFO] [1790611478.133574859] [amir1.gripper_controller]: Received & accepted new action goal
[ign gazebo-1] [INFO] [1790611478.133853923] [amir2.gripper_controller]: Received & accepted new action goal
[ign gazebo-1] [INFO] [1790611478.314416605] [amir1.gripper_controller]: Received & accepted new action goal
[ign gazebo-1] [INFO] [1790611478.314569614] [amir2.gripper_controller]: Received & accepted new action goal
[ign gazebo-1] [INFO] [1790611478.714853424] [amir1.gripper_controller]: Received & accepted new action goal
[ign gazebo-1] [INFO] [1790611478.715103439] [amir2.gripper_controller]: Received & accepted new action goal
[coordinator-37] [INFO] [1790611478.843635335] [cooperative_coordinator]: Payload goal: x=0.562, y=-0.142, yaw=0.520
[ign gazebo-1] [INFO] [1790611479.144350993] [amir1.gripper_controller]: Received & accepted new action goal
[ign gazebo-1] [INFO] [1790611479.144476500] [amir2.gripper_controller]: Received & accepted new action goal
[ign gazebo-1] [INFO] [1790611479.333466076] [amir1.gripper_controller]: Received & accepted new action goal
[ign gazebo-1] [INFO] [1790611479.333625260] [amir2.gripper_controller]: Received & accepted new action goal
[ign gazebo-1] [INFO] [1790611479.768459866] [amir2.gripper_controller]: Received & accepted new action goal
[ign gazebo-1] [INFO] [1790611479.768591764] [amir1.gripper_controller]: Received & accepted new action goal
[coordinator-37] [INFO] [1790611479.855969402] [cooperative_coordinator]: Payload goal: x=0.562, y=-0.142, yaw=0.520
[ign gazebo-1] [INFO] [1790611480.205994172] [amir1.gripper_controller]: Received & accepted new action goal
[ign gazebo-1] [INFO] [1790611480.206134644] [amir2.gripper_controller]: Received & accepted new action goal
[ign gazebo-1] [INFO] [1790611480.372664602] [amir1.gripper_controller]: Received & accepted new action goal
[ign gazebo-1] [INFO] [1790611480.372740021] [amir2.gripper_controller]: Received & accepted new action goal
[ign gazebo-1] [INFO] [1790611480.754468749] [amir1.gripper_controller]: Received & accepted new action goal
[ign gazebo-1] [INFO] [1790611480.754550276] [amir2.gripper_controller]: Received & accepted new action goal
[coordinator-37] [INFO] [1790611480.870771633] [cooperative_coordinator]: Payload goal: x=0.562, y=-0.142, yaw=0.520
[ign gazebo-1] [INFO] [1790611481.115098081] [amir1.gripper_controller]: Received & accepted new action goal
[ign gazebo-1] [INFO] [1790611481.115382586] [amir2.gripper_controller]: Received & accepted new action goal
[ign gazebo-1] [INFO] [1790611481.300781348] [amir1.gripper_controller]: Received & accepted new action goal
[ign gazebo-1] [INFO] [1790611481.300879832] [amir2.gripper_controller]: Received & accepted new action goal
[ign gazebo-1] [INFO] [1790611481.668264303] [amir1.gripper_controller]: Received & accepted new action goal
[ign gazebo-1] [INFO] [1790611481.668395486] [amir2.gripper_controller]: Received & accepted new action goal
[coordinator-37] [INFO] [1790611481.874304733] [cooperative_coordinator]: Payload goal: x=0.563, y=-0.143, yaw=0.520
[ign gazebo-1] [INFO] [1790611482.088147514] [amir1.gripper_controller]: Received & accepted new action goal
[ign gazebo-1] [INFO] [1790611482.088368393] [amir2.gripper_controller]: Received & accepted new action goal
[ign gazebo-1] [INFO] [1790611482.333021128] [amir1.gripper_controller]: Received & accepted new action goal
[ign gazebo-1] [INFO] [1790611482.333148681] [amir2.gripper_controller]: Received & accepted new action goal
[ign gazebo-1] [INFO] [1790611482.796772736] [amir1.gripper_controller]: Received & accepted new action goal
[ign gazebo-1] [INFO] [1790611482.796869422] [amir2.gripper_controller]: Received & accepted new action goal
[coordinator-37] [INFO] [1790611482.876826657] [cooperative_coordinator]: Payload goal: x=0.574, y=-0.162, yaw=0.520
[ign gazebo-1] [INFO] [1790611483.224725680] [amir1.gripper_controller]: Received & accepted new action goal
[ign gazebo-1] [INFO] [1790611483.224771432] [amir2.gripper_controller]: Received & accepted new action goal
[ign gazebo-1] [INFO] [1790611483.430434980] [amir1.gripper_controller]: Received & accepted new action goal
[ign gazebo-1] [INFO] [1790611483.430601851] [amir2.gripper_controller]: Received & accepted new action goal
[ign gazebo-1] [INFO] [1790611483.775389918] [amir1.gripper_controller]: Received & accepted new action goal
[ign gazebo-1] [INFO] [1790611483.775606263] [amir2.gripper_controller]: Received & accepted new action goal
[coordinator-37] [INFO] [1790611483.886293649] [cooperative_coordinator]: Payload goal: x=0.574, y=-0.163, yaw=0.520
[ign gazebo-1] [INFO] [1790611484.210107084] [amir1.gripper_controller]: Received & accepted new action goal
[ign gazebo-1] [INFO] [1790611484.210128622] [amir2.gripper_controller]: Received & accepted new action goal
[ign gazebo-1] [INFO] [1790611484.426806373] [amir1.gripper_controller]: Received & accepted new action goal
[ign gazebo-1] [INFO] [1790611484.426932319] [amir2.gripper_controller]: Received & accepted new action goal
[ign gazebo-1] [INFO] [1790611484.843691603] [amir2.gripper_controller]: Received & accepted new action goal
[ign gazebo-1] [INFO] [1790611484.843705362] [amir1.gripper_controller]: Received & accepted new action goal
[coordinator-37] [INFO] [1790611484.902072840] [cooperative_coordinator]: Payload goal: x=0.574, y=-0.163, yaw=0.520
[ign gazebo-1] [INFO] [1790611485.232213197] [amir2.gripper_controller]: Received & accepted new action goal
[ign gazebo-1] [INFO] [1790611485.479362577] [amir1.gripper_controller]: Received & accepted new action goal
[ign gazebo-1] [INFO] [1790611485.479435238] [amir2.gripper_controller]: Received & accepted new action goal
[ign gazebo-1] [INFO] [1790611485.879050250] [amir1.gripper_controller]: Received & accepted new action goal
[ign gazebo-1] [INFO] [1790611485.879153612] [amir2.gripper_controller]: Received & accepted new action goal
[coordinator-37] [INFO] [1790611485.910294743] [cooperative_coordinator]: Payload goal: x=0.574, y=-0.163, yaw=0.520
[ign gazebo-1] [INFO] [1790611486.235721096] [amir2.gripper_controller]: Received & accepted new action goal
[ign gazebo-1] [INFO] [1790611486.235776607] [amir1.gripper_controller]: Received & accepted new action goal
[ign gazebo-1] [INFO] [1790611486.403524014] [amir2.gripper_controller]: Received & accepted new action goal
[ign gazebo-1] [INFO] [1790611486.403523851] [amir1.gripper_controller]: Received & accepted new action goal
[friction_grasp_manager-32] [WARN] [1790611486.678166545] [friction_grasp_manager]: amir1 finger force above 26.0 N; backing off.
[ign gazebo-1] [INFO] [1790611486.678400572] [amir1.gripper_controller]: Received & accepted new action goal
[ign gazebo-1] [INFO] [1790611486.678455677] [amir2.gripper_controller]: Received & accepted new action goal
[ign gazebo-1] [INFO] [1790611486.907432600] [amir1.gripper_controller]: Received & accepted new action goal
[coordinator-37] [INFO] [1790611486.921205415] [cooperative_coordinator]: Payload goal: x=0.574, y=-0.163, yaw=0.520
[ign gazebo-1] [INFO] [1790611487.063407540] [amir2.gripper_controller]: Received & accepted new action goal
[ign gazebo-1] [INFO] [1790611487.398550438] [amir1.gripper_controller]: Received & accepted new action goal
[ign gazebo-1] [INFO] [1790611487.727494568] [amir1.gripper_controller]: Received & accepted new action goal
[coordinator-37] [INFO] [1790611487.930977357] [cooperative_coordinator]: Payload goal: x=0.581, y=-0.175, yaw=0.520
[ign gazebo-1] [INFO] [1790611488.218720876] [amir2.gripper_controller]: Received & accepted new action goal
[ign gazebo-1] [INFO] [1790611488.485314467] [amir1.gripper_controller]: Received & accepted new action goal
[ign gazebo-1] [INFO] [1790611488.485397927] [amir2.gripper_controller]: Received & accepted new action goal
[ign gazebo-1] [INFO] [1790611488.661614962] [amir2.gripper_controller]: Received & accepted new action goal
[coordinator-37] [INFO] [1790611488.954396200] [cooperative_coordinator]: Payload goal: x=0.586, y=-0.184, yaw=0.520
[ign gazebo-1] [INFO] [1790611489.094667694] [amir1.gripper_controller]: Received & accepted new action goal
[ign gazebo-1] [INFO] [1790611489.443479639] [amir2.gripper_controller]: Received & accepted new action goal
[coordinator-37] [INFO] [1790611489.959252785] [cooperative_coordinator]: Payload goal: x=0.586, y=-0.184, yaw=0.520
[ign gazebo-1] [INFO] [1790611490.064562855] [amir1.gripper_controller]: Received & accepted new action goal
[ign gazebo-1] [INFO] [1790611490.064610359] [amir2.gripper_controller]: Received & accepted new action goal
[ign gazebo-1] [INFO] [1790611490.565521263] [amir1.gripper_controller]: Received & accepted new action goal
[ign gazebo-1] [INFO] [1790611490.971847123] [amir1.gripper_controller]: Received & accepted new action goal
[ign gazebo-1] [INFO] [1790611490.972343549] [amir2.gripper_controller]: Received & accepted new action goal
[coordinator-37] [INFO] [1790611490.973862379] [cooperative_coordinator]: Payload goal: x=0.586, y=-0.184, yaw=0.520
[ign gazebo-1] [INFO] [1790611491.398719450] [amir1.gripper_controller]: Received & accepted new action goal
[ign gazebo-1] [INFO] [1790611491.398771783] [amir2.gripper_controller]: Received & accepted new action goal
[ign gazebo-1] [INFO] [1790611491.581854952] [amir2.gripper_controller]: Received & accepted new action goal
[ign gazebo-1] [INFO] [1790611491.972667658] [amir1.gripper_controller]: Received & accepted new action goal
[ign gazebo-1] [INFO] [1790611491.972879281] [amir2.gripper_controller]: Received & accepted new action goal
[coordinator-37] [INFO] [1790611491.998527378] [cooperative_coordinator]: Payload goal: x=0.586, y=-0.184, yaw=0.520
[ign gazebo-1] [INFO] [1790611492.645533639] [amir1.gripper_controller]: Received & accepted new action goal
[ign gazebo-1] [INFO] [1790611492.645657324] [amir2.gripper_controller]: Received & accepted new action goal
[coordinator-37] [INFO] [1790611493.014826448] [cooperative_coordinator]: Payload goal: x=0.586, y=-0.184, yaw=0.520
[ign gazebo-1] [INFO] [1790611493.057463743] [amir2.gripper_controller]: Received & accepted new action goal
[ign gazebo-1] [INFO] [1790611493.057531713] [amir1.gripper_controller]: Received & accepted new action goal
[ign gazebo-1] [INFO] [1790611493.466209438] [amir1.gripper_controller]: Received & accepted new action goal
[ign gazebo-1] [INFO] [1790611493.466386088] [amir2.gripper_controller]: Received & accepted new action goal
[ign gazebo-1] [INFO] [1790611493.632823361] [amir1.gripper_controller]: Received & accepted new action goal
[ign gazebo-1] [INFO] [1790611493.632925204] [amir2.gripper_controller]: Received & accepted new action goal
[ign gazebo-1] [INFO] [1790611493.911432348] [amir2.gripper_controller]: Received & accepted new action goal
[coordinator-37] [INFO] [1790611494.016449262] [cooperative_coordinator]: Payload goal: x=0.598, y=-0.205, yaw=0.520
[ign gazebo-1] [INFO] [1790611494.342013846] [amir1.gripper_controller]: Received & accepted new action goal
[ign gazebo-1] [INFO] [1790611494.342081469] [amir2.gripper_controller]: Received & accepted new action goal
[ign gazebo-1] [INFO] [1790611494.508463764] [amir1.gripper_controller]: Received & accepted new action goal
[ign gazebo-1] [INFO] [1790611494.508743482] [amir2.gripper_controller]: Received & accepted new action goal
[ign gazebo-1] [INFO] [1790611495.007430437] [amir1.gripper_controller]: Received & accepted new action goal
[ign gazebo-1] [INFO] [1790611495.007552243] [amir2.gripper_controller]: Received & accepted new action goal
[coordinator-37] [INFO] [1790611495.032208048] [cooperative_coordinator]: Payload goal: x=0.598, y=-0.205, yaw=0.520
[ign gazebo-1] [INFO] [1790611495.483358104] [amir1.gripper_controller]: Received & accepted new action goal
[ign gazebo-1] [INFO] [1790611495.483388257] [amir2.gripper_controller]: Received & accepted new action goal
[ign gazebo-1] [INFO] [1790611495.708776438] [amir1.gripper_controller]: Received & accepted new action goal
[ign gazebo-1] [INFO] [1790611495.708901994] [amir2.gripper_controller]: Received & accepted new action goal
[coordinator-37] [INFO] [1790611496.034495216] [cooperative_coordinator]: Payload goal: x=0.598, y=-0.205, yaw=0.520
[ign gazebo-1] [INFO] [1790611496.114488573] [amir1.gripper_controller]: Received & accepted new action goal
[ign gazebo-1] [INFO] [1790611496.114632223] [amir2.gripper_controller]: Received & accepted new action goal
[ign gazebo-1] [INFO] [1790611496.434203978] [amir1.gripper_controller]: Received & accepted new action goal
[ign gazebo-1] [INFO] [1790611496.434316051] [amir2.gripper_controller]: Received & accepted new action goal
[friction_grasp_manager-32] [WARN] [1790611496.547371226] [friction_grasp_manager]: amir2 finger force above 26.0 N; backing off.
[ign gazebo-1] [INFO] [1790611496.547603712] [amir2.gripper_controller]: Received & accepted new action goal
[ign gazebo-1] [INFO] [1790611496.918691927] [amir1.gripper_controller]: Received & accepted new action goal
[ign gazebo-1] [INFO] [1790611496.918773936] [amir2.gripper_controller]: Received & accepted new action goal
[coordinator-37] [INFO] [1790611497.048788604] [cooperative_coordinator]: Payload goal: x=0.598, y=-0.205, yaw=0.520
[ign gazebo-1] [INFO] [1790611497.269538631] [amir2.gripper_controller]: Received & accepted new action goal
[ign gazebo-1] [INFO] [1790611497.413141812] [amir2.gripper_controller]: Received & accepted new action goal
[ign gazebo-1] [INFO] [1790611497.645943634] [amir1.gripper_controller]: Received & accepted new action goal
[ign gazebo-1] [INFO] [1790611497.645963415] [amir2.gripper_controller]: Received & accepted new action goal
[ign gazebo-1] [INFO] [1790611497.988559812] [amir1.gripper_controller]: Received & accepted new action goal
[ign gazebo-1] [INFO] [1790611497.988788084] [amir2.gripper_controller]: Received & accepted new action goal
[coordinator-37] [INFO] [1790611498.062474818] [cooperative_coordinator]: Payload goal: x=0.598, y=-0.205, yaw=0.520
[ign gazebo-1] [INFO] [1790611498.173085852] [amir1.gripper_controller]: Received & accepted new action goal
[ign gazebo-1] [INFO] [1790611498.173114888] [amir2.gripper_controller]: Received & accepted new action goal
[ign gazebo-1] [INFO] [1790611498.570029402] [amir1.gripper_controller]: Received & accepted new action goal
[ign gazebo-1] [INFO] [1790611498.570208898] [amir2.gripper_controller]: Received & accepted new action goal
[ign gazebo-1] [INFO] [1790611498.933869819] [amir1.gripper_controller]: Received & accepted new action goal
[coordinator-37] [INFO] [1790611499.065473996] [cooperative_coordinator]: Payload goal: x=0.605, y=-0.217, yaw=0.520
[ign gazebo-1] [INFO] [1790611499.098503655] [amir1.gripper_controller]: Received & accepted new action goal
[ign gazebo-1] [INFO] [1790611499.098504793] [amir2.gripper_controller]: Received & accepted new action goal
[ign gazebo-1] [INFO] [1790611499.368521288] [amir1.gripper_controller]: Received & accepted new action goal
[ign gazebo-1] [INFO] [1790611499.368558681] [amir2.gripper_controller]: Received & accepted new action goal
[ign gazebo-1] [INFO] [1790611499.944722812] [amir2.gripper_controller]: Received & accepted new action goal
[ign gazebo-1] [INFO] [1790611499.944821310] [amir1.gripper_controller]: Received & accepted new action goal
[coordinator-37] [INFO] [1790611500.081555734] [cooperative_coordinator]: Payload goal: x=0.610, y=-0.226, yaw=0.520
[ign gazebo-1] [INFO] [1790611500.360979138] [amir1.gripper_controller]: Received & accepted new action goal
[ign gazebo-1] [INFO] [1790611500.361092198] [amir2.gripper_controller]: Received & accepted new action goal
[ign gazebo-1] [INFO] [1790611500.819419637] [amir1.gripper_controller]: Received & accepted new action goal
[ign gazebo-1] [INFO] [1790611500.819664981] [amir2.gripper_controller]: Received & accepted new action goal
[ign gazebo-1] [INFO] [1790611501.016349963] [amir1.gripper_controller]: Received & accepted new action goal
[ign gazebo-1] [INFO] [1790611501.016474768] [amir2.gripper_controller]: Received & accepted new action goal
[coordinator-37] [INFO] [1790611501.086538276] [cooperative_coordinator]: Payload goal: x=0.610, y=-0.226, yaw=0.520
[ign gazebo-1] [INFO] [1790611501.450129487] [amir1.gripper_controller]: Received & accepted new action goal
[ign gazebo-1] [INFO] [1790611501.450169680] [amir2.gripper_controller]: Received & accepted new action goal
[ign gazebo-1] [INFO] [1790611501.854026671] [amir1.gripper_controller]: Received & accepted new action goal
[ign gazebo-1] [INFO] [1790611501.854050921] [amir2.gripper_controller]: Received & accepted new action goal
[ign gazebo-1] [INFO] [1790611502.056937085] [amir1.gripper_controller]: Received & accepted new action goal
[ign gazebo-1] [INFO] [1790611502.057046308] [amir2.gripper_controller]: Received & accepted new action goal
[coordinator-37] [INFO] [1790611502.089293127] [cooperative_coordinator]: Payload goal: x=0.610, y=-0.226, yaw=0.520
[ign gazebo-1] [INFO] [1790611502.360347292] [amir1.gripper_controller]: Received & accepted new action goal
[ign gazebo-1] [INFO] [1790611502.360410681] [amir2.gripper_controller]: Received & accepted new action goal
[ign gazebo-1] [INFO] [1790611502.642803303] [amir1.gripper_controller]: Received & accepted new action goal
[ign gazebo-1] [INFO] [1790611502.642855947] [amir2.gripper_controller]: Received & accepted new action goal
[ign gazebo-1] [INFO] [1790611502.816750005] [amir2.gripper_controller]: Received & accepted new action goal
[coordinator-37] [INFO] [1790611503.093712978] [cooperative_coordinator]: Payload goal: x=0.610, y=-0.226, yaw=0.520
[ign gazebo-1] [INFO] [1790611503.225372782] [amir1.gripper_controller]: Received & accepted new action goal
[ign gazebo-1] [INFO] [1790611503.225445100] [amir2.gripper_controller]: Received & accepted new action goal
[ign gazebo-1] [INFO] [1790611503.664243930] [amir1.gripper_controller]: Received & accepted new action goal
[ign gazebo-1] [INFO] [1790611503.664385417] [amir2.gripper_controller]: Received & accepted new action goal
[ign gazebo-1] [INFO] [1790611503.904526798] [amir1.gripper_controller]: Received & accepted new action goal
[ign gazebo-1] [INFO] [1790611503.904735234] [amir2.gripper_controller]: Received & accepted new action goal
[coordinator-37] [INFO] [1790611504.100814164] [cooperative_coordinator]: Payload goal: x=0.610, y=-0.226, yaw=0.520
[ign gazebo-1] [INFO] [1790611504.345495022] [amir2.gripper_controller]: Received & accepted new action goal
[ign gazebo-1] [INFO] [1790611504.345572751] [amir1.gripper_controller]: Received & accepted new action goal
[ign gazebo-1] [INFO] [1790611504.776894121] [amir1.gripper_controller]: Received & accepted new action goal
[ign gazebo-1] [INFO] [1790611504.776977636] [amir2.gripper_controller]: Received & accepted new action goal
[ign gazebo-1] [INFO] [1790611504.982184790] [amir1.gripper_controller]: Received & accepted new action goal
[ign gazebo-1] [INFO] [1790611504.982317369] [amir2.gripper_controller]: Received & accepted new action goal
[coordinator-37] [INFO] [1790611505.108529535] [cooperative_coordinator]: Payload goal: x=0.618, y=-0.239, yaw=0.520
[ign gazebo-1] [INFO] [1790611505.321943326] [amir1.gripper_controller]: Received & accepted new action goal
[ign gazebo-1] [INFO] [1790611505.322059190] [amir2.gripper_controller]: Received & accepted new action goal
[ign gazebo-1] [INFO] [1790611505.603924075] [amir2.gripper_controller]: Received & accepted new action goal
[ign gazebo-1] [INFO] [1790611505.603923877] [amir1.gripper_controller]: Received & accepted new action goal
[ign gazebo-1] [INFO] [1790611505.721679604] [amir1.gripper_controller]: Received & accepted new action goal
[ign gazebo-1] [INFO] [1790611505.721819923] [amir2.gripper_controller]: Received & accepted new action goal
[ign gazebo-1] [INFO] [1790611506.053461495] [amir1.gripper_controller]: Received & accepted new action goal
[ign gazebo-1] [INFO] [1790611506.053529756] [amir2.gripper_controller]: Received & accepted new action goal
[coordinator-37] [INFO] [1790611506.111131925] [cooperative_coordinator]: Payload goal: x=0.624, y=-0.249, yaw=0.520
[ign gazebo-1] [INFO] [1790611506.458351087] [amir1.gripper_controller]: Received & accepted new action goal
[ign gazebo-1] [INFO] [1790611506.458426006] [amir2.gripper_controller]: Received & accepted new action goal
[ign gazebo-1] [INFO] [1790611506.666657275] [amir1.gripper_controller]: Received & accepted new action goal
[ign gazebo-1] [INFO] [1790611506.666758772] [amir2.gripper_controller]: Received & accepted new action goal
[ign gazebo-1] [INFO] [1790611507.080813120] [amir1.gripper_controller]: Received & accepted new action goal
[ign gazebo-1] [INFO] [1790611507.080920685] [amir2.gripper_controller]: Received & accepted new action goal
[coordinator-37] [INFO] [1790611507.117387510] [cooperative_coordinator]: Payload goal: x=0.624, y=-0.249, yaw=0.520
[ign gazebo-1] [INFO] [1790611507.501124909] [amir1.gripper_controller]: Received & accepted new action goal
[ign gazebo-1] [INFO] [1790611507.501154204] [amir2.gripper_controller]: Received & accepted new action goal
[ign gazebo-1] [INFO] [1790611507.751866523] [amir1.gripper_controller]: Received & accepted new action goal
[ign gazebo-1] [INFO] [1790611507.751924418] [amir2.gripper_controller]: Received & accepted new action goal
[ign gazebo-1] [INFO] [1790611508.067991275] [amir1.gripper_controller]: Received & accepted new action goal
[ign gazebo-1] [INFO] [1790611508.068130325] [amir2.gripper_controller]: Received & accepted new action goal
[coordinator-37] [INFO] [1790611508.135897385] [cooperative_coordinator]: Payload goal: x=0.624, y=-0.249, yaw=0.520
[ign gazebo-1] [INFO] [1790611508.332446412] [amir1.gripper_controller]: Received & accepted new action goal
[ign gazebo-1] [INFO] [1790611508.332531296] [amir2.gripper_controller]: Received & accepted new action goal
[friction_grasp_manager-32] [WARN] [1790611508.501452430] [friction_grasp_manager]: amir1 finger force above 26.0 N; backing off.
[ign gazebo-1] [INFO] [1790611508.501845729] [amir2.gripper_controller]: Received & accepted new action goal
[ign gazebo-1] [INFO] [1790611508.501846078] [amir1.gripper_controller]: Received & accepted new action goal
[ign gazebo-1] [INFO] [1790611508.945836965] [amir1.gripper_controller]: Received & accepted new action goal
[coordinator-37] [INFO] [1790611509.149417554] [cooperative_coordinator]: Payload goal: x=0.624, y=-0.249, yaw=0.520
[ign gazebo-1] [INFO] [1790611509.272787427] [amir1.gripper_controller]: Received & accepted new action goal
[ign gazebo-1] [INFO] [1790611509.397075145] [amir1.gripper_controller]: Received & accepted new action goal
[ign gazebo-1] [INFO] [1790611509.397479493] [amir2.gripper_controller]: Received & accepted new action goal
[ign gazebo-1] [INFO] [1790611509.617372952] [amir2.gripper_controller]: Received & accepted new action goal
[ign gazebo-1] [INFO] [1790611509.617382611] [amir1.gripper_controller]: Received & accepted new action goal
[ign gazebo-1] [INFO] [1790611509.904925844] [amir2.gripper_controller]: Received & accepted new action goal
[ign gazebo-1] [INFO] [1790611510.056038969] [amir1.gripper_controller]: Received & accepted new action goal
[ign gazebo-1] [INFO] [1790611510.056179146] [amir2.gripper_controller]: Received & accepted new action goal
[coordinator-37] [INFO] [1790611510.154467653] [cooperative_coordinator]: Payload goal: x=0.626, y=-0.253, yaw=0.520
[ign gazebo-1] [INFO] [1790611510.349890481] [amir2.gripper_controller]: Received & accepted new action goal
[ign gazebo-1] [INFO] [1790611510.640636093] [amir1.gripper_controller]: Received & accepted new action goal
[ign gazebo-1] [INFO] [1790611510.774108587] [amir1.gripper_controller]: Received & accepted new action goal
[ign gazebo-1] [INFO] [1790611511.025402787] [amir1.gripper_controller]: Received & accepted new action goal
[coordinator-37] [INFO] [1790611511.163072452] [cooperative_coordinator]: Payload goal: x=0.630, y=-0.260, yaw=0.520
[ign gazebo-1] [INFO] [1790611511.367050712] [amir1.gripper_controller]: Received & accepted new action goal
[ign gazebo-1] [INFO] [1790611511.367324578] [amir2.gripper_controller]: Received & accepted new action goal
[ign gazebo-1] [INFO] [1790611511.518239715] [amir1.gripper_controller]: Received & accepted new action goal
[friction_grasp_manager-32] [WARN] [1790611511.518563628] [friction_grasp_manager]: amir2 finger force above 26.0 N; backing off.
[ign gazebo-1] [INFO] [1790611511.518855853] [amir2.gripper_controller]: Received & accepted new action goal
[ign gazebo-1] [INFO] [1790611511.897711883] [amir1.gripper_controller]: Received & accepted new action goal
[ign gazebo-1] [INFO] [1790611511.897836752] [amir2.gripper_controller]: Received & accepted new action goal
[coordinator-37] [INFO] [1790611512.169376182] [cooperative_coordinator]: Payload goal: x=0.630, y=-0.260, yaw=0.520
[ign gazebo-1] [INFO] [1790611512.288973259] [amir1.gripper_controller]: Received & accepted new action goal
[ign gazebo-1] [INFO] [1790611512.289121295] [amir2.gripper_controller]: Received & accepted new action goal
[ign gazebo-1] [INFO] [1790611512.456593957] [amir1.gripper_controller]: Received & accepted new action goal
[ign gazebo-1] [INFO] [1790611512.456597080] [amir2.gripper_controller]: Received & accepted new action goal
[ign gazebo-1] [INFO] [1790611512.668336515] [amir1.gripper_controller]: Received & accepted new action goal
[ign gazebo-1] [INFO] [1790611512.668371967] [amir2.gripper_controller]: Received & accepted new action goal
[ign gazebo-1] [INFO] [1790611512.921903637] [amir1.gripper_controller]: Received & accepted new action goal
[ign gazebo-1] [INFO] [1790611512.921994721] [amir2.gripper_controller]: Received & accepted new action goal
[ign gazebo-1] [INFO] [1790611513.031020913] [amir1.gripper_controller]: Received & accepted new action goal
[ign gazebo-1] [INFO] [1790611513.031070927] [amir2.gripper_controller]: Received & accepted new action goal
[coordinator-37] [INFO] [1790611513.187556774] [cooperative_coordinator]: Payload goal: x=0.630, y=-0.260, yaw=0.520
[ign gazebo-1] [INFO] [1790611513.300904542] [amir1.gripper_controller]: Received & accepted new action goal
[ign gazebo-1] [INFO] [1790611513.300998328] [amir2.gripper_controller]: Received & accepted new action goal
[ign gazebo-1] [INFO] [1790611513.576081914] [amir1.gripper_controller]: Received & accepted new action goal
[ign gazebo-1] [INFO] [1790611513.576156479] [amir2.gripper_controller]: Received & accepted new action goal
[ign gazebo-1] [INFO] [1790611513.735685982] [amir1.gripper_controller]: Received & accepted new action goal
[ign gazebo-1] [INFO] [1790611513.735826552] [amir2.gripper_controller]: Received & accepted new action goal
[ign gazebo-1] [INFO] [1790611514.028867056] [amir2.gripper_controller]: Received & accepted new action goal
[ign gazebo-1] [INFO] [1790611514.028875828] [amir1.gripper_controller]: Received & accepted new action goal
[rotation_controller-6] [INFO] [1790611514.067113874] [cooperative_rotation_controller]: シーケンス終了: 搬送（横方向直進）
[rotation_controller-6] [INFO] [1790611514.067544805] [cooperative_rotation_controller]: シーケンス開始: 搬送完了
[pivot_rotation_controller-7] [INFO] [1790611514.101562671] [pivot_rotation_controller]: Pivot rotation started around amir1 (A)
[coordinator-37] [INFO] [1790611514.102242080] [cooperative_coordinator]: Base command control handed to pivot rotation
[ign gazebo-1] [INFO] [1790611514.386469590] [amir2.gripper_controller]: Received & accepted new action goal
[ign gazebo-1] [INFO] [1790611514.386618407] [amir1.gripper_controller]: Received & accepted new action goal
[ign gazebo-1] [INFO] [1790611514.522051979] [amir1.gripper_controller]: Received & accepted new action goal
[ign gazebo-1] [INFO] [1790611514.522158412] [amir2.gripper_controller]: Received & accepted new action goal
[ign gazebo-1] [INFO] [1790611514.776864662] [amir2.gripper_controller]: Received & accepted new action goal
[ign gazebo-1] [INFO] [1790611514.776872729] [amir1.gripper_controller]: Received & accepted new action goal
[ign gazebo-1] [INFO] [1790611515.143904987] [amir1.gripper_controller]: Received & accepted new action goal
[ign gazebo-1] [INFO] [1790611515.143995974] [amir2.gripper_controller]: Received & accepted new action goal
[ign gazebo-1] [INFO] [1790611515.356371347] [amir1.gripper_controller]: Received & accepted new action goal
[ign gazebo-1] [INFO] [1790611515.356441948] [amir2.gripper_controller]: Received & accepted new action goal
[ign gazebo-1] [INFO] [1790611515.780963917] [amir1.gripper_controller]: Received & accepted new action goal
[ign gazebo-1] [INFO] [1790611515.780998518] [amir2.gripper_controller]: Received & accepted new action goal
[ign gazebo-1] [INFO] [1790611516.244818556] [amir1.gripper_controller]: Received & accepted new action goal
[ign gazebo-1] [INFO] [1790611516.245087697] [amir2.gripper_controller]: Received & accepted new action goal
[ign gazebo-1] [INFO] [1790611516.487928665] [amir1.gripper_controller]: Received & accepted new action goal
[ign gazebo-1] [INFO] [1790611516.487986626] [amir2.gripper_controller]: Received & accepted new action goal
[ign gazebo-1] [INFO] [1790611516.920157574] [amir1.gripper_controller]: Received & accepted new action goal
[ign gazebo-1] [INFO] [1790611516.920348099] [amir2.gripper_controller]: Received & accepted new action goal
[ign gazebo-1] [INFO] [1790611517.344638805] [amir1.gripper_controller]: Received & accepted new action goal
[ign gazebo-1] [INFO] [1790611517.345132994] [amir2.gripper_controller]: Received & accepted new action goal
[ign gazebo-1] [INFO] [1790611517.528704583] [amir2.gripper_controller]: Received & accepted new action goal
[ign gazebo-1] [INFO] [1790611517.528714338] [amir1.gripper_controller]: Received & accepted new action goal
[ign gazebo-1] [INFO] [1790611517.933292409] [amir1.gripper_controller]: Received & accepted new action goal
[ign gazebo-1] [INFO] [1790611517.933326766] [amir2.gripper_controller]: Received & accepted new action goal
[ign gazebo-1] [INFO] [1790611518.410230065] [amir1.gripper_controller]: Received & accepted new action goal
[ign gazebo-1] [INFO] [1790611518.410366972] [amir2.gripper_controller]: Received & accepted new action goal
[ign gazebo-1] [INFO] [1790611518.616880891] [amir1.gripper_controller]: Received & accepted new action goal
[ign gazebo-1] [INFO] [1790611518.616935500] [amir2.gripper_controller]: Received & accepted new action goal
[ign gazebo-1] [INFO] [1790611519.089018126] [amir1.gripper_controller]: Received & accepted new action goal
[ign gazebo-1] [INFO] [1790611519.089552494] [amir2.gripper_controller]: Received & accepted new action goal
[ign gazebo-1] [INFO] [1790611519.530972620] [amir1.gripper_controller]: Received & accepted new action goal
[ign gazebo-1] [INFO] [1790611519.531056727] [amir2.gripper_controller]: Received & accepted new action goal
[ign gazebo-1] [INFO] [1790611519.752942270] [amir1.gripper_controller]: Received & accepted new action goal
[ign gazebo-1] [INFO] [1790611519.753044328] [amir2.gripper_controller]: Received & accepted new action goal
[ign gazebo-1] [INFO] [1790611520.183813573] [amir2.gripper_controller]: Received & accepted new action goal
[ign gazebo-1] [INFO] [1790611520.183924499] [amir1.gripper_controller]: Received & accepted new action goal
[ign gazebo-1] [INFO] [1790611520.602132290] [amir1.gripper_controller]: Received & accepted new action goal
[ign gazebo-1] [INFO] [1790611520.602272664] [amir2.gripper_controller]: Received & accepted new action goal
[ign gazebo-1] [INFO] [1790611520.796012297] [amir1.gripper_controller]: Received & accepted new action goal
[ign gazebo-1] [INFO] [1790611520.796384344] [amir2.gripper_controller]: Received & accepted new action goal
[ign gazebo-1] [INFO] [1790611521.274445963] [amir1.gripper_controller]: Received & accepted new action goal
[ign gazebo-1] [INFO] [1790611521.274742362] [amir2.gripper_controller]: Received & accepted new action goal
[ign gazebo-1] [INFO] [1790611521.677369319] [amir1.gripper_controller]: Received & accepted new action goal
[ign gazebo-1] [INFO] [1790611521.677459044] [amir2.gripper_controller]: Received & accepted new action goal
[ign gazebo-1] [INFO] [1790611521.891527904] [amir1.gripper_controller]: Received & accepted new action goal
[ign gazebo-1] [INFO] [1790611521.891856651] [amir2.gripper_controller]: Received & accepted new action goal
[ign gazebo-1] [INFO] [1790611522.321802809] [amir1.gripper_controller]: Received & accepted new action goal
[ign gazebo-1] [INFO] [1790611522.321897793] [amir2.gripper_controller]: Received & accepted new action goal
[ign gazebo-1] [INFO] [1790611522.778138247] [amir1.gripper_controller]: Received & accepted new action goal
[ign gazebo-1] [INFO] [1790611522.778280188] [amir2.gripper_controller]: Received & accepted new action goal
[ign gazebo-1] [INFO] [1790611523.046444470] [amir1.gripper_controller]: Received & accepted new action goal
[ign gazebo-1] [INFO] [1790611523.046812299] [amir2.gripper_controller]: Received & accepted new action goal
[ign gazebo-1] [INFO] [1790611523.331878625] [amir1.gripper_controller]: Received & accepted new action goal
[ign gazebo-1] [INFO] [1790611523.633750071] [amir1.gripper_controller]: Received & accepted new action goal
[ign gazebo-1] [INFO] [1790611523.821765769] [amir1.gripper_controller]: Received & accepted new action goal
[ign gazebo-1] [INFO] [1790611523.821828135] [amir2.gripper_controller]: Received & accepted new action goal
[ign gazebo-1] [INFO] [1790611524.113099219] [amir1.gripper_controller]: Received & accepted new action goal
[ign gazebo-1] [INFO] [1790611524.113194089] [amir2.gripper_controller]: Received & accepted new action goal
[ign gazebo-1] [INFO] [1790611524.516882327] [amir1.gripper_controller]: Received & accepted new action goal
[ign gazebo-1] [INFO] [1790611524.516947377] [amir2.gripper_controller]: Received & accepted new action goal
[ign gazebo-1] [INFO] [1790611524.733491129] [amir1.gripper_controller]: Received & accepted new action goal
[ign gazebo-1] [INFO] [1790611524.733659883] [amir2.gripper_controller]: Received & accepted new action goal
[ign gazebo-1] [INFO] [1790611525.113604805] [amir1.gripper_controller]: Received & accepted new action goal
[ign gazebo-1] [INFO] [1790611525.113745546] [amir2.gripper_controller]: Received & accepted new action goal
[ign gazebo-1] [INFO] [1790611525.414992504] [amir1.gripper_controller]: Received & accepted new action goal
[ign gazebo-1] [INFO] [1790611525.415291322] [amir2.gripper_controller]: Received & accepted new action goal
[ign gazebo-1] [INFO] [1790611525.589423770] [amir2.gripper_controller]: Received & accepted new action goal
[ign gazebo-1] [INFO] [1790611525.922770559] [amir1.gripper_controller]: Received & accepted new action goal
[ign gazebo-1] [INFO] [1790611525.923110802] [amir2.gripper_controller]: Received & accepted new action goal
[ign gazebo-1] [INFO] [1790611526.397164818] [amir1.gripper_controller]: Received & accepted new action goal
[ign gazebo-1] [INFO] [1790611526.397375515] [amir2.gripper_controller]: Received & accepted new action goal
[ign gazebo-1] [INFO] [1790611526.635508584] [amir1.gripper_controller]: Received & accepted new action goal
[ign gazebo-1] [INFO] [1790611526.635597700] [amir2.gripper_controller]: Received & accepted new action goal
[ign gazebo-1] [INFO] [1790611526.941333572] [amir1.gripper_controller]: Received & accepted new action goal
[ign gazebo-1] [INFO] [1790611526.941402282] [amir2.gripper_controller]: Received & accepted new action goal
[ign gazebo-1] [INFO] [1790611527.269776195] [amir1.gripper_controller]: Received & accepted new action goal
[ign gazebo-1] [INFO] [1790611527.270017385] [amir2.gripper_controller]: Received & accepted new action goal
[ign gazebo-1] [INFO] [1790611527.483053621] [amir2.gripper_controller]: Received & accepted new action goal
[ign gazebo-1] [INFO] [1790611527.995432300] [amir1.gripper_controller]: Received & accepted new action goal
[ign gazebo-1] [INFO] [1790611527.995448288] [amir2.gripper_controller]: Received & accepted new action goal
[ign gazebo-1] [INFO] [1790611528.489497550] [amir2.gripper_controller]: Received & accepted new action goal
[ign gazebo-1] [INFO] [1790611528.489501462] [amir1.gripper_controller]: Received & accepted new action goal
[ign gazebo-1] [INFO] [1790611528.689656914] [amir1.gripper_controller]: Received & accepted new action goal
[ign gazebo-1] [INFO] [1790611528.689769060] [amir2.gripper_controller]: Received & accepted new action goal
[ign gazebo-1] [INFO] [1790611529.012268336] [amir1.gripper_controller]: Received & accepted new action goal
[ign gazebo-1] [INFO] [1790611529.448620491] [amir1.gripper_controller]: Received & accepted new action goal
[ign gazebo-1] [INFO] [1790611529.448657833] [amir2.gripper_controller]: Received & accepted new action goal
[ign gazebo-1] [INFO] [1790611529.686844818] [amir1.gripper_controller]: Received & accepted new action goal
[ign gazebo-1] [INFO] [1790611529.686962770] [amir2.gripper_controller]: Received & accepted new action goal
[ign gazebo-1] [INFO] [1790611530.167635790] [amir1.gripper_controller]: Received & accepted new action goal
[ign gazebo-1] [INFO] [1790611530.167760106] [amir2.gripper_controller]: Received & accepted new action goal
[ign gazebo-1] [INFO] [1790611530.624593064] [amir1.gripper_controller]: Received & accepted new action goal
[ign gazebo-1] [INFO] [1790611530.624668832] [amir2.gripper_controller]: Received & accepted new action goal
[ign gazebo-1] [INFO] [1790611530.877415568] [amir2.gripper_controller]: Received & accepted new action goal
[ign gazebo-1] [INFO] [1790611530.877464989] [amir1.gripper_controller]: Received & accepted new action goal
[ign gazebo-1] [INFO] [1790611531.351358446] [amir1.gripper_controller]: Received & accepted new action goal
[ign gazebo-1] [INFO] [1790611531.351422885] [amir2.gripper_controller]: Received & accepted new action goal
[ign gazebo-1] [INFO] [1790611531.844989045] [amir1.gripper_controller]: Received & accepted new action goal
[ign gazebo-1] [INFO] [1790611531.845072338] [amir2.gripper_controller]: Received & accepted new action goal
[ign gazebo-1] [INFO] [1790611532.023570520] [amir1.gripper_controller]: Received & accepted new action goal
[ign gazebo-1] [INFO] [1790611532.023792101] [amir2.gripper_controller]: Received & accepted new action goal
[ign gazebo-1] [INFO] [1790611532.489491672] [amir1.gripper_controller]: Received & accepted new action goal
[ign gazebo-1] [INFO] [1790611532.489788124] [amir2.gripper_controller]: Received & accepted new action goal
[ign gazebo-1] [INFO] [1790611532.973099012] [amir1.gripper_controller]: Received & accepted new action goal
[ign gazebo-1] [INFO] [1790611532.973161952] [amir2.gripper_controller]: Received & accepted new action goal
[ign gazebo-1] [INFO] [1790611533.181524962] [amir1.gripper_controller]: Received & accepted new action goal
[ign gazebo-1] [INFO] [1790611533.181715464] [amir2.gripper_controller]: Received & accepted new action goal
[ign gazebo-1] [INFO] [1790611533.449958527] [amir2.gripper_controller]: Received & accepted new action goal
[ign gazebo-1] [INFO] [1790611533.720989750] [amir1.gripper_controller]: Received & accepted new action goal
[ign gazebo-1] [INFO] [1790611533.721053611] [amir2.gripper_controller]: Received & accepted new action goal
[friction_grasp_manager-32] [WARN] [1790611533.846694999] [friction_grasp_manager]: amir1 finger force above 26.0 N; backing off.
[ign gazebo-1] [INFO] [1790611533.846914376] [amir1.gripper_controller]: Received & accepted new action goal
[ign gazebo-1] [INFO] [1790611534.183216181] [amir1.gripper_controller]: Received & accepted new action goal
[ign gazebo-1] [INFO] [1790611534.183291665] [amir2.gripper_controller]: Received & accepted new action goal
[ign gazebo-1] [INFO] [1790611534.418707059] [amir1.gripper_controller]: Received & accepted new action goal
[ign gazebo-1] [INFO] [1790611534.418714467] [amir2.gripper_controller]: Received & accepted new action goal
[ign gazebo-1] [INFO] [1790611534.612298512] [amir1.gripper_controller]: Received & accepted new action goal
[ign gazebo-1] [INFO] [1790611534.612336692] [amir2.gripper_controller]: Received & accepted new action goal
[ign gazebo-1] [INFO] [1790611534.925226368] [amir1.gripper_controller]: Received & accepted new action goal
[ign gazebo-1] [INFO] [1790611534.925441666] [amir2.gripper_controller]: Received & accepted new action goal
[ign gazebo-1] [INFO] [1790611535.269036930] [amir1.gripper_controller]: Received & accepted new action goal
[ign gazebo-1] [INFO] [1790611535.269046714] [amir2.gripper_controller]: Received & accepted new action goal
[ign gazebo-1] [INFO] [1790611535.444758125] [amir2.gripper_controller]: Received & accepted new action goal
[ign gazebo-1] [INFO] [1790611536.241012442] [amir1.gripper_controller]: Received & accepted new action goal
[ign gazebo-1] [INFO] [1790611536.241126135] [amir2.gripper_controller]: Received & accepted new action goal
[ign gazebo-1] [INFO] [1790611537.071442730] [amir2.gripper_controller]: Received & accepted new action goal
[ign gazebo-1] [INFO] [1790611537.267784584] [amir1.gripper_controller]: Received & accepted new action goal
[ign gazebo-1] [INFO] [1790611537.267843513] [amir2.gripper_controller]: Received & accepted new action goal
[ign gazebo-1] [INFO] [1790611537.748924126] [amir2.gripper_controller]: Received & accepted new action goal
[ign gazebo-1] [INFO] [1790611537.749012409] [amir1.gripper_controller]: Received & accepted new action goal
[ign gazebo-1] [INFO] [1790611538.211631215] [amir1.gripper_controller]: Received & accepted new action goal
[ign gazebo-1] [INFO] [1790611538.211705739] [amir2.gripper_controller]: Received & accepted new action goal
[ign gazebo-1] [INFO] [1790611538.439965117] [amir1.gripper_controller]: Received & accepted new action goal
[ign gazebo-1] [INFO] [1790611538.440154889] [amir2.gripper_controller]: Received & accepted new action goal
[ign gazebo-1] [INFO] [1790611538.943826279] [amir1.gripper_controller]: Received & accepted new action goal
[ign gazebo-1] [INFO] [1790611538.943936351] [amir2.gripper_controller]: Received & accepted new action goal
[ign gazebo-1] [INFO] [1790611539.483378482] [amir1.gripper_controller]: Received & accepted new action goal
[ign gazebo-1] [INFO] [1790611539.483643411] [amir2.gripper_controller]: Received & accepted new action goal
[ign gazebo-1] [INFO] [1790611539.708670597] [amir1.gripper_controller]: Received & accepted new action goal
[ign gazebo-1] [INFO] [1790611539.708942092] [amir2.gripper_controller]: Received & accepted new action goal
[ign gazebo-1] [INFO] [1790611540.153019888] [amir1.gripper_controller]: Received & accepted new action goal
[ign gazebo-1] [INFO] [1790611540.153097055] [amir2.gripper_controller]: Received & accepted new action goal
[ign gazebo-1] [INFO] [1790611540.618267514] [amir1.gripper_controller]: Received & accepted new action goal
[ign gazebo-1] [INFO] [1790611540.618319600] [amir2.gripper_controller]: Received & accepted new action goal
[ign gazebo-1] [INFO] [1790611540.862438688] [amir1.gripper_controller]: Received & accepted new action goal
[ign gazebo-1] [INFO] [1790611540.862654835] [amir2.gripper_controller]: Received & accepted new action goal
[ign gazebo-1] [INFO] [1790611541.355473841] [amir1.gripper_controller]: Received & accepted new action goal
[ign gazebo-1] [INFO] [1790611541.356044389] [amir2.gripper_controller]: Received & accepted new action goal
[ign gazebo-1] [INFO] [1790611541.779207516] [amir1.gripper_controller]: Received & accepted new action goal
[ign gazebo-1] [INFO] [1790611541.779329934] [amir2.gripper_controller]: Received & accepted new action goal
[ign gazebo-1] [INFO] [1790611541.993913088] [amir1.gripper_controller]: Received & accepted new action goal
[ign gazebo-1] [INFO] [1790611541.994005504] [amir2.gripper_controller]: Received & accepted new action goal
[ign gazebo-1] [INFO] [1790611542.456500868] [amir2.gripper_controller]: Received & accepted new action goal
[ign gazebo-1] [INFO] [1790611542.456542756] [amir1.gripper_controller]: Received & accepted new action goal
[friction_grasp_manager-32] [WARN] [1790611542.789560049] [friction_grasp_manager]: amir1 finger force above 26.0 N; backing off.
[ign gazebo-1] [INFO] [1790611542.789775677] [amir1.gripper_controller]: Received & accepted new action goal
[ign gazebo-1] [INFO] [1790611542.789865717] [amir2.gripper_controller]: Received & accepted new action goal
[ign gazebo-1] [INFO] [1790611542.907509260] [amir1.gripper_controller]: Received & accepted new action goal
[ign gazebo-1] [INFO] [1790611542.907867099] [amir2.gripper_controller]: Received & accepted new action goal
[ign gazebo-1] [INFO] [1790611543.184384571] [amir1.gripper_controller]: Received & accepted new action goal
[ign gazebo-1] [INFO] [1790611543.184603232] [amir2.gripper_controller]: Received & accepted new action goal
[ign gazebo-1] [INFO] [1790611543.646316337] [amir1.gripper_controller]: Received & accepted new action goal
[ign gazebo-1] [INFO] [1790611543.646560334] [amir2.gripper_controller]: Received & accepted new action goal
[ign gazebo-1] [INFO] [1790611543.871620021] [amir1.gripper_controller]: Received & accepted new action goal
[ign gazebo-1] [INFO] [1790611543.871730089] [amir2.gripper_controller]: Received & accepted new action goal
[ign gazebo-1] [INFO] [1790611544.311740932] [amir1.gripper_controller]: Received & accepted new action goal
[ign gazebo-1] [INFO] [1790611544.311926086] [amir2.gripper_controller]: Received & accepted new action goal
[ign gazebo-1] [INFO] [1790611544.737307988] [amir1.gripper_controller]: Received & accepted new action goal
[ign gazebo-1] [INFO] [1790611544.737415875] [amir2.gripper_controller]: Received & accepted new action goal
[ign gazebo-1] [INFO] [1790611544.982207447] [amir1.gripper_controller]: Received & accepted new action goal
[ign gazebo-1] [INFO] [1790611544.982283327] [amir2.gripper_controller]: Received & accepted new action goal
[ign gazebo-1] [INFO] [1790611545.437716728] [amir1.gripper_controller]: Received & accepted new action goal
[ign gazebo-1] [INFO] [1790611545.437716781] [amir2.gripper_controller]: Received & accepted new action goal
[ign gazebo-1] [INFO] [1790611545.870564494] [amir1.gripper_controller]: Received & accepted new action goal
[ign gazebo-1] [INFO] [1790611545.870781484] [amir2.gripper_controller]: Received & accepted new action goal
[ign gazebo-1] [INFO] [1790611546.095402511] [amir1.gripper_controller]: Received & accepted new action goal
[ign gazebo-1] [INFO] [1790611546.095534262] [amir2.gripper_controller]: Received & accepted new action goal
[ign gazebo-1] [INFO] [1790611546.571171339] [amir1.gripper_controller]: Received & accepted new action goal
[ign gazebo-1] [INFO] [1790611546.571324632] [amir2.gripper_controller]: Received & accepted new action goal
[ign gazebo-1] [INFO] [1790611547.048687834] [amir1.gripper_controller]: Received & accepted new action goal
[ign gazebo-1] [INFO] [1790611547.048872223] [amir2.gripper_controller]: Received & accepted new action goal
[ign gazebo-1] [INFO] [1790611547.271568499] [amir1.gripper_controller]: Received & accepted new action goal
[ign gazebo-1] [INFO] [1790611547.271647968] [amir2.gripper_controller]: Received & accepted new action goal
[ign gazebo-1] [INFO] [1790611547.692146492] [amir1.gripper_controller]: Received & accepted new action goal
[ign gazebo-1] [INFO] [1790611547.692411824] [amir2.gripper_controller]: Received & accepted new action goal
[ign gazebo-1] [INFO] [1790611548.139985425] [amir1.gripper_controller]: Received & accepted new action goal
[ign gazebo-1] [INFO] [1790611548.139991699] [amir2.gripper_controller]: Received & accepted new action goal
[ign gazebo-1] [INFO] [1790611548.398427718] [amir1.gripper_controller]: Received & accepted new action goal
[ign gazebo-1] [INFO] [1790611548.398665079] [amir2.gripper_controller]: Received & accepted new action goal
[ign gazebo-1] [INFO] [1790611548.829663693] [amir1.gripper_controller]: Received & accepted new action goal
[friction_grasp_manager-32] [WARN] [1790611548.829794203] [friction_grasp_manager]: amir2 finger force above 26.0 N; backing off.
[ign gazebo-1] [INFO] [1790611548.829966378] [amir2.gripper_controller]: Received & accepted new action goal
[ign gazebo-1] [INFO] [1790611549.114522268] [amir1.gripper_controller]: Received & accepted new action goal
[ign gazebo-1] [INFO] [1790611549.114565417] [amir2.gripper_controller]: Received & accepted new action goal
[ign gazebo-1] [INFO] [1790611549.337451901] [amir1.gripper_controller]: Received & accepted new action goal
[ign gazebo-1] [INFO] [1790611549.337518661] [amir2.gripper_controller]: Received & accepted new action goal
[ign gazebo-1] [INFO] [1790611549.571331656] [amir1.gripper_controller]: Received & accepted new action goal
[ign gazebo-1] [INFO] [1790611549.908172856] [amir1.gripper_controller]: Received & accepted new action goal
[ign gazebo-1] [INFO] [1790611549.908344017] [amir2.gripper_controller]: Received & accepted new action goal
[ign gazebo-1] [INFO] [1790611550.056780092] [amir1.gripper_controller]: Received & accepted new action goal
[ign gazebo-1] [INFO] [1790611550.056897121] [amir2.gripper_controller]: Received & accepted new action goal
[ign gazebo-1] [INFO] [1790611550.322889954] [amir1.gripper_controller]: Received & accepted new action goal
[ign gazebo-1] [INFO] [1790611550.322947380] [amir2.gripper_controller]: Received & accepted new action goal
[ign gazebo-1] [INFO] [1790611550.592375322] [amir1.gripper_controller]: Received & accepted new action goal
[friction_grasp_manager-32] [WARN] [1790611550.785867048] [friction_grasp_manager]: amir2 finger force above 26.0 N; backing off.
[ign gazebo-1] [INFO] [1790611550.786352153] [amir2.gripper_controller]: Received & accepted new action goal
[ign gazebo-1] [INFO] [1790611551.159158027] [amir2.gripper_controller]: Received & accepted new action goal
[ign gazebo-1] [INFO] [1790611551.425161578] [amir1.gripper_controller]: Received & accepted new action goal
[ign gazebo-1] [INFO] [1790611551.425187190] [amir2.gripper_controller]: Received & accepted new action goal
[ign gazebo-1] [INFO] [1790611551.576988176] [amir2.gripper_controller]: Received & accepted new action goal
[ign gazebo-1] [INFO] [1790611551.577031478] [amir1.gripper_controller]: Received & accepted new action goal
[ign gazebo-1] [INFO] [1790611551.894448173] [amir1.gripper_controller]: Received & accepted new action goal
[ign gazebo-1] [INFO] [1790611551.894450410] [amir2.gripper_controller]: Received & accepted new action goal
[ign gazebo-1] [INFO] [1790611552.323568485] [amir2.gripper_controller]: Received & accepted new action goal
[ign gazebo-1] [INFO] [1790611552.664750111] [amir1.gripper_controller]: Received & accepted new action goal
[ign gazebo-1] [INFO] [1790611552.664783575] [amir2.gripper_controller]: Received & accepted new action goal
[ign gazebo-1] [INFO] [1790611553.169788169] [amir1.gripper_controller]: Received & accepted new action goal
[ign gazebo-1] [INFO] [1790611553.169961661] [amir2.gripper_controller]: Received & accepted new action goal
[ign gazebo-1] [INFO] [1790611553.445673570] [amir1.gripper_controller]: Received & accepted new action goal
[ign gazebo-1] [INFO] [1790611553.446226576] [amir2.gripper_controller]: Received & accepted new action goal
[ign gazebo-1] [INFO] [1790611553.820380785] [amir1.gripper_controller]: Received & accepted new action goal
[ign gazebo-1] [INFO] [1790611553.820447347] [amir2.gripper_controller]: Received & accepted new action goal
[ign gazebo-1] [INFO] [1790611554.240712079] [amir1.gripper_controller]: Received & accepted new action goal
[ign gazebo-1] [INFO] [1790611554.240853657] [amir2.gripper_controller]: Received & accepted new action goal
[ign gazebo-1] [INFO] [1790611554.457157457] [amir2.gripper_controller]: Received & accepted new action goal
[ign gazebo-1] [INFO] [1790611554.457201644] [amir1.gripper_controller]: Received & accepted new action goal
[ign gazebo-1] [INFO] [1790611554.982055204] [amir1.gripper_controller]: Received & accepted new action goal
[ign gazebo-1] [INFO] [1790611554.982250759] [amir2.gripper_controller]: Received & accepted new action goal
[ign gazebo-1] [INFO] [1790611555.438197662] [amir1.gripper_controller]: Received & accepted new action goal
[ign gazebo-1] [INFO] [1790611555.438271679] [amir2.gripper_controller]: Received & accepted new action goal
[ign gazebo-1] [INFO] [1790611555.636691552] [amir1.gripper_controller]: Received & accepted new action goal
[ign gazebo-1] [INFO] [1790611555.636723582] [amir2.gripper_controller]: Received & accepted new action goal
[ign gazebo-1] [INFO] [1790611556.131553859] [amir1.gripper_controller]: Received & accepted new action goal
[ign gazebo-1] [INFO] [1790611556.131692841] [amir2.gripper_controller]: Received & accepted new action goal
[ign gazebo-1] [INFO] [1790611556.612829783] [amir1.gripper_controller]: Received & accepted new action goal
[ign gazebo-1] [INFO] [1790611556.613159751] [amir2.gripper_controller]: Received & accepted new action goal
[ign gazebo-1] [INFO] [1790611556.855675832] [amir1.gripper_controller]: Received & accepted new action goal
[ign gazebo-1] [INFO] [1790611556.855793975] [amir2.gripper_controller]: Received & accepted new action goal
[ign gazebo-1] [INFO] [1790611557.354145132] [amir1.gripper_controller]: Received & accepted new action goal
[ign gazebo-1] [INFO] [1790611557.354189626] [amir2.gripper_controller]: Received & accepted new action goal
[ign gazebo-1] [INFO] [1790611557.700570598] [amir2.gripper_controller]: Received & accepted new action goal
[ign gazebo-1] [INFO] [1790611557.700571052] [amir1.gripper_controller]: Received & accepted new action goal
[ign gazebo-1] [INFO] [1790611557.939757205] [amir1.gripper_controller]: Received & accepted new action goal
[ign gazebo-1] [INFO] [1790611557.939842420] [amir2.gripper_controller]: Received & accepted new action goal
[ign gazebo-1] [INFO] [1790611558.357360372] [amir1.gripper_controller]: Received & accepted new action goal
[ign gazebo-1] [INFO] [1790611558.357367535] [amir2.gripper_controller]: Received & accepted new action goal
[ign gazebo-1] [INFO] [1790611558.826829727] [amir1.gripper_controller]: Received & accepted new action goal
[ign gazebo-1] [INFO] [1790611558.827056296] [amir2.gripper_controller]: Received & accepted new action goal
[ign gazebo-1] [INFO] [1790611558.990348095] [amir2.gripper_controller]: Received & accepted new action goal
[ign gazebo-1] [INFO] [1790611558.990439232] [amir1.gripper_controller]: Received & accepted new action goal
[ign gazebo-1] [INFO] [1790611559.611248194] [amir1.gripper_controller]: Received & accepted new action goal
[friction_grasp_manager-32] [WARN] [1790611559.784930139] [friction_grasp_manager]: amir2 finger force above 26.0 N; backing off.
[ign gazebo-1] [INFO] [1790611559.785424578] [amir2.gripper_controller]: Received & accepted new action goal
[ign gazebo-1] [INFO] [1790611560.145681307] [amir2.gripper_controller]: Received & accepted new action goal
[ign gazebo-1] [INFO] [1790611560.395880109] [amir2.gripper_controller]: Received & accepted new action goal
[ign gazebo-1] [INFO] [1790611560.514351290] [amir2.gripper_controller]: Received & accepted new action goal
[ign gazebo-1] [INFO] [1790611561.448516861] [amir2.gripper_controller]: Received & accepted new action goal
[ign gazebo-1] [INFO] [1790611561.448518283] [amir1.gripper_controller]: Received & accepted new action goal
[ign gazebo-1] [INFO] [1790611561.982360021] [amir1.gripper_controller]: Received & accepted new action goal
[ign gazebo-1] [INFO] [1790611561.982516023] [amir2.gripper_controller]: Received & accepted new action goal
[ign gazebo-1] [INFO] [1790611562.382633352] [amir1.gripper_controller]: Received & accepted new action goal
[ign gazebo-1] [INFO] [1790611562.382663837] [amir2.gripper_controller]: Received & accepted new action goal
[ign gazebo-1] [INFO] [1790611562.681831380] [amir1.gripper_controller]: Received & accepted new action goal
[ign gazebo-1] [INFO] [1790611562.681872167] [amir2.gripper_controller]: Received & accepted new action goal
[ign gazebo-1] [INFO] [1790611563.212531951] [amir1.gripper_controller]: Received & accepted new action goal
[ign gazebo-1] [INFO] [1790611563.212605270] [amir2.gripper_controller]: Received & accepted new action goal
[ign gazebo-1] [INFO] [1790611563.754031425] [amir1.gripper_controller]: Received & accepted new action goal
[ign gazebo-1] [INFO] [1790611563.754108877] [amir2.gripper_controller]: Received & accepted new action goal
[ign gazebo-1] [INFO] [1790611564.009671121] [amir1.gripper_controller]: Received & accepted new action goal
[ign gazebo-1] [INFO] [1790611564.009812640] [amir2.gripper_controller]: Received & accepted new action goal
[ign gazebo-1] [INFO] [1790611564.589090685] [amir1.gripper_controller]: Received & accepted new action goal
[ign gazebo-1] [INFO] [1790611564.589334451] [amir2.gripper_controller]: Received & accepted new action goal
[ign gazebo-1] [INFO] [1790611565.058387917] [amir1.gripper_controller]: Received & accepted new action goal
[ign gazebo-1] [INFO] [1790611565.058627679] [amir2.gripper_controller]: Received & accepted new action goal
[ign gazebo-1] [INFO] [1790611565.281646295] [amir1.gripper_controller]: Received & accepted new action goal
[ign gazebo-1] [INFO] [1790611565.281726235] [amir2.gripper_controller]: Received & accepted new action goal
[ign gazebo-1] [INFO] [1790611565.803894170] [amir1.gripper_controller]: Received & accepted new action goal
[ign gazebo-1] [INFO] [1790611565.803959132] [amir2.gripper_controller]: Received & accepted new action goal
[ign gazebo-1] [INFO] [1790611566.293513196] [amir1.gripper_controller]: Received & accepted new action goal
[ign gazebo-1] [INFO] [1790611566.293794346] [amir2.gripper_controller]: Received & accepted new action goal
[ign gazebo-1] [INFO] [1790611566.536351433] [amir1.gripper_controller]: Received & accepted new action goal
[ign gazebo-1] [INFO] [1790611566.536612363] [amir2.gripper_controller]: Received & accepted new action goal
[ign gazebo-1] [INFO] [1790611567.032898407] [amir1.gripper_controller]: Received & accepted new action goal
[ign gazebo-1] [INFO] [1790611567.032992552] [amir2.gripper_controller]: Received & accepted new action goal
[ign gazebo-1] [INFO] [1790611567.579109593] [amir2.gripper_controller]: Received & accepted new action goal
[ign gazebo-1] [INFO] [1790611567.579155504] [amir1.gripper_controller]: Received & accepted new action goal
[ign gazebo-1] [INFO] [1790611567.881540411] [amir1.gripper_controller]: Received & accepted new action goal
[ign gazebo-1] [INFO] [1790611567.881620168] [amir2.gripper_controller]: Received & accepted new action goal
[ign gazebo-1] [INFO] [1790611568.256950500] [amir1.gripper_controller]: Received & accepted new action goal
[ign gazebo-1] [INFO] [1790611568.592923617] [amir1.gripper_controller]: Received & accepted new action goal
[ign gazebo-1] [INFO] [1790611568.593010499] [amir2.gripper_controller]: Received & accepted new action goal
[friction_grasp_manager-32] [WARN] [1790611568.743050790] [friction_grasp_manager]: amir1 finger force above 26.0 N; backing off.
[ign gazebo-1] [INFO] [1790611568.743304661] [amir1.gripper_controller]: Received & accepted new action goal
[ign gazebo-1] [INFO] [1790611568.743466156] [amir2.gripper_controller]: Received & accepted new action goal
[ign gazebo-1] [INFO] [1790611569.222300004] [amir1.gripper_controller]: Received & accepted new action goal
[ign gazebo-1] [INFO] [1790611569.222368322] [amir2.gripper_controller]: Received & accepted new action goal
[ign gazebo-1] [INFO] [1790611569.849317007] [amir1.gripper_controller]: Received & accepted new action goal
[ign gazebo-1] [INFO] [1790611569.849467764] [amir2.gripper_controller]: Received & accepted new action goal
[ign gazebo-1] [INFO] [1790611570.106923165] [amir1.gripper_controller]: Received & accepted new action goal
[ign gazebo-1] [INFO] [1790611570.107108446] [amir2.gripper_controller]: Received & accepted new action goal
[ign gazebo-1] [INFO] [1790611570.605313396] [amir1.gripper_controller]: Received & accepted new action goal
[ign gazebo-1] [INFO] [1790611570.605396540] [amir2.gripper_controller]: Received & accepted new action goal
[ign gazebo-1] [INFO] [1790611571.147419727] [amir1.gripper_controller]: Received & accepted new action goal
[ign gazebo-1] [INFO] [1790611571.147483461] [amir2.gripper_controller]: Received & accepted new action goal
[ign gazebo-1] [INFO] [1790611571.448816210] [amir1.gripper_controller]: Received & accepted new action goal
[ign gazebo-1] [INFO] [1790611571.448826180] [amir2.gripper_controller]: Received & accepted new action goal
[ign gazebo-1] [INFO] [1790611572.020082649] [amir1.gripper_controller]: Received & accepted new action goal
[ign gazebo-1] [INFO] [1790611572.020275882] [amir2.gripper_controller]: Received & accepted new action goal
[ign gazebo-1] [INFO] [1790611572.623191160] [amir1.gripper_controller]: Received & accepted new action goal
[ign gazebo-1] [INFO] [1790611572.623296032] [amir2.gripper_controller]: Received & accepted new action goal
[ign gazebo-1] [INFO] [1790611572.916561314] [amir2.gripper_controller]: Received & accepted new action goal
[ign gazebo-1] [INFO] [1790611572.916565536] [amir1.gripper_controller]: Received & accepted new action goal
[ign gazebo-1] [INFO] [1790611573.235073828] [amir1.gripper_controller]: Received & accepted new action goal
[ign gazebo-1] [INFO] [1790611573.235084257] [amir2.gripper_controller]: Received & accepted new action goal
[ign gazebo-1] [INFO] [1790611573.671153644] [amir1.gripper_controller]: Received & accepted new action goal
[ign gazebo-1] [INFO] [1790611573.671276105] [amir2.gripper_controller]: Received & accepted new action goal
[ign gazebo-1] [INFO] [1790611573.920291879] [amir1.gripper_controller]: Received & accepted new action goal
[ign gazebo-1] [INFO] [1790611573.920291791] [amir2.gripper_controller]: Received & accepted new action goal
[ign gazebo-1] [INFO] [1790611574.466195274] [amir2.gripper_controller]: Received & accepted new action goal
[ign gazebo-1] [INFO] [1790611574.466219627] [amir1.gripper_controller]: Received & accepted new action goal
[ign gazebo-1] [INFO] [1790611575.037461897] [amir2.gripper_controller]: Received & accepted new action goal
[ign gazebo-1] [INFO] [1790611575.037476888] [amir1.gripper_controller]: Received & accepted new action goal
[ign gazebo-1] [INFO] [1790611575.313797079] [amir1.gripper_controller]: Received & accepted new action goal
[ign gazebo-1] [INFO] [1790611575.313927489] [amir2.gripper_controller]: Received & accepted new action goal
[ign gazebo-1] [INFO] [1790611575.883600242] [amir1.gripper_controller]: Received & accepted new action goal
[ign gazebo-1] [INFO] [1790611575.883676157] [amir2.gripper_controller]: Received & accepted new action goal
[ign gazebo-1] [INFO] [1790611576.140781754] [amir1.gripper_controller]: Received & accepted new action goal
[ign gazebo-1] [INFO] [1790611576.140985428] [amir2.gripper_controller]: Received & accepted new action goal
[friction_grasp_manager-32] [WARN] [1790611576.275529159] [friction_grasp_manager]: amir1 finger force above 26.0 N; backing off.
[ign gazebo-1] [INFO] [1790611576.275754987] [amir1.gripper_controller]: Received & accepted new action goal
[ign gazebo-1] [INFO] [1790611576.275811557] [amir2.gripper_controller]: Received & accepted new action goal
[ign gazebo-1] [INFO] [1790611576.606889256] [amir1.gripper_controller]: Received & accepted new action goal
[ign gazebo-1] [INFO] [1790611576.607305721] [amir2.gripper_controller]: Received & accepted new action goal
[ign gazebo-1] [INFO] [1790611577.025643530] [amir2.gripper_controller]: Received & accepted new action goal
[ign gazebo-1] [INFO] [1790611577.199360639] [amir2.gripper_controller]: Received & accepted new action goal
[ign gazebo-1] [INFO] [1790611577.550377273] [amir1.gripper_controller]: Received & accepted new action goal
[ign gazebo-1] [INFO] [1790611577.550439122] [amir2.gripper_controller]: Received & accepted new action goal
[ign gazebo-1] [INFO] [1790611578.028017001] [amir1.gripper_controller]: Received & accepted new action goal
[friction_grasp_manager-32] [WARN] [1790611578.028333976] [friction_grasp_manager]: amir2 finger force above 26.0 N; backing off.
[ign gazebo-1] [INFO] [1790611578.028523260] [amir2.gripper_controller]: Received & accepted new action goal
[ign gazebo-1] [INFO] [1790611578.372703750] [amir1.gripper_controller]: Received & accepted new action goal
[ign gazebo-1] [INFO] [1790611578.372877755] [amir2.gripper_controller]: Received & accepted new action goal
[ign gazebo-1] [INFO] [1790611578.804926376] [amir1.gripper_controller]: Received & accepted new action goal
[ign gazebo-1] [INFO] [1790611578.805043749] [amir2.gripper_controller]: Received & accepted new action goal
[ign gazebo-1] [INFO] [1790611579.071760393] [amir1.gripper_controller]: Received & accepted new action goal
[ign gazebo-1] [INFO] [1790611579.072011736] [amir2.gripper_controller]: Received & accepted new action goal
[ign gazebo-1] [INFO] [1790611579.212909048] [amir1.gripper_controller]: Received & accepted new action goal
[friction_grasp_manager-32] [WARN] [1790611579.213295919] [friction_grasp_manager]: amir2 finger force above 26.0 N; backing off.
[ign gazebo-1] [INFO] [1790611579.213549646] [amir2.gripper_controller]: Received & accepted new action goal
[ign gazebo-1] [INFO] [1790611579.465745003] [amir1.gripper_controller]: Received & accepted new action goal
[ign gazebo-1] [INFO] [1790611579.465984538] [amir2.gripper_controller]: Received & accepted new action goal
[ign gazebo-1] [INFO] [1790611579.718053758] [amir1.gripper_controller]: Received & accepted new action goal
[ign gazebo-1] [INFO] [1790611579.718136241] [amir2.gripper_controller]: Received & accepted new action goal
[ign gazebo-1] [INFO] [1790611579.856923037] [amir1.gripper_controller]: Received & accepted new action goal
[ign gazebo-1] [INFO] [1790611579.857332854] [amir2.gripper_controller]: Received & accepted new action goal
[ign gazebo-1] [INFO] [1790611580.222849130] [amir1.gripper_controller]: Received & accepted new action goal
[friction_grasp_manager-32] [WARN] [1790611580.224023139] [friction_grasp_manager]: amir2 finger force above 26.0 N; backing off.
[ign gazebo-1] [INFO] [1790611580.224647395] [amir2.gripper_controller]: Received & accepted new action goal
[ign gazebo-1] [INFO] [1790611580.654362426] [amir2.gripper_controller]: Received & accepted new action goal
[ign gazebo-1] [INFO] [1790611580.845161294] [amir2.gripper_controller]: Received & accepted new action goal
[ign gazebo-1] [INFO] [1790611581.557290650] [amir1.gripper_controller]: Received & accepted new action goal
[ign gazebo-1] [INFO] [1790611581.557308854] [amir2.gripper_controller]: Received & accepted new action goal
[ign gazebo-1] [INFO] [1790611581.998681367] [amir1.gripper_controller]: Received & accepted new action goal
[friction_grasp_manager-32] [WARN] [1790611581.998935995] [friction_grasp_manager]: amir2 finger force above 26.0 N; backing off.
[ign gazebo-1] [INFO] [1790611581.999139518] [amir2.gripper_controller]: Received & accepted new action goal
[ign gazebo-1] [INFO] [1790611582.150312467] [amir1.gripper_controller]: Received & accepted new action goal
[ign gazebo-1] [INFO] [1790611582.150684938] [amir2.gripper_controller]: Received & accepted new action goal
[ign gazebo-1] [INFO] [1790611582.517917018] [amir1.gripper_controller]: Received & accepted new action goal
[ign gazebo-1] [INFO] [1790611582.518203690] [amir2.gripper_controller]: Received & accepted new action goal
[ign gazebo-1] [INFO] [1790611582.816296866] [amir1.gripper_controller]: Received & accepted new action goal
[ign gazebo-1] [INFO] [1790611582.816483666] [amir2.gripper_controller]: Received & accepted new action goal
[ign gazebo-1] [INFO] [1790611583.046092072] [amir1.gripper_controller]: Received & accepted new action goal
[ign gazebo-1] [INFO] [1790611583.046107832] [amir2.gripper_controller]: Received & accepted new action goal
[ign gazebo-1] [INFO] [1790611583.582653413] [amir1.gripper_controller]: Received & accepted new action goal
[ign gazebo-1] [INFO] [1790611583.582782170] [amir2.gripper_controller]: Received & accepted new action goal
[ign gazebo-1] [INFO] [1790611584.155936402] [amir1.gripper_controller]: Received & accepted new action goal
[ign gazebo-1] [INFO] [1790611584.155982318] [amir2.gripper_controller]: Received & accepted new action goal
[ign gazebo-1] [INFO] [1790611584.430680078] [amir1.gripper_controller]: Received & accepted new action goal
[ign gazebo-1] [INFO] [1790611584.430787310] [amir2.gripper_controller]: Received & accepted new action goal
[ign gazebo-1] [INFO] [1790611584.824612657] [amir2.gripper_controller]: Received & accepted new action goal
[ign gazebo-1] [INFO] [1790611585.156234464] [amir1.gripper_controller]: Received & accepted new action goal
[ign gazebo-1] [INFO] [1790611585.156307203] [amir2.gripper_controller]: Received & accepted new action goal
[ign gazebo-1] [INFO] [1790611585.429328471] [amir2.gripper_controller]: Received & accepted new action goal
[ign gazebo-1] [INFO] [1790611585.429412885] [amir1.gripper_controller]: Received & accepted new action goal
[ign gazebo-1] [INFO] [1790611585.977325932] [amir1.gripper_controller]: Received & accepted new action goal
[ign gazebo-1] [INFO] [1790611585.977495526] [amir2.gripper_controller]: Received & accepted new action goal
[ign gazebo-1] [INFO] [1790611586.547000959] [amir1.gripper_controller]: Received & accepted new action goal
[ign gazebo-1] [INFO] [1790611586.547037670] [amir2.gripper_controller]: Received & accepted new action goal
[ign gazebo-1] [INFO] [1790611586.832554413] [amir1.gripper_controller]: Received & accepted new action goal
[ign gazebo-1] [INFO] [1790611586.832569105] [amir2.gripper_controller]: Received & accepted new action goal
[ign gazebo-1] [INFO] [1790611587.304881121] [amir1.gripper_controller]: Received & accepted new action goal
[ign gazebo-1] [INFO] [1790611587.304918121] [amir2.gripper_controller]: Received & accepted new action goal
[ign gazebo-1] [INFO] [1790611587.874986209] [amir1.gripper_controller]: Received & accepted new action goal
[ign gazebo-1] [INFO] [1790611587.875087976] [amir2.gripper_controller]: Received & accepted new action goal
[ign gazebo-1] [INFO] [1790611588.132452068] [amir1.gripper_controller]: Received & accepted new action goal
[ign gazebo-1] [INFO] [1790611588.132505795] [amir2.gripper_controller]: Received & accepted new action goal
[ign gazebo-1] [INFO] [1790611588.678738656] [amir1.gripper_controller]: Received & accepted new action goal
[ign gazebo-1] [INFO] [1790611588.678767356] [amir2.gripper_controller]: Received & accepted new action goal
[ign gazebo-1] [INFO] [1790611589.313473720] [amir1.gripper_controller]: Received & accepted new action goal
[ign gazebo-1] [INFO] [1790611589.313579580] [amir2.gripper_controller]: Received & accepted new action goal
[ign gazebo-1] [INFO] [1790611589.573946460] [amir1.gripper_controller]: Received & accepted new action goal
[ign gazebo-1] [INFO] [1790611589.574009558] [amir2.gripper_controller]: Received & accepted new action goal
[ign gazebo-1] [INFO] [1790611590.099702880] [amir1.gripper_controller]: Received & accepted new action goal
[ign gazebo-1] [INFO] [1790611590.099803708] [amir2.gripper_controller]: Received & accepted new action goal
[ign gazebo-1] [INFO] [1790611590.655220641] [amir1.gripper_controller]: Received & accepted new action goal
[ign gazebo-1] [INFO] [1790611590.655276263] [amir2.gripper_controller]: Received & accepted new action goal
[ign gazebo-1] [INFO] [1790611590.922003813] [amir2.gripper_controller]: Received & accepted new action goal
[ign gazebo-1] [INFO] [1790611590.922017442] [amir1.gripper_controller]: Received & accepted new action goal
[ign gazebo-1] [INFO] [1790611591.450874352] [amir1.gripper_controller]: Received & accepted new action goal
[ign gazebo-1] [INFO] [1790611591.450934918] [amir2.gripper_controller]: Received & accepted new action goal
[ign gazebo-1] [INFO] [1790611591.981259051] [amir1.gripper_controller]: Received & accepted new action goal
[ign gazebo-1] [INFO] [1790611591.981358444] [amir2.gripper_controller]: Received & accepted new action goal
[ign gazebo-1] [INFO] [1790611592.161100429] [amir1.gripper_controller]: Received & accepted new action goal
[ign gazebo-1] [INFO] [1790611592.161334580] [amir2.gripper_controller]: Received & accepted new action goal
[ign gazebo-1] [INFO] [1790611592.560198864] [amir1.gripper_controller]: Received & accepted new action goal
[ign gazebo-1] [INFO] [1790611592.560544695] [amir2.gripper_controller]: Received & accepted new action goal
[ign gazebo-1] [INFO] [1790611593.154895386] [amir1.gripper_controller]: Received & accepted new action goal
[ign gazebo-1] [INFO] [1790611593.155026209] [amir2.gripper_controller]: Received & accepted new action goal
[ign gazebo-1] [INFO] [1790611593.467350827] [amir1.gripper_controller]: Received & accepted new action goal
[ign gazebo-1] [INFO] [1790611593.467497935] [amir2.gripper_controller]: Received & accepted new action goal
[ign gazebo-1] [INFO] [1790611594.140315198] [amir2.gripper_controller]: Received & accepted new action goal
[ign gazebo-1] [INFO] [1790611594.140348014] [amir1.gripper_controller]: Received & accepted new action goal
[ign gazebo-1] [INFO] [1790611594.466630010] [amir1.gripper_controller]: Received & accepted new action goal
[ign gazebo-1] [INFO] [1790611594.466766429] [amir2.gripper_controller]: Received & accepted new action goal
[ign gazebo-1] [INFO] [1790611594.705660303] [amir1.gripper_controller]: Received & accepted new action goal
[ign gazebo-1] [INFO] [1790611594.705688250] [amir2.gripper_controller]: Received & accepted new action goal
[ign gazebo-1] [INFO] [1790611595.320113415] [amir1.gripper_controller]: Received & accepted new action goal
[ign gazebo-1] [INFO] [1790611595.320169928] [amir2.gripper_controller]: Received & accepted new action goal
[ign gazebo-1] [INFO] [1790611596.002614734] [amir2.gripper_controller]: Received & accepted new action goal
[ign gazebo-1] [INFO] [1790611596.002697208] [amir1.gripper_controller]: Received & accepted new action goal
[ign gazebo-1] [INFO] [1790611596.318085633] [amir1.gripper_controller]: Received & accepted new action goal
[ign gazebo-1] [INFO] [1790611596.318243197] [amir2.gripper_controller]: Received & accepted new action goal
[ign gazebo-1] [INFO] [1790611596.794810046] [amir1.gripper_controller]: Received & accepted new action goal
[ign gazebo-1] [INFO] [1790611596.794875562] [amir2.gripper_controller]: Received & accepted new action goal
[ign gazebo-1] [INFO] [1790611597.384735795] [amir1.gripper_controller]: Received & accepted new action goal
[ign gazebo-1] [INFO] [1790611597.384815130] [amir2.gripper_controller]: Received & accepted new action goal
[ign gazebo-1] [INFO] [1790611597.623885835] [amir1.gripper_controller]: Received & accepted new action goal
[ign gazebo-1] [INFO] [1790611597.623992681] [amir2.gripper_controller]: Received & accepted new action goal
[ign gazebo-1] [INFO] [1790611597.957687145] [amir1.gripper_controller]: Received & accepted new action goal
[ign gazebo-1] [INFO] [1790611597.957703029] [amir2.gripper_controller]: Received & accepted new action goal
[ign gazebo-1] [INFO] [1790611598.474137795] [amir1.gripper_controller]: Received & accepted new action goal
[ign gazebo-1] [INFO] [1790611598.474408687] [amir2.gripper_controller]: Received & accepted new action goal
[ign gazebo-1] [INFO] [1790611598.614566359] [amir1.gripper_controller]: Received & accepted new action goal
[ign gazebo-1] [INFO] [1790611598.614687519] [amir2.gripper_controller]: Received & accepted new action goal
[friction_grasp_manager-32] [WARN] [1790611598.743269731] [friction_grasp_manager]: amir1 finger force above 26.0 N; backing off.
[ign gazebo-1] [INFO] [1790611598.743678132] [amir1.gripper_controller]: Received & accepted new action goal
[ign gazebo-1] [INFO] [1790611598.743694529] [amir2.gripper_controller]: Received & accepted new action goal
[ign gazebo-1] [INFO] [1790611598.950288155] [amir1.gripper_controller]: Received & accepted new action goal
[ign gazebo-1] [INFO] [1790611598.950396195] [amir2.gripper_controller]: Received & accepted new action goal
[ign gazebo-1] [INFO] [1790611599.283032693] [amir1.gripper_controller]: Received & accepted new action goal
[ign gazebo-1] [INFO] [1790611599.283263880] [amir2.gripper_controller]: Received & accepted new action goal
[ign gazebo-1] [INFO] [1790611599.674593160] [amir2.gripper_controller]: Received & accepted new action goal
[ign gazebo-1] [INFO] [1790611600.067945112] [amir2.gripper_controller]: Received & accepted new action goal
[ign gazebo-1] [INFO] [1790611600.067966596] [amir1.gripper_controller]: Received & accepted new action goal
[ign gazebo-1] [INFO] [1790611600.228548676] [amir1.gripper_controller]: Received & accepted new action goal
[ign gazebo-1] [INFO] [1790611600.228653045] [amir2.gripper_controller]: Received & accepted new action goal
[ign gazebo-1] [INFO] [1790611600.522837047] [amir1.gripper_controller]: Received & accepted new action goal
[ign gazebo-1] [INFO] [1790611600.523180693] [amir2.gripper_controller]: Received & accepted new action goal
[ign gazebo-1] [INFO] [1790611600.785313021] [amir1.gripper_controller]: Received & accepted new action goal
[ign gazebo-1] [INFO] [1790611601.094600556] [amir1.gripper_controller]: Received & accepted new action goal
[ign gazebo-1] [INFO] [1790611601.094772400] [amir2.gripper_controller]: Received & accepted new action goal
[ign gazebo-1] [INFO] [1790611601.621488730] [amir1.gripper_controller]: Received & accepted new action goal
[ign gazebo-1] [INFO] [1790611601.621633148] [amir2.gripper_controller]: Received & accepted new action goal
[ign gazebo-1] [INFO] [1790611602.209018500] [amir1.gripper_controller]: Received & accepted new action goal
[ign gazebo-1] [INFO] [1790611602.209023045] [amir2.gripper_controller]: Received & accepted new action goal
[ign gazebo-1] [INFO] [1790611602.864212697] [amir2.gripper_controller]: Received & accepted new action goal
[ign gazebo-1] [INFO] [1790611603.172429878] [amir1.gripper_controller]: Received & accepted new action goal
[ign gazebo-1] [INFO] [1790611603.172513598] [amir2.gripper_controller]: Received & accepted new action goal
[ign gazebo-1] [INFO] [1790611603.398255198] [amir1.gripper_controller]: Received & accepted new action goal
[ign gazebo-1] [INFO] [1790611603.398279660] [amir2.gripper_controller]: Received & accepted new action goal
[ign gazebo-1] [INFO] [1790611603.916002442] [amir1.gripper_controller]: Received & accepted new action goal
[ign gazebo-1] [INFO] [1790611603.916166321] [amir2.gripper_controller]: Received & accepted new action goal
[ign gazebo-1] [INFO] [1790611604.511487818] [amir1.gripper_controller]: Received & accepted new action goal
[ign gazebo-1] [INFO] [1790611604.511528902] [amir2.gripper_controller]: Received & accepted new action goal
[ign gazebo-1] [INFO] [1790611604.775941746] [amir1.gripper_controller]: Received & accepted new action goal
[ign gazebo-1] [INFO] [1790611604.775968116] [amir2.gripper_controller]: Received & accepted new action goal
[ign gazebo-1] [INFO] [1790611605.357811146] [amir1.gripper_controller]: Received & accepted new action goal
[ign gazebo-1] [INFO] [1790611605.357850180] [amir2.gripper_controller]: Received & accepted new action goal
[ign gazebo-1] [INFO] [1790611605.879982210] [amir1.gripper_controller]: Received & accepted new action goal
[ign gazebo-1] [INFO] [1790611605.880022102] [amir2.gripper_controller]: Received & accepted new action goal
[ign gazebo-1] [INFO] [1790611606.130096465] [amir1.gripper_controller]: Received & accepted new action goal
[ign gazebo-1] [INFO] [1790611606.130162585] [amir2.gripper_controller]: Received & accepted new action goal
[pivot_rotation_controller-7] [INFO] [1790611606.373830178] [pivot_rotation_controller]: Pivot rotation complete; both robots stopped
[friction_grasp_manager-32] [WARN] [1790611606.426953355] [friction_grasp_manager]: amir2 finger force above 26.0 N; backing off.
[ign gazebo-1] [INFO] [1790611606.427494319] [amir2.gripper_controller]: Received & accepted new action goal
[ign gazebo-1] [INFO] [1790611606.746114540] [amir2.gripper_controller]: Received & accepted new action goal
[ign gazebo-1] [INFO] [1790611606.919400460] [amir2.gripper_controller]: Received & accepted new action goal
[ign gazebo-1] [INFO] [1790611607.339082386] [amir2.gripper_controller]: Received & accepted new action goal
[ign gazebo-1] [INFO] [1790611607.762873035] [amir2.gripper_controller]: Received & accepted new action goal
[ign gazebo-1] [INFO] [1790611607.963236848] [amir2.gripper_controller]: Received & accepted new action goal
[ign gazebo-1] [INFO] [1790611608.368107746] [amir1.gripper_controller]: Received & accepted new action goal
[ign gazebo-1] [INFO] [1790611608.368241422] [amir2.gripper_controller]: Received & accepted new action goal
[ign gazebo-1] [INFO] [1790611608.758576791] [amir1.gripper_controller]: Received & accepted new action goal
[ign gazebo-1] [INFO] [1790611608.758641712] [amir2.gripper_controller]: Received & accepted new action goal
[ign gazebo-1] [INFO] [1790611608.908876867] [amir2.gripper_controller]: Received & accepted new action goal
[ign gazebo-1] [INFO] [1790611609.313319678] [amir1.gripper_controller]: Received & accepted new action goal
[ign gazebo-1] [INFO] [1790611609.313602972] [amir2.gripper_controller]: Received & accepted new action goal
[ign gazebo-1] [INFO] [1790611609.704349921] [amir1.gripper_controller]: Received & accepted new action goal
[ign gazebo-1] [INFO] [1790611609.704404190] [amir2.gripper_controller]: Received & accepted new action goal
[ign gazebo-1] [INFO] [1790611609.901754583] [amir1.gripper_controller]: Received & accepted new action goal
[ign gazebo-1] [INFO] [1790611609.901765139] [amir2.gripper_controller]: Received & accepted new action goal
[ign gazebo-1] [INFO] [1790611610.358880386] [amir1.gripper_controller]: Received & accepted new action goal
[ign gazebo-1] [INFO] [1790611610.359015947] [amir2.gripper_controller]: Received & accepted new action goal
[ign gazebo-1] [INFO] [1790611610.683456250] [amir1.gripper_controller]: Received & accepted new action goal
[ign gazebo-1] [INFO] [1790611610.683512926] [amir2.gripper_controller]: Received & accepted new action goal
[ign gazebo-1] [INFO] [1790611610.831444872] [amir2.gripper_controller]: Received & accepted new action goal
[ign gazebo-1] [INFO] [1790611610.831480386] [amir1.gripper_controller]: Received & accepted new action goal
[ign gazebo-1] [INFO] [1790611611.210989154] [amir1.gripper_controller]: Received & accepted new action goal
[ign gazebo-1] [INFO] [1790611611.211219205] [amir2.gripper_controller]: Received & accepted new action goal
[ign gazebo-1] [INFO] [1790611611.614504414] [amir1.gripper_controller]: Received & accepted new action goal
[ign gazebo-1] [INFO] [1790611611.614725032] [amir2.gripper_controller]: Received & accepted new action goal
[ign gazebo-1] [INFO] [1790611611.840455630] [amir1.gripper_controller]: Received & accepted new action goal
[ign gazebo-1] [INFO] [1790611611.840722945] [amir2.gripper_controller]: Received & accepted new action goal
[ign gazebo-1] [INFO] [1790611612.255169727] [amir2.gripper_controller]: Received & accepted new action goal
[ign gazebo-1] [INFO] [1790611612.255184713] [amir1.gripper_controller]: Received & accepted new action goal
[ign gazebo-1] [INFO] [1790611612.553720168] [amir1.gripper_controller]: Received & accepted new action goal
[ign gazebo-1] [INFO] [1790611612.553736370] [amir2.gripper_controller]: Received & accepted new action goal
[ign gazebo-1] [INFO] [1790611612.768266307] [amir1.gripper_controller]: Received & accepted new action goal
[ign gazebo-1] [INFO] [1790611612.768335726] [amir2.gripper_controller]: Received & accepted new action goal
[ign gazebo-1] [INFO] [1790611613.227417673] [amir1.gripper_controller]: Received & accepted new action goal
[ign gazebo-1] [INFO] [1790611613.227448114] [amir2.gripper_controller]: Received & accepted new action goal
[ign gazebo-1] [INFO] [1790611613.687654607] [amir1.gripper_controller]: Received & accepted new action goal
[ign gazebo-1] [INFO] [1790611613.687895506] [amir2.gripper_controller]: Received & accepted new action goal
[ign gazebo-1] [INFO] [1790611614.176960749] [amir1.gripper_controller]: Received & accepted new action goal
[ign gazebo-1] [INFO] [1790611614.176970407] [amir2.gripper_controller]: Received & accepted new action goal
[ign gazebo-1] [INFO] [1790611614.548152419] [amir1.gripper_controller]: Received & accepted new action goal
[ign gazebo-1] [INFO] [1790611614.548346262] [amir2.gripper_controller]: Received & accepted new action goal
[ign gazebo-1] [INFO] [1790611614.728775315] [amir1.gripper_controller]: Received & accepted new action goal
[ign gazebo-1] [INFO] [1790611614.728807109] [amir2.gripper_controller]: Received & accepted new action goal
[ign gazebo-1] [INFO] [1790611615.124299096] [amir1.gripper_controller]: Received & accepted new action goal
[friction_grasp_manager-32] [WARN] [1790611615.124671474] [friction_grasp_manager]: amir2 finger force above 26.0 N; backing off.
[ign gazebo-1] [INFO] [1790611615.124859274] [amir2.gripper_controller]: Received & accepted new action goal
[ign gazebo-1] [INFO] [1790611615.527626686] [amir1.gripper_controller]: Received & accepted new action goal
[ign gazebo-1] [INFO] [1790611615.527671767] [amir2.gripper_controller]: Received & accepted new action goal
[ign gazebo-1] [INFO] [1790611615.704601087] [amir2.gripper_controller]: Received & accepted new action goal
[ign gazebo-1] [INFO] [1790611615.705086727] [amir1.gripper_controller]: Received & accepted new action goal
[ign gazebo-1] [INFO] [1790611615.965384915] [amir1.gripper_controller]: Received & accepted new action goal
[ign gazebo-1] [INFO] [1790611615.965414966] [amir2.gripper_controller]: Received & accepted new action goal
[ign gazebo-1] [INFO] [1790611616.357197549] [amir1.gripper_controller]: Received & accepted new action goal
[ign gazebo-1] [INFO] [1790611616.357218896] [amir2.gripper_controller]: Received & accepted new action goal
[ign gazebo-1] [INFO] [1790611616.556335024] [amir2.gripper_controller]: Received & accepted new action goal
[ign gazebo-1] [INFO] [1790611616.556342091] [amir1.gripper_controller]: Received & accepted new action goal
[ign gazebo-1] [INFO] [1790611616.861957540] [amir1.gripper_controller]: Received & accepted new action goal
[ign gazebo-1] [INFO] [1790611616.862188126] [amir2.gripper_controller]: Received & accepted new action goal
[WARNING] [launch]: user interrupted with ctrl-c (SIGINT)
[parameter_bridge-2] [INFO] [1790611617.055924863] [rclcpp]: signal_handler(SIGINT/SIGTERM)
[rover_twist_relay_ign.py-12] Traceback (most recent call last):
[rover_twist_relay_ign.py-12]   File "/home/dars5070/ros2_humble_ws/install/mecanumrover_description/lib/mecanumrover_description/rover_twist_relay_ign.py", line 36, in <module>
[rover_twist_relay_ign.py-12]     main()
[rover_twist_relay_ign.py-12]   File "/home/dars5070/ros2_humble_ws/install/mecanumrover_description/lib/mecanumrover_description/rover_twist_relay_ign.py", line 31, in main
[rover_twist_relay_ign.py-12]     rclpy.spin(RoverTwistRelayIgn())
[rover_twist_relay_ign.py-12]   File "/opt/ros/humble/local/lib/python3.10/dist-packages/rclpy/__init__.py", line 229, in spin
[rover_twist_relay_ign.py-12]     executor.spin_once()
[rover_twist_relay_ign.py-12]   File "/opt/ros/humble/local/lib/python3.10/dist-packages/rclpy/executors.py", line 776, in spin_once
[parameter_bridge-11] [INFO] [1790611617.056044463] [rclcpp]: signal_handler(SIGINT/SIGTERM)
[parameter_bridge-23] [INFO] [1790611617.056053061] [rclcpp]: signal_handler(SIGINT/SIGTERM)
[parameter_bridge-10] [INFO] [1790611617.056090456] [rclcpp]: signal_handler(SIGINT/SIGTERM)
[INFO] [dual_base_approach-40]: sending signal 'SIGINT' to process[dual_base_approach-40]
[INFO] [slip_monitor-39]: sending signal 'SIGINT' to process[slip_monitor-39]
[INFO] [safety_monitor-38]: sending signal 'SIGINT' to process[safety_monitor-38]
[ERROR] [dual_base_approach-40]: process has died [pid 68492, exit code -2, cmd '/home/dars5070/ros2_humble_ws/install/cooperative_transport_control/lib/cooperative_transport_control/dual_base_approach --ros-args -p use_sim_time:=True -p use_sim_time:=True --params-file /tmp/launch_params_hqihae7z'].
[ERROR] [slip_monitor-39]: process has died [pid 68490, exit code -2, cmd '/home/dars5070/ros2_humble_ws/install/cooperative_transport_control/lib/cooperative_transport_control/slip_monitor --ros-args -p use_sim_time:=True -p use_sim_time:=True --params-file /home/dars5070/ros2_humble_ws/install/cooperative_transport_control/share/cooperative_transport_control/config/friction_transport.yaml --params-file /tmp/launch_params_3nh8i7kx --params-file /tmp/launch_params_abxdx_gj --params-file /tmp/launch_params_pwt5u_99'].
[INFO] [coordinator-37]: sending signal 'SIGINT' to process[coordinator-37]
[INFO] [grasp_support_remover-36]: sending signal 'SIGINT' to process[grasp_support_remover-36]
[ERROR] [rover_twist_relay_ign.py-12]: process has died [pid 67485, exit code -2, cmd '/home/dars5070/ros2_humble_ws/install/mecanumrover_description/lib/mecanumrover_description/rover_twist_relay_ign.py --ros-args -r __node:=rover_twist_relay_ign -r __ns:=/amir1 -p use_sim_time:=True --params-file /tmp/launch_params_rmeytyvw'].
[ERROR] [coordinator-37]: process has died [pid 68486, exit code -2, cmd '/home/dars5070/ros2_humble_ws/install/cooperative_transport_control/lib/cooperative_transport_control/coordinator --ros-args -p use_sim_time:=True -p use_sim_time:=True --params-file /home/dars5070/ros2_humble_ws/install/cooperative_transport_control/share/cooperative_transport_control/config/friction_transport.yaml --params-file /tmp/launch_params_y8xks44m --params-file /tmp/launch_params_gx6kqedq --params-file /tmp/launch_params_znb3z2lo'].
[ERROR] [safety_monitor-38]: process has died [pid 68488, exit code -2, cmd '/home/dars5070/ros2_humble_ws/install/cooperative_transport_control/lib/cooperative_transport_control/safety_monitor --ros-args -p use_sim_time:=True -p use_sim_time:=True --params-file /home/dars5070/ros2_humble_ws/install/cooperative_transport_control/share/cooperative_transport_control/config/friction_transport.yaml --params-file /tmp/launch_params_vtpsale3 --params-file /tmp/launch_params_71k72cai'].
[ERROR] [rover_twist_relay_ign.py-24]: process has died [pid 67916, exit code -2, cmd '/home/dars5070/ros2_humble_ws/install/mecanumrover_description/lib/mecanumrover_description/rover_twist_relay_ign.py --ros-args -r __node:=rover_twist_relay_ign -r __ns:=/amir2 -p use_sim_time:=True -p use_sim_time:=True --params-file /tmp/launch_params_tsbonn_p'].
[INFO] [arm_home_positioner-33]: sending signal 'SIGINT' to process[arm_home_positioner-33]
[INFO] [friction_grasp_manager-32]: sending signal 'SIGINT' to process[friction_grasp_manager-32]
[ERROR] [grasp_support_remover-36]: process has died [pid 68484, exit code -2, cmd '/home/dars5070/ros2_humble_ws/install/cooperative_transport_control/lib/cooperative_transport_control/grasp_support_remover --ros-args -p use_sim_time:=True -p use_sim_time:=True --params-file /home/dars5070/ros2_humble_ws/install/cooperative_transport_control/share/cooperative_transport_control/config/friction_transport.yaml --params-file /tmp/launch_params_qzissizn'].
[ERROR] [arm_home_positioner-33]: process has died [pid 68344, exit code -2, cmd '/home/dars5070/ros2_humble_ws/install/coop_transport_controller/lib/coop_transport_controller/arm_home_positioner --ros-args -p use_sim_time:=True -p use_sim_time:=True --params-file /tmp/launch_params_z9ktoqup'].
[ERROR] [friction_grasp_manager-32]: process has died [pid 68342, exit code -2, cmd '/home/dars5070/ros2_humble_ws/install/cooperative_transport_control/lib/cooperative_transport_control/friction_grasp_manager --ros-args -p use_sim_time:=True -p use_sim_time:=True --params-file /home/dars5070/ros2_humble_ws/install/cooperative_transport_control/share/cooperative_transport_control/config/friction_transport.yaml --params-file /tmp/launch_params_9uo6hrlp --params-file /tmp/launch_params_rluw1k4f'].
[INFO] [parameter_bridge-23]: sending signal 'SIGINT' to process[parameter_bridge-23]
[INFO] [parameter_bridge-22]: sending signal 'SIGINT' to process[parameter_bridge-22]
[INFO] [robot_state_publisher-20]: sending signal 'SIGINT' to process[robot_state_publisher-20]
[INFO] [parameter_bridge-11]: sending signal 'SIGINT' to process[parameter_bridge-11]
[ERROR] [robot_state_publisher-20]: process has died [pid 67908, exit code -2, cmd '/opt/ros/humble/lib/robot_state_publisher/robot_state_publisher --ros-args -r __node:=robot_state_publisher -r __ns:=/amir2 -p use_sim_time:=True -p use_sim_time:=True --params-file /tmp/launch_params_vumfcgdw -r /tf:=tf -r /tf_static:=tf_static'].
[INFO] [parameter_bridge-10]: sending signal 'SIGINT' to process[parameter_bridge-10]
[INFO] [robot_state_publisher-8]: sending signal 'SIGINT' to process[robot_state_publisher-8]
[INFO] [pivot_rotation_controller-7]: sending signal 'SIGINT' to process[pivot_rotation_controller-7]
[INFO] [parameter_bridge-23]: process has finished cleanly [pid 67914]
[INFO] [rotation_controller-6]: sending signal 'SIGINT' to process[rotation_controller-6]
[ERROR] [robot_state_publisher-8]: process has died [pid 67477, exit code -2, cmd '/opt/ros/humble/lib/robot_state_publisher/robot_state_publisher --ros-args -r __node:=robot_state_publisher -r __ns:=/amir1 -p use_sim_time:=True --params-file /tmp/launch_params__h8bx5g7 -r /tf:=tf -r /tf_static:=tf_static'].
[INFO] [parameter_bridge-11]: process has finished cleanly [pid 67483]
[INFO] [parameter_bridge-10]: process has finished cleanly [pid 67481]
[INFO] [parameter_bridge-2]: process has finished cleanly [pid 67247]
[INFO] [parameter_bridge-22]: process has finished cleanly [pid 67912]
[INFO] [finger_contact_aggregator-4]: sending signal 'SIGINT' to process[finger_contact_aggregator-4]
[INFO] [transport_pose_filter-3]: sending signal 'SIGINT' to process[transport_pose_filter-3]
[ERROR] [pivot_rotation_controller-7]: process has died [pid 67258, exit code -2, cmd '/home/dars5070/ros2_humble_ws/install/cooperative_transport_control/lib/cooperative_transport_control/pivot_rotation_controller --ros-args --params-file /tmp/launch_params_f8f5qrxf'].
[INFO] [transport_pose_filter-3]: process has finished cleanly [pid 67250]
[ERROR] [rotation_controller-6]: process has died [pid 67256, exit code -2, cmd '/home/dars5070/ros2_humble_ws/install/cooperative_rotation/lib/cooperative_rotation/rotation_controller --ros-args --params-file /home/dars5070/ros2_humble_ws/install/cooperative_rotation/share/cooperative_rotation/config/rotation_params.yaml --params-file /tmp/launch_params_wdfaovxr'].
[INFO] [finger_contact_aggregator-4]: process has finished cleanly [pid 67252]
[INFO] [ign gazebo-1]: sending signal 'SIGINT' to process[ign gazebo-1]
[robot_state_publisher-20] [INFO] [1790611617.056096346] [rclcpp]: signal_handler(SIGINT/SIGTERM)
[finger_contact_aggregator-4] [INFO] [1790611617.056103605] [rclcpp]: signal_handler(SIGINT/SIGTERM)
[rover_twist_relay_ign.py-12]     self._spin_once_impl(timeout_sec)
[rover_twist_relay_ign.py-12]   File "/opt/ros/humble/local/lib/python3.10/dist-packages/rclpy/executors.py", line 765, in _spin_once_impl
[rover_twist_relay_ign.py-12]     handler, entity, node = self.wait_for_ready_callbacks(timeout_sec=timeout_sec)
[rover_twist_relay_ign.py-12]   File "/opt/ros/humble/local/lib/python3.10/dist-packages/rclpy/executors.py", line 748, in wait_for_ready_callbacks
[rover_twist_relay_ign.py-12]     return next(self._cb_iter)
[rover_twist_relay_ign.py-12]   File "/opt/ros/humble/local/lib/python3.10/dist-packages/rclpy/executors.py", line 645, in _wait_for_ready_callbacks
[rover_twist_relay_ign.py-12]     wait_set.wait(timeout_nsec)
[rover_twist_relay_ign.py-12] KeyboardInterrupt
[rover_twist_relay_ign.py-24] Traceback (most recent call last):
[rover_twist_relay_ign.py-24]   File "/home/dars5070/ros2_humble_ws/install/mecanumrover_description/lib/mecanumrover_description/rover_twist_relay_ign.py", line 36, in <module>
[rover_twist_relay_ign.py-24]     main()
[rover_twist_relay_ign.py-24]   File "/home/dars5070/ros2_humble_ws/install/mecanumrover_description/lib/mecanumrover_description/rover_twist_relay_ign.py", line 31, in main
[rover_twist_relay_ign.py-24]     rclpy.spin(RoverTwistRelayIgn())
[rover_twist_relay_ign.py-24]   File "/opt/ros/humble/local/lib/python3.10/dist-packages/rclpy/__init__.py", line 229, in spin
[rover_twist_relay_ign.py-24]     executor.spin_once()
[rover_twist_relay_ign.py-24]   File "/opt/ros/humble/local/lib/python3.10/dist-packages/rclpy/executors.py", line 776, in spin_once
[rover_twist_relay_ign.py-24]     self._spin_once_impl(timeout_sec)
[rover_twist_relay_ign.py-24]   File "/opt/ros/humble/local/lib/python3.10/dist-packages/rclpy/executors.py", line 765, in _spin_once_impl
[rover_twist_relay_ign.py-24]     handler, entity, node = self.wait_for_ready_callbacks(timeout_sec=timeout_sec)
[rover_twist_relay_ign.py-24]   File "/opt/ros/humble/local/lib/python3.10/dist-packages/rclpy/executors.py", line 748, in wait_for_ready_callbacks
[rover_twist_relay_ign.py-24]     return next(self._cb_iter)
[rover_twist_relay_ign.py-24]   File "/opt/ros/humble/local/lib/python3.10/dist-packages/rclpy/executors.py", line 645, in _wait_for_ready_callbacks
[rover_twist_relay_ign.py-24]     wait_set.wait(timeout_nsec)
[rover_twist_relay_ign.py-24] KeyboardInterrupt
[ign gazebo-1] [INFO] [1790611617.056326790] [rclcpp]: signal_handler(SIGINT/SIGTERM)
[ign gazebo-1] [INFO] [1790611617.056380391] [amir2.controller_manager]: Shutdown request received....
[ign gazebo-1] [INFO] [1790611617.056450438] [amir2.controller_manager]: Shutting down all controllers in the controller manager.
[ign gazebo-1] [INFO] [1790611617.056480221] [amir2.controller_manager]: Deactivating controller 'joint_state_broadcaster'
[ign gazebo-1] [INFO] [1790611617.056524592] [amir2.controller_manager]: Shutting down controller 'joint_state_broadcaster'
[ign gazebo-1] [INFO] [1790611617.056563868] [amir2.controller_manager]: Deactivating controller 'arm_controller'
[ign gazebo-1] [INFO] [1790611617.056602835] [amir2.controller_manager]: Shutting down controller 'arm_controller'
[ign gazebo-1] [INFO] [1790611617.056628954] [amir2.controller_manager]: Deactivating controller 'gripper_controller'
[ign gazebo-1] [INFO] [1790611617.056925856] [amir2.controller_manager]: Shutting down controller 'gripper_controller'
[ign gazebo-1] [INFO] [1790611617.056963558] [amir2.controller_manager]: Deactivating controller 'mecanum_drive_controller'
[ign gazebo-1] [INFO] [1790611617.056978790] [amir2.controller_manager]: Shutting down controller 'mecanum_drive_controller'
[ign gazebo-1] [INFO] [1790611617.057002810] [resource_manager]: 'deactivate' hardware 'AmirGazeboSystem' 
[ign gazebo-1] [INFO] [1790611617.057018991] [resource_manager]: Successful 'deactivate' of hardware 'AmirGazeboSystem'
[ign gazebo-1] [INFO] [1790611617.057022596] [resource_manager]: 'shutdown' hardware 'AmirGazeboSystem' 
[ign gazebo-1] [INFO] [1790611617.057026895] [resource_manager]: Successful 'shutdown' of hardware 'AmirGazeboSystem'
[ign gazebo-1] [INFO] [1790611617.057031015] [resource_manager]: 'deactivate' hardware 'MecanumSystem' 
[ign gazebo-1] [INFO] [1790611617.057035198] [resource_manager]: Successful 'deactivate' of hardware 'MecanumSystem'
[ign gazebo-1] [INFO] [1790611617.057060669] [resource_manager]: 'shutdown' hardware 'MecanumSystem' 
[ign gazebo-1] [INFO] [1790611617.057069539] [resource_manager]: Successful 'shutdown' of hardware 'MecanumSystem'
[ign gazebo-1] [INFO] [1790611617.057073094] [amir2.controller_manager]: Shutting down the controller manager.
[ign gazebo-1] [INFO] [1790611617.057080604] [amir1.controller_manager]: Shutdown request received....
[ign gazebo-1] [INFO] [1790611617.057099928] [amir1.controller_manager]: Shutting down all controllers in the controller manager.
[ign gazebo-1] [INFO] [1790611617.057108976] [amir1.controller_manager]: Deactivating controller 'joint_state_broadcaster'
[ign gazebo-1] [INFO] [1790611617.057124896] [amir1.controller_manager]: Shutting down controller 'joint_state_broadcaster'
[ign gazebo-1] [INFO] [1790611617.057136511] [amir1.controller_manager]: Deactivating controller 'arm_controller'
[ign gazebo-1] [INFO] [1790611617.057151970] [amir1.controller_manager]: Shutting down controller 'arm_controller'
[ign gazebo-1] [INFO] [1790611617.057163836] [amir1.controller_manager]: Deactivating controller 'gripper_controller'
[ign gazebo-1] [INFO] [1790611617.057175259] [amir1.controller_manager]: Shutting down controller 'gripper_controller'
[ign gazebo-1] [INFO] [1790611617.057185317] [amir1.controller_manager]: Deactivating controller 'mecanum_drive_controller'
[ign gazebo-1] [INFO] [1790611617.057197801] [amir1.controller_manager]: Shutting down controller 'mecanum_drive_controller'
[ign gazebo-1] [INFO] [1790611617.057209450] [resource_manager]: 'deactivate' hardware 'AmirGazeboSystem' 
[ign gazebo-1] [INFO] [1790611617.057213818] [resource_manager]: Successful 'deactivate' of hardware 'AmirGazeboSystem'
[ign gazebo-1] [INFO] [1790611617.057216778] [resource_manager]: 'shutdown' hardware 'AmirGazeboSystem' 
[ign gazebo-1] [INFO] [1790611617.057220624] [resource_manager]: Successful 'shutdown' of hardware 'AmirGazeboSystem'
[ign gazebo-1] [INFO] [1790611617.057224627] [resource_manager]: 'deactivate' hardware 'MecanumSystem' 
[ign gazebo-1] [INFO] [1790611617.057228787] [resource_manager]: Successful 'deactivate' of hardware 'MecanumSystem'
[ign gazebo-1] [INFO] [1790611617.057231048] [resource_manager]: 'shutdown' hardware 'MecanumSystem' 
[ign gazebo-1] [INFO] [1790611617.057234148] [resource_manager]: Successful 'shutdown' of hardware 'MecanumSystem'
[ign gazebo-1] [INFO] [1790611617.057237203] [amir1.controller_manager]: Shutting down the controller manager.
[parameter_bridge-22] [INFO] [1790611617.059100584] [rclcpp]: signal_handler(SIGINT/SIGTERM)
[transport_pose_filter-3] [INFO] [1790611617.059099862] [rclcpp]: signal_handler(SIGINT/SIGTERM)
[robot_state_publisher-8] [INFO] [1790611617.063714960] [rclcpp]: signal_handler(SIGINT/SIGTERM)
[parameter_bridge-23] [INFO] [1790611617.156462469] [rclcpp]: signal_handler(SIGINT/SIGTERM)
[parameter_bridge-22] [INFO] [1790611617.160275508] [rclcpp]: signal_handler(SIGINT/SIGTERM)
[parameter_bridge-11] [INFO] [1790611617.172876558] [rclcpp]: signal_handler(SIGINT/SIGTERM)
[parameter_bridge-10] [INFO] [1790611617.177139941] [rclcpp]: signal_handler(SIGINT/SIGTERM)
[ERROR] [ign gazebo-1]: process has died [pid 67245, exit code -2, cmd 'ruby /usr/bin/ign gazebo -s -r -v 1 /home/dars5070/ros2_humble_ws/install/cooperative_transport_gazebo/share/cooperative_transport_gazebo/worlds/cooperative_transport_contact.sdf --force-version 6'].
[INFO] [launch]: process[ign gazebo-1] was required: shutting down launched system
