[INFO] [launch]: All log files can be found below /home/dars5070/.ros/log/2026-09-28-23-32-35-116082-dars5070-Katana-15-HX-B14WGK-47547
[INFO] [launch]: Default logging verbosity is set to INFO
[INFO] [ign gazebo-1]: process started with pid [47558]
[INFO] [parameter_bridge-2]: process started with pid [47560]
[INFO] [transport_pose_filter-3]: process started with pid [47563]
[INFO] [finger_contact_aggregator-4]: process started with pid [47565]
[INFO] [simulation_startup_gate-5]: process started with pid [47567]
[INFO] [rotation_controller-6]: process started with pid [47569]
[INFO] [pivot_rotation_controller-7]: process started with pid [47571]
[transport_pose_filter-3] [INFO] [1790605955.386240531] [transport_pose_filter]: Filtering /world/cooperative_transport_friction/pose/info -> /cooperative_transport/model_poses (3 models)
[parameter_bridge-2] [INFO] [1790605955.416785520] [cooperative_transport_friction_bridge]: Creating GZ->ROS Bridge: [/clock (gz.msgs.Clock) -> /clock (rosgraph_msgs/msg/Clock)] (Lazy 0)
[parameter_bridge-2] [INFO] [1790605955.417458272] [cooperative_transport_friction_bridge]: Creating GZ->ROS Bridge: [/world/cooperative_transport_friction/pose/info (gz.msgs.Pose_V) -> /world/cooperative_transport_friction/pose/info (tf2_msgs/msg/TFMessage)] (Lazy 0)
[pivot_rotation_controller-7] [INFO] [1790605956.092410163] [pivot_rotation_controller]: Waiting for grasp; pivot=amir1, follower=amir2, target=30.0 deg
[simulation_startup_gate-5] [INFO] [1790605956.104177518] [startup_world_ready]: Waiting for world: ['amir1']
[rotation_controller-6] [INFO] [1790605956.115995898] [cooperative_rotation_controller]: Rotation controller ready: target=30.0 deg, axis=[0.0, 0.0, 1.0]
[simulation_startup_gate-5] [INFO] [1790605958.298177543] [startup_world_ready]: Ready: world_ready
[INFO] [simulation_startup_gate-5]: process has finished cleanly [pid 47567]
[INFO] [robot_state_publisher-8]: process started with pid [47784]
[INFO] [simulation_startup_gate-9]: process started with pid [47786]
[INFO] [parameter_bridge-10]: process started with pid [47788]
[INFO] [parameter_bridge-11]: process started with pid [47790]
[INFO] [parameter_bridge-12]: process started with pid [47792]
[INFO] [rover_twist_relay_ign.py-13]: process started with pid [47794]
[INFO] [simulation_startup_gate-14]: process started with pid [47796]
[parameter_bridge-12] [INFO] [1790605958.732264917] [amir1.finger_contact_bridge]: Creating GZ->ROS Bridge: [/world/cooperative_transport_friction/model/amir1/link/finger_left_1/sensor/finger_left_contact_sensor/contact (gz.msgs.Contacts) -> /world/cooperative_transport_friction/model/amir1/link/finger_left_1/sensor/finger_left_contact_sensor/contact (ros_gz_interfaces/msg/Contacts)] (Lazy 0)
[parameter_bridge-12] [INFO] [1790605958.733778480] [amir1.finger_contact_bridge]: Creating GZ->ROS Bridge: [/world/cooperative_transport_friction/model/amir1/link/finger_left_1/sensor/finger_left_contact_sensor_1/contact (gz.msgs.Contacts) -> /world/cooperative_transport_friction/model/amir1/link/finger_left_1/sensor/finger_left_contact_sensor_1/contact (ros_gz_interfaces/msg/Contacts)] (Lazy 0)
[parameter_bridge-12] [INFO] [1790605958.734157445] [amir1.finger_contact_bridge]: Creating GZ->ROS Bridge: [/world/cooperative_transport_friction/model/amir1/link/finger_left_1/sensor/finger_left_contact_sensor_2/contact (gz.msgs.Contacts) -> /world/cooperative_transport_friction/model/amir1/link/finger_left_1/sensor/finger_left_contact_sensor_2/contact (ros_gz_interfaces/msg/Contacts)] (Lazy 0)
[parameter_bridge-12] [INFO] [1790605958.734429617] [amir1.finger_contact_bridge]: Creating GZ->ROS Bridge: [/world/cooperative_transport_friction/model/amir1/link/finger_left_1/sensor/finger_left_contact_sensor_3/contact (gz.msgs.Contacts) -> /world/cooperative_transport_friction/model/amir1/link/finger_left_1/sensor/finger_left_contact_sensor_3/contact (ros_gz_interfaces/msg/Contacts)] (Lazy 0)
[parameter_bridge-12] [INFO] [1790605958.734966222] [amir1.finger_contact_bridge]: Creating GZ->ROS Bridge: [/world/cooperative_transport_friction/model/amir1/link/finger_left_1/sensor/finger_left_contact_sensor_4/contact (gz.msgs.Contacts) -> /world/cooperative_transport_friction/model/amir1/link/finger_left_1/sensor/finger_left_contact_sensor_4/contact (ros_gz_interfaces/msg/Contacts)] (Lazy 0)
[parameter_bridge-12] [INFO] [1790605958.735448842] [amir1.finger_contact_bridge]: Creating GZ->ROS Bridge: [/world/cooperative_transport_friction/model/amir1/link/finger_left_1/sensor/finger_left_contact_sensor_5/contact (gz.msgs.Contacts) -> /world/cooperative_transport_friction/model/amir1/link/finger_left_1/sensor/finger_left_contact_sensor_5/contact (ros_gz_interfaces/msg/Contacts)] (Lazy 0)
[parameter_bridge-12] [INFO] [1790605958.735854751] [amir1.finger_contact_bridge]: Creating GZ->ROS Bridge: [/world/cooperative_transport_friction/model/amir1/link/finger_left_1/sensor/finger_left_contact_sensor_6/contact (gz.msgs.Contacts) -> /world/cooperative_transport_friction/model/amir1/link/finger_left_1/sensor/finger_left_contact_sensor_6/contact (ros_gz_interfaces/msg/Contacts)] (Lazy 0)
[parameter_bridge-12] [INFO] [1790605958.736307352] [amir1.finger_contact_bridge]: Creating GZ->ROS Bridge: [/world/cooperative_transport_friction/model/amir1/link/finger_left_1/sensor/finger_left_contact_sensor_7/contact (gz.msgs.Contacts) -> /world/cooperative_transport_friction/model/amir1/link/finger_left_1/sensor/finger_left_contact_sensor_7/contact (ros_gz_interfaces/msg/Contacts)] (Lazy 0)
[parameter_bridge-12] [INFO] [1790605958.736710189] [amir1.finger_contact_bridge]: Creating GZ->ROS Bridge: [/world/cooperative_transport_friction/model/amir1/link/finger_left_1/sensor/finger_left_contact_sensor_8/contact (gz.msgs.Contacts) -> /world/cooperative_transport_friction/model/amir1/link/finger_left_1/sensor/finger_left_contact_sensor_8/contact (ros_gz_interfaces/msg/Contacts)] (Lazy 0)
[parameter_bridge-12] [INFO] [1790605958.737268421] [amir1.finger_contact_bridge]: Creating GZ->ROS Bridge: [/world/cooperative_transport_friction/model/amir1/link/finger_right_1/sensor/finger_right_contact_sensor/contact (gz.msgs.Contacts) -> /world/cooperative_transport_friction/model/amir1/link/finger_right_1/sensor/finger_right_contact_sensor/contact (ros_gz_interfaces/msg/Contacts)] (Lazy 0)
[parameter_bridge-12] [INFO] [1790605958.737866711] [amir1.finger_contact_bridge]: Creating GZ->ROS Bridge: [/world/cooperative_transport_friction/model/amir1/link/finger_right_1/sensor/finger_right_contact_sensor_1/contact (gz.msgs.Contacts) -> /world/cooperative_transport_friction/model/amir1/link/finger_right_1/sensor/finger_right_contact_sensor_1/contact (ros_gz_interfaces/msg/Contacts)] (Lazy 0)
[parameter_bridge-12] [INFO] [1790605958.738446059] [amir1.finger_contact_bridge]: Creating GZ->ROS Bridge: [/world/cooperative_transport_friction/model/amir1/link/finger_right_1/sensor/finger_right_contact_sensor_2/contact (gz.msgs.Contacts) -> /world/cooperative_transport_friction/model/amir1/link/finger_right_1/sensor/finger_right_contact_sensor_2/contact (ros_gz_interfaces/msg/Contacts)] (Lazy 0)
[parameter_bridge-12] [INFO] [1790605958.739024290] [amir1.finger_contact_bridge]: Creating GZ->ROS Bridge: [/world/cooperative_transport_friction/model/amir1/link/finger_right_1/sensor/finger_right_contact_sensor_3/contact (gz.msgs.Contacts) -> /world/cooperative_transport_friction/model/amir1/link/finger_right_1/sensor/finger_right_contact_sensor_3/contact (ros_gz_interfaces/msg/Contacts)] (Lazy 0)
[parameter_bridge-12] [INFO] [1790605958.739524515] [amir1.finger_contact_bridge]: Creating GZ->ROS Bridge: [/world/cooperative_transport_friction/model/amir1/link/finger_right_1/sensor/finger_right_contact_sensor_4/contact (gz.msgs.Contacts) -> /world/cooperative_transport_friction/model/amir1/link/finger_right_1/sensor/finger_right_contact_sensor_4/contact (ros_gz_interfaces/msg/Contacts)] (Lazy 0)
[parameter_bridge-12] [INFO] [1790605958.740056186] [amir1.finger_contact_bridge]: Creating GZ->ROS Bridge: [/world/cooperative_transport_friction/model/amir1/link/finger_right_1/sensor/finger_right_contact_sensor_5/contact (gz.msgs.Contacts) -> /world/cooperative_transport_friction/model/amir1/link/finger_right_1/sensor/finger_right_contact_sensor_5/contact (ros_gz_interfaces/msg/Contacts)] (Lazy 0)
[parameter_bridge-12] [INFO] [1790605958.740510318] [amir1.finger_contact_bridge]: Creating GZ->ROS Bridge: [/world/cooperative_transport_friction/model/amir1/link/finger_right_1/sensor/finger_right_contact_sensor_6/contact (gz.msgs.Contacts) -> /world/cooperative_transport_friction/model/amir1/link/finger_right_1/sensor/finger_right_contact_sensor_6/contact (ros_gz_interfaces/msg/Contacts)] (Lazy 0)
[parameter_bridge-12] [INFO] [1790605958.740885298] [amir1.finger_contact_bridge]: Creating GZ->ROS Bridge: [/world/cooperative_transport_friction/model/amir1/link/finger_right_1/sensor/finger_right_contact_sensor_7/contact (gz.msgs.Contacts) -> /world/cooperative_transport_friction/model/amir1/link/finger_right_1/sensor/finger_right_contact_sensor_7/contact (ros_gz_interfaces/msg/Contacts)] (Lazy 0)
[parameter_bridge-12] [INFO] [1790605958.741286001] [amir1.finger_contact_bridge]: Creating GZ->ROS Bridge: [/world/cooperative_transport_friction/model/amir1/link/finger_right_1/sensor/finger_right_contact_sensor_8/contact (gz.msgs.Contacts) -> /world/cooperative_transport_friction/model/amir1/link/finger_right_1/sensor/finger_right_contact_sensor_8/contact (ros_gz_interfaces/msg/Contacts)] (Lazy 0)
[parameter_bridge-11] [INFO] [1790605958.743144446] [amir1.finger_ft_bridge]: Creating GZ->ROS Bridge: [/amir1/finger_left_wrench (gz.msgs.Wrench) -> /amir1/finger_left_wrench (geometry_msgs/msg/WrenchStamped)] (Lazy 0)
[parameter_bridge-11] [INFO] [1790605958.744402533] [amir1.finger_ft_bridge]: Creating GZ->ROS Bridge: [/amir1/finger_right_wrench (gz.msgs.Wrench) -> /amir1/finger_right_wrench (geometry_msgs/msg/WrenchStamped)] (Lazy 0)
[robot_state_publisher-8] [INFO] [1790605958.746877721] [amir1.robot_state_publisher]: got segment back_left_arm
[robot_state_publisher-8] [INFO] [1790605958.746966802] [amir1.robot_state_publisher]: got segment back_left_wheel_1
[robot_state_publisher-8] [INFO] [1790605958.746974135] [amir1.robot_state_publisher]: got segment back_right_arm
[robot_state_publisher-8] [INFO] [1790605958.746977825] [amir1.robot_state_publisher]: got segment back_right_wheel_1
[robot_state_publisher-8] [INFO] [1790605958.746980474] [amir1.robot_state_publisher]: got segment base_footprint
[robot_state_publisher-8] [INFO] [1790605958.746982928] [amir1.robot_state_publisher]: got segment base_link
[robot_state_publisher-8] [INFO] [1790605958.746985546] [amir1.robot_state_publisher]: got segment finger_left_1
[robot_state_publisher-8] [INFO] [1790605958.746988324] [amir1.robot_state_publisher]: got segment finger_right_1
[robot_state_publisher-8] [INFO] [1790605958.746990913] [amir1.robot_state_publisher]: got segment front_left_arm
[robot_state_publisher-8] [INFO] [1790605958.746993502] [amir1.robot_state_publisher]: got segment front_left_wheel_1
[robot_state_publisher-8] [INFO] [1790605958.746995979] [amir1.robot_state_publisher]: got segment front_lrf_link
[robot_state_publisher-8] [INFO] [1790605958.746998646] [amir1.robot_state_publisher]: got segment front_right_arm
[robot_state_publisher-8] [INFO] [1790605958.747001244] [amir1.robot_state_publisher]: got segment front_right_wheel_1
[robot_state_publisher-8] [INFO] [1790605958.747005288] [amir1.robot_state_publisher]: got segment gripper_base_1
[robot_state_publisher-8] [INFO] [1790605958.747009308] [amir1.robot_state_publisher]: got segment inner_link_left_1
[robot_state_publisher-8] [INFO] [1790605958.747013288] [amir1.robot_state_publisher]: got segment inner_link_right_1
[robot_state_publisher-8] [INFO] [1790605958.747017241] [amir1.robot_state_publisher]: got segment link0_1
[robot_state_publisher-8] [INFO] [1790605958.747019961] [amir1.robot_state_publisher]: got segment link1_1
[robot_state_publisher-8] [INFO] [1790605958.747022441] [amir1.robot_state_publisher]: got segment link2_1
[robot_state_publisher-8] [INFO] [1790605958.747024860] [amir1.robot_state_publisher]: got segment link3_1
[robot_state_publisher-8] [INFO] [1790605958.747027347] [amir1.robot_state_publisher]: got segment link4_1
[robot_state_publisher-8] [INFO] [1790605958.747029799] [amir1.robot_state_publisher]: got segment outer_link_left_1
[robot_state_publisher-8] [INFO] [1790605958.747032373] [amir1.robot_state_publisher]: got segment outer_link_right_1
[robot_state_publisher-8] [INFO] [1790605958.747034841] [amir1.robot_state_publisher]: got segment tcp_link
[parameter_bridge-10] [INFO] [1790605958.746999964] [amir1.odom_bridge]: Creating GZ->ROS Bridge: [/amir1/odom (gz.msgs.Odometry) -> /amir1/odom (nav_msgs/msg/Odometry)] (Lazy 0)
[parameter_bridge-10] [INFO] [1790605958.748306746] [amir1.odom_bridge]: Creating GZ->ROS Bridge: [/amir1/odom/tf (gz.msgs.Pose_V) -> /amir1/odom/tf (tf2_msgs/msg/TFMessage)] (Lazy 0)
[rover_twist_relay_ign.py-13] [INFO] [1790605958.972195375] [amir1.rover_twist_relay_ign]: rover_twist_relay_ign: /rover_twist → /mecanum_drive_controller/reference_unstamped
[simulation_startup_gate-9] [INFO] [1790605959.049367388] [amir1.description_ready]: Waiting for description: ['amir1']
[simulation_startup_gate-14] [INFO] [1790605959.068070936] [startup_amir1_controllers_ready]: Waiting for controllers: ['amir1']
[simulation_startup_gate-9] [INFO] [1790605960.642306470] [amir1.description_ready]: Ready: amir1_description_ready
[INFO] [simulation_startup_gate-9]: process has finished cleanly [pid 47786]
[INFO] [create-15]: process started with pid [47965]
[create-15] [INFO] [1790605960.837411271] [amir1.ros_gz_sim]: Requesting list of world names.
[create-15] [INFO] [1790605961.041521290] [amir1.ros_gz_sim]: Requested creation of entity.
[create-15] [INFO] [1790605961.041613750] [amir1.ros_gz_sim]: OK creation of entity.
[ign gazebo-1] [INFO] [1790605961.141065446] [GazeboSimROS2ControlPlugin]: robot_param_node is robot_state_publisher
[ign gazebo-1] [INFO] [1790605961.141085796] [GazeboSimROS2ControlPlugin]: robot_param_node is robot_description
[INFO] [create-15]: process has finished cleanly [pid 47965]
[INFO] [simulation_startup_gate-16]: process started with pid [48019]
[simulation_startup_gate-16] [INFO] [1790605961.429288962] [amir1.manager_ready]: Waiting for manager: ['amir1']
[ign gazebo-1] [INFO] [1790605961.471856470] [amir1.gz_ros2_control]: connected to service!! /amir1/robot_state_publisher asking for robot_description
[ign gazebo-1] [INFO] [1790605961.474334830] [amir1.gz_ros2_control]: Received URDF from param server
[ign gazebo-1] [INFO] [1790605961.496152314] [amir1.gz_ros2_control]: The position_proportional_gain has been set to: 0.1
[ign gazebo-1] [INFO] [1790605961.496343274] [amir1.gz_ros2_control]: Loading joint: front_left_joint
[ign gazebo-1] [INFO] [1790605961.496387958] [amir1.gz_ros2_control]: 	State:
[ign gazebo-1] [INFO] [1790605961.496415164] [amir1.gz_ros2_control]: 		 position
[ign gazebo-1] [INFO] [1790605961.496439220] [amir1.gz_ros2_control]: 		 velocity
[ign gazebo-1] [INFO] [1790605961.496463364] [amir1.gz_ros2_control]: 	Command:
[ign gazebo-1] [INFO] [1790605961.496478980] [amir1.gz_ros2_control]: 		 velocity
[ign gazebo-1] [INFO] [1790605961.496570912] [amir1.gz_ros2_control]: Loading joint: front_right_joint
[ign gazebo-1] [INFO] [1790605961.496589529] [amir1.gz_ros2_control]: 	State:
[ign gazebo-1] [INFO] [1790605961.496603135] [amir1.gz_ros2_control]: 		 position
[ign gazebo-1] [INFO] [1790605961.496625315] [amir1.gz_ros2_control]: 		 velocity
[ign gazebo-1] [INFO] [1790605961.496646581] [amir1.gz_ros2_control]: 	Command:
[ign gazebo-1] [INFO] [1790605961.496669130] [amir1.gz_ros2_control]: 		 velocity
[ign gazebo-1] [INFO] [1790605961.496729044] [amir1.gz_ros2_control]: Loading joint: back_left_joint
[ign gazebo-1] [INFO] [1790605961.496745159] [amir1.gz_ros2_control]: 	State:
[ign gazebo-1] [INFO] [1790605961.496757866] [amir1.gz_ros2_control]: 		 position
[ign gazebo-1] [INFO] [1790605961.496780496] [amir1.gz_ros2_control]: 		 velocity
[ign gazebo-1] [INFO] [1790605961.496793092] [amir1.gz_ros2_control]: 	Command:
[ign gazebo-1] [INFO] [1790605961.496805496] [amir1.gz_ros2_control]: 		 velocity
[ign gazebo-1] [INFO] [1790605961.496857797] [amir1.gz_ros2_control]: Loading joint: back_right_joint
[ign gazebo-1] [INFO] [1790605961.496872979] [amir1.gz_ros2_control]: 	State:
[ign gazebo-1] [INFO] [1790605961.496885282] [amir1.gz_ros2_control]: 		 position
[ign gazebo-1] [INFO] [1790605961.496915994] [amir1.gz_ros2_control]: 		 velocity
[ign gazebo-1] [INFO] [1790605961.496928938] [amir1.gz_ros2_control]: 	Command:
[ign gazebo-1] [INFO] [1790605961.496941298] [amir1.gz_ros2_control]: 		 velocity
[ign gazebo-1] [INFO] [1790605961.497399125] [amir1.gz_ros2_control]: Loading sensor: finger_right_force_sensor
[ign gazebo-1] [INFO] [1790605961.497428404] [amir1.gz_ros2_control]: 	State:
[ign gazebo-1] [WARN] [1790605961.497444828] [amir1.gz_ros2_control]: ForceTorque sensor 'finger_right_force_sensor' not found in hardware_info, skipping.
[ign gazebo-1] [INFO] [1790605961.497462021] [amir1.gz_ros2_control]: Loading sensor: finger_left_force_sensor
[ign gazebo-1] [INFO] [1790605961.497481609] [amir1.gz_ros2_control]: 	State:
[ign gazebo-1] [WARN] [1790605961.497504921] [amir1.gz_ros2_control]: ForceTorque sensor 'finger_left_force_sensor' not found in hardware_info, skipping.
[ign gazebo-1] [INFO] [1790605961.497546506] [resource_manager]: Initialize hardware 'MecanumSystem' 
[ign gazebo-1] [INFO] [1790605961.497721396] [resource_manager]: Successful initialization of hardware 'MecanumSystem'
[ign gazebo-1] [INFO] [1790605961.497858998] [resource_manager]: 'configure' hardware 'MecanumSystem' 
[ign gazebo-1] [INFO] [1790605961.497876951] [amir1.gz_ros2_control]: System Successfully configured!
[ign gazebo-1] [INFO] [1790605961.497911830] [resource_manager]: Successful 'configure' of hardware 'MecanumSystem'
[ign gazebo-1] [INFO] [1790605961.497930652] [resource_manager]: 'activate' hardware 'MecanumSystem' 
[ign gazebo-1] [INFO] [1790605961.497950733] [resource_manager]: Successful 'activate' of hardware 'MecanumSystem'
[ign gazebo-1] [INFO] [1790605961.498249854] [amir1.gz_ros2_control]: The position_proportional_gain has been set to: 0.1
[ign gazebo-1] [INFO] [1790605961.498330418] [amir1.gz_ros2_control]: Loading joint: Joint_1
[ign gazebo-1] [INFO] [1790605961.498349319] [amir1.gz_ros2_control]: 	State:
[ign gazebo-1] [INFO] [1790605961.498364011] [amir1.gz_ros2_control]: 		 position
[ign gazebo-1] [INFO] [1790605961.498382398] [amir1.gz_ros2_control]: 			 found initial value: 0.000000
[ign gazebo-1] [INFO] [1790605961.498399721] [amir1.gz_ros2_control]: 		 velocity
[ign gazebo-1] [INFO] [1790605961.498421107] [amir1.gz_ros2_control]: 	Command:
[ign gazebo-1] [INFO] [1790605961.498440339] [amir1.gz_ros2_control]: 		 position
[ign gazebo-1] [INFO] [1790605961.498528344] [amir1.gz_ros2_control]: Loading joint: Joint_2
[ign gazebo-1] [INFO] [1790605961.498553285] [amir1.gz_ros2_control]: 	State:
[ign gazebo-1] [INFO] [1790605961.498574866] [amir1.gz_ros2_control]: 		 position
[ign gazebo-1] [INFO] [1790605961.498593129] [amir1.gz_ros2_control]: 			 found initial value: 1.400000
[ign gazebo-1] [INFO] [1790605961.498686394] [amir1.gz_ros2_control]: 		 velocity
[ign gazebo-1] [INFO] [1790605961.498709249] [amir1.gz_ros2_control]: 	Command:
[ign gazebo-1] [INFO] [1790605961.498731511] [amir1.gz_ros2_control]: 		 position
[ign gazebo-1] [INFO] [1790605961.498817079] [amir1.gz_ros2_control]: Loading joint: Joint_3
[ign gazebo-1] [INFO] [1790605961.498841064] [amir1.gz_ros2_control]: 	State:
[ign gazebo-1] [INFO] [1790605961.498863417] [amir1.gz_ros2_control]: 		 position
[ign gazebo-1] [INFO] [1790605961.498885805] [amir1.gz_ros2_control]: 			 found initial value: -1.600000
[ign gazebo-1] [INFO] [1790605961.498911975] [amir1.gz_ros2_control]: 		 velocity
[ign gazebo-1] [INFO] [1790605961.498932068] [amir1.gz_ros2_control]: 	Command:
[ign gazebo-1] [INFO] [1790605961.498954006] [amir1.gz_ros2_control]: 		 position
[ign gazebo-1] [INFO] [1790605961.499027497] [amir1.gz_ros2_control]: Loading joint: Joint_4
[ign gazebo-1] [INFO] [1790605961.499079609] [amir1.gz_ros2_control]: 	State:
[ign gazebo-1] [INFO] [1790605961.499102904] [amir1.gz_ros2_control]: 		 position
[ign gazebo-1] [INFO] [1790605961.499136379] [amir1.gz_ros2_control]: 			 found initial value: 0.200000
[ign gazebo-1] [INFO] [1790605961.499168738] [amir1.gz_ros2_control]: 		 velocity
[ign gazebo-1] [INFO] [1790605961.499189828] [amir1.gz_ros2_control]: 	Command:
[ign gazebo-1] [INFO] [1790605961.499209068] [amir1.gz_ros2_control]: 		 position
[ign gazebo-1] [INFO] [1790605961.499284706] [amir1.gz_ros2_control]: Loading joint: Joint_5
[ign gazebo-1] [INFO] [1790605961.499310007] [amir1.gz_ros2_control]: 	State:
[ign gazebo-1] [INFO] [1790605961.499332314] [amir1.gz_ros2_control]: 		 position
[ign gazebo-1] [INFO] [1790605961.499377411] [amir1.gz_ros2_control]: 			 found initial value: 1.570796
[ign gazebo-1] [INFO] [1790605961.499404379] [amir1.gz_ros2_control]: 		 velocity
[ign gazebo-1] [INFO] [1790605961.499426472] [amir1.gz_ros2_control]: 	Command:
[ign gazebo-1] [INFO] [1790605961.499448711] [amir1.gz_ros2_control]: 		 position
[ign gazebo-1] [INFO] [1790605961.499529125] [amir1.gz_ros2_control]: Loading joint: Gripper
[ign gazebo-1] [INFO] [1790605961.499551394] [amir1.gz_ros2_control]: 	State:
[ign gazebo-1] [INFO] [1790605961.499570666] [amir1.gz_ros2_control]: 		 position
[ign gazebo-1] [INFO] [1790605961.499589857] [amir1.gz_ros2_control]: 			 found initial value: -1.000000
[ign gazebo-1] [INFO] [1790605961.499613925] [amir1.gz_ros2_control]: 		 velocity
[ign gazebo-1] [INFO] [1790605961.499637008] [amir1.gz_ros2_control]: 	Command:
[ign gazebo-1] [INFO] [1790605961.499659355] [amir1.gz_ros2_control]: 		 position
[ign gazebo-1] [INFO] [1790605961.499734649] [amir1.gz_ros2_control]: Loading joint: left_inner_back_joint
[ign gazebo-1] [INFO] [1790605961.499774172] [amir1.gz_ros2_control]: Joint 'left_inner_back_joint'is mimicking joint 'Gripper' with multiplier: 1
[ign gazebo-1] [INFO] [1790605961.499800250] [amir1.gz_ros2_control]: 	State:
[ign gazebo-1] [INFO] [1790605961.499819883] [amir1.gz_ros2_control]: 		 position
[ign gazebo-1] [INFO] [1790605961.499842359] [amir1.gz_ros2_control]: 		 velocity
[ign gazebo-1] [INFO] [1790605961.499862572] [amir1.gz_ros2_control]: 	Command:
[ign gazebo-1] [INFO] [1790605961.499883673] [amir1.gz_ros2_control]: 		 position
[ign gazebo-1] [INFO] [1790605961.499953599] [amir1.gz_ros2_control]: Loading joint: right_outer_back_joint
[ign gazebo-1] [INFO] [1790605961.499983495] [amir1.gz_ros2_control]: Joint 'right_outer_back_joint'is mimicking joint 'Gripper' with multiplier: 1
[ign gazebo-1] [INFO] [1790605961.500005548] [amir1.gz_ros2_control]: 	State:
[ign gazebo-1] [INFO] [1790605961.500026867] [amir1.gz_ros2_control]: 		 position
[ign gazebo-1] [INFO] [1790605961.500048383] [amir1.gz_ros2_control]: 		 velocity
[ign gazebo-1] [INFO] [1790605961.500083077] [amir1.gz_ros2_control]: 	Command:
[ign gazebo-1] [INFO] [1790605961.500103881] [amir1.gz_ros2_control]: 		 position
[ign gazebo-1] [INFO] [1790605961.500173969] [amir1.gz_ros2_control]: Loading joint: left_outer_back_joint
[ign gazebo-1] [INFO] [1790605961.500205114] [amir1.gz_ros2_control]: Joint 'left_outer_back_joint'is mimicking joint 'Gripper' with multiplier: 1
[ign gazebo-1] [INFO] [1790605961.500228518] [amir1.gz_ros2_control]: 	State:
[ign gazebo-1] [INFO] [1790605961.500249892] [amir1.gz_ros2_control]: 		 position
[ign gazebo-1] [INFO] [1790605961.500287336] [amir1.gz_ros2_control]: 		 velocity
[ign gazebo-1] [INFO] [1790605961.500310492] [amir1.gz_ros2_control]: 	Command:
[ign gazebo-1] [INFO] [1790605961.500333091] [amir1.gz_ros2_control]: 		 position
[ign gazebo-1] [INFO] [1790605961.500420951] [amir1.gz_ros2_control]: Loading joint: right_inner_front_joint
[ign gazebo-1] [INFO] [1790605961.500450922] [amir1.gz_ros2_control]: Joint 'right_inner_front_joint'is mimicking joint 'Gripper' with multiplier: 1
[ign gazebo-1] [INFO] [1790605961.500513890] [amir1.gz_ros2_control]: 	State:
[ign gazebo-1] [INFO] [1790605961.500550655] [amir1.gz_ros2_control]: 		 position
[ign gazebo-1] [INFO] [1790605961.500597183] [amir1.gz_ros2_control]: 		 velocity
[ign gazebo-1] [INFO] [1790605961.500619513] [amir1.gz_ros2_control]: 	Command:
[ign gazebo-1] [INFO] [1790605961.500641604] [amir1.gz_ros2_control]: 		 position
[ign gazebo-1] [INFO] [1790605961.500721693] [amir1.gz_ros2_control]: Loading joint: left_inner_front_joint
[ign gazebo-1] [INFO] [1790605961.500752912] [amir1.gz_ros2_control]: Joint 'left_inner_front_joint'is mimicking joint 'Gripper' with multiplier: 1
[ign gazebo-1] [INFO] [1790605961.500777864] [amir1.gz_ros2_control]: 	State:
[ign gazebo-1] [INFO] [1790605961.500800909] [amir1.gz_ros2_control]: 		 position
[ign gazebo-1] [INFO] [1790605961.500825349] [amir1.gz_ros2_control]: 		 velocity
[ign gazebo-1] [INFO] [1790605961.500848360] [amir1.gz_ros2_control]: 	Command:
[ign gazebo-1] [INFO] [1790605961.500870010] [amir1.gz_ros2_control]: 		 position
[ign gazebo-1] [INFO] [1790605961.500933947] [amir1.gz_ros2_control]: Loading sensor: finger_right_force_sensor
[ign gazebo-1] [INFO] [1790605961.500961749] [amir1.gz_ros2_control]: 	State:
[ign gazebo-1] [WARN] [1790605961.500988010] [amir1.gz_ros2_control]: ForceTorque sensor 'finger_right_force_sensor' not found in hardware_info, skipping.
[ign gazebo-1] [INFO] [1790605961.501016521] [amir1.gz_ros2_control]: Loading sensor: finger_left_force_sensor
[ign gazebo-1] [INFO] [1790605961.501040093] [amir1.gz_ros2_control]: 	State:
[ign gazebo-1] [WARN] [1790605961.501078739] [amir1.gz_ros2_control]: ForceTorque sensor 'finger_left_force_sensor' not found in hardware_info, skipping.
[ign gazebo-1] [INFO] [1790605961.501108230] [resource_manager]: Initialize hardware 'AmirGazeboSystem' 
[ign gazebo-1] [INFO] [1790605961.501188353] [resource_manager]: Successful initialization of hardware 'AmirGazeboSystem'
[ign gazebo-1] [INFO] [1790605961.501292113] [resource_manager]: 'configure' hardware 'AmirGazeboSystem' 
[ign gazebo-1] [INFO] [1790605961.501307370] [amir1.gz_ros2_control]: System Successfully configured!
[ign gazebo-1] [INFO] [1790605961.501342302] [resource_manager]: Successful 'configure' of hardware 'AmirGazeboSystem'
[ign gazebo-1] [INFO] [1790605961.501380450] [resource_manager]: 'activate' hardware 'AmirGazeboSystem' 
[ign gazebo-1] [INFO] [1790605961.501401473] [resource_manager]: Successful 'activate' of hardware 'AmirGazeboSystem'
[ign gazebo-1] [INFO] [1790605961.501417857] [amir1.gz_ros2_control]: Loading controller_manager
[simulation_startup_gate-16] [INFO] [1790605963.022813049] [amir1.manager_ready]: Ready: amir1_manager_ready
[INFO] [simulation_startup_gate-16]: process has finished cleanly [pid 48019]
[INFO] [spawner-17]: process started with pid [48067]
[spawner-17] [INFO] [1790605963.401044363] [amir1.spawner_joint_state_broadcaster]: waiting for service /amir1/controller_manager/list_controllers to become available...
[ign gazebo-1] [INFO] [1790605964.406031275] [amir1.controller_manager]: Loading controller 'joint_state_broadcaster'
[spawner-17] [INFO] [1790605964.428351686] [amir1.spawner_joint_state_broadcaster]: [94mLoaded [1mjoint_state_broadcaster[0m
[ign gazebo-1] [INFO] [1790605964.430245973] [amir1.controller_manager]: Configuring controller 'joint_state_broadcaster'
[ign gazebo-1] [INFO] [1790605964.430527521] [amir1.joint_state_broadcaster]: 'joints' or 'interfaces' parameter is empty. All available state interfaces will be published
[spawner-17] [INFO] [1790605964.470422897] [amir1.spawner_joint_state_broadcaster]: [92mConfigured and activated [1mjoint_state_broadcaster[0m
[INFO] [spawner-17]: process has finished cleanly [pid 48067]
[INFO] [spawner-18]: process started with pid [48111]
[spawner-18] [INFO] [1790605964.892563443] [amir1.spawner_arm_controller]: [96mSetting controller param "type" to "joint_trajectory_controller/JointTrajectoryController" for [1marm_controller[0m
[spawner-18] [INFO] [1790605964.896409954] [amir1.spawner_arm_controller]: [96mSetting controller param "params_file" to "['/home/dars5070/ros2_humble_ws/install/amir_gazebo/share/amir_gazebo/config/arm_controllers.yaml']" for [1marm_controller[0m
[ign gazebo-1] [INFO] [1790605964.900365293] [amir1.controller_manager]: Loading controller 'arm_controller'
[ign gazebo-1] [WARN] [1790605964.908145351] [amir1.arm_controller]: [Deprecated]: "allow_nonzero_velocity_at_trajectory_end" is set to true. The default behavior will change to false.
[spawner-18] [INFO] [1790605964.911975477] [amir1.spawner_arm_controller]: [94mLoaded [1marm_controller[0m
[ign gazebo-1] [INFO] [1790605964.912599178] [amir1.controller_manager]: Configuring controller 'arm_controller'
[ign gazebo-1] [INFO] [1790605964.912692776] [amir1.arm_controller]: No specific joint names are used for command interfaces. Using 'joints' parameter.
[ign gazebo-1] [INFO] [1790605964.912704326] [amir1.arm_controller]: Command interfaces are [position] and state interfaces are [position velocity].
[ign gazebo-1] [INFO] [1790605964.912717883] [amir1.arm_controller]: Using 'splines' interpolation method.
[ign gazebo-1] [INFO] [1790605964.913357877] [amir1.arm_controller]: Controller state will be published at 100.00 Hz.
[ign gazebo-1] [INFO] [1790605964.914681621] [amir1.arm_controller]: Goals with partial set of joints are allowed
[ign gazebo-1] [INFO] [1790605964.914696413] [amir1.arm_controller]: Action status changes will be monitored at 20.00 Hz.
[spawner-18] [INFO] [1790605964.955906346] [amir1.spawner_arm_controller]: [92mConfigured and activated [1marm_controller[0m
[INFO] [spawner-18]: process has finished cleanly [pid 48111]
[INFO] [spawner-19]: process started with pid [48149]
[spawner-19] [INFO] [1790605965.372813091] [amir1.spawner_mecanum_drive_controller]: waiting for service /amir1/controller_manager/list_controllers to become available...
[ign gazebo-1] [INFO] [1790605965.879809468] [amir1.controller_manager]: Loading controller 'mecanum_drive_controller'
[spawner-19] [INFO] [1790605965.902567413] [amir1.spawner_mecanum_drive_controller]: [94mLoaded [1mmecanum_drive_controller[0m
[ign gazebo-1] [INFO] [1790605965.904171414] [amir1.controller_manager]: Configuring controller 'mecanum_drive_controller'
[ign gazebo-1] [INFO] [1790605965.913919647] [amir1.mecanum_drive_controller]: MecanumDriveController configured successfully
[spawner-19] [INFO] [1790605965.944601761] [amir1.spawner_mecanum_drive_controller]: [92mConfigured and activated [1mmecanum_drive_controller[0m
[INFO] [spawner-19]: process has finished cleanly [pid 48149]
[INFO] [spawner-20]: process started with pid [48191]
[spawner-20] [INFO] [1790605966.344474851] [amir1.spawner_gripper_controller]: waiting for service /amir1/controller_manager/list_controllers to become available...
[spawner-20] [INFO] [1790605967.855239120] [amir1.spawner_gripper_controller]: [96mSetting controller param "type" to "position_controllers/GripperActionController" for [1mgripper_controller[0m
[spawner-20] [INFO] [1790605967.869705617] [amir1.spawner_gripper_controller]: [96mSetting controller param "params_file" to "['/home/dars5070/ros2_humble_ws/install/amir_gazebo/share/amir_gazebo/config/arm_controllers.yaml']" for [1mgripper_controller[0m
[ign gazebo-1] [INFO] [1790605967.874082564] [amir1.controller_manager]: Loading controller 'gripper_controller'
[spawner-20] [INFO] [1790605967.884676290] [amir1.spawner_gripper_controller]: [94mLoaded [1mgripper_controller[0m
[ign gazebo-1] [INFO] [1790605967.885387357] [amir1.controller_manager]: Configuring controller 'gripper_controller'
[ign gazebo-1] [INFO] [1790605967.885446380] [amir1.gripper_controller]: Action status changes will be monitored at 20.000000 Hz.
[spawner-20] [INFO] [1790605967.928308050] [amir1.spawner_gripper_controller]: [92mConfigured and activated [1mgripper_controller[0m
[INFO] [spawner-20]: process has finished cleanly [pid 48191]
[simulation_startup_gate-14] [INFO] [1790605969.060933668] [startup_amir1_controllers_ready]: Ready: amir1_controllers_ready
[INFO] [simulation_startup_gate-14]: process has finished cleanly [pid 47796]
[INFO] [robot_state_publisher-21]: process started with pid [48237]
[INFO] [simulation_startup_gate-22]: process started with pid [48239]
[INFO] [parameter_bridge-23]: process started with pid [48241]
[INFO] [parameter_bridge-24]: process started with pid [48243]
[INFO] [parameter_bridge-25]: process started with pid [48245]
[INFO] [rover_twist_relay_ign.py-26]: process started with pid [48247]
[INFO] [simulation_startup_gate-27]: process started with pid [48252]
[robot_state_publisher-21] [INFO] [1790605969.513524148] [amir2.robot_state_publisher]: got segment back_left_arm
[robot_state_publisher-21] [INFO] [1790605969.513638752] [amir2.robot_state_publisher]: got segment back_left_wheel_1
[robot_state_publisher-21] [INFO] [1790605969.513647929] [amir2.robot_state_publisher]: got segment back_right_arm
[robot_state_publisher-21] [INFO] [1790605969.513652881] [amir2.robot_state_publisher]: got segment back_right_wheel_1
[robot_state_publisher-21] [INFO] [1790605969.513657069] [amir2.robot_state_publisher]: got segment base_footprint
[robot_state_publisher-21] [INFO] [1790605969.513661233] [amir2.robot_state_publisher]: got segment base_link
[robot_state_publisher-21] [INFO] [1790605969.513665422] [amir2.robot_state_publisher]: got segment finger_left_1
[robot_state_publisher-21] [INFO] [1790605969.513669431] [amir2.robot_state_publisher]: got segment finger_right_1
[robot_state_publisher-21] [INFO] [1790605969.513673548] [amir2.robot_state_publisher]: got segment front_left_arm
[robot_state_publisher-21] [INFO] [1790605969.513677676] [amir2.robot_state_publisher]: got segment front_left_wheel_1
[robot_state_publisher-21] [INFO] [1790605969.513681939] [amir2.robot_state_publisher]: got segment front_lrf_link
[robot_state_publisher-21] [INFO] [1790605969.513686369] [amir2.robot_state_publisher]: got segment front_right_arm
[robot_state_publisher-21] [INFO] [1790605969.513690487] [amir2.robot_state_publisher]: got segment front_right_wheel_1
[robot_state_publisher-21] [INFO] [1790605969.513694756] [amir2.robot_state_publisher]: got segment gripper_base_1
[robot_state_publisher-21] [INFO] [1790605969.513698732] [amir2.robot_state_publisher]: got segment inner_link_left_1
[robot_state_publisher-21] [INFO] [1790605969.513702630] [amir2.robot_state_publisher]: got segment inner_link_right_1
[robot_state_publisher-21] [INFO] [1790605969.513706438] [amir2.robot_state_publisher]: got segment link0_1
[robot_state_publisher-21] [INFO] [1790605969.513710756] [amir2.robot_state_publisher]: got segment link1_1
[robot_state_publisher-21] [INFO] [1790605969.513714841] [amir2.robot_state_publisher]: got segment link2_1
[robot_state_publisher-21] [INFO] [1790605969.513718819] [amir2.robot_state_publisher]: got segment link3_1
[robot_state_publisher-21] [INFO] [1790605969.513722978] [amir2.robot_state_publisher]: got segment link4_1
[robot_state_publisher-21] [INFO] [1790605969.513727374] [amir2.robot_state_publisher]: got segment outer_link_left_1
[robot_state_publisher-21] [INFO] [1790605969.513731726] [amir2.robot_state_publisher]: got segment outer_link_right_1
[robot_state_publisher-21] [INFO] [1790605969.513736234] [amir2.robot_state_publisher]: got segment tcp_link
[parameter_bridge-23] [INFO] [1790605969.518435895] [amir2.odom_bridge]: Creating GZ->ROS Bridge: [/amir2/odom (gz.msgs.Odometry) -> /amir2/odom (nav_msgs/msg/Odometry)] (Lazy 0)
[parameter_bridge-23] [INFO] [1790605969.520444198] [amir2.odom_bridge]: Creating GZ->ROS Bridge: [/amir2/odom/tf (gz.msgs.Pose_V) -> /amir2/odom/tf (tf2_msgs/msg/TFMessage)] (Lazy 0)
[parameter_bridge-25] [INFO] [1790605969.529337999] [amir2.finger_contact_bridge]: Creating GZ->ROS Bridge: [/world/cooperative_transport_friction/model/amir2/link/finger_left_1/sensor/finger_left_contact_sensor/contact (gz.msgs.Contacts) -> /world/cooperative_transport_friction/model/amir2/link/finger_left_1/sensor/finger_left_contact_sensor/contact (ros_gz_interfaces/msg/Contacts)] (Lazy 0)
[parameter_bridge-24] [INFO] [1790605969.531461901] [amir2.finger_ft_bridge]: Creating GZ->ROS Bridge: [/amir2/finger_left_wrench (gz.msgs.Wrench) -> /amir2/finger_left_wrench (geometry_msgs/msg/WrenchStamped)] (Lazy 0)
[parameter_bridge-24] [INFO] [1790605969.532843901] [amir2.finger_ft_bridge]: Creating GZ->ROS Bridge: [/amir2/finger_right_wrench (gz.msgs.Wrench) -> /amir2/finger_right_wrench (geometry_msgs/msg/WrenchStamped)] (Lazy 0)
[parameter_bridge-25] [INFO] [1790605969.533572470] [amir2.finger_contact_bridge]: Creating GZ->ROS Bridge: [/world/cooperative_transport_friction/model/amir2/link/finger_left_1/sensor/finger_left_contact_sensor_1/contact (gz.msgs.Contacts) -> /world/cooperative_transport_friction/model/amir2/link/finger_left_1/sensor/finger_left_contact_sensor_1/contact (ros_gz_interfaces/msg/Contacts)] (Lazy 0)
[parameter_bridge-25] [INFO] [1790605969.534122749] [amir2.finger_contact_bridge]: Creating GZ->ROS Bridge: [/world/cooperative_transport_friction/model/amir2/link/finger_left_1/sensor/finger_left_contact_sensor_2/contact (gz.msgs.Contacts) -> /world/cooperative_transport_friction/model/amir2/link/finger_left_1/sensor/finger_left_contact_sensor_2/contact (ros_gz_interfaces/msg/Contacts)] (Lazy 0)
[parameter_bridge-25] [INFO] [1790605969.535028826] [amir2.finger_contact_bridge]: Creating GZ->ROS Bridge: [/world/cooperative_transport_friction/model/amir2/link/finger_left_1/sensor/finger_left_contact_sensor_3/contact (gz.msgs.Contacts) -> /world/cooperative_transport_friction/model/amir2/link/finger_left_1/sensor/finger_left_contact_sensor_3/contact (ros_gz_interfaces/msg/Contacts)] (Lazy 0)
[parameter_bridge-25] [INFO] [1790605969.535413958] [amir2.finger_contact_bridge]: Creating GZ->ROS Bridge: [/world/cooperative_transport_friction/model/amir2/link/finger_left_1/sensor/finger_left_contact_sensor_4/contact (gz.msgs.Contacts) -> /world/cooperative_transport_friction/model/amir2/link/finger_left_1/sensor/finger_left_contact_sensor_4/contact (ros_gz_interfaces/msg/Contacts)] (Lazy 0)
[parameter_bridge-25] [INFO] [1790605969.535739316] [amir2.finger_contact_bridge]: Creating GZ->ROS Bridge: [/world/cooperative_transport_friction/model/amir2/link/finger_left_1/sensor/finger_left_contact_sensor_5/contact (gz.msgs.Contacts) -> /world/cooperative_transport_friction/model/amir2/link/finger_left_1/sensor/finger_left_contact_sensor_5/contact (ros_gz_interfaces/msg/Contacts)] (Lazy 0)
[parameter_bridge-25] [INFO] [1790605969.536047384] [amir2.finger_contact_bridge]: Creating GZ->ROS Bridge: [/world/cooperative_transport_friction/model/amir2/link/finger_left_1/sensor/finger_left_contact_sensor_6/contact (gz.msgs.Contacts) -> /world/cooperative_transport_friction/model/amir2/link/finger_left_1/sensor/finger_left_contact_sensor_6/contact (ros_gz_interfaces/msg/Contacts)] (Lazy 0)
[parameter_bridge-25] [INFO] [1790605969.536345619] [amir2.finger_contact_bridge]: Creating GZ->ROS Bridge: [/world/cooperative_transport_friction/model/amir2/link/finger_left_1/sensor/finger_left_contact_sensor_7/contact (gz.msgs.Contacts) -> /world/cooperative_transport_friction/model/amir2/link/finger_left_1/sensor/finger_left_contact_sensor_7/contact (ros_gz_interfaces/msg/Contacts)] (Lazy 0)
[parameter_bridge-25] [INFO] [1790605969.536616967] [amir2.finger_contact_bridge]: Creating GZ->ROS Bridge: [/world/cooperative_transport_friction/model/amir2/link/finger_left_1/sensor/finger_left_contact_sensor_8/contact (gz.msgs.Contacts) -> /world/cooperative_transport_friction/model/amir2/link/finger_left_1/sensor/finger_left_contact_sensor_8/contact (ros_gz_interfaces/msg/Contacts)] (Lazy 0)
[parameter_bridge-25] [INFO] [1790605969.537260768] [amir2.finger_contact_bridge]: Creating GZ->ROS Bridge: [/world/cooperative_transport_friction/model/amir2/link/finger_right_1/sensor/finger_right_contact_sensor/contact (gz.msgs.Contacts) -> /world/cooperative_transport_friction/model/amir2/link/finger_right_1/sensor/finger_right_contact_sensor/contact (ros_gz_interfaces/msg/Contacts)] (Lazy 0)
[parameter_bridge-25] [INFO] [1790605969.537806584] [amir2.finger_contact_bridge]: Creating GZ->ROS Bridge: [/world/cooperative_transport_friction/model/amir2/link/finger_right_1/sensor/finger_right_contact_sensor_1/contact (gz.msgs.Contacts) -> /world/cooperative_transport_friction/model/amir2/link/finger_right_1/sensor/finger_right_contact_sensor_1/contact (ros_gz_interfaces/msg/Contacts)] (Lazy 0)
[parameter_bridge-25] [INFO] [1790605969.538405648] [amir2.finger_contact_bridge]: Creating GZ->ROS Bridge: [/world/cooperative_transport_friction/model/amir2/link/finger_right_1/sensor/finger_right_contact_sensor_2/contact (gz.msgs.Contacts) -> /world/cooperative_transport_friction/model/amir2/link/finger_right_1/sensor/finger_right_contact_sensor_2/contact (ros_gz_interfaces/msg/Contacts)] (Lazy 0)
[parameter_bridge-25] [INFO] [1790605969.539305420] [amir2.finger_contact_bridge]: Creating GZ->ROS Bridge: [/world/cooperative_transport_friction/model/amir2/link/finger_right_1/sensor/finger_right_contact_sensor_3/contact (gz.msgs.Contacts) -> /world/cooperative_transport_friction/model/amir2/link/finger_right_1/sensor/finger_right_contact_sensor_3/contact (ros_gz_interfaces/msg/Contacts)] (Lazy 0)
[parameter_bridge-25] [INFO] [1790605969.539938593] [amir2.finger_contact_bridge]: Creating GZ->ROS Bridge: [/world/cooperative_transport_friction/model/amir2/link/finger_right_1/sensor/finger_right_contact_sensor_4/contact (gz.msgs.Contacts) -> /world/cooperative_transport_friction/model/amir2/link/finger_right_1/sensor/finger_right_contact_sensor_4/contact (ros_gz_interfaces/msg/Contacts)] (Lazy 0)
[parameter_bridge-25] [INFO] [1790605969.540653480] [amir2.finger_contact_bridge]: Creating GZ->ROS Bridge: [/world/cooperative_transport_friction/model/amir2/link/finger_right_1/sensor/finger_right_contact_sensor_5/contact (gz.msgs.Contacts) -> /world/cooperative_transport_friction/model/amir2/link/finger_right_1/sensor/finger_right_contact_sensor_5/contact (ros_gz_interfaces/msg/Contacts)] (Lazy 0)
[parameter_bridge-25] [INFO] [1790605969.541346402] [amir2.finger_contact_bridge]: Creating GZ->ROS Bridge: [/world/cooperative_transport_friction/model/amir2/link/finger_right_1/sensor/finger_right_contact_sensor_6/contact (gz.msgs.Contacts) -> /world/cooperative_transport_friction/model/amir2/link/finger_right_1/sensor/finger_right_contact_sensor_6/contact (ros_gz_interfaces/msg/Contacts)] (Lazy 0)
[parameter_bridge-25] [INFO] [1790605969.541909064] [amir2.finger_contact_bridge]: Creating GZ->ROS Bridge: [/world/cooperative_transport_friction/model/amir2/link/finger_right_1/sensor/finger_right_contact_sensor_7/contact (gz.msgs.Contacts) -> /world/cooperative_transport_friction/model/amir2/link/finger_right_1/sensor/finger_right_contact_sensor_7/contact (ros_gz_interfaces/msg/Contacts)] (Lazy 0)
[parameter_bridge-25] [INFO] [1790605969.542688340] [amir2.finger_contact_bridge]: Creating GZ->ROS Bridge: [/world/cooperative_transport_friction/model/amir2/link/finger_right_1/sensor/finger_right_contact_sensor_8/contact (gz.msgs.Contacts) -> /world/cooperative_transport_friction/model/amir2/link/finger_right_1/sensor/finger_right_contact_sensor_8/contact (ros_gz_interfaces/msg/Contacts)] (Lazy 0)
[rover_twist_relay_ign.py-26] [INFO] [1790605969.781949015] [amir2.rover_twist_relay_ign]: rover_twist_relay_ign: /rover_twist → /mecanum_drive_controller/reference_unstamped
[simulation_startup_gate-22] [INFO] [1790605969.887111142] [amir2.description_ready]: Waiting for description: ['amir2']
[simulation_startup_gate-27] [INFO] [1790605969.891600992] [startup_robots_ready]: Waiting for controllers: ['amir2']
[simulation_startup_gate-22] [INFO] [1790605970.876987312] [amir2.description_ready]: Ready: amir2_description_ready
[INFO] [simulation_startup_gate-22]: process has finished cleanly [pid 48239]
[INFO] [create-28]: process started with pid [48418]
[create-28] [INFO] [1790605971.092042820] [amir2.ros_gz_sim]: Requesting list of world names.
[create-28] [INFO] [1790605971.296721430] [amir2.ros_gz_sim]: Requested creation of entity.
[create-28] [INFO] [1790605971.296828258] [amir2.ros_gz_sim]: OK creation of entity.
[ign gazebo-1] [INFO] [1790605971.388953695] [GazeboSimROS2ControlPlugin]: robot_param_node is robot_state_publisher
[ign gazebo-1] [INFO] [1790605971.388979925] [GazeboSimROS2ControlPlugin]: robot_param_node is robot_description
[ign gazebo-1] [INFO] [1790605971.397046016] [amir2.gz_ros2_control]: connected to service!! /amir2/robot_state_publisher asking for robot_description
[ign gazebo-1] [INFO] [1790605971.397352118] [amir2.gz_ros2_control]: Received URDF from param server
[ign gazebo-1] [INFO] [1790605971.400576012] [amir2.gz_ros2_control]: The position_proportional_gain has been set to: 0.1
[ign gazebo-1] [INFO] [1790605971.400618899] [amir2.gz_ros2_control]: Loading joint: front_left_joint
[ign gazebo-1] [INFO] [1790605971.400625563] [amir2.gz_ros2_control]: 	State:
[ign gazebo-1] [INFO] [1790605971.400629359] [amir2.gz_ros2_control]: 		 position
[ign gazebo-1] [INFO] [1790605971.400633667] [amir2.gz_ros2_control]: 		 velocity
[ign gazebo-1] [INFO] [1790605971.400647255] [amir2.gz_ros2_control]: 	Command:
[ign gazebo-1] [INFO] [1790605971.400651319] [amir2.gz_ros2_control]: 		 velocity
[ign gazebo-1] [INFO] [1790605971.400680682] [amir2.gz_ros2_control]: Loading joint: front_right_joint
[ign gazebo-1] [INFO] [1790605971.400684738] [amir2.gz_ros2_control]: 	State:
[ign gazebo-1] [INFO] [1790605971.400687484] [amir2.gz_ros2_control]: 		 position
[ign gazebo-1] [INFO] [1790605971.400690606] [amir2.gz_ros2_control]: 		 velocity
[ign gazebo-1] [INFO] [1790605971.400693440] [amir2.gz_ros2_control]: 	Command:
[ign gazebo-1] [INFO] [1790605971.400696246] [amir2.gz_ros2_control]: 		 velocity
[ign gazebo-1] [INFO] [1790605971.400716004] [amir2.gz_ros2_control]: Loading joint: back_left_joint
[ign gazebo-1] [INFO] [1790605971.400721115] [amir2.gz_ros2_control]: 	State:
[ign gazebo-1] [INFO] [1790605971.400725482] [amir2.gz_ros2_control]: 		 position
[ign gazebo-1] [INFO] [1790605971.400729538] [amir2.gz_ros2_control]: 		 velocity
[ign gazebo-1] [INFO] [1790605971.400732171] [amir2.gz_ros2_control]: 	Command:
[ign gazebo-1] [INFO] [1790605971.400734887] [amir2.gz_ros2_control]: 		 velocity
[ign gazebo-1] [INFO] [1790605971.400748282] [amir2.gz_ros2_control]: Loading joint: back_right_joint
[ign gazebo-1] [INFO] [1790605971.400752762] [amir2.gz_ros2_control]: 	State:
[ign gazebo-1] [INFO] [1790605971.400757190] [amir2.gz_ros2_control]: 		 position
[ign gazebo-1] [INFO] [1790605971.400761815] [amir2.gz_ros2_control]: 		 velocity
[ign gazebo-1] [INFO] [1790605971.400765630] [amir2.gz_ros2_control]: 	Command:
[ign gazebo-1] [INFO] [1790605971.400768309] [amir2.gz_ros2_control]: 		 velocity
[ign gazebo-1] [INFO] [1790605971.400780725] [amir2.gz_ros2_control]: Loading sensor: finger_right_force_sensor
[ign gazebo-1] [INFO] [1790605971.400785797] [amir2.gz_ros2_control]: Topic name: /amir1/finger_right_wrench
[ign gazebo-1] [INFO] [1790605971.400788680] [amir2.gz_ros2_control]: 	State:
[ign gazebo-1] [WARN] [1790605971.400792078] [amir2.gz_ros2_control]: ForceTorque sensor 'finger_right_force_sensor' not found in hardware_info, skipping.
[ign gazebo-1] [INFO] [1790605971.400796070] [amir2.gz_ros2_control]: Loading sensor: finger_left_force_sensor
[ign gazebo-1] [INFO] [1790605971.400799688] [amir2.gz_ros2_control]: Topic name: /amir1/finger_left_wrench
[ign gazebo-1] [INFO] [1790605971.400802307] [amir2.gz_ros2_control]: 	State:
[ign gazebo-1] [WARN] [1790605971.400805158] [amir2.gz_ros2_control]: ForceTorque sensor 'finger_left_force_sensor' not found in hardware_info, skipping.
[ign gazebo-1] [INFO] [1790605971.400808216] [amir2.gz_ros2_control]: Loading sensor: finger_right_force_sensor
[ign gazebo-1] [INFO] [1790605971.400811105] [amir2.gz_ros2_control]: 	State:
[ign gazebo-1] [WARN] [1790605971.400813857] [amir2.gz_ros2_control]: ForceTorque sensor 'finger_right_force_sensor' not found in hardware_info, skipping.
[ign gazebo-1] [INFO] [1790605971.400816730] [amir2.gz_ros2_control]: Loading sensor: finger_left_force_sensor
[ign gazebo-1] [INFO] [1790605971.400819432] [amir2.gz_ros2_control]: 	State:
[ign gazebo-1] [WARN] [1790605971.400822400] [amir2.gz_ros2_control]: ForceTorque sensor 'finger_left_force_sensor' not found in hardware_info, skipping.
[ign gazebo-1] [INFO] [1790605971.400826874] [resource_manager]: Initialize hardware 'MecanumSystem' 
[ign gazebo-1] [INFO] [1790605971.400839502] [resource_manager]: Successful initialization of hardware 'MecanumSystem'
[ign gazebo-1] [INFO] [1790605971.400853164] [resource_manager]: 'configure' hardware 'MecanumSystem' 
[ign gazebo-1] [INFO] [1790605971.400856284] [amir2.gz_ros2_control]: System Successfully configured!
[ign gazebo-1] [INFO] [1790605971.400862725] [resource_manager]: Successful 'configure' of hardware 'MecanumSystem'
[ign gazebo-1] [INFO] [1790605971.400867759] [resource_manager]: 'activate' hardware 'MecanumSystem' 
[ign gazebo-1] [INFO] [1790605971.400905867] [resource_manager]: Successful 'activate' of hardware 'MecanumSystem'
[ign gazebo-1] [INFO] [1790605971.400945629] [amir2.gz_ros2_control]: The position_proportional_gain has been set to: 0.1
[ign gazebo-1] [INFO] [1790605971.400960245] [amir2.gz_ros2_control]: Loading joint: Joint_1
[ign gazebo-1] [INFO] [1790605971.400964260] [amir2.gz_ros2_control]: 	State:
[ign gazebo-1] [INFO] [1790605971.400967199] [amir2.gz_ros2_control]: 		 position
[ign gazebo-1] [INFO] [1790605971.400970502] [amir2.gz_ros2_control]: 			 found initial value: 0.000000
[ign gazebo-1] [INFO] [1790605971.400976254] [amir2.gz_ros2_control]: 		 velocity
[ign gazebo-1] [INFO] [1790605971.400980721] [amir2.gz_ros2_control]: 	Command:
[ign gazebo-1] [INFO] [1790605971.400984810] [amir2.gz_ros2_control]: 		 position
[ign gazebo-1] [INFO] [1790605971.401000693] [amir2.gz_ros2_control]: Loading joint: Joint_2
[ign gazebo-1] [INFO] [1790605971.401004140] [amir2.gz_ros2_control]: 	State:
[ign gazebo-1] [INFO] [1790605971.401006926] [amir2.gz_ros2_control]: 		 position
[ign gazebo-1] [INFO] [1790605971.401010211] [amir2.gz_ros2_control]: 			 found initial value: 1.400000
[ign gazebo-1] [INFO] [1790605971.401013625] [amir2.gz_ros2_control]: 		 velocity
[ign gazebo-1] [INFO] [1790605971.401016427] [amir2.gz_ros2_control]: 	Command:
[ign gazebo-1] [INFO] [1790605971.401019191] [amir2.gz_ros2_control]: 		 position
[ign gazebo-1] [INFO] [1790605971.401032175] [amir2.gz_ros2_control]: Loading joint: Joint_3
[ign gazebo-1] [INFO] [1790605971.401035106] [amir2.gz_ros2_control]: 	State:
[ign gazebo-1] [INFO] [1790605971.401037832] [amir2.gz_ros2_control]: 		 position
[ign gazebo-1] [INFO] [1790605971.401040603] [amir2.gz_ros2_control]: 			 found initial value: -1.600000
[ign gazebo-1] [INFO] [1790605971.401047536] [amir2.gz_ros2_control]: 		 velocity
[ign gazebo-1] [INFO] [1790605971.401050883] [amir2.gz_ros2_control]: 	Command:
[ign gazebo-1] [INFO] [1790605971.401053888] [amir2.gz_ros2_control]: 		 position
[ign gazebo-1] [INFO] [1790605971.401073628] [amir2.gz_ros2_control]: Loading joint: Joint_4
[ign gazebo-1] [INFO] [1790605971.401077337] [amir2.gz_ros2_control]: 	State:
[ign gazebo-1] [INFO] [1790605971.401080094] [amir2.gz_ros2_control]: 		 position
[ign gazebo-1] [INFO] [1790605971.401082855] [amir2.gz_ros2_control]: 			 found initial value: 0.200000
[ign gazebo-1] [INFO] [1790605971.401086186] [amir2.gz_ros2_control]: 		 velocity
[ign gazebo-1] [INFO] [1790605971.401088794] [amir2.gz_ros2_control]: 	Command:
[ign gazebo-1] [INFO] [1790605971.401091393] [amir2.gz_ros2_control]: 		 position
[ign gazebo-1] [INFO] [1790605971.401104130] [amir2.gz_ros2_control]: Loading joint: Joint_5
[ign gazebo-1] [INFO] [1790605971.401107031] [amir2.gz_ros2_control]: 	State:
[ign gazebo-1] [INFO] [1790605971.401109711] [amir2.gz_ros2_control]: 		 position
[ign gazebo-1] [INFO] [1790605971.401117547] [amir2.gz_ros2_control]: 			 found initial value: 1.570796
[ign gazebo-1] [INFO] [1790605971.401120948] [amir2.gz_ros2_control]: 		 velocity
[ign gazebo-1] [INFO] [1790605971.401123680] [amir2.gz_ros2_control]: 	Command:
[ign gazebo-1] [INFO] [1790605971.401126372] [amir2.gz_ros2_control]: 		 position
[ign gazebo-1] [INFO] [1790605971.401137891] [amir2.gz_ros2_control]: Loading joint: Gripper
[ign gazebo-1] [INFO] [1790605971.401141105] [amir2.gz_ros2_control]: 	State:
[ign gazebo-1] [INFO] [1790605971.401143764] [amir2.gz_ros2_control]: 		 position
[ign gazebo-1] [INFO] [1790605971.401146693] [amir2.gz_ros2_control]: 			 found initial value: -1.000000
[ign gazebo-1] [INFO] [1790605971.401149986] [amir2.gz_ros2_control]: 		 velocity
[ign gazebo-1] [INFO] [1790605971.401152649] [amir2.gz_ros2_control]: 	Command:
[ign gazebo-1] [INFO] [1790605971.401155191] [amir2.gz_ros2_control]: 		 position
[ign gazebo-1] [INFO] [1790605971.401166700] [amir2.gz_ros2_control]: Loading joint: left_inner_back_joint
[ign gazebo-1] [INFO] [1790605971.401172023] [amir2.gz_ros2_control]: Joint 'left_inner_back_joint'is mimicking joint 'Gripper' with multiplier: 1
[ign gazebo-1] [INFO] [1790605971.401175555] [amir2.gz_ros2_control]: 	State:
[ign gazebo-1] [INFO] [1790605971.401178336] [amir2.gz_ros2_control]: 		 position
[ign gazebo-1] [INFO] [1790605971.401181252] [amir2.gz_ros2_control]: 		 velocity
[ign gazebo-1] [INFO] [1790605971.401183985] [amir2.gz_ros2_control]: 	Command:
[ign gazebo-1] [INFO] [1790605971.401186616] [amir2.gz_ros2_control]: 		 position
[ign gazebo-1] [INFO] [1790605971.401197878] [amir2.gz_ros2_control]: Loading joint: right_outer_back_joint
[ign gazebo-1] [INFO] [1790605971.401201662] [amir2.gz_ros2_control]: Joint 'right_outer_back_joint'is mimicking joint 'Gripper' with multiplier: 1
[ign gazebo-1] [INFO] [1790605971.401204607] [amir2.gz_ros2_control]: 	State:
[ign gazebo-1] [INFO] [1790605971.401207228] [amir2.gz_ros2_control]: 		 position
[ign gazebo-1] [INFO] [1790605971.401214640] [amir2.gz_ros2_control]: 		 velocity
[ign gazebo-1] [INFO] [1790605971.401217444] [amir2.gz_ros2_control]: 	Command:
[ign gazebo-1] [INFO] [1790605971.401220254] [amir2.gz_ros2_control]: 		 position
[ign gazebo-1] [INFO] [1790605971.401231598] [amir2.gz_ros2_control]: Loading joint: left_outer_back_joint
[ign gazebo-1] [INFO] [1790605971.401235709] [amir2.gz_ros2_control]: Joint 'left_outer_back_joint'is mimicking joint 'Gripper' with multiplier: 1
[ign gazebo-1] [INFO] [1790605971.401240000] [amir2.gz_ros2_control]: 	State:
[ign gazebo-1] [INFO] [1790605971.401244621] [amir2.gz_ros2_control]: 		 position
[ign gazebo-1] [INFO] [1790605971.401248068] [amir2.gz_ros2_control]: 		 velocity
[ign gazebo-1] [INFO] [1790605971.401250960] [amir2.gz_ros2_control]: 	Command:
[ign gazebo-1] [INFO] [1790605971.401253824] [amir2.gz_ros2_control]: 		 position
[ign gazebo-1] [INFO] [1790605971.401266444] [amir2.gz_ros2_control]: Loading joint: right_inner_front_joint
[ign gazebo-1] [INFO] [1790605971.401272396] [amir2.gz_ros2_control]: Joint 'right_inner_front_joint'is mimicking joint 'Gripper' with multiplier: 1
[ign gazebo-1] [INFO] [1790605971.401277830] [amir2.gz_ros2_control]: 	State:
[ign gazebo-1] [INFO] [1790605971.401282268] [amir2.gz_ros2_control]: 		 position
[ign gazebo-1] [INFO] [1790605971.401286539] [amir2.gz_ros2_control]: 		 velocity
[ign gazebo-1] [INFO] [1790605971.401290900] [amir2.gz_ros2_control]: 	Command:
[ign gazebo-1] [INFO] [1790605971.401295079] [amir2.gz_ros2_control]: 		 position
[ign gazebo-1] [INFO] [1790605971.401311361] [amir2.gz_ros2_control]: Loading joint: left_inner_front_joint
[ign gazebo-1] [INFO] [1790605971.401317292] [amir2.gz_ros2_control]: Joint 'left_inner_front_joint'is mimicking joint 'Gripper' with multiplier: 1
[ign gazebo-1] [INFO] [1790605971.401322506] [amir2.gz_ros2_control]: 	State:
[ign gazebo-1] [INFO] [1790605971.401326952] [amir2.gz_ros2_control]: 		 position
[ign gazebo-1] [INFO] [1790605971.401331636] [amir2.gz_ros2_control]: 		 velocity
[ign gazebo-1] [INFO] [1790605971.401335744] [amir2.gz_ros2_control]: 	Command:
[ign gazebo-1] [INFO] [1790605971.401339268] [amir2.gz_ros2_control]: 		 position
[ign gazebo-1] [INFO] [1790605971.401349011] [amir2.gz_ros2_control]: Loading sensor: finger_right_force_sensor
[ign gazebo-1] [INFO] [1790605971.401354480] [amir2.gz_ros2_control]: Topic name: /amir1/finger_right_wrench
[ign gazebo-1] [INFO] [1790605971.401358817] [amir2.gz_ros2_control]: 	State:
[ign gazebo-1] [WARN] [1790605971.401368546] [amir2.gz_ros2_control]: ForceTorque sensor 'finger_right_force_sensor' not found in hardware_info, skipping.
[ign gazebo-1] [INFO] [1790605971.401373706] [amir2.gz_ros2_control]: Loading sensor: finger_left_force_sensor
[ign gazebo-1] [INFO] [1790605971.401377925] [amir2.gz_ros2_control]: Topic name: /amir1/finger_left_wrench
[ign gazebo-1] [INFO] [1790605971.401381994] [amir2.gz_ros2_control]: 	State:
[ign gazebo-1] [WARN] [1790605971.401385856] [amir2.gz_ros2_control]: ForceTorque sensor 'finger_left_force_sensor' not found in hardware_info, skipping.
[ign gazebo-1] [INFO] [1790605971.401390159] [amir2.gz_ros2_control]: Loading sensor: finger_right_force_sensor
[ign gazebo-1] [INFO] [1790605971.401394058] [amir2.gz_ros2_control]: 	State:
[ign gazebo-1] [WARN] [1790605971.401397958] [amir2.gz_ros2_control]: ForceTorque sensor 'finger_right_force_sensor' not found in hardware_info, skipping.
[ign gazebo-1] [INFO] [1790605971.401402138] [amir2.gz_ros2_control]: Loading sensor: finger_left_force_sensor
[ign gazebo-1] [INFO] [1790605971.401406005] [amir2.gz_ros2_control]: 	State:
[ign gazebo-1] [WARN] [1790605971.401410019] [amir2.gz_ros2_control]: ForceTorque sensor 'finger_left_force_sensor' not found in hardware_info, skipping.
[ign gazebo-1] [INFO] [1790605971.401414545] [resource_manager]: Initialize hardware 'AmirGazeboSystem' 
[ign gazebo-1] [INFO] [1790605971.401437847] [resource_manager]: Successful initialization of hardware 'AmirGazeboSystem'
[ign gazebo-1] [INFO] [1790605971.401477317] [resource_manager]: 'configure' hardware 'AmirGazeboSystem' 
[ign gazebo-1] [INFO] [1790605971.401480021] [amir2.gz_ros2_control]: System Successfully configured!
[ign gazebo-1] [INFO] [1790605971.401485538] [resource_manager]: Successful 'configure' of hardware 'AmirGazeboSystem'
[ign gazebo-1] [INFO] [1790605971.401492079] [resource_manager]: 'activate' hardware 'AmirGazeboSystem' 
[ign gazebo-1] [INFO] [1790605971.401496260] [resource_manager]: Successful 'activate' of hardware 'AmirGazeboSystem'
[ign gazebo-1] [INFO] [1790605971.401499539] [amir2.gz_ros2_control]: Loading controller_manager
[INFO] [create-28]: process has finished cleanly [pid 48418]
[INFO] [simulation_startup_gate-29]: process started with pid [48462]
[simulation_startup_gate-29] [INFO] [1790605972.121171870] [amir2.manager_ready]: Waiting for manager: ['amir2']
[simulation_startup_gate-29] [INFO] [1790605973.514277363] [amir2.manager_ready]: Ready: amir2_manager_ready
[INFO] [simulation_startup_gate-29]: process has finished cleanly [pid 48462]
[INFO] [spawner-30]: process started with pid [48511]
[spawner-30] [INFO] [1790605973.928762476] [amir2.spawner_joint_state_broadcaster]: waiting for service /amir2/controller_manager/list_controllers to become available...
[ign gazebo-1] [INFO] [1790605975.211524898] [amir2.controller_manager]: Loading controller 'joint_state_broadcaster'
[spawner-30] [INFO] [1790605975.249052458] [amir2.spawner_joint_state_broadcaster]: [94mLoaded [1mjoint_state_broadcaster[0m
[ign gazebo-1] [INFO] [1790605975.251654387] [amir2.controller_manager]: Configuring controller 'joint_state_broadcaster'
[ign gazebo-1] [INFO] [1790605975.251795464] [amir2.joint_state_broadcaster]: 'joints' or 'interfaces' parameter is empty. All available state interfaces will be published
[spawner-30] [INFO] [1790605975.290155761] [amir2.spawner_joint_state_broadcaster]: [92mConfigured and activated [1mjoint_state_broadcaster[0m
[INFO] [spawner-30]: process has finished cleanly [pid 48511]
[INFO] [spawner-31]: process started with pid [48556]
[spawner-31] [INFO] [1790605975.705290450] [amir2.spawner_arm_controller]: waiting for service /amir2/controller_manager/list_controllers to become available...
[spawner-31] [INFO] [1790605976.719655973] [amir2.spawner_arm_controller]: [96mSetting controller param "type" to "joint_trajectory_controller/JointTrajectoryController" for [1marm_controller[0m
[spawner-31] [INFO] [1790605976.733260757] [amir2.spawner_arm_controller]: [96mSetting controller param "params_file" to "['/home/dars5070/ros2_humble_ws/install/amir_gazebo/share/amir_gazebo/config/arm_controllers.yaml']" for [1marm_controller[0m
[ign gazebo-1] [INFO] [1790605976.738503049] [amir2.controller_manager]: Loading controller 'arm_controller'
[ign gazebo-1] [WARN] [1790605976.755043612] [amir2.arm_controller]: [Deprecated]: "allow_nonzero_velocity_at_trajectory_end" is set to true. The default behavior will change to false.
[spawner-31] [INFO] [1790605976.757116302] [amir2.spawner_arm_controller]: [94mLoaded [1marm_controller[0m
[ign gazebo-1] [INFO] [1790605976.758125071] [amir2.controller_manager]: Configuring controller 'arm_controller'
[ign gazebo-1] [INFO] [1790605976.758259907] [amir2.arm_controller]: No specific joint names are used for command interfaces. Using 'joints' parameter.
[ign gazebo-1] [INFO] [1790605976.758275038] [amir2.arm_controller]: Command interfaces are [position] and state interfaces are [position velocity].
[ign gazebo-1] [INFO] [1790605976.758286133] [amir2.arm_controller]: Using 'splines' interpolation method.
[ign gazebo-1] [INFO] [1790605976.758891322] [amir2.arm_controller]: Controller state will be published at 100.00 Hz.
[ign gazebo-1] [INFO] [1790605976.760310462] [amir2.arm_controller]: Goals with partial set of joints are allowed
[ign gazebo-1] [INFO] [1790605976.760331011] [amir2.arm_controller]: Action status changes will be monitored at 20.00 Hz.
[spawner-31] [INFO] [1790605976.797671043] [amir2.spawner_arm_controller]: [92mConfigured and activated [1marm_controller[0m
[INFO] [spawner-31]: process has finished cleanly [pid 48556]
[INFO] [spawner-32]: process started with pid [48599]
[spawner-32] [INFO] [1790605977.186644610] [amir2.spawner_mecanum_drive_controller]: waiting for service /amir2/controller_manager/list_controllers to become available...
[ign gazebo-1] [INFO] [1790605977.444566255] [amir2.controller_manager]: Loading controller 'mecanum_drive_controller'
[spawner-32] [INFO] [1790605977.493801237] [amir2.spawner_mecanum_drive_controller]: [94mLoaded [1mmecanum_drive_controller[0m
[ign gazebo-1] [INFO] [1790605977.495051229] [amir2.controller_manager]: Configuring controller 'mecanum_drive_controller'
[ign gazebo-1] [INFO] [1790605977.497808061] [amir2.mecanum_drive_controller]: MecanumDriveController configured successfully
[spawner-32] [INFO] [1790605977.535983146] [amir2.spawner_mecanum_drive_controller]: [92mConfigured and activated [1mmecanum_drive_controller[0m
[INFO] [spawner-32]: process has finished cleanly [pid 48599]
[INFO] [spawner-33]: process started with pid [48641]
[spawner-33] [INFO] [1790605978.277839853] [amir2.spawner_gripper_controller]: waiting for service /amir2/controller_manager/list_controllers to become available...
[spawner-33] [INFO] [1790605979.973914016] [amir2.spawner_gripper_controller]: [96mSetting controller param "type" to "position_controllers/GripperActionController" for [1mgripper_controller[0m
[spawner-33] [INFO] [1790605979.988504584] [amir2.spawner_gripper_controller]: [96mSetting controller param "params_file" to "['/home/dars5070/ros2_humble_ws/install/amir_gazebo/share/amir_gazebo/config/arm_controllers.yaml']" for [1mgripper_controller[0m
[ign gazebo-1] [INFO] [1790605979.998706757] [amir2.controller_manager]: Loading controller 'gripper_controller'
[spawner-33] [INFO] [1790605980.010778229] [amir2.spawner_gripper_controller]: [94mLoaded [1mgripper_controller[0m
[ign gazebo-1] [INFO] [1790605980.012024335] [amir2.controller_manager]: Configuring controller 'gripper_controller'
[ign gazebo-1] [INFO] [1790605980.012084221] [amir2.gripper_controller]: Action status changes will be monitored at 20.000000 Hz.
[spawner-33] [INFO] [1790605980.052474366] [amir2.spawner_gripper_controller]: [92mConfigured and activated [1mgripper_controller[0m
[INFO] [spawner-33]: process has finished cleanly [pid 48641]
[simulation_startup_gate-27] [INFO] [1790605981.283803535] [startup_robots_ready]: Ready: robots_ready
[INFO] [simulation_startup_gate-27]: process has finished cleanly [pid 48252]
[INFO] [friction_grasp_manager-34]: process started with pid [48686]
[INFO] [arm_home_positioner-35]: process started with pid [48688]
[INFO] [simulation_startup_gate-36]: process started with pid [48690]
[simulation_startup_gate-36] [INFO] [1790605981.836389976] [startup_grippers_and_home_ready]: Waiting for open_home: ['amir1', 'amir2']
[arm_home_positioner-35] [INFO] [1790605981.892377861] [arm_home_positioner]: Waiting to move all ('amir1', 'amir2') to Q_HOME=[0.0, 1.4, -1.6, 0.2, 1.570796] rad
[friction_grasp_manager-34] [INFO] [1790605981.916800734] [friction_grasp_manager]: Friction grasp manager ready; no detachable joint will be used.
[ign gazebo-1] [INFO] [1790605982.851610858] [amir1.gripper_controller]: Received & accepted new action goal
[ign gazebo-1] [INFO] [1790605982.851673793] [amir2.gripper_controller]: Received & accepted new action goal
[friction_grasp_manager-34] [INFO] [1790605982.852529573] [friction_grasp_manager]: Friction grasp state: OPENING_GRIPPERS
[ign gazebo-1] [INFO] [1790605982.877521972] [amir1.arm_controller]: Received new action goal
[ign gazebo-1] [INFO] [1790605982.877625546] [amir1.arm_controller]: Accepted new action goal
[ign gazebo-1] [INFO] [1790605982.877821425] [amir2.arm_controller]: Received new action goal
[ign gazebo-1] [INFO] [1790605982.877907775] [amir2.arm_controller]: Accepted new action goal
[arm_home_positioner-35] [INFO] [1790605982.878283007] [arm_home_positioner]: Sent Q_HOME=[0.0, 1.4, -1.6, 0.2, 1.570796] rad goals to all arm controllers
[arm_home_positioner-35] [INFO] [1790605983.012347128] [arm_home_positioner]: All AMIR arm controllers accepted Q_HOME
[friction_grasp_manager-34] [INFO] [1790605989.848377823] [friction_grasp_manager]: Friction grasp state: READY_TO_GRASP
[simulation_startup_gate-36] [INFO] [1790605990.627554748] [startup_grippers_and_home_ready]: Ready: grippers_and_home_ready
[INFO] [simulation_startup_gate-36]: process has finished cleanly [pid 48690]
[INFO] [create-37]: process started with pid [48819]
[create-37] [INFO] [1790605991.037528715] [spawn_friction_payload]: Requested creation of entity.
[create-37] [INFO] [1790605991.037757666] [spawn_friction_payload]: OK creation of entity.
[INFO] [create-37]: process has finished cleanly [pid 48819]
[INFO] [grasp_support_remover-38]: process started with pid [48838]
[INFO] [coordinator-39]: process started with pid [48840]
[INFO] [safety_monitor-40]: process started with pid [48842]
[INFO] [slip_monitor-41]: process started with pid [48844]
[INFO] [dual_base_approach-42]: process started with pid [48846]
[grasp_support_remover-38] [INFO] [1790605991.511568008] [grasp_support_remover]: Temporary grasp support will be removed after both configured grasp conditions have been satisfied.
[coordinator-39] [INFO] [1790605991.965212813] [cooperative_coordinator]: Coordinator ready: /amir1/rover_twist and /amir2/rover_twist
[slip_monitor-41] [INFO] [1790605991.969890712] [slip_monitor]: Payload slip monitor ready.
[safety_monitor-40] [INFO] [1790605992.002787254] [safety_monitor]: Safety monitor ready; emergency stop affects both robots.
[dual_base_approach-42] [INFO] [1790605992.006131390] [dual_base_approach]: Waiting for the payload, opening both grippers to their safe maximum, then moving both AMIR bases 0.110 m toward it
[dual_base_approach-42] [INFO] [1790605992.228426279] [dual_base_approach]: Opening both grippers to the safe maximum (-1.000000 rad) before base approach
[ign gazebo-1] [INFO] [1790605992.939834357] [amir2.gripper_controller]: Received & accepted new action goal
[ign gazebo-1] [INFO] [1790605992.939888682] [amir1.gripper_controller]: Received & accepted new action goal
[dual_base_approach-42] [INFO] [1790605992.999643715] [dual_base_approach]: Both grippers are at their safe-open position. Payload detached at base positions: amir1=-1.174999, amir2=1.174999; approaching targets: amir1=-1.064999, amir2=1.064999
[ign gazebo-1] [INFO] [1790606009.911006387] [amir1.arm_controller]: Goal reached, success!
[ign gazebo-1] [INFO] [1790606009.911018283] [amir2.arm_controller]: Goal reached, success!
[arm_home_positioner-35] [INFO] [1790606010.028557342] [arm_home_positioner]: All AMIR arms reached Q_HOME
[dual_base_approach-42] [INFO] [1790606065.763827605] [dual_base_approach]: Both AMIR bases completed the 0.110 m payload approach
[friction_grasp_manager-34] [INFO] [1790606065.886091766] [friction_grasp_manager]: Friction grasp state: CLOSING_GRIPPERS
[dual_base_approach-42] [INFO] [1790606065.888366498] [dual_base_approach]: Both bases reached the payload; gripper-close sequence requested. Holding both bases stopped during grasp.
[ign gazebo-1] [INFO] [1790606066.098188600] [amir1.gripper_controller]: Received & accepted new action goal
[ign gazebo-1] [INFO] [1790606066.098929542] [amir2.gripper_controller]: Received & accepted new action goal
[ign gazebo-1] [INFO] [1790606066.433747494] [amir1.gripper_controller]: Received & accepted new action goal
[ign gazebo-1] [INFO] [1790606066.434053217] [amir2.gripper_controller]: Received & accepted new action goal
[ign gazebo-1] [INFO] [1790606066.766931014] [amir1.gripper_controller]: Received & accepted new action goal
[ign gazebo-1] [INFO] [1790606066.767241473] [amir2.gripper_controller]: Received & accepted new action goal
[ign gazebo-1] [INFO] [1790606067.438587844] [amir1.gripper_controller]: Received & accepted new action goal
[ign gazebo-1] [INFO] [1790606067.439312070] [amir2.gripper_controller]: Received & accepted new action goal
[ign gazebo-1] [INFO] [1790606067.773238373] [amir1.gripper_controller]: Received & accepted new action goal
[ign gazebo-1] [INFO] [1790606067.773529519] [amir2.gripper_controller]: Received & accepted new action goal
[ign gazebo-1] [INFO] [1790606068.110040352] [amir1.gripper_controller]: Received & accepted new action goal
[ign gazebo-1] [INFO] [1790606068.110286189] [amir2.gripper_controller]: Received & accepted new action goal
[ign gazebo-1] [INFO] [1790606068.444240809] [amir1.gripper_controller]: Received & accepted new action goal
[ign gazebo-1] [INFO] [1790606068.444729906] [amir2.gripper_controller]: Received & accepted new action goal
[ign gazebo-1] [INFO] [1790606069.113044700] [amir1.gripper_controller]: Received & accepted new action goal
[ign gazebo-1] [INFO] [1790606069.113435848] [amir2.gripper_controller]: Received & accepted new action goal
[ign gazebo-1] [INFO] [1790606069.449080349] [amir1.gripper_controller]: Received & accepted new action goal
[ign gazebo-1] [INFO] [1790606069.449322498] [amir2.gripper_controller]: Received & accepted new action goal
[ign gazebo-1] [INFO] [1790606069.782672879] [amir1.gripper_controller]: Received & accepted new action goal
[ign gazebo-1] [INFO] [1790606069.782993542] [amir2.gripper_controller]: Received & accepted new action goal
[ign gazebo-1] [INFO] [1790606070.117290288] [amir1.gripper_controller]: Received & accepted new action goal
[ign gazebo-1] [INFO] [1790606070.117961700] [amir2.gripper_controller]: Received & accepted new action goal
[ign gazebo-1] [INFO] [1790606070.787491028] [amir1.gripper_controller]: Received & accepted new action goal
[ign gazebo-1] [INFO] [1790606070.787867246] [amir2.gripper_controller]: Received & accepted new action goal
[ign gazebo-1] [INFO] [1790606071.126017332] [amir1.gripper_controller]: Received & accepted new action goal
[ign gazebo-1] [INFO] [1790606071.126602873] [amir2.gripper_controller]: Received & accepted new action goal
[ign gazebo-1] [INFO] [1790606071.457625913] [amir1.gripper_controller]: Received & accepted new action goal
[ign gazebo-1] [INFO] [1790606071.458211884] [amir2.gripper_controller]: Received & accepted new action goal
[ign gazebo-1] [INFO] [1790606071.792660035] [amir1.gripper_controller]: Received & accepted new action goal
[ign gazebo-1] [INFO] [1790606071.793189589] [amir2.gripper_controller]: Received & accepted new action goal
[ign gazebo-1] [INFO] [1790606072.462985499] [amir1.gripper_controller]: Received & accepted new action goal
[ign gazebo-1] [INFO] [1790606072.463519009] [amir2.gripper_controller]: Received & accepted new action goal
[ign gazebo-1] [INFO] [1790606072.795692402] [amir1.gripper_controller]: Received & accepted new action goal
[ign gazebo-1] [INFO] [1790606072.795708385] [amir2.gripper_controller]: Received & accepted new action goal
[ign gazebo-1] [INFO] [1790606073.131989913] [amir1.gripper_controller]: Received & accepted new action goal
[ign gazebo-1] [INFO] [1790606073.132267642] [amir2.gripper_controller]: Received & accepted new action goal
[ign gazebo-1] [INFO] [1790606073.467288605] [amir1.gripper_controller]: Received & accepted new action goal
[ign gazebo-1] [INFO] [1790606073.467625153] [amir2.gripper_controller]: Received & accepted new action goal
[ign gazebo-1] [INFO] [1790606073.803897755] [amir1.gripper_controller]: Received & accepted new action goal
[ign gazebo-1] [INFO] [1790606073.804005996] [amir2.gripper_controller]: Received & accepted new action goal
[ign gazebo-1] [INFO] [1790606074.471793166] [amir1.gripper_controller]: Received & accepted new action goal
[ign gazebo-1] [INFO] [1790606074.472209525] [amir2.gripper_controller]: Received & accepted new action goal
[ign gazebo-1] [INFO] [1790606074.806689043] [amir1.gripper_controller]: Received & accepted new action goal
[ign gazebo-1] [INFO] [1790606074.807105235] [amir2.gripper_controller]: Received & accepted new action goal
[ign gazebo-1] [INFO] [1790606075.142546029] [amir1.gripper_controller]: Received & accepted new action goal
[ign gazebo-1] [INFO] [1790606075.142934750] [amir2.gripper_controller]: Received & accepted new action goal
[ign gazebo-1] [INFO] [1790606075.476427350] [amir1.gripper_controller]: Received & accepted new action goal
[ign gazebo-1] [INFO] [1790606075.476697592] [amir2.gripper_controller]: Received & accepted new action goal
[ign gazebo-1] [INFO] [1790606076.146794847] [amir1.gripper_controller]: Received & accepted new action goal
[ign gazebo-1] [INFO] [1790606076.147169219] [amir2.gripper_controller]: Received & accepted new action goal
[ign gazebo-1] [INFO] [1790606076.482198825] [amir1.gripper_controller]: Received & accepted new action goal
[ign gazebo-1] [INFO] [1790606076.482458024] [amir2.gripper_controller]: Received & accepted new action goal
[ign gazebo-1] [INFO] [1790606076.817621983] [amir1.gripper_controller]: Received & accepted new action goal
[ign gazebo-1] [INFO] [1790606076.817915182] [amir2.gripper_controller]: Received & accepted new action goal
[ign gazebo-1] [INFO] [1790606077.151139197] [amir1.gripper_controller]: Received & accepted new action goal
[ign gazebo-1] [INFO] [1790606077.151165846] [amir2.gripper_controller]: Received & accepted new action goal
[ign gazebo-1] [INFO] [1790606077.824240881] [amir1.gripper_controller]: Received & accepted new action goal
[ign gazebo-1] [INFO] [1790606077.824582963] [amir2.gripper_controller]: Received & accepted new action goal
[ign gazebo-1] [INFO] [1790606078.158522460] [amir1.gripper_controller]: Received & accepted new action goal
[ign gazebo-1] [INFO] [1790606078.158965152] [amir2.gripper_controller]: Received & accepted new action goal
[ign gazebo-1] [INFO] [1790606078.494601300] [amir1.gripper_controller]: Received & accepted new action goal
[ign gazebo-1] [INFO] [1790606078.494969986] [amir2.gripper_controller]: Received & accepted new action goal
[ign gazebo-1] [INFO] [1790606078.828905995] [amir1.gripper_controller]: Received & accepted new action goal
[ign gazebo-1] [INFO] [1790606078.829768814] [amir2.gripper_controller]: Received & accepted new action goal
[ign gazebo-1] [INFO] [1790606079.496618648] [amir1.gripper_controller]: Received & accepted new action goal
[ign gazebo-1] [INFO] [1790606079.496758414] [amir2.gripper_controller]: Received & accepted new action goal
[ign gazebo-1] [INFO] [1790606079.832822199] [amir1.gripper_controller]: Received & accepted new action goal
[ign gazebo-1] [INFO] [1790606079.833214992] [amir2.gripper_controller]: Received & accepted new action goal
[ign gazebo-1] [INFO] [1790606080.167029404] [amir1.gripper_controller]: Received & accepted new action goal
[ign gazebo-1] [INFO] [1790606080.167441922] [amir2.gripper_controller]: Received & accepted new action goal
[ign gazebo-1] [INFO] [1790606080.500457311] [amir1.gripper_controller]: Received & accepted new action goal
[ign gazebo-1] [INFO] [1790606080.500675414] [amir2.gripper_controller]: Received & accepted new action goal
[ign gazebo-1] [INFO] [1790606081.169499184] [amir1.gripper_controller]: Received & accepted new action goal
[ign gazebo-1] [INFO] [1790606081.169879329] [amir2.gripper_controller]: Received & accepted new action goal
[ign gazebo-1] [INFO] [1790606081.503922092] [amir1.gripper_controller]: Received & accepted new action goal
[ign gazebo-1] [INFO] [1790606081.504045048] [amir2.gripper_controller]: Received & accepted new action goal
[ign gazebo-1] [INFO] [1790606081.837951187] [amir1.gripper_controller]: Received & accepted new action goal
[ign gazebo-1] [INFO] [1790606081.838106621] [amir2.gripper_controller]: Received & accepted new action goal
[ign gazebo-1] [INFO] [1790606082.174243533] [amir1.gripper_controller]: Received & accepted new action goal
[ign gazebo-1] [INFO] [1790606082.174362179] [amir2.gripper_controller]: Received & accepted new action goal
[ign gazebo-1] [INFO] [1790606082.842767852] [amir1.gripper_controller]: Received & accepted new action goal
[ign gazebo-1] [INFO] [1790606082.842832101] [amir2.gripper_controller]: Received & accepted new action goal
[ign gazebo-1] [INFO] [1790606083.179519956] [amir1.gripper_controller]: Received & accepted new action goal
[ign gazebo-1] [INFO] [1790606083.179751636] [amir2.gripper_controller]: Received & accepted new action goal
[ign gazebo-1] [INFO] [1790606083.514605924] [amir1.gripper_controller]: Received & accepted new action goal
[ign gazebo-1] [INFO] [1790606083.515039837] [amir2.gripper_controller]: Received & accepted new action goal
[ign gazebo-1] [INFO] [1790606083.849595977] [amir1.gripper_controller]: Received & accepted new action goal
[ign gazebo-1] [INFO] [1790606083.849882035] [amir2.gripper_controller]: Received & accepted new action goal
[ign gazebo-1] [INFO] [1790606084.521932525] [amir1.gripper_controller]: Received & accepted new action goal
[ign gazebo-1] [INFO] [1790606084.522437783] [amir2.gripper_controller]: Received & accepted new action goal
[ign gazebo-1] [INFO] [1790606084.855046531] [amir1.gripper_controller]: Received & accepted new action goal
[ign gazebo-1] [INFO] [1790606084.855598661] [amir2.gripper_controller]: Received & accepted new action goal
[ign gazebo-1] [INFO] [1790606085.191458492] [amir1.gripper_controller]: Received & accepted new action goal
[ign gazebo-1] [INFO] [1790606085.191953767] [amir2.gripper_controller]: Received & accepted new action goal
[ign gazebo-1] [INFO] [1790606085.524242310] [amir1.gripper_controller]: Received & accepted new action goal
[ign gazebo-1] [INFO] [1790606085.524505284] [amir2.gripper_controller]: Received & accepted new action goal
[ign gazebo-1] [INFO] [1790606086.194058720] [amir1.gripper_controller]: Received & accepted new action goal
[ign gazebo-1] [INFO] [1790606086.194379754] [amir2.gripper_controller]: Received & accepted new action goal
[ign gazebo-1] [INFO] [1790606086.529863653] [amir1.gripper_controller]: Received & accepted new action goal
[ign gazebo-1] [INFO] [1790606086.530164268] [amir2.gripper_controller]: Received & accepted new action goal
[ign gazebo-1] [INFO] [1790606086.865427720] [amir1.gripper_controller]: Received & accepted new action goal
[ign gazebo-1] [INFO] [1790606086.866096900] [amir2.gripper_controller]: Received & accepted new action goal
[ign gazebo-1] [INFO] [1790606087.202420661] [amir1.gripper_controller]: Received & accepted new action goal
[ign gazebo-1] [INFO] [1790606087.202870044] [amir2.gripper_controller]: Received & accepted new action goal
[ign gazebo-1] [INFO] [1790606087.867798685] [amir1.gripper_controller]: Received & accepted new action goal
[ign gazebo-1] [INFO] [1790606087.868535576] [amir2.gripper_controller]: Received & accepted new action goal
[ign gazebo-1] [INFO] [1790606088.206722434] [amir1.gripper_controller]: Received & accepted new action goal
[ign gazebo-1] [INFO] [1790606088.207414665] [amir2.gripper_controller]: Received & accepted new action goal
[ign gazebo-1] [INFO] [1790606088.541662207] [amir1.gripper_controller]: Received & accepted new action goal
[ign gazebo-1] [INFO] [1790606088.542268254] [amir2.gripper_controller]: Received & accepted new action goal
[ign gazebo-1] [INFO] [1790606088.875745210] [amir1.gripper_controller]: Received & accepted new action goal
[ign gazebo-1] [INFO] [1790606088.876285055] [amir2.gripper_controller]: Received & accepted new action goal
[ign gazebo-1] [INFO] [1790606089.553682898] [amir1.gripper_controller]: Received & accepted new action goal
[ign gazebo-1] [INFO] [1790606089.553840518] [amir2.gripper_controller]: Received & accepted new action goal
[ign gazebo-1] [INFO] [1790606089.889913113] [amir1.gripper_controller]: Received & accepted new action goal
[ign gazebo-1] [INFO] [1790606089.890476157] [amir2.gripper_controller]: Received & accepted new action goal
[ign gazebo-1] [INFO] [1790606090.224508986] [amir1.gripper_controller]: Received & accepted new action goal
[ign gazebo-1] [INFO] [1790606090.224939901] [amir2.gripper_controller]: Received & accepted new action goal
[ign gazebo-1] [INFO] [1790606090.558628436] [amir1.gripper_controller]: Received & accepted new action goal
[ign gazebo-1] [INFO] [1790606090.558644893] [amir2.gripper_controller]: Received & accepted new action goal
[ign gazebo-1] [INFO] [1790606091.227905861] [amir1.gripper_controller]: Received & accepted new action goal
[ign gazebo-1] [INFO] [1790606091.228025763] [amir2.gripper_controller]: Received & accepted new action goal
[ign gazebo-1] [INFO] [1790606091.564541450] [amir1.gripper_controller]: Received & accepted new action goal
[ign gazebo-1] [INFO] [1790606091.564748304] [amir2.gripper_controller]: Received & accepted new action goal
[ign gazebo-1] [INFO] [1790606091.897958135] [amir1.gripper_controller]: Received & accepted new action goal
[ign gazebo-1] [INFO] [1790606091.898200867] [amir2.gripper_controller]: Received & accepted new action goal
[ign gazebo-1] [INFO] [1790606092.236572308] [amir1.gripper_controller]: Received & accepted new action goal
[ign gazebo-1] [INFO] [1790606092.237149666] [amir2.gripper_controller]: Received & accepted new action goal
[ign gazebo-1] [INFO] [1790606092.901926798] [amir2.gripper_controller]: Received & accepted new action goal
[ign gazebo-1] [INFO] [1790606092.901926786] [amir1.gripper_controller]: Received & accepted new action goal
[ign gazebo-1] [INFO] [1790606093.238224157] [amir1.gripper_controller]: Received & accepted new action goal
[ign gazebo-1] [INFO] [1790606093.238912527] [amir2.gripper_controller]: Received & accepted new action goal
[ign gazebo-1] [INFO] [1790606093.571787218] [amir1.gripper_controller]: Received & accepted new action goal
[ign gazebo-1] [INFO] [1790606093.571997764] [amir2.gripper_controller]: Received & accepted new action goal
[ign gazebo-1] [INFO] [1790606093.906245681] [amir1.gripper_controller]: Received & accepted new action goal
[ign gazebo-1] [INFO] [1790606093.906369389] [amir2.gripper_controller]: Received & accepted new action goal
[ign gazebo-1] [INFO] [1790606094.575799823] [amir1.gripper_controller]: Received & accepted new action goal
[ign gazebo-1] [INFO] [1790606094.576136867] [amir2.gripper_controller]: Received & accepted new action goal
[ign gazebo-1] [INFO] [1790606094.911582211] [amir1.gripper_controller]: Received & accepted new action goal
[ign gazebo-1] [INFO] [1790606094.912040635] [amir2.gripper_controller]: Received & accepted new action goal
[ign gazebo-1] [INFO] [1790606095.246240066] [amir1.gripper_controller]: Received & accepted new action goal
[ign gazebo-1] [INFO] [1790606095.246695970] [amir2.gripper_controller]: Received & accepted new action goal
[ign gazebo-1] [INFO] [1790606095.581047254] [amir1.gripper_controller]: Received & accepted new action goal
[ign gazebo-1] [INFO] [1790606095.581504509] [amir2.gripper_controller]: Received & accepted new action goal
[ign gazebo-1] [INFO] [1790606096.252313927] [amir1.gripper_controller]: Received & accepted new action goal
[ign gazebo-1] [INFO] [1790606096.252428767] [amir2.gripper_controller]: Received & accepted new action goal
[ign gazebo-1] [INFO] [1790606096.588817896] [amir1.gripper_controller]: Received & accepted new action goal
[ign gazebo-1] [INFO] [1790606096.589447556] [amir2.gripper_controller]: Received & accepted new action goal
[ign gazebo-1] [INFO] [1790606096.922370151] [amir1.gripper_controller]: Received & accepted new action goal
[ign gazebo-1] [INFO] [1790606096.922524592] [amir2.gripper_controller]: Received & accepted new action goal
[ign gazebo-1] [INFO] [1790606097.256991761] [amir1.gripper_controller]: Received & accepted new action goal
[ign gazebo-1] [INFO] [1790606097.257170231] [amir2.gripper_controller]: Received & accepted new action goal
[ign gazebo-1] [INFO] [1790606097.930276002] [amir1.gripper_controller]: Received & accepted new action goal
[ign gazebo-1] [INFO] [1790606097.930499165] [amir2.gripper_controller]: Received & accepted new action goal
[ign gazebo-1] [INFO] [1790606098.266475339] [amir1.gripper_controller]: Received & accepted new action goal
[ign gazebo-1] [INFO] [1790606098.266949162] [amir2.gripper_controller]: Received & accepted new action goal
[ign gazebo-1] [INFO] [1790606098.602503046] [amir1.gripper_controller]: Received & accepted new action goal
[ign gazebo-1] [INFO] [1790606098.603207275] [amir2.gripper_controller]: Received & accepted new action goal
[ign gazebo-1] [INFO] [1790606098.936659126] [amir1.gripper_controller]: Received & accepted new action goal
[ign gazebo-1] [INFO] [1790606098.937099534] [amir2.gripper_controller]: Received & accepted new action goal
[ign gazebo-1] [INFO] [1790606099.606332504] [amir1.gripper_controller]: Received & accepted new action goal
[ign gazebo-1] [INFO] [1790606099.606618908] [amir2.gripper_controller]: Received & accepted new action goal
[ign gazebo-1] [INFO] [1790606099.940275366] [amir1.gripper_controller]: Received & accepted new action goal
[ign gazebo-1] [INFO] [1790606099.940534068] [amir2.gripper_controller]: Received & accepted new action goal
[ign gazebo-1] [INFO] [1790606100.274345589] [amir1.gripper_controller]: Received & accepted new action goal
[ign gazebo-1] [INFO] [1790606100.274637784] [amir2.gripper_controller]: Received & accepted new action goal
[ign gazebo-1] [INFO] [1790606100.610146550] [amir1.gripper_controller]: Received & accepted new action goal
[ign gazebo-1] [INFO] [1790606100.610602672] [amir2.gripper_controller]: Received & accepted new action goal
[ign gazebo-1] [INFO] [1790606101.278826299] [amir1.gripper_controller]: Received & accepted new action goal
[ign gazebo-1] [INFO] [1790606101.279085628] [amir2.gripper_controller]: Received & accepted new action goal
[ign gazebo-1] [INFO] [1790606101.614918913] [amir1.gripper_controller]: Received & accepted new action goal
[ign gazebo-1] [INFO] [1790606101.615229385] [amir2.gripper_controller]: Received & accepted new action goal
[ign gazebo-1] [INFO] [1790606101.948647644] [amir1.gripper_controller]: Received & accepted new action goal
[ign gazebo-1] [INFO] [1790606101.948889972] [amir2.gripper_controller]: Received & accepted new action goal
[ign gazebo-1] [INFO] [1790606102.283461757] [amir1.gripper_controller]: Received & accepted new action goal
[ign gazebo-1] [INFO] [1790606102.283629595] [amir2.gripper_controller]: Received & accepted new action goal
[ign gazebo-1] [INFO] [1790606102.952774531] [amir1.gripper_controller]: Received & accepted new action goal
[ign gazebo-1] [INFO] [1790606102.953077034] [amir2.gripper_controller]: Received & accepted new action goal
[ign gazebo-1] [INFO] [1790606103.286394828] [amir1.gripper_controller]: Received & accepted new action goal
[ign gazebo-1] [INFO] [1790606103.286486434] [amir2.gripper_controller]: Received & accepted new action goal
[ign gazebo-1] [INFO] [1790606103.623121348] [amir1.gripper_controller]: Received & accepted new action goal
[ign gazebo-1] [INFO] [1790606103.623518167] [amir2.gripper_controller]: Received & accepted new action goal
[ign gazebo-1] [INFO] [1790606103.956014111] [amir1.gripper_controller]: Received & accepted new action goal
[ign gazebo-1] [INFO] [1790606103.956249508] [amir2.gripper_controller]: Received & accepted new action goal
[ign gazebo-1] [INFO] [1790606104.629377208] [amir1.gripper_controller]: Received & accepted new action goal
[ign gazebo-1] [INFO] [1790606104.629575367] [amir2.gripper_controller]: Received & accepted new action goal
[ign gazebo-1] [INFO] [1790606104.964636361] [amir1.gripper_controller]: Received & accepted new action goal
[ign gazebo-1] [INFO] [1790606104.965044399] [amir2.gripper_controller]: Received & accepted new action goal
[ign gazebo-1] [INFO] [1790606105.299318846] [amir1.gripper_controller]: Received & accepted new action goal
[ign gazebo-1] [INFO] [1790606105.299766289] [amir2.gripper_controller]: Received & accepted new action goal
[ign gazebo-1] [INFO] [1790606105.634760041] [amir1.gripper_controller]: Received & accepted new action goal
[ign gazebo-1] [INFO] [1790606105.635218488] [amir2.gripper_controller]: Received & accepted new action goal
[ign gazebo-1] [INFO] [1790606106.304573236] [amir1.gripper_controller]: Received & accepted new action goal
[ign gazebo-1] [INFO] [1790606106.304908189] [amir2.gripper_controller]: Received & accepted new action goal
[ign gazebo-1] [INFO] [1790606106.641034560] [amir1.gripper_controller]: Received & accepted new action goal
[ign gazebo-1] [INFO] [1790606106.641490539] [amir2.gripper_controller]: Received & accepted new action goal
[ign gazebo-1] [INFO] [1790606106.974020793] [amir1.gripper_controller]: Received & accepted new action goal
[ign gazebo-1] [INFO] [1790606106.974161519] [amir2.gripper_controller]: Received & accepted new action goal
[ign gazebo-1] [INFO] [1790606107.310487519] [amir1.gripper_controller]: Received & accepted new action goal
[ign gazebo-1] [INFO] [1790606107.311017770] [amir2.gripper_controller]: Received & accepted new action goal
[ign gazebo-1] [INFO] [1790606107.979877395] [amir1.gripper_controller]: Received & accepted new action goal
[ign gazebo-1] [INFO] [1790606107.980186486] [amir2.gripper_controller]: Received & accepted new action goal
[ign gazebo-1] [INFO] [1790606108.318225628] [amir1.gripper_controller]: Received & accepted new action goal
[ign gazebo-1] [INFO] [1790606108.318481679] [amir2.gripper_controller]: Received & accepted new action goal
[ign gazebo-1] [INFO] [1790606108.652963832] [amir1.gripper_controller]: Received & accepted new action goal
[ign gazebo-1] [INFO] [1790606108.653433965] [amir2.gripper_controller]: Received & accepted new action goal
[ign gazebo-1] [INFO] [1790606108.986819419] [amir1.gripper_controller]: Received & accepted new action goal
[ign gazebo-1] [INFO] [1790606108.987207323] [amir2.gripper_controller]: Received & accepted new action goal
[ign gazebo-1] [INFO] [1790606109.656449261] [amir1.gripper_controller]: Received & accepted new action goal
[ign gazebo-1] [INFO] [1790606109.656653981] [amir2.gripper_controller]: Received & accepted new action goal
[ign gazebo-1] [INFO] [1790606109.991051837] [amir1.gripper_controller]: Received & accepted new action goal
[ign gazebo-1] [INFO] [1790606109.991226050] [amir2.gripper_controller]: Received & accepted new action goal
[ign gazebo-1] [INFO] [1790606110.328099906] [amir1.gripper_controller]: Received & accepted new action goal
[ign gazebo-1] [INFO] [1790606110.328374360] [amir2.gripper_controller]: Received & accepted new action goal
[ign gazebo-1] [INFO] [1790606110.662441250] [amir1.gripper_controller]: Received & accepted new action goal
[ign gazebo-1] [INFO] [1790606110.662942742] [amir2.gripper_controller]: Received & accepted new action goal
[ign gazebo-1] [INFO] [1790606111.331890379] [amir1.gripper_controller]: Received & accepted new action goal
[ign gazebo-1] [INFO] [1790606111.332217497] [amir2.gripper_controller]: Received & accepted new action goal
[ign gazebo-1] [INFO] [1790606111.667556012] [amir1.gripper_controller]: Received & accepted new action goal
[ign gazebo-1] [INFO] [1790606111.668101809] [amir2.gripper_controller]: Received & accepted new action goal
[ign gazebo-1] [INFO] [1790606112.002213104] [amir1.gripper_controller]: Received & accepted new action goal
[ign gazebo-1] [INFO] [1790606112.002341680] [amir2.gripper_controller]: Received & accepted new action goal
[ign gazebo-1] [INFO] [1790606112.338043418] [amir1.gripper_controller]: Received & accepted new action goal
[ign gazebo-1] [INFO] [1790606112.338408931] [amir2.gripper_controller]: Received & accepted new action goal
[ign gazebo-1] [INFO] [1790606113.005512300] [amir1.gripper_controller]: Received & accepted new action goal
[ign gazebo-1] [INFO] [1790606113.005758445] [amir2.gripper_controller]: Received & accepted new action goal
[ign gazebo-1] [INFO] [1790606113.342702995] [amir1.gripper_controller]: Received & accepted new action goal
[ign gazebo-1] [INFO] [1790606113.342843996] [amir2.gripper_controller]: Received & accepted new action goal
[ign gazebo-1] [INFO] [1790606113.675910807] [amir1.gripper_controller]: Received & accepted new action goal
[ign gazebo-1] [INFO] [1790606113.676208635] [amir2.gripper_controller]: Received & accepted new action goal
[ign gazebo-1] [INFO] [1790606114.011086257] [amir1.gripper_controller]: Received & accepted new action goal
[ign gazebo-1] [INFO] [1790606114.011633754] [amir2.gripper_controller]: Received & accepted new action goal
[ign gazebo-1] [INFO] [1790606114.685520233] [amir1.gripper_controller]: Received & accepted new action goal
[ign gazebo-1] [INFO] [1790606114.685884468] [amir2.gripper_controller]: Received & accepted new action goal
[ign gazebo-1] [INFO] [1790606115.020654843] [amir1.gripper_controller]: Received & accepted new action goal
[ign gazebo-1] [INFO] [1790606115.020765452] [amir2.gripper_controller]: Received & accepted new action goal
[ign gazebo-1] [INFO] [1790606115.353937525] [amir1.gripper_controller]: Received & accepted new action goal
[ign gazebo-1] [INFO] [1790606115.354058784] [amir2.gripper_controller]: Received & accepted new action goal
[ign gazebo-1] [INFO] [1790606115.690943629] [amir1.gripper_controller]: Received & accepted new action goal
[ign gazebo-1] [INFO] [1790606115.691279157] [amir2.gripper_controller]: Received & accepted new action goal
[ign gazebo-1] [INFO] [1790606116.358475799] [amir1.gripper_controller]: Received & accepted new action goal
[ign gazebo-1] [INFO] [1790606116.358627770] [amir2.gripper_controller]: Received & accepted new action goal
[ign gazebo-1] [INFO] [1790606116.694933140] [amir1.gripper_controller]: Received & accepted new action goal
[ign gazebo-1] [INFO] [1790606116.695179523] [amir2.gripper_controller]: Received & accepted new action goal
[ign gazebo-1] [INFO] [1790606117.031375644] [amir1.gripper_controller]: Received & accepted new action goal
[ign gazebo-1] [INFO] [1790606117.032105089] [amir2.gripper_controller]: Received & accepted new action goal
[ign gazebo-1] [INFO] [1790606117.364434011] [amir1.gripper_controller]: Received & accepted new action goal
[ign gazebo-1] [INFO] [1790606117.364952899] [amir2.gripper_controller]: Received & accepted new action goal
[ign gazebo-1] [INFO] [1790606118.033268300] [amir1.gripper_controller]: Received & accepted new action goal
[ign gazebo-1] [INFO] [1790606118.033766136] [amir2.gripper_controller]: Received & accepted new action goal
[ign gazebo-1] [INFO] [1790606118.367495702] [amir1.gripper_controller]: Received & accepted new action goal
[ign gazebo-1] [INFO] [1790606118.367815580] [amir2.gripper_controller]: Received & accepted new action goal
[ign gazebo-1] [INFO] [1790606118.703586154] [amir1.gripper_controller]: Received & accepted new action goal
[ign gazebo-1] [INFO] [1790606118.704037954] [amir2.gripper_controller]: Received & accepted new action goal
[ign gazebo-1] [INFO] [1790606119.037872070] [amir1.gripper_controller]: Received & accepted new action goal
[ign gazebo-1] [INFO] [1790606119.038239439] [amir2.gripper_controller]: Received & accepted new action goal
[ign gazebo-1] [INFO] [1790606119.706800854] [amir1.gripper_controller]: Received & accepted new action goal
[ign gazebo-1] [INFO] [1790606119.707393008] [amir2.gripper_controller]: Received & accepted new action goal
[ign gazebo-1] [INFO] [1790606120.041730129] [amir1.gripper_controller]: Received & accepted new action goal
[ign gazebo-1] [INFO] [1790606120.042121210] [amir2.gripper_controller]: Received & accepted new action goal
[ign gazebo-1] [INFO] [1790606120.376813553] [amir1.gripper_controller]: Received & accepted new action goal
[ign gazebo-1] [INFO] [1790606120.377184862] [amir2.gripper_controller]: Received & accepted new action goal
[ign gazebo-1] [INFO] [1790606120.709750218] [amir2.gripper_controller]: Received & accepted new action goal
[ign gazebo-1] [INFO] [1790606120.709760097] [amir1.gripper_controller]: Received & accepted new action goal
[ign gazebo-1] [INFO] [1790606121.380194957] [amir1.gripper_controller]: Received & accepted new action goal
[ign gazebo-1] [INFO] [1790606121.380747098] [amir2.gripper_controller]: Received & accepted new action goal
[ign gazebo-1] [INFO] [1790606121.715635240] [amir1.gripper_controller]: Received & accepted new action goal
[ign gazebo-1] [INFO] [1790606121.716145792] [amir2.gripper_controller]: Received & accepted new action goal
[ign gazebo-1] [INFO] [1790606122.049219067] [amir1.gripper_controller]: Received & accepted new action goal
[ign gazebo-1] [INFO] [1790606122.049545177] [amir2.gripper_controller]: Received & accepted new action goal
[ign gazebo-1] [INFO] [1790606122.384070008] [amir1.gripper_controller]: Received & accepted new action goal
[ign gazebo-1] [INFO] [1790606122.384205394] [amir2.gripper_controller]: Received & accepted new action goal
[ign gazebo-1] [INFO] [1790606123.060448069] [amir1.gripper_controller]: Received & accepted new action goal
[ign gazebo-1] [INFO] [1790606123.060728515] [amir2.gripper_controller]: Received & accepted new action goal
[ign gazebo-1] [INFO] [1790606123.396838049] [amir1.gripper_controller]: Received & accepted new action goal
[ign gazebo-1] [INFO] [1790606123.397106051] [amir2.gripper_controller]: Received & accepted new action goal
[ign gazebo-1] [INFO] [1790606123.733331466] [amir1.gripper_controller]: Received & accepted new action goal
[ign gazebo-1] [INFO] [1790606123.733814799] [amir2.gripper_controller]: Received & accepted new action goal
[ign gazebo-1] [INFO] [1790606124.067041880] [amir1.gripper_controller]: Received & accepted new action goal
[ign gazebo-1] [INFO] [1790606124.067222212] [amir2.gripper_controller]: Received & accepted new action goal
[ign gazebo-1] [INFO] [1790606124.735998727] [amir1.gripper_controller]: Received & accepted new action goal
[ign gazebo-1] [INFO] [1790606124.736505716] [amir2.gripper_controller]: Received & accepted new action goal
[ign gazebo-1] [INFO] [1790606125.073558664] [amir1.gripper_controller]: Received & accepted new action goal
[ign gazebo-1] [INFO] [1790606125.073909187] [amir2.gripper_controller]: Received & accepted new action goal
[ign gazebo-1] [INFO] [1790606125.408584791] [amir1.gripper_controller]: Received & accepted new action goal
[ign gazebo-1] [INFO] [1790606125.409126321] [amir2.gripper_controller]: Received & accepted new action goal
[ign gazebo-1] [INFO] [1790606125.742383293] [amir1.gripper_controller]: Received & accepted new action goal
[ign gazebo-1] [INFO] [1790606125.742536120] [amir2.gripper_controller]: Received & accepted new action goal
[ign gazebo-1] [INFO] [1790606126.419364401] [amir1.gripper_controller]: Received & accepted new action goal
[ign gazebo-1] [INFO] [1790606126.419723726] [amir2.gripper_controller]: Received & accepted new action goal
[ign gazebo-1] [INFO] [1790606126.756456288] [amir1.gripper_controller]: Received & accepted new action goal
[ign gazebo-1] [INFO] [1790606126.756885881] [amir2.gripper_controller]: Received & accepted new action goal
[ign gazebo-1] [INFO] [1790606127.091184775] [amir1.gripper_controller]: Received & accepted new action goal
[ign gazebo-1] [INFO] [1790606127.091739852] [amir2.gripper_controller]: Received & accepted new action goal
[ign gazebo-1] [INFO] [1790606127.424750379] [amir1.gripper_controller]: Received & accepted new action goal
[ign gazebo-1] [INFO] [1790606127.425826713] [amir2.gripper_controller]: Received & accepted new action goal
[ign gazebo-1] [INFO] [1790606128.093461279] [amir1.gripper_controller]: Received & accepted new action goal
[ign gazebo-1] [INFO] [1790606128.093508287] [amir2.gripper_controller]: Received & accepted new action goal
[ign gazebo-1] [INFO] [1790606128.430333889] [amir1.gripper_controller]: Received & accepted new action goal
[ign gazebo-1] [INFO] [1790606128.430602274] [amir2.gripper_controller]: Received & accepted new action goal
[ign gazebo-1] [INFO] [1790606128.764197438] [amir1.gripper_controller]: Received & accepted new action goal
[ign gazebo-1] [INFO] [1790606128.764514799] [amir2.gripper_controller]: Received & accepted new action goal
[ign gazebo-1] [INFO] [1790606129.099127764] [amir1.gripper_controller]: Received & accepted new action goal
[ign gazebo-1] [INFO] [1790606129.099617098] [amir2.gripper_controller]: Received & accepted new action goal
[ign gazebo-1] [INFO] [1790606129.768339702] [amir1.gripper_controller]: Received & accepted new action goal
[ign gazebo-1] [INFO] [1790606129.768392853] [amir2.gripper_controller]: Received & accepted new action goal
[ign gazebo-1] [INFO] [1790606130.104127480] [amir1.gripper_controller]: Received & accepted new action goal
[ign gazebo-1] [INFO] [1790606130.104717787] [amir2.gripper_controller]: Received & accepted new action goal
[ign gazebo-1] [INFO] [1790606130.441162926] [amir1.gripper_controller]: Received & accepted new action goal
[ign gazebo-1] [INFO] [1790606130.441653630] [amir2.gripper_controller]: Received & accepted new action goal
[ign gazebo-1] [INFO] [1790606130.774483406] [amir1.gripper_controller]: Received & accepted new action goal
[ign gazebo-1] [INFO] [1790606130.774719581] [amir2.gripper_controller]: Received & accepted new action goal
[ign gazebo-1] [INFO] [1790606131.446879927] [amir1.gripper_controller]: Received & accepted new action goal
[ign gazebo-1] [INFO] [1790606131.447551532] [amir2.gripper_controller]: Received & accepted new action goal
[ign gazebo-1] [INFO] [1790606131.782930457] [amir1.gripper_controller]: Received & accepted new action goal
[ign gazebo-1] [INFO] [1790606131.783200097] [amir2.gripper_controller]: Received & accepted new action goal
[ign gazebo-1] [INFO] [1790606132.117433183] [amir1.gripper_controller]: Received & accepted new action goal
[ign gazebo-1] [INFO] [1790606132.117479627] [amir2.gripper_controller]: Received & accepted new action goal
[ign gazebo-1] [INFO] [1790606132.452701624] [amir1.gripper_controller]: Received & accepted new action goal
[ign gazebo-1] [INFO] [1790606132.452827049] [amir2.gripper_controller]: Received & accepted new action goal
[ign gazebo-1] [INFO] [1790606133.122176322] [amir1.gripper_controller]: Received & accepted new action goal
[ign gazebo-1] [INFO] [1790606133.122424146] [amir2.gripper_controller]: Received & accepted new action goal
[ign gazebo-1] [INFO] [1790606133.456703956] [amir1.gripper_controller]: Received & accepted new action goal
[ign gazebo-1] [INFO] [1790606133.456804257] [amir2.gripper_controller]: Received & accepted new action goal
[ign gazebo-1] [INFO] [1790606133.793629569] [amir1.gripper_controller]: Received & accepted new action goal
[ign gazebo-1] [INFO] [1790606133.793943387] [amir2.gripper_controller]: Received & accepted new action goal
[ign gazebo-1] [INFO] [1790606134.130151892] [amir1.gripper_controller]: Received & accepted new action goal
[ign gazebo-1] [INFO] [1790606134.130672011] [amir2.gripper_controller]: Received & accepted new action goal
[ign gazebo-1] [INFO] [1790606134.797989603] [amir1.gripper_controller]: Received & accepted new action goal
[ign gazebo-1] [INFO] [1790606134.798535141] [amir2.gripper_controller]: Received & accepted new action goal
[ign gazebo-1] [INFO] [1790606135.134912185] [amir1.gripper_controller]: Received & accepted new action goal
[ign gazebo-1] [INFO] [1790606135.135424532] [amir2.gripper_controller]: Received & accepted new action goal
[ign gazebo-1] [INFO] [1790606135.468738131] [amir1.gripper_controller]: Received & accepted new action goal
[ign gazebo-1] [INFO] [1790606135.468862175] [amir2.gripper_controller]: Received & accepted new action goal
[ign gazebo-1] [INFO] [1790606135.805774936] [amir1.gripper_controller]: Received & accepted new action goal
[ign gazebo-1] [INFO] [1790606135.806140279] [amir2.gripper_controller]: Received & accepted new action goal
[ign gazebo-1] [INFO] [1790606136.473150976] [amir1.gripper_controller]: Received & accepted new action goal
[ign gazebo-1] [INFO] [1790606136.473308511] [amir2.gripper_controller]: Received & accepted new action goal
[ign gazebo-1] [INFO] [1790606136.809897813] [amir1.gripper_controller]: Received & accepted new action goal
[ign gazebo-1] [INFO] [1790606136.810353467] [amir2.gripper_controller]: Received & accepted new action goal
[ign gazebo-1] [INFO] [1790606137.143777843] [amir1.gripper_controller]: Received & accepted new action goal
[ign gazebo-1] [INFO] [1790606137.144109932] [amir2.gripper_controller]: Received & accepted new action goal
[ign gazebo-1] [INFO] [1790606137.478014623] [amir1.gripper_controller]: Received & accepted new action goal
[ign gazebo-1] [INFO] [1790606137.478144856] [amir2.gripper_controller]: Received & accepted new action goal
[ign gazebo-1] [INFO] [1790606138.151441394] [amir1.gripper_controller]: Received & accepted new action goal
[ign gazebo-1] [INFO] [1790606138.151848905] [amir2.gripper_controller]: Received & accepted new action goal
[ign gazebo-1] [INFO] [1790606138.486306569] [amir1.gripper_controller]: Received & accepted new action goal
[ign gazebo-1] [INFO] [1790606138.486636210] [amir2.gripper_controller]: Received & accepted new action goal
[ign gazebo-1] [INFO] [1790606138.822038863] [amir1.gripper_controller]: Received & accepted new action goal
[ign gazebo-1] [INFO] [1790606138.822599495] [amir2.gripper_controller]: Received & accepted new action goal
[ign gazebo-1] [INFO] [1790606139.155240425] [amir1.gripper_controller]: Received & accepted new action goal
[ign gazebo-1] [INFO] [1790606139.155360667] [amir2.gripper_controller]: Received & accepted new action goal
[ign gazebo-1] [INFO] [1790606139.823725539] [amir1.gripper_controller]: Received & accepted new action goal
[ign gazebo-1] [INFO] [1790606139.823824221] [amir2.gripper_controller]: Received & accepted new action goal
[ign gazebo-1] [INFO] [1790606140.160216976] [amir1.gripper_controller]: Received & accepted new action goal
[ign gazebo-1] [INFO] [1790606140.160535936] [amir2.gripper_controller]: Received & accepted new action goal
[ign gazebo-1] [INFO] [1790606140.495828500] [amir1.gripper_controller]: Received & accepted new action goal
[ign gazebo-1] [INFO] [1790606140.496228266] [amir2.gripper_controller]: Received & accepted new action goal
[friction_grasp_manager-34] [INFO] [1790606142.231563881] [friction_grasp_manager]: Finger wrench bias captured: amir1/left=18.7N, amir1/right=21.6N, amir2/left=18.9N, amir2/right=21.8N
[friction_grasp_manager-34] [INFO] [1790606142.231787634] [friction_grasp_manager]: Friction grasp state: HOLDING
[slip_monitor-41] [INFO] [1790606142.298473770] [slip_monitor]: Captured friction-grasp payload baseline: x=0.000, y=-0.000, z=0.657
[ign gazebo-1] [INFO] [1790606142.594248715] [amir1.gripper_controller]: Received & accepted new action goal
[ign gazebo-1] [INFO] [1790606142.594424940] [amir2.gripper_controller]: Received & accepted new action goal
[ign gazebo-1] [INFO] [1790606143.304333035] [amir1.gripper_controller]: Received & accepted new action goal
[ign gazebo-1] [INFO] [1790606143.304574272] [amir2.gripper_controller]: Received & accepted new action goal
[ign gazebo-1] [INFO] [1790606143.660445017] [amir1.gripper_controller]: Received & accepted new action goal
[ign gazebo-1] [INFO] [1790606143.660616042] [amir2.gripper_controller]: Received & accepted new action goal
[ign gazebo-1] [INFO] [1790606143.994523593] [amir1.gripper_controller]: Received & accepted new action goal
[ign gazebo-1] [INFO] [1790606143.994644462] [amir2.gripper_controller]: Received & accepted new action goal
[ign gazebo-1] [INFO] [1790606144.339414163] [amir1.gripper_controller]: Received & accepted new action goal
[ign gazebo-1] [INFO] [1790606144.339813374] [amir2.gripper_controller]: Received & accepted new action goal
[ign gazebo-1] [INFO] [1790606145.062919957] [amir1.gripper_controller]: Received & accepted new action goal
[ign gazebo-1] [INFO] [1790606145.063057306] [amir2.gripper_controller]: Received & accepted new action goal
[ign gazebo-1] [INFO] [1790606145.413793650] [amir2.gripper_controller]: Received & accepted new action goal
[ign gazebo-1] [INFO] [1790606145.413794838] [amir1.gripper_controller]: Received & accepted new action goal
[ign gazebo-1] [INFO] [1790606145.758330489] [amir1.gripper_controller]: Received & accepted new action goal
[ign gazebo-1] [INFO] [1790606145.758511370] [amir2.gripper_controller]: Received & accepted new action goal
[ign gazebo-1] [INFO] [1790606146.100981474] [amir1.gripper_controller]: Received & accepted new action goal
[ign gazebo-1] [INFO] [1790606146.101282789] [amir2.gripper_controller]: Received & accepted new action goal
[ign gazebo-1] [INFO] [1790606146.793794535] [amir1.gripper_controller]: Received & accepted new action goal
[ign gazebo-1] [INFO] [1790606146.794245448] [amir2.gripper_controller]: Received & accepted new action goal
[ign gazebo-1] [INFO] [1790606147.133303945] [amir1.gripper_controller]: Received & accepted new action goal
[ign gazebo-1] [INFO] [1790606147.133396455] [amir2.gripper_controller]: Received & accepted new action goal
[ign gazebo-1] [INFO] [1790606147.485871105] [amir1.gripper_controller]: Received & accepted new action goal
[ign gazebo-1] [INFO] [1790606147.486484660] [amir2.gripper_controller]: Received & accepted new action goal
[ign gazebo-1] [INFO] [1790606147.837982158] [amir1.gripper_controller]: Received & accepted new action goal
[ign gazebo-1] [INFO] [1790606147.838110654] [amir2.gripper_controller]: Received & accepted new action goal
[ign gazebo-1] [INFO] [1790606148.507321951] [amir1.gripper_controller]: Received & accepted new action goal
[ign gazebo-1] [INFO] [1790606148.507484562] [amir2.gripper_controller]: Received & accepted new action goal
[ign gazebo-1] [INFO] [1790606148.850347883] [amir1.gripper_controller]: Received & accepted new action goal
[ign gazebo-1] [INFO] [1790606148.850403139] [amir2.gripper_controller]: Received & accepted new action goal
[ign gazebo-1] [INFO] [1790606149.186402644] [amir1.gripper_controller]: Received & accepted new action goal
[ign gazebo-1] [INFO] [1790606149.186664129] [amir2.gripper_controller]: Received & accepted new action goal
[ign gazebo-1] [INFO] [1790606149.569708615] [amir1.gripper_controller]: Received & accepted new action goal
[ign gazebo-1] [INFO] [1790606149.569840548] [amir2.gripper_controller]: Received & accepted new action goal
[ign gazebo-1] [INFO] [1790606150.276519606] [amir1.gripper_controller]: Received & accepted new action goal
[ign gazebo-1] [INFO] [1790606150.276530593] [amir2.gripper_controller]: Received & accepted new action goal
[ign gazebo-1] [INFO] [1790606150.627001402] [amir1.gripper_controller]: Received & accepted new action goal
[ign gazebo-1] [INFO] [1790606150.627038054] [amir2.gripper_controller]: Received & accepted new action goal
[ign gazebo-1] [INFO] [1790606150.966887608] [amir1.gripper_controller]: Received & accepted new action goal
[ign gazebo-1] [INFO] [1790606150.966959053] [amir2.gripper_controller]: Received & accepted new action goal
[ign gazebo-1] [INFO] [1790606151.323721342] [amir1.gripper_controller]: Received & accepted new action goal
[ign gazebo-1] [INFO] [1790606151.324243176] [amir2.gripper_controller]: Received & accepted new action goal
[ign gazebo-1] [INFO] [1790606151.671396111] [amir1.gripper_controller]: Received & accepted new action goal
[ign gazebo-1] [INFO] [1790606151.671483904] [amir2.gripper_controller]: Received & accepted new action goal
[ign gazebo-1] [INFO] [1790606152.377738558] [amir1.gripper_controller]: Received & accepted new action goal
[ign gazebo-1] [INFO] [1790606152.377841318] [amir2.gripper_controller]: Received & accepted new action goal
[ign gazebo-1] [INFO] [1790606152.726623187] [amir1.gripper_controller]: Received & accepted new action goal
[ign gazebo-1] [INFO] [1790606152.726921451] [amir2.gripper_controller]: Received & accepted new action goal
[ign gazebo-1] [INFO] [1790606153.081265825] [amir1.gripper_controller]: Received & accepted new action goal
[ign gazebo-1] [INFO] [1790606153.081342474] [amir2.gripper_controller]: Received & accepted new action goal
[ign gazebo-1] [INFO] [1790606153.427601383] [amir1.gripper_controller]: Received & accepted new action goal
[ign gazebo-1] [INFO] [1790606153.427733663] [amir2.gripper_controller]: Received & accepted new action goal
[ign gazebo-1] [INFO] [1790606154.125436700] [amir1.gripper_controller]: Received & accepted new action goal
[ign gazebo-1] [INFO] [1790606154.125535499] [amir2.gripper_controller]: Received & accepted new action goal
[ign gazebo-1] [INFO] [1790606154.468583480] [amir1.gripper_controller]: Received & accepted new action goal
[ign gazebo-1] [INFO] [1790606154.468603206] [amir2.gripper_controller]: Received & accepted new action goal
[ign gazebo-1] [INFO] [1790606154.817401669] [amir1.gripper_controller]: Received & accepted new action goal
[ign gazebo-1] [INFO] [1790606154.817816394] [amir2.gripper_controller]: Received & accepted new action goal
[ign gazebo-1] [INFO] [1790606155.165765020] [amir1.gripper_controller]: Received & accepted new action goal
[ign gazebo-1] [INFO] [1790606155.165796761] [amir2.gripper_controller]: Received & accepted new action goal
[ign gazebo-1] [INFO] [1790606155.873345813] [amir1.gripper_controller]: Received & accepted new action goal
[ign gazebo-1] [INFO] [1790606155.873481797] [amir2.gripper_controller]: Received & accepted new action goal
[ign gazebo-1] [INFO] [1790606156.214143367] [amir1.gripper_controller]: Received & accepted new action goal
[ign gazebo-1] [INFO] [1790606156.214414424] [amir2.gripper_controller]: Received & accepted new action goal
[ign gazebo-1] [INFO] [1790606156.556923514] [amir1.gripper_controller]: Received & accepted new action goal
[ign gazebo-1] [INFO] [1790606156.557458147] [amir2.gripper_controller]: Received & accepted new action goal
[ign gazebo-1] [INFO] [1790606156.911027384] [amir1.gripper_controller]: Received & accepted new action goal
[ign gazebo-1] [INFO] [1790606156.911074376] [amir2.gripper_controller]: Received & accepted new action goal
[ign gazebo-1] [INFO] [1790606157.592407004] [amir1.gripper_controller]: Received & accepted new action goal
[ign gazebo-1] [INFO] [1790606157.592783914] [amir2.gripper_controller]: Received & accepted new action goal
[ign gazebo-1] [INFO] [1790606157.931360664] [amir2.gripper_controller]: Received & accepted new action goal
[ign gazebo-1] [INFO] [1790606157.931530851] [amir1.gripper_controller]: Received & accepted new action goal
[ign gazebo-1] [INFO] [1790606158.277894108] [amir1.gripper_controller]: Received & accepted new action goal
[ign gazebo-1] [INFO] [1790606158.277998816] [amir2.gripper_controller]: Received & accepted new action goal
[ign gazebo-1] [INFO] [1790606158.622014699] [amir1.gripper_controller]: Received & accepted new action goal
[ign gazebo-1] [INFO] [1790606158.622322751] [amir2.gripper_controller]: Received & accepted new action goal
[ign gazebo-1] [INFO] [1790606159.301755221] [amir1.gripper_controller]: Received & accepted new action goal
[ign gazebo-1] [INFO] [1790606159.302211068] [amir2.gripper_controller]: Received & accepted new action goal
[ign gazebo-1] [INFO] [1790606159.640556154] [amir1.gripper_controller]: Received & accepted new action goal
[ign gazebo-1] [INFO] [1790606159.640698418] [amir2.gripper_controller]: Received & accepted new action goal
[ign gazebo-1] [INFO] [1790606159.996056990] [amir1.gripper_controller]: Received & accepted new action goal
[ign gazebo-1] [INFO] [1790606159.996386963] [amir2.gripper_controller]: Received & accepted new action goal
[ign gazebo-1] [INFO] [1790606160.332315815] [amir1.gripper_controller]: Received & accepted new action goal
[ign gazebo-1] [INFO] [1790606160.332501341] [amir2.gripper_controller]: Received & accepted new action goal
[ign gazebo-1] [INFO] [1790606161.034616208] [amir1.gripper_controller]: Received & accepted new action goal
[ign gazebo-1] [INFO] [1790606161.034780848] [amir2.gripper_controller]: Received & accepted new action goal
[ign gazebo-1] [INFO] [1790606161.401167418] [amir1.gripper_controller]: Received & accepted new action goal
[ign gazebo-1] [INFO] [1790606161.401186190] [amir2.gripper_controller]: Received & accepted new action goal
[ign gazebo-1] [INFO] [1790606161.754723645] [amir1.gripper_controller]: Received & accepted new action goal
[ign gazebo-1] [INFO] [1790606161.754892737] [amir2.gripper_controller]: Received & accepted new action goal
[ign gazebo-1] [INFO] [1790606162.111774104] [amir1.gripper_controller]: Received & accepted new action goal
[ign gazebo-1] [INFO] [1790606162.111932209] [amir2.gripper_controller]: Received & accepted new action goal
[ign gazebo-1] [INFO] [1790606162.811010496] [amir1.gripper_controller]: Received & accepted new action goal
[ign gazebo-1] [INFO] [1790606163.165896111] [amir1.gripper_controller]: Received & accepted new action goal
[ign gazebo-1] [INFO] [1790606163.166607861] [amir2.gripper_controller]: Received & accepted new action goal
[ign gazebo-1] [INFO] [1790606163.522180970] [amir2.gripper_controller]: Received & accepted new action goal
[ign gazebo-1] [INFO] [1790606163.858813579] [amir1.gripper_controller]: Received & accepted new action goal
[ign gazebo-1] [INFO] [1790606163.858964583] [amir2.gripper_controller]: Received & accepted new action goal
[ign gazebo-1] [INFO] [1790606164.534338711] [amir1.gripper_controller]: Received & accepted new action goal
[ign gazebo-1] [INFO] [1790606164.534853104] [amir2.gripper_controller]: Received & accepted new action goal
[ign gazebo-1] [INFO] [1790606164.885798567] [amir1.gripper_controller]: Received & accepted new action goal
[ign gazebo-1] [INFO] [1790606164.885912266] [amir2.gripper_controller]: Received & accepted new action goal
[ign gazebo-1] [INFO] [1790606165.234186464] [amir1.gripper_controller]: Received & accepted new action goal
[ign gazebo-1] [INFO] [1790606165.234303247] [amir2.gripper_controller]: Received & accepted new action goal
[ign gazebo-1] [INFO] [1790606165.575705839] [amir1.gripper_controller]: Received & accepted new action goal
[ign gazebo-1] [INFO] [1790606165.575882888] [amir2.gripper_controller]: Received & accepted new action goal
[ign gazebo-1] [INFO] [1790606166.267594590] [amir1.gripper_controller]: Received & accepted new action goal
[ign gazebo-1] [INFO] [1790606166.267703094] [amir2.gripper_controller]: Received & accepted new action goal
[ign gazebo-1] [INFO] [1790606166.608199954] [amir1.gripper_controller]: Received & accepted new action goal
[ign gazebo-1] [INFO] [1790606166.608329183] [amir2.gripper_controller]: Received & accepted new action goal
[ign gazebo-1] [INFO] [1790606166.946387832] [amir1.gripper_controller]: Received & accepted new action goal
[ign gazebo-1] [INFO] [1790606166.946490192] [amir2.gripper_controller]: Received & accepted new action goal
[ign gazebo-1] [INFO] [1790606167.305816863] [amir1.gripper_controller]: Received & accepted new action goal
[ign gazebo-1] [INFO] [1790606167.306046484] [amir2.gripper_controller]: Received & accepted new action goal
[ign gazebo-1] [INFO] [1790606168.011084968] [amir1.gripper_controller]: Received & accepted new action goal
[ign gazebo-1] [INFO] [1790606168.011503586] [amir2.gripper_controller]: Received & accepted new action goal
[ign gazebo-1] [INFO] [1790606168.354394431] [amir1.gripper_controller]: Received & accepted new action goal
[ign gazebo-1] [INFO] [1790606168.354619512] [amir2.gripper_controller]: Received & accepted new action goal
[ign gazebo-1] [INFO] [1790606168.706404673] [amir1.gripper_controller]: Received & accepted new action goal
[ign gazebo-1] [INFO] [1790606168.706512597] [amir2.gripper_controller]: Received & accepted new action goal
[ign gazebo-1] [INFO] [1790606169.052799515] [amir1.gripper_controller]: Received & accepted new action goal
[ign gazebo-1] [INFO] [1790606169.052983490] [amir2.gripper_controller]: Received & accepted new action goal
[ign gazebo-1] [INFO] [1790606169.726256474] [amir2.gripper_controller]: Received & accepted new action goal
[ign gazebo-1] [INFO] [1790606169.726361549] [amir1.gripper_controller]: Received & accepted new action goal
[ign gazebo-1] [INFO] [1790606170.071079333] [amir1.gripper_controller]: Received & accepted new action goal
[ign gazebo-1] [INFO] [1790606170.071199155] [amir2.gripper_controller]: Received & accepted new action goal
[ign gazebo-1] [INFO] [1790606170.406508652] [amir1.gripper_controller]: Received & accepted new action goal
[ign gazebo-1] [INFO] [1790606170.406646229] [amir2.gripper_controller]: Received & accepted new action goal
[ign gazebo-1] [INFO] [1790606170.755842329] [amir1.gripper_controller]: Received & accepted new action goal
[ign gazebo-1] [INFO] [1790606170.755928886] [amir2.gripper_controller]: Received & accepted new action goal
[ign gazebo-1] [INFO] [1790606171.426378440] [amir1.gripper_controller]: Received & accepted new action goal
[ign gazebo-1] [INFO] [1790606171.426645102] [amir2.gripper_controller]: Received & accepted new action goal
[ign gazebo-1] [INFO] [1790606171.760795430] [amir2.gripper_controller]: Received & accepted new action goal
[ign gazebo-1] [INFO] [1790606171.761450429] [amir1.gripper_controller]: Received & accepted new action goal
[ign gazebo-1] [INFO] [1790606172.100823892] [amir2.gripper_controller]: Received & accepted new action goal
[ign gazebo-1] [INFO] [1790606172.100921868] [amir1.gripper_controller]: Received & accepted new action goal
[ign gazebo-1] [INFO] [1790606172.435625094] [amir2.gripper_controller]: Received & accepted new action goal
[ign gazebo-1] [INFO] [1790606172.435739012] [amir1.gripper_controller]: Received & accepted new action goal
[ign gazebo-1] [INFO] [1790606173.129022676] [amir1.gripper_controller]: Received & accepted new action goal
[ign gazebo-1] [INFO] [1790606173.129087113] [amir2.gripper_controller]: Received & accepted new action goal
[ign gazebo-1] [INFO] [1790606173.488651990] [amir1.gripper_controller]: Received & accepted new action goal
[ign gazebo-1] [INFO] [1790606173.489121901] [amir2.gripper_controller]: Received & accepted new action goal
[ign gazebo-1] [INFO] [1790606173.823739922] [amir1.gripper_controller]: Received & accepted new action goal
[ign gazebo-1] [INFO] [1790606173.824023067] [amir2.gripper_controller]: Received & accepted new action goal
[ign gazebo-1] [INFO] [1790606174.513999240] [amir1.gripper_controller]: Received & accepted new action goal
[ign gazebo-1] [INFO] [1790606174.514220803] [amir2.gripper_controller]: Received & accepted new action goal
[ign gazebo-1] [INFO] [1790606175.211324586] [amir1.gripper_controller]: Received & accepted new action goal
[ign gazebo-1] [INFO] [1790606175.211875566] [amir2.gripper_controller]: Received & accepted new action goal
[ign gazebo-1] [INFO] [1790606175.589578860] [amir1.gripper_controller]: Received & accepted new action goal
[ign gazebo-1] [INFO] [1790606175.589808626] [amir2.gripper_controller]: Received & accepted new action goal
[ign gazebo-1] [INFO] [1790606176.271048634] [amir1.gripper_controller]: Received & accepted new action goal
[ign gazebo-1] [INFO] [1790606176.271153795] [amir2.gripper_controller]: Received & accepted new action goal
[ign gazebo-1] [INFO] [1790606177.000856924] [amir2.gripper_controller]: Received & accepted new action goal
[ign gazebo-1] [INFO] [1790606177.000861484] [amir1.gripper_controller]: Received & accepted new action goal
[ign gazebo-1] [INFO] [1790606177.358016788] [amir1.gripper_controller]: Received & accepted new action goal
[ign gazebo-1] [INFO] [1790606177.358394875] [amir2.gripper_controller]: Received & accepted new action goal
[ign gazebo-1] [INFO] [1790606178.050953662] [amir2.gripper_controller]: Received & accepted new action goal
[ign gazebo-1] [INFO] [1790606178.051047910] [amir1.gripper_controller]: Received & accepted new action goal
[grasp_support_remover-38] [INFO] [1790606178.154642232] [grasp_support_remover]: Removed temporary support model "grasp_support"; transport may start.
[ign gazebo-1] [INFO] [1790606178.823317221] [amir1.gripper_controller]: Received & accepted new action goal
[ign gazebo-1] [INFO] [1790606178.823721567] [amir2.gripper_controller]: Received & accepted new action goal
[ign gazebo-1] [INFO] [1790606179.863853766] [amir1.gripper_controller]: Received & accepted new action goal
[ign gazebo-1] [INFO] [1790606179.863947275] [amir2.gripper_controller]: Received & accepted new action goal
[rotation_controller-6] [INFO] [1790606180.245275110] [cooperative_rotation_controller]: シーケンス開始: 搬送（直進） （0.500 m）
[coordinator-39] [INFO] [1790606180.271449268] [cooperative_coordinator]: Payload goal: x=-0.000, y=-0.000, yaw=-0.000
[coordinator-39] [INFO] [1790606180.272693159] [cooperative_coordinator]: Formation-distance reference captured: 2.1339 m
[ign gazebo-1] [INFO] [1790606180.545628091] [amir1.gripper_controller]: Received & accepted new action goal
[ign gazebo-1] [INFO] [1790606180.545640211] [amir2.gripper_controller]: Received & accepted new action goal
[ign gazebo-1] [INFO] [1790606180.889208911] [amir1.gripper_controller]: Received & accepted new action goal
[ign gazebo-1] [INFO] [1790606180.889355618] [amir2.gripper_controller]: Received & accepted new action goal
[coordinator-39] [INFO] [1790606181.280113769] [cooperative_coordinator]: Payload goal: x=0.001, y=-0.000, yaw=-0.000
[ign gazebo-1] [INFO] [1790606181.580249932] [amir2.gripper_controller]: Received & accepted new action goal
[ign gazebo-1] [INFO] [1790606181.580258159] [amir1.gripper_controller]: Received & accepted new action goal
[ign gazebo-1] [INFO] [1790606182.287769230] [amir1.gripper_controller]: Received & accepted new action goal
[ign gazebo-1] [INFO] [1790606182.287787186] [amir2.gripper_controller]: Received & accepted new action goal
[coordinator-39] [INFO] [1790606182.290450663] [cooperative_coordinator]: Payload goal: x=0.004, y=-0.000, yaw=-0.000
[ign gazebo-1] [INFO] [1790606182.663272485] [amir1.gripper_controller]: Received & accepted new action goal
[ign gazebo-1] [INFO] [1790606182.663437138] [amir2.gripper_controller]: Received & accepted new action goal
[coordinator-39] [INFO] [1790606183.294982160] [cooperative_coordinator]: Payload goal: x=0.009, y=-0.000, yaw=-0.000
[ign gazebo-1] [INFO] [1790606183.364784951] [amir1.gripper_controller]: Received & accepted new action goal
[ign gazebo-1] [INFO] [1790606183.364870804] [amir2.gripper_controller]: Received & accepted new action goal
[ign gazebo-1] [INFO] [1790606184.040590335] [amir1.gripper_controller]: Received & accepted new action goal
[ign gazebo-1] [INFO] [1790606184.040836925] [amir2.gripper_controller]: Received & accepted new action goal
[coordinator-39] [INFO] [1790606184.314136205] [cooperative_coordinator]: Payload goal: x=0.017, y=-0.000, yaw=-0.000
[ign gazebo-1] [INFO] [1790606184.376962095] [amir1.gripper_controller]: Received & accepted new action goal
[ign gazebo-1] [INFO] [1790606184.377326610] [amir2.gripper_controller]: Received & accepted new action goal
[ign gazebo-1] [INFO] [1790606185.055578346] [amir1.gripper_controller]: Received & accepted new action goal
[ign gazebo-1] [INFO] [1790606185.055587516] [amir2.gripper_controller]: Received & accepted new action goal
[coordinator-39] [INFO] [1790606185.325019551] [cooperative_coordinator]: Payload goal: x=0.027, y=-0.000, yaw=-0.000
[ign gazebo-1] [INFO] [1790606185.760961767] [amir1.gripper_controller]: Received & accepted new action goal
[ign gazebo-1] [INFO] [1790606185.761043470] [amir2.gripper_controller]: Received & accepted new action goal
[ign gazebo-1] [INFO] [1790606186.108607239] [amir1.gripper_controller]: Received & accepted new action goal
[ign gazebo-1] [INFO] [1790606186.108710545] [amir2.gripper_controller]: Received & accepted new action goal
[coordinator-39] [INFO] [1790606186.365028237] [cooperative_coordinator]: Payload goal: x=0.039, y=-0.000, yaw=-0.000
[ign gazebo-1] [INFO] [1790606186.847648910] [amir1.gripper_controller]: Received & accepted new action goal
[ign gazebo-1] [INFO] [1790606186.848195106] [amir2.gripper_controller]: Received & accepted new action goal
[coordinator-39] [INFO] [1790606187.413903845] [cooperative_coordinator]: Payload goal: x=0.045, y=-0.000, yaw=-0.000
[ign gazebo-1] [INFO] [1790606187.587884214] [amir1.gripper_controller]: Received & accepted new action goal
[ign gazebo-1] [INFO] [1790606187.588118986] [amir2.gripper_controller]: Received & accepted new action goal
[ign gazebo-1] [INFO] [1790606187.951910040] [amir1.gripper_controller]: Received & accepted new action goal
[ign gazebo-1] [INFO] [1790606187.951915065] [amir2.gripper_controller]: Received & accepted new action goal
[coordinator-39] [INFO] [1790606188.428094966] [cooperative_coordinator]: Payload goal: x=0.045, y=-0.000, yaw=-0.000
[ign gazebo-1] [INFO] [1790606188.704614854] [amir1.gripper_controller]: Received & accepted new action goal
[ign gazebo-1] [INFO] [1790606188.704672853] [amir2.gripper_controller]: Received & accepted new action goal
[ign gazebo-1] [INFO] [1790606189.379344048] [amir1.gripper_controller]: Received & accepted new action goal
[ign gazebo-1] [INFO] [1790606189.379791209] [amir2.gripper_controller]: Received & accepted new action goal
[coordinator-39] [INFO] [1790606189.445149656] [cooperative_coordinator]: Payload goal: x=0.045, y=-0.000, yaw=-0.000
[ign gazebo-1] [INFO] [1790606189.727952488] [amir1.gripper_controller]: Received & accepted new action goal
[ign gazebo-1] [INFO] [1790606189.728412865] [amir2.gripper_controller]: Received & accepted new action goal
[ign gazebo-1] [INFO] [1790606190.428278198] [amir1.gripper_controller]: Received & accepted new action goal
[ign gazebo-1] [INFO] [1790606190.428768003] [amir2.gripper_controller]: Received & accepted new action goal
[coordinator-39] [INFO] [1790606190.470445922] [cooperative_coordinator]: Payload goal: x=0.045, y=-0.000, yaw=-0.000
[friction_grasp_manager-34] [WARN] [1790606191.108115684] [friction_grasp_manager]: amir1 finger force above 26.0 N; backing off.
[ign gazebo-1] [INFO] [1790606191.108886273] [amir1.gripper_controller]: Received & accepted new action goal
[ign gazebo-1] [INFO] [1790606191.109286290] [amir2.gripper_controller]: Received & accepted new action goal
[coordinator-39] [INFO] [1790606191.486672450] [cooperative_coordinator]: Payload goal: x=0.045, y=-0.000, yaw=-0.000
[ign gazebo-1] [INFO] [1790606191.791266515] [amir2.gripper_controller]: Received & accepted new action goal
[coordinator-39] [INFO] [1790606192.497498362] [cooperative_coordinator]: Payload goal: x=0.045, y=-0.000, yaw=-0.000
[ign gazebo-1] [INFO] [1790606192.880455168] [amir2.gripper_controller]: Received & accepted new action goal
[ign gazebo-1] [INFO] [1790606192.880459542] [amir1.gripper_controller]: Received & accepted new action goal
[coordinator-39] [INFO] [1790606193.513006736] [cooperative_coordinator]: Payload goal: x=0.045, y=-0.000, yaw=-0.000
[ign gazebo-1] [INFO] [1790606193.578736795] [amir1.gripper_controller]: Received & accepted new action goal
[ign gazebo-1] [INFO] [1790606193.578930455] [amir2.gripper_controller]: Received & accepted new action goal
[ign gazebo-1] [INFO] [1790606193.914955002] [amir1.gripper_controller]: Received & accepted new action goal
[ign gazebo-1] [INFO] [1790606193.914969505] [amir2.gripper_controller]: Received & accepted new action goal
[coordinator-39] [INFO] [1790606194.527290730] [cooperative_coordinator]: Payload goal: x=0.045, y=-0.000, yaw=-0.000
[ign gazebo-1] [INFO] [1790606194.620135366] [amir1.gripper_controller]: Received & accepted new action goal
[ign gazebo-1] [INFO] [1790606194.620261285] [amir2.gripper_controller]: Received & accepted new action goal
[ign gazebo-1] [INFO] [1790606195.335576611] [amir1.gripper_controller]: Received & accepted new action goal
[ign gazebo-1] [INFO] [1790606195.335686906] [amir2.gripper_controller]: Received & accepted new action goal
[coordinator-39] [INFO] [1790606195.551382952] [cooperative_coordinator]: Payload goal: x=0.045, y=-0.000, yaw=-0.000
[ign gazebo-1] [INFO] [1790606195.690590710] [amir1.gripper_controller]: Received & accepted new action goal
[ign gazebo-1] [INFO] [1790606195.690648250] [amir2.gripper_controller]: Received & accepted new action goal
[ign gazebo-1] [INFO] [1790606196.366306648] [amir1.gripper_controller]: Received & accepted new action goal
[ign gazebo-1] [INFO] [1790606196.366428708] [amir2.gripper_controller]: Received & accepted new action goal
[coordinator-39] [INFO] [1790606196.570335761] [cooperative_coordinator]: Payload goal: x=0.058, y=-0.000, yaw=-0.000
[ign gazebo-1] [INFO] [1790606197.074751291] [amir1.gripper_controller]: Received & accepted new action goal
[ign gazebo-1] [INFO] [1790606197.074866554] [amir2.gripper_controller]: Received & accepted new action goal
[WARNING] [launch]: user interrupted with ctrl-c (SIGINT)
[INFO] [dual_base_approach-42]: sending signal 'SIGINT' to process[dual_base_approach-42]
[INFO] [slip_monitor-41]: sending signal 'SIGINT' to process[slip_monitor-41]
[INFO] [safety_monitor-40]: sending signal 'SIGINT' to process[safety_monitor-40]
[ERROR] [dual_base_approach-42]: process has died [pid 48846, exit code -2, cmd '/home/dars5070/ros2_humble_ws/install/cooperative_transport_control/lib/cooperative_transport_control/dual_base_approach --ros-args -p use_sim_time:=True -p use_sim_time:=True --params-file /tmp/launch_params_w0vv_lvo'].
[ERROR] [slip_monitor-41]: process has died [pid 48844, exit code -2, cmd '/home/dars5070/ros2_humble_ws/install/cooperative_transport_control/lib/cooperative_transport_control/slip_monitor --ros-args -p use_sim_time:=True -p use_sim_time:=True --params-file /home/dars5070/ros2_humble_ws/install/cooperative_transport_control/share/cooperative_transport_control/config/friction_transport.yaml --params-file /tmp/launch_params_4m_8f5m0 --params-file /tmp/launch_params_jcnox_wn --params-file /tmp/launch_params_8ri7lsaa'].
[ERROR] [rover_twist_relay_ign.py-26]: process has died [pid 48247, exit code -2, cmd '/home/dars5070/ros2_humble_ws/install/mecanumrover_description/lib/mecanumrover_description/rover_twist_relay_ign.py --ros-args -r __node:=rover_twist_relay_ign -r __ns:=/amir2 -p use_sim_time:=True -p use_sim_time:=True --params-file /tmp/launch_params_5ppy9vji'].
[INFO] [coordinator-39]: sending signal 'SIGINT' to process[coordinator-39]
[INFO] [grasp_support_remover-38]: sending signal 'SIGINT' to process[grasp_support_remover-38]
[ERROR] [rover_twist_relay_ign.py-13]: process has died [pid 47794, exit code -2, cmd '/home/dars5070/ros2_humble_ws/install/mecanumrover_description/lib/mecanumrover_description/rover_twist_relay_ign.py --ros-args -r __node:=rover_twist_relay_ign -r __ns:=/amir1 -p use_sim_time:=True --params-file /tmp/launch_params_1_un3mep'].
[ERROR] [safety_monitor-40]: process has died [pid 48842, exit code -2, cmd '/home/dars5070/ros2_humble_ws/install/cooperative_transport_control/lib/cooperative_transport_control/safety_monitor --ros-args -p use_sim_time:=True -p use_sim_time:=True --params-file /home/dars5070/ros2_humble_ws/install/cooperative_transport_control/share/cooperative_transport_control/config/friction_transport.yaml --params-file /tmp/launch_params_vm9dhlol --params-file /tmp/launch_params_9p58sdch'].
[INFO] [arm_home_positioner-35]: sending signal 'SIGINT' to process[arm_home_positioner-35]
[ERROR] [coordinator-39]: process has died [pid 48840, exit code -2, cmd '/home/dars5070/ros2_humble_ws/install/cooperative_transport_control/lib/cooperative_transport_control/coordinator --ros-args -p use_sim_time:=True -p use_sim_time:=True --params-file /home/dars5070/ros2_humble_ws/install/cooperative_transport_control/share/cooperative_transport_control/config/friction_transport.yaml --params-file /tmp/launch_params_way0ugti --params-file /tmp/launch_params_6bqll9p0 --params-file /tmp/launch_params_p9ceiajp'].
[ERROR] [grasp_support_remover-38]: process has died [pid 48838, exit code -2, cmd '/home/dars5070/ros2_humble_ws/install/cooperative_transport_control/lib/cooperative_transport_control/grasp_support_remover --ros-args -p use_sim_time:=True -p use_sim_time:=True --params-file /home/dars5070/ros2_humble_ws/install/cooperative_transport_control/share/cooperative_transport_control/config/friction_transport.yaml --params-file /tmp/launch_params_niiyauq1'].
[INFO] [friction_grasp_manager-34]: sending signal 'SIGINT' to process[friction_grasp_manager-34]
[ERROR] [friction_grasp_manager-34]: process has died [pid 48686, exit code -2, cmd '/home/dars5070/ros2_humble_ws/install/cooperative_transport_control/lib/cooperative_transport_control/friction_grasp_manager --ros-args -p use_sim_time:=True -p use_sim_time:=True --params-file /home/dars5070/ros2_humble_ws/install/cooperative_transport_control/share/cooperative_transport_control/config/friction_transport.yaml --params-file /tmp/launch_params_wxlkrisr --params-file /tmp/launch_params_yj7__6j5'].
[ERROR] [arm_home_positioner-35]: process has died [pid 48688, exit code -2, cmd '/home/dars5070/ros2_humble_ws/install/coop_transport_controller/lib/coop_transport_controller/arm_home_positioner --ros-args -p use_sim_time:=True -p use_sim_time:=True --params-file /tmp/launch_params_jpnkausa'].
[INFO] [parameter_bridge-25]: sending signal 'SIGINT' to process[parameter_bridge-25]
[INFO] [parameter_bridge-24]: sending signal 'SIGINT' to process[parameter_bridge-24]
[INFO] [parameter_bridge-23]: sending signal 'SIGINT' to process[parameter_bridge-23]
[INFO] [robot_state_publisher-21]: sending signal 'SIGINT' to process[robot_state_publisher-21]
[INFO] [parameter_bridge-12]: sending signal 'SIGINT' to process[parameter_bridge-12]
[ERROR] [robot_state_publisher-21]: process has died [pid 48237, exit code -2, cmd '/opt/ros/humble/lib/robot_state_publisher/robot_state_publisher --ros-args -r __node:=robot_state_publisher -r __ns:=/amir2 -p use_sim_time:=True -p use_sim_time:=True --params-file /tmp/launch_params_yivkcocm -r /tf:=tf -r /tf_static:=tf_static'].
[INFO] [parameter_bridge-11]: sending signal 'SIGINT' to process[parameter_bridge-11]
[INFO] [parameter_bridge-10]: sending signal 'SIGINT' to process[parameter_bridge-10]
[INFO] [parameter_bridge-24]: process has finished cleanly [pid 48243]
[INFO] [robot_state_publisher-8]: sending signal 'SIGINT' to process[robot_state_publisher-8]
[INFO] [parameter_bridge-11]: process has finished cleanly [pid 47790]
[INFO] [pivot_rotation_controller-7]: sending signal 'SIGINT' to process[pivot_rotation_controller-7]
[INFO] [parameter_bridge-10]: process has finished cleanly [pid 47788]
[INFO] [transport_pose_filter-3]: process has finished cleanly [pid 47563]
[INFO] [parameter_bridge-23]: process has finished cleanly [pid 48241]
[INFO] [parameter_bridge-12]: process has finished cleanly [pid 47792]
[INFO] [rotation_controller-6]: sending signal 'SIGINT' to process[rotation_controller-6]
[INFO] [parameter_bridge-25]: process has finished cleanly [pid 48245]
[ERROR] [robot_state_publisher-8]: process has died [pid 47784, exit code -2, cmd '/opt/ros/humble/lib/robot_state_publisher/robot_state_publisher --ros-args -r __node:=robot_state_publisher -r __ns:=/amir1 -p use_sim_time:=True --params-file /tmp/launch_params_ir_9xmzn -r /tf:=tf -r /tf_static:=tf_static'].
[INFO] [finger_contact_aggregator-4]: sending signal 'SIGINT' to process[finger_contact_aggregator-4]
[ERROR] [pivot_rotation_controller-7]: process has died [pid 47571, exit code -2, cmd '/home/dars5070/ros2_humble_ws/install/cooperative_transport_control/lib/cooperative_transport_control/pivot_rotation_controller --ros-args --params-file /tmp/launch_params_x5u6bci0'].
[INFO] [finger_contact_aggregator-4]: process has finished cleanly [pid 47565]
[ERROR] [rotation_controller-6]: process has died [pid 47569, exit code -2, cmd '/home/dars5070/ros2_humble_ws/install/cooperative_rotation/lib/cooperative_rotation/rotation_controller --ros-args --params-file /home/dars5070/ros2_humble_ws/install/cooperative_rotation/share/cooperative_rotation/config/rotation_params.yaml --params-file /tmp/launch_params_v4x5ubi6'].
[INFO] [parameter_bridge-2]: sending signal 'SIGINT' to process[parameter_bridge-2]
[INFO] [ign gazebo-1]: sending signal 'SIGINT' to process[ign gazebo-1]
[parameter_bridge-11] [INFO] [1790606197.430297349] [rclcpp]: signal_handler(SIGINT/SIGTERM)
[robot_state_publisher-21] [INFO] [1790606197.430305784] [rclcpp]: signal_handler(SIGINT/SIGTERM)
[parameter_bridge-2] [INFO] [1790606197.430311536] [rclcpp]: signal_handler(SIGINT/SIGTERM)
[parameter_bridge-25] [INFO] [1790606197.430421882] [rclcpp]: signal_handler(SIGINT/SIGTERM)
[parameter_bridge-23] [INFO] [1790606197.430419058] [rclcpp]: signal_handler(SIGINT/SIGTERM)
[parameter_bridge-10] [INFO] [1790606197.430450118] [rclcpp]: signal_handler(SIGINT/SIGTERM)
[finger_contact_aggregator-4] [INFO] [1790606197.430443916] [rclcpp]: signal_handler(SIGINT/SIGTERM)
[robot_state_publisher-8] [INFO] [1790606197.430466602] [rclcpp]: signal_handler(SIGINT/SIGTERM)
[rover_twist_relay_ign.py-26] Traceback (most recent call last):
[rover_twist_relay_ign.py-26]   File "/home/dars5070/ros2_humble_ws/install/mecanumrover_description/lib/mecanumrover_description/rover_twist_relay_ign.py", line 36, in <module>
[rover_twist_relay_ign.py-26]     main()
[rover_twist_relay_ign.py-26]   File "/home/dars5070/ros2_humble_ws/install/mecanumrover_description/lib/mecanumrover_description/rover_twist_relay_ign.py", line 31, in main
[rover_twist_relay_ign.py-26]     rclpy.spin(RoverTwistRelayIgn())
[rover_twist_relay_ign.py-26]   File "/opt/ros/humble/local/lib/python3.10/dist-packages/rclpy/__init__.py", line 229, in spin
[rover_twist_relay_ign.py-26]     executor.spin_once()
[rover_twist_relay_ign.py-26]   File "/opt/ros/humble/local/lib/python3.10/dist-packages/rclpy/executors.py", line 776, in spin_once
[rover_twist_relay_ign.py-26]     self._spin_once_impl(timeout_sec)
[rover_twist_relay_ign.py-26]   File "/opt/ros/humble/local/lib/python3.10/dist-packages/rclpy/executors.py", line 765, in _spin_once_impl
[rover_twist_relay_ign.py-26]     handler, entity, node = self.wait_for_ready_callbacks(timeout_sec=timeout_sec)
[rover_twist_relay_ign.py-26]   File "/opt/ros/humble/local/lib/python3.10/dist-packages/rclpy/executors.py", line 748, in wait_for_ready_callbacks
[rover_twist_relay_ign.py-26]     return next(self._cb_iter)
[rover_twist_relay_ign.py-26]   File "/opt/ros/humble/local/lib/python3.10/dist-packages/rclpy/executors.py", line 645, in _wait_for_ready_callbacks
[rover_twist_relay_ign.py-26]     wait_set.wait(timeout_nsec)
[rover_twist_relay_ign.py-26] KeyboardInterrupt
[parameter_bridge-12] [INFO] [1790606197.430747854] [rclcpp]: signal_handler(SIGINT/SIGTERM)
[transport_pose_filter-3] [INFO] [1790606197.430784089] [rclcpp]: signal_handler(SIGINT/SIGTERM)
[parameter_bridge-24] [INFO] [1790606197.430973206] [rclcpp]: signal_handler(SIGINT/SIGTERM)
[rover_twist_relay_ign.py-13] Traceback (most recent call last):
[rover_twist_relay_ign.py-13]   File "/home/dars5070/ros2_humble_ws/install/mecanumrover_description/lib/mecanumrover_description/rover_twist_relay_ign.py", line 36, in <module>
[rover_twist_relay_ign.py-13]     main()
[rover_twist_relay_ign.py-13]   File "/home/dars5070/ros2_humble_ws/install/mecanumrover_description/lib/mecanumrover_description/rover_twist_relay_ign.py", line 31, in main
[rover_twist_relay_ign.py-13]     rclpy.spin(RoverTwistRelayIgn())
[rover_twist_relay_ign.py-13]   File "/opt/ros/humble/local/lib/python3.10/dist-packages/rclpy/__init__.py", line 229, in spin
[rover_twist_relay_ign.py-13]     executor.spin_once()
[rover_twist_relay_ign.py-13]   File "/opt/ros/humble/local/lib/python3.10/dist-packages/rclpy/executors.py", line 776, in spin_once
[rover_twist_relay_ign.py-13]     self._spin_once_impl(timeout_sec)
[rover_twist_relay_ign.py-13]   File "/opt/ros/humble/local/lib/python3.10/dist-packages/rclpy/executors.py", line 765, in _spin_once_impl
[rover_twist_relay_ign.py-13]     handler, entity, node = self.wait_for_ready_callbacks(timeout_sec=timeout_sec)
[rover_twist_relay_ign.py-13]   File "/opt/ros/humble/local/lib/python3.10/dist-packages/rclpy/executors.py", line 748, in wait_for_ready_callbacks
[rover_twist_relay_ign.py-13]     return next(self._cb_iter)
[rover_twist_relay_ign.py-13]   File "/opt/ros/humble/local/lib/python3.10/dist-packages/rclpy/executors.py", line 645, in _wait_for_ready_callbacks
[rover_twist_relay_ign.py-13]     wait_set.wait(timeout_nsec)
[rover_twist_relay_ign.py-13] KeyboardInterrupt
[ign gazebo-1] [INFO] [1790606197.431115807] [rclcpp]: signal_handler(SIGINT/SIGTERM)
[ign gazebo-1] [INFO] [1790606197.431164130] [amir2.controller_manager]: Shutdown request received....
[ign gazebo-1] [INFO] [1790606197.431220218] [amir2.controller_manager]: Shutting down all controllers in the controller manager.
[ign gazebo-1] [INFO] [1790606197.431251792] [amir2.controller_manager]: Deactivating controller 'joint_state_broadcaster'
[ign gazebo-1] [INFO] [1790606197.431297301] [amir2.controller_manager]: Shutting down controller 'joint_state_broadcaster'
[ign gazebo-1] [INFO] [1790606197.431334429] [amir2.controller_manager]: Deactivating controller 'arm_controller'
[ign gazebo-1] [INFO] [1790606197.431371561] [amir2.controller_manager]: Shutting down controller 'arm_controller'
[ign gazebo-1] [INFO] [1790606197.431391489] [amir2.controller_manager]: Deactivating controller 'gripper_controller'
[ign gazebo-1] [INFO] [1790606197.431417615] [amir2.controller_manager]: Shutting down controller 'gripper_controller'
[ign gazebo-1] [INFO] [1790606197.431436074] [amir2.controller_manager]: Deactivating controller 'mecanum_drive_controller'
[ign gazebo-1] [INFO] [1790606197.431459213] [amir2.controller_manager]: Shutting down controller 'mecanum_drive_controller'
[ign gazebo-1] [INFO] [1790606197.431489330] [resource_manager]: 'deactivate' hardware 'AmirGazeboSystem' 
[ign gazebo-1] [INFO] [1790606197.431506954] [resource_manager]: Successful 'deactivate' of hardware 'AmirGazeboSystem'
[ign gazebo-1] [INFO] [1790606197.431512360] [resource_manager]: 'shutdown' hardware 'AmirGazeboSystem' 
[ign gazebo-1] [INFO] [1790606197.431517701] [resource_manager]: Successful 'shutdown' of hardware 'AmirGazeboSystem'
[ign gazebo-1] [INFO] [1790606197.431522932] [resource_manager]: 'deactivate' hardware 'MecanumSystem' 
[ign gazebo-1] [INFO] [1790606197.431527834] [resource_manager]: Successful 'deactivate' of hardware 'MecanumSystem'
[ign gazebo-1] [INFO] [1790606197.431531635] [resource_manager]: 'shutdown' hardware 'MecanumSystem' 
[ign gazebo-1] [INFO] [1790606197.431536287] [resource_manager]: Successful 'shutdown' of hardware 'MecanumSystem'
[ign gazebo-1] [INFO] [1790606197.431540468] [amir2.controller_manager]: Shutting down the controller manager.
[ign gazebo-1] [INFO] [1790606197.431550297] [amir1.controller_manager]: Shutdown request received....
[ign gazebo-1] [INFO] [1790606197.431572419] [amir1.controller_manager]: Shutting down all controllers in the controller manager.
[ign gazebo-1] [INFO] [1790606197.431586241] [amir1.controller_manager]: Deactivating controller 'joint_state_broadcaster'
[ign gazebo-1] [INFO] [1790606197.431609970] [amir1.controller_manager]: Shutting down controller 'joint_state_broadcaster'
[ign gazebo-1] [INFO] [1790606197.431628858] [amir1.controller_manager]: Deactivating controller 'arm_controller'
[ign gazebo-1] [INFO] [1790606197.431654472] [amir1.controller_manager]: Shutting down controller 'arm_controller'
[ign gazebo-1] [INFO] [1790606197.431673286] [amir1.controller_manager]: Deactivating controller 'gripper_controller'
[ign gazebo-1] [INFO] [1790606197.437901965] [amir1.controller_manager]: Shutting down controller 'gripper_controller'
[ign gazebo-1] [INFO] [1790606197.437984839] [amir1.controller_manager]: Deactivating controller 'mecanum_drive_controller'
[ign gazebo-1] [INFO] [1790606197.438018571] [amir1.controller_manager]: Shutting down controller 'mecanum_drive_controller'
[ign gazebo-1] [INFO] [1790606197.438057940] [resource_manager]: 'deactivate' hardware 'AmirGazeboSystem' 
[ign gazebo-1] [INFO] [1790606197.438077258] [resource_manager]: Successful 'deactivate' of hardware 'AmirGazeboSystem'
[ign gazebo-1] [INFO] [1790606197.438084009] [resource_manager]: 'shutdown' hardware 'AmirGazeboSystem' 
[ign gazebo-1] [INFO] [1790606197.438091911] [resource_manager]: Successful 'shutdown' of hardware 'AmirGazeboSystem'
[ign gazebo-1] [INFO] [1790606197.438098876] [resource_manager]: 'deactivate' hardware 'MecanumSystem' 
[ign gazebo-1] [INFO] [1790606197.438105951] [resource_manager]: Successful 'deactivate' of hardware 'MecanumSystem'
[ign gazebo-1] [INFO] [1790606197.438111083] [resource_manager]: 'shutdown' hardware 'MecanumSystem' 
[ign gazebo-1] [INFO] [1790606197.438117434] [resource_manager]: Successful 'shutdown' of hardware 'MecanumSystem'
[ign gazebo-1] [INFO] [1790606197.438157040] [amir1.controller_manager]: Shutting down the controller manager.
[parameter_bridge-24] [INFO] [1790606197.518866795] [rclcpp]: signal_handler(SIGINT/SIGTERM)
[parameter_bridge-23] [INFO] [1790606197.522836262] [rclcpp]: signal_handler(SIGINT/SIGTERM)
[parameter_bridge-12] [INFO] [1790606197.537187918] [rclcpp]: signal_handler(SIGINT/SIGTERM)
[parameter_bridge-11] [INFO] [1790606197.543532582] [rclcpp]: signal_handler(SIGINT/SIGTERM)
[ERROR] [ign gazebo-1]: process has died [pid 47558, exit code -2, cmd 'ruby /usr/bin/ign gazebo -s -r -v 1 /home/dars5070/ros2_humble_ws/install/cooperative_transport_gazebo/share/cooperative_transport_gazebo/worlds/cooperative_transport_contact.sdf --force-version 6'].
[INFO] [launch]: process[ign gazebo-1] was required: shutting down launched system
[ERROR] [parameter_bridge-2]: process has died [pid 47560, exit code -11, cmd '/opt/ros/humble/lib/ros_gz_bridge/parameter_bridge /clock@rosgraph_msgs/msg/Clock[gz.msgs.Clock /world/cooperative_transport_friction/pose/info@tf2_msgs/msg/TFMessage[gz.msgs.Pose_V /world/cooperative_transport_friction/remove@ros_gz_interfaces/srv/DeleteEntity --ros-args -r __node:=cooperative_transport_friction_bridge'].
