[INFO] [launch]: All log files can be found below /home/dars5070/.ros/log/2026-09-29-01-07-04-458406-dars5070-Katana-15-HX-B14WGK-70170
[INFO] [launch]: Default logging verbosity is set to INFO
[INFO] [ign gazebo-1]: process started with pid [70181]
[INFO] [parameter_bridge-2]: process started with pid [70184]
[INFO] [transport_pose_filter-3]: process started with pid [70186]
[INFO] [finger_contact_aggregator-4]: process started with pid [70188]
[INFO] [simulation_startup_gate-5]: process started with pid [70190]
[INFO] [rotation_controller-6]: process started with pid [70192]
[INFO] [pivot_rotation_controller-7]: process started with pid [70194]
[transport_pose_filter-3] [INFO] [1790611624.738997066] [transport_pose_filter]: Filtering /world/cooperative_transport_friction/pose/info -> /cooperative_transport/model_poses (3 models)
[finger_contact_aggregator-4] [INFO] [1790611624.766412123] [finger_contact_aggregator]: Contact input: ros; 4 fingers x 9 segments
[parameter_bridge-2] [INFO] [1790611624.766585901] [cooperative_transport_friction_bridge]: Creating GZ->ROS Bridge: [/clock (gz.msgs.Clock) -> /clock (rosgraph_msgs/msg/Clock)] (Lazy 0)
[parameter_bridge-2] [INFO] [1790611624.767229423] [cooperative_transport_friction_bridge]: Creating GZ->ROS Bridge: [/world/cooperative_transport_friction/pose/info (gz.msgs.Pose_V) -> /world/cooperative_transport_friction/pose/info (tf2_msgs/msg/TFMessage)] (Lazy 0)
[pivot_rotation_controller-7] [INFO] [1790611625.042592247] [pivot_rotation_controller]: Waiting for grasp; pivot=amir1, follower=amir2, target=30.0 deg
[simulation_startup_gate-5] [INFO] [1790611625.073803208] [startup_world_ready]: Waiting for world: ['amir1']
[rotation_controller-6] [INFO] [1790611625.081495840] [cooperative_rotation_controller]: Rotation controller ready: target=30.0 deg, axis=[0.0, 0.0, 1.0]
[simulation_startup_gate-5] [INFO] [1790611627.666101460] [startup_world_ready]: Ready: world_ready
[INFO] [simulation_startup_gate-5]: process has finished cleanly [pid 70190]
[INFO] [robot_state_publisher-8]: process started with pid [70401]
[INFO] [simulation_startup_gate-9]: process started with pid [70403]
[INFO] [parameter_bridge-10]: process started with pid [70405]
[INFO] [parameter_bridge-11]: process started with pid [70407]
[INFO] [parameter_bridge-12]: process started with pid [70409]
[INFO] [rover_twist_relay_ign.py-13]: process started with pid [70411]
[INFO] [simulation_startup_gate-14]: process started with pid [70413]
[robot_state_publisher-8] [INFO] [1790611628.086129615] [amir1.robot_state_publisher]: got segment back_left_arm
[robot_state_publisher-8] [INFO] [1790611628.086225625] [amir1.robot_state_publisher]: got segment back_left_wheel_1
[robot_state_publisher-8] [INFO] [1790611628.086232385] [amir1.robot_state_publisher]: got segment back_right_arm
[robot_state_publisher-8] [INFO] [1790611628.086236552] [amir1.robot_state_publisher]: got segment back_right_wheel_1
[robot_state_publisher-8] [INFO] [1790611628.086240674] [amir1.robot_state_publisher]: got segment base_footprint
[robot_state_publisher-8] [INFO] [1790611628.086245310] [amir1.robot_state_publisher]: got segment base_link
[robot_state_publisher-8] [INFO] [1790611628.086249388] [amir1.robot_state_publisher]: got segment finger_left_1
[robot_state_publisher-8] [INFO] [1790611628.086252639] [amir1.robot_state_publisher]: got segment finger_right_1
[robot_state_publisher-8] [INFO] [1790611628.086256597] [amir1.robot_state_publisher]: got segment front_left_arm
[robot_state_publisher-8] [INFO] [1790611628.086260269] [amir1.robot_state_publisher]: got segment front_left_wheel_1
[robot_state_publisher-8] [INFO] [1790611628.086263939] [amir1.robot_state_publisher]: got segment front_lrf_link
[robot_state_publisher-8] [INFO] [1790611628.086267488] [amir1.robot_state_publisher]: got segment front_right_arm
[robot_state_publisher-8] [INFO] [1790611628.086271076] [amir1.robot_state_publisher]: got segment front_right_wheel_1
[robot_state_publisher-8] [INFO] [1790611628.086275275] [amir1.robot_state_publisher]: got segment gripper_base_1
[robot_state_publisher-8] [INFO] [1790611628.086280229] [amir1.robot_state_publisher]: got segment inner_link_left_1
[robot_state_publisher-8] [INFO] [1790611628.086283597] [amir1.robot_state_publisher]: got segment inner_link_right_1
[robot_state_publisher-8] [INFO] [1790611628.086287631] [amir1.robot_state_publisher]: got segment link0_1
[robot_state_publisher-8] [INFO] [1790611628.086291621] [amir1.robot_state_publisher]: got segment link1_1
[robot_state_publisher-8] [INFO] [1790611628.086295670] [amir1.robot_state_publisher]: got segment link2_1
[robot_state_publisher-8] [INFO] [1790611628.086299835] [amir1.robot_state_publisher]: got segment link3_1
[robot_state_publisher-8] [INFO] [1790611628.086303343] [amir1.robot_state_publisher]: got segment link4_1
[robot_state_publisher-8] [INFO] [1790611628.086307255] [amir1.robot_state_publisher]: got segment outer_link_left_1
[robot_state_publisher-8] [INFO] [1790611628.086311177] [amir1.robot_state_publisher]: got segment outer_link_right_1
[robot_state_publisher-8] [INFO] [1790611628.086315079] [amir1.robot_state_publisher]: got segment tcp_link
[parameter_bridge-11] [INFO] [1790611628.086539084] [amir1.finger_ft_bridge]: Creating GZ->ROS Bridge: [/amir1/finger_left_wrench (gz.msgs.Wrench) -> /amir1/finger_left_wrench (geometry_msgs/msg/WrenchStamped)] (Lazy 0)
[parameter_bridge-11] [INFO] [1790611628.088365502] [amir1.finger_ft_bridge]: Creating GZ->ROS Bridge: [/amir1/finger_right_wrench (gz.msgs.Wrench) -> /amir1/finger_right_wrench (geometry_msgs/msg/WrenchStamped)] (Lazy 0)
[parameter_bridge-12] [INFO] [1790611628.088642142] [amir1.finger_contact_bridge]: Creating GZ->ROS Bridge: [/world/cooperative_transport_friction/model/amir1/link/finger_left_1/sensor/finger_left_contact_sensor/contact (gz.msgs.Contacts) -> /world/cooperative_transport_friction/model/amir1/link/finger_left_1/sensor/finger_left_contact_sensor/contact (ros_gz_interfaces/msg/Contacts)] (Lazy 0)
[parameter_bridge-12] [INFO] [1790611628.090381024] [amir1.finger_contact_bridge]: Creating GZ->ROS Bridge: [/world/cooperative_transport_friction/model/amir1/link/finger_left_1/sensor/finger_left_contact_sensor_1/contact (gz.msgs.Contacts) -> /world/cooperative_transport_friction/model/amir1/link/finger_left_1/sensor/finger_left_contact_sensor_1/contact (ros_gz_interfaces/msg/Contacts)] (Lazy 0)
[parameter_bridge-12] [INFO] [1790611628.090861946] [amir1.finger_contact_bridge]: Creating GZ->ROS Bridge: [/world/cooperative_transport_friction/model/amir1/link/finger_left_1/sensor/finger_left_contact_sensor_2/contact (gz.msgs.Contacts) -> /world/cooperative_transport_friction/model/amir1/link/finger_left_1/sensor/finger_left_contact_sensor_2/contact (ros_gz_interfaces/msg/Contacts)] (Lazy 0)
[parameter_bridge-12] [INFO] [1790611628.091247383] [amir1.finger_contact_bridge]: Creating GZ->ROS Bridge: [/world/cooperative_transport_friction/model/amir1/link/finger_left_1/sensor/finger_left_contact_sensor_3/contact (gz.msgs.Contacts) -> /world/cooperative_transport_friction/model/amir1/link/finger_left_1/sensor/finger_left_contact_sensor_3/contact (ros_gz_interfaces/msg/Contacts)] (Lazy 0)
[parameter_bridge-12] [INFO] [1790611628.091551465] [amir1.finger_contact_bridge]: Creating GZ->ROS Bridge: [/world/cooperative_transport_friction/model/amir1/link/finger_left_1/sensor/finger_left_contact_sensor_4/contact (gz.msgs.Contacts) -> /world/cooperative_transport_friction/model/amir1/link/finger_left_1/sensor/finger_left_contact_sensor_4/contact (ros_gz_interfaces/msg/Contacts)] (Lazy 0)
[parameter_bridge-12] [INFO] [1790611628.091858392] [amir1.finger_contact_bridge]: Creating GZ->ROS Bridge: [/world/cooperative_transport_friction/model/amir1/link/finger_left_1/sensor/finger_left_contact_sensor_5/contact (gz.msgs.Contacts) -> /world/cooperative_transport_friction/model/amir1/link/finger_left_1/sensor/finger_left_contact_sensor_5/contact (ros_gz_interfaces/msg/Contacts)] (Lazy 0)
[parameter_bridge-12] [INFO] [1790611628.092114871] [amir1.finger_contact_bridge]: Creating GZ->ROS Bridge: [/world/cooperative_transport_friction/model/amir1/link/finger_left_1/sensor/finger_left_contact_sensor_6/contact (gz.msgs.Contacts) -> /world/cooperative_transport_friction/model/amir1/link/finger_left_1/sensor/finger_left_contact_sensor_6/contact (ros_gz_interfaces/msg/Contacts)] (Lazy 0)
[parameter_bridge-12] [INFO] [1790611628.092422172] [amir1.finger_contact_bridge]: Creating GZ->ROS Bridge: [/world/cooperative_transport_friction/model/amir1/link/finger_left_1/sensor/finger_left_contact_sensor_7/contact (gz.msgs.Contacts) -> /world/cooperative_transport_friction/model/amir1/link/finger_left_1/sensor/finger_left_contact_sensor_7/contact (ros_gz_interfaces/msg/Contacts)] (Lazy 0)
[parameter_bridge-12] [INFO] [1790611628.093018238] [amir1.finger_contact_bridge]: Creating GZ->ROS Bridge: [/world/cooperative_transport_friction/model/amir1/link/finger_left_1/sensor/finger_left_contact_sensor_8/contact (gz.msgs.Contacts) -> /world/cooperative_transport_friction/model/amir1/link/finger_left_1/sensor/finger_left_contact_sensor_8/contact (ros_gz_interfaces/msg/Contacts)] (Lazy 0)
[parameter_bridge-12] [INFO] [1790611628.094459326] [amir1.finger_contact_bridge]: Creating GZ->ROS Bridge: [/world/cooperative_transport_friction/model/amir1/link/finger_right_1/sensor/finger_right_contact_sensor/contact (gz.msgs.Contacts) -> /world/cooperative_transport_friction/model/amir1/link/finger_right_1/sensor/finger_right_contact_sensor/contact (ros_gz_interfaces/msg/Contacts)] (Lazy 0)
[parameter_bridge-12] [INFO] [1790611628.094958589] [amir1.finger_contact_bridge]: Creating GZ->ROS Bridge: [/world/cooperative_transport_friction/model/amir1/link/finger_right_1/sensor/finger_right_contact_sensor_1/contact (gz.msgs.Contacts) -> /world/cooperative_transport_friction/model/amir1/link/finger_right_1/sensor/finger_right_contact_sensor_1/contact (ros_gz_interfaces/msg/Contacts)] (Lazy 0)
[parameter_bridge-12] [INFO] [1790611628.095663617] [amir1.finger_contact_bridge]: Creating GZ->ROS Bridge: [/world/cooperative_transport_friction/model/amir1/link/finger_right_1/sensor/finger_right_contact_sensor_2/contact (gz.msgs.Contacts) -> /world/cooperative_transport_friction/model/amir1/link/finger_right_1/sensor/finger_right_contact_sensor_2/contact (ros_gz_interfaces/msg/Contacts)] (Lazy 0)
[parameter_bridge-12] [INFO] [1790611628.096194953] [amir1.finger_contact_bridge]: Creating GZ->ROS Bridge: [/world/cooperative_transport_friction/model/amir1/link/finger_right_1/sensor/finger_right_contact_sensor_3/contact (gz.msgs.Contacts) -> /world/cooperative_transport_friction/model/amir1/link/finger_right_1/sensor/finger_right_contact_sensor_3/contact (ros_gz_interfaces/msg/Contacts)] (Lazy 0)
[parameter_bridge-12] [INFO] [1790611628.096767372] [amir1.finger_contact_bridge]: Creating GZ->ROS Bridge: [/world/cooperative_transport_friction/model/amir1/link/finger_right_1/sensor/finger_right_contact_sensor_4/contact (gz.msgs.Contacts) -> /world/cooperative_transport_friction/model/amir1/link/finger_right_1/sensor/finger_right_contact_sensor_4/contact (ros_gz_interfaces/msg/Contacts)] (Lazy 0)
[parameter_bridge-12] [INFO] [1790611628.097531559] [amir1.finger_contact_bridge]: Creating GZ->ROS Bridge: [/world/cooperative_transport_friction/model/amir1/link/finger_right_1/sensor/finger_right_contact_sensor_5/contact (gz.msgs.Contacts) -> /world/cooperative_transport_friction/model/amir1/link/finger_right_1/sensor/finger_right_contact_sensor_5/contact (ros_gz_interfaces/msg/Contacts)] (Lazy 0)
[parameter_bridge-12] [INFO] [1790611628.098116862] [amir1.finger_contact_bridge]: Creating GZ->ROS Bridge: [/world/cooperative_transport_friction/model/amir1/link/finger_right_1/sensor/finger_right_contact_sensor_6/contact (gz.msgs.Contacts) -> /world/cooperative_transport_friction/model/amir1/link/finger_right_1/sensor/finger_right_contact_sensor_6/contact (ros_gz_interfaces/msg/Contacts)] (Lazy 0)
[parameter_bridge-12] [INFO] [1790611628.098603978] [amir1.finger_contact_bridge]: Creating GZ->ROS Bridge: [/world/cooperative_transport_friction/model/amir1/link/finger_right_1/sensor/finger_right_contact_sensor_7/contact (gz.msgs.Contacts) -> /world/cooperative_transport_friction/model/amir1/link/finger_right_1/sensor/finger_right_contact_sensor_7/contact (ros_gz_interfaces/msg/Contacts)] (Lazy 0)
[parameter_bridge-12] [INFO] [1790611628.099072025] [amir1.finger_contact_bridge]: Creating GZ->ROS Bridge: [/world/cooperative_transport_friction/model/amir1/link/finger_right_1/sensor/finger_right_contact_sensor_8/contact (gz.msgs.Contacts) -> /world/cooperative_transport_friction/model/amir1/link/finger_right_1/sensor/finger_right_contact_sensor_8/contact (ros_gz_interfaces/msg/Contacts)] (Lazy 0)
[parameter_bridge-10] [INFO] [1790611628.100047477] [amir1.odom_bridge]: Creating GZ->ROS Bridge: [/amir1/odom (gz.msgs.Odometry) -> /amir1/odom (nav_msgs/msg/Odometry)] (Lazy 0)
[parameter_bridge-10] [INFO] [1790611628.101572526] [amir1.odom_bridge]: Creating GZ->ROS Bridge: [/amir1/odom/tf (gz.msgs.Pose_V) -> /amir1/odom/tf (tf2_msgs/msg/TFMessage)] (Lazy 0)
[rover_twist_relay_ign.py-13] [INFO] [1790611628.351146515] [amir1.rover_twist_relay_ign]: rover_twist_relay_ign: /rover_twist → /mecanum_drive_controller/reference_unstamped
[simulation_startup_gate-9] [INFO] [1790611628.418008365] [amir1.description_ready]: Waiting for description: ['amir1']
[simulation_startup_gate-14] [INFO] [1790611628.447890167] [startup_amir1_controllers_ready]: Waiting for controllers: ['amir1']
[simulation_startup_gate-9] [INFO] [1790611629.409111149] [amir1.description_ready]: Ready: amir1_description_ready
[INFO] [simulation_startup_gate-9]: process has finished cleanly [pid 70403]
[INFO] [create-15]: process started with pid [70579]
[create-15] [INFO] [1790611629.607235731] [amir1.ros_gz_sim]: Requesting list of world names.
[create-15] [INFO] [1790611629.811486394] [amir1.ros_gz_sim]: Requested creation of entity.
[create-15] [INFO] [1790611629.811585379] [amir1.ros_gz_sim]: OK creation of entity.
[ign gazebo-1] [INFO] [1790611629.910860127] [GazeboSimROS2ControlPlugin]: robot_param_node is robot_state_publisher
[ign gazebo-1] [INFO] [1790611629.910880160] [GazeboSimROS2ControlPlugin]: robot_param_node is robot_description
[ign gazebo-1] [INFO] [1790611629.931891819] [amir1.gz_ros2_control]: connected to service!! /amir1/robot_state_publisher asking for robot_description
[INFO] [create-15]: process has finished cleanly [pid 70579]
[ign gazebo-1] [INFO] [1790611629.932530902] [amir1.gz_ros2_control]: Received URDF from param server
[INFO] [simulation_startup_gate-16]: process started with pid [70636]
[ign gazebo-1] [INFO] [1790611629.937329434] [amir1.gz_ros2_control]: The position_proportional_gain has been set to: 0.1
[ign gazebo-1] [INFO] [1790611629.937372030] [amir1.gz_ros2_control]: Loading joint: front_left_joint
[ign gazebo-1] [INFO] [1790611629.937378783] [amir1.gz_ros2_control]: 	State:
[ign gazebo-1] [INFO] [1790611629.937382459] [amir1.gz_ros2_control]: 		 position
[ign gazebo-1] [INFO] [1790611629.937385932] [amir1.gz_ros2_control]: 		 velocity
[ign gazebo-1] [INFO] [1790611629.937389064] [amir1.gz_ros2_control]: 	Command:
[ign gazebo-1] [INFO] [1790611629.937391887] [amir1.gz_ros2_control]: 		 velocity
[ign gazebo-1] [INFO] [1790611629.937407974] [amir1.gz_ros2_control]: Loading joint: front_right_joint
[ign gazebo-1] [INFO] [1790611629.937411244] [amir1.gz_ros2_control]: 	State:
[ign gazebo-1] [INFO] [1790611629.937413766] [amir1.gz_ros2_control]: 		 position
[ign gazebo-1] [INFO] [1790611629.937416469] [amir1.gz_ros2_control]: 		 velocity
[ign gazebo-1] [INFO] [1790611629.937420330] [amir1.gz_ros2_control]: 	Command:
[ign gazebo-1] [INFO] [1790611629.937425859] [amir1.gz_ros2_control]: 		 velocity
[ign gazebo-1] [INFO] [1790611629.937442038] [amir1.gz_ros2_control]: Loading joint: back_left_joint
[ign gazebo-1] [INFO] [1790611629.937447181] [amir1.gz_ros2_control]: 	State:
[ign gazebo-1] [INFO] [1790611629.937451419] [amir1.gz_ros2_control]: 		 position
[ign gazebo-1] [INFO] [1790611629.937455074] [amir1.gz_ros2_control]: 		 velocity
[ign gazebo-1] [INFO] [1790611629.937457556] [amir1.gz_ros2_control]: 	Command:
[ign gazebo-1] [INFO] [1790611629.937460232] [amir1.gz_ros2_control]: 		 velocity
[ign gazebo-1] [INFO] [1790611629.937474855] [amir1.gz_ros2_control]: Loading joint: back_right_joint
[ign gazebo-1] [INFO] [1790611629.937479243] [amir1.gz_ros2_control]: 	State:
[ign gazebo-1] [INFO] [1790611629.937483096] [amir1.gz_ros2_control]: 		 position
[ign gazebo-1] [INFO] [1790611629.937487224] [amir1.gz_ros2_control]: 		 velocity
[ign gazebo-1] [INFO] [1790611629.937491269] [amir1.gz_ros2_control]: 	Command:
[ign gazebo-1] [INFO] [1790611629.937495277] [amir1.gz_ros2_control]: 		 velocity
[ign gazebo-1] [INFO] [1790611629.937600960] [amir1.gz_ros2_control]: Loading sensor: finger_right_force_sensor
[ign gazebo-1] [INFO] [1790611629.937606888] [amir1.gz_ros2_control]: 	State:
[ign gazebo-1] [WARN] [1790611629.937610949] [amir1.gz_ros2_control]: ForceTorque sensor 'finger_right_force_sensor' not found in hardware_info, skipping.
[ign gazebo-1] [INFO] [1790611629.937614959] [amir1.gz_ros2_control]: Loading sensor: finger_left_force_sensor
[ign gazebo-1] [INFO] [1790611629.937617903] [amir1.gz_ros2_control]: 	State:
[ign gazebo-1] [WARN] [1790611629.937621037] [amir1.gz_ros2_control]: ForceTorque sensor 'finger_left_force_sensor' not found in hardware_info, skipping.
[ign gazebo-1] [INFO] [1790611629.937630170] [resource_manager]: Initialize hardware 'MecanumSystem' 
[ign gazebo-1] [INFO] [1790611629.937668852] [resource_manager]: Successful initialization of hardware 'MecanumSystem'
[ign gazebo-1] [INFO] [1790611629.937690658] [resource_manager]: 'configure' hardware 'MecanumSystem' 
[ign gazebo-1] [INFO] [1790611629.937692884] [amir1.gz_ros2_control]: System Successfully configured!
[ign gazebo-1] [INFO] [1790611629.937698207] [resource_manager]: Successful 'configure' of hardware 'MecanumSystem'
[ign gazebo-1] [INFO] [1790611629.937701972] [resource_manager]: 'activate' hardware 'MecanumSystem' 
[ign gazebo-1] [INFO] [1790611629.937706253] [resource_manager]: Successful 'activate' of hardware 'MecanumSystem'
[ign gazebo-1] [INFO] [1790611629.937773044] [amir1.gz_ros2_control]: The position_proportional_gain has been set to: 0.1
[ign gazebo-1] [INFO] [1790611629.937787586] [amir1.gz_ros2_control]: Loading joint: Joint_1
[ign gazebo-1] [INFO] [1790611629.937791318] [amir1.gz_ros2_control]: 	State:
[ign gazebo-1] [INFO] [1790611629.937794330] [amir1.gz_ros2_control]: 		 position
[ign gazebo-1] [INFO] [1790611629.937798592] [amir1.gz_ros2_control]: 			 found initial value: 0.000000
[ign gazebo-1] [INFO] [1790611629.937802901] [amir1.gz_ros2_control]: 		 velocity
[ign gazebo-1] [INFO] [1790611629.937805746] [amir1.gz_ros2_control]: 	Command:
[ign gazebo-1] [INFO] [1790611629.937808611] [amir1.gz_ros2_control]: 		 position
[ign gazebo-1] [INFO] [1790611629.937825741] [amir1.gz_ros2_control]: Loading joint: Joint_2
[ign gazebo-1] [INFO] [1790611629.937830392] [amir1.gz_ros2_control]: 	State:
[ign gazebo-1] [INFO] [1790611629.937834251] [amir1.gz_ros2_control]: 		 position
[ign gazebo-1] [INFO] [1790611629.937838934] [amir1.gz_ros2_control]: 			 found initial value: 1.400000
[ign gazebo-1] [INFO] [1790611629.937861336] [amir1.gz_ros2_control]: 		 velocity
[ign gazebo-1] [INFO] [1790611629.937865561] [amir1.gz_ros2_control]: 	Command:
[ign gazebo-1] [INFO] [1790611629.937870147] [amir1.gz_ros2_control]: 		 position
[ign gazebo-1] [INFO] [1790611629.937887317] [amir1.gz_ros2_control]: Loading joint: Joint_3
[ign gazebo-1] [INFO] [1790611629.937891516] [amir1.gz_ros2_control]: 	State:
[ign gazebo-1] [INFO] [1790611629.937895402] [amir1.gz_ros2_control]: 		 position
[ign gazebo-1] [INFO] [1790611629.937899344] [amir1.gz_ros2_control]: 			 found initial value: -1.600000
[ign gazebo-1] [INFO] [1790611629.937904088] [amir1.gz_ros2_control]: 		 velocity
[ign gazebo-1] [INFO] [1790611629.937908165] [amir1.gz_ros2_control]: 	Command:
[ign gazebo-1] [INFO] [1790611629.937912314] [amir1.gz_ros2_control]: 		 position
[ign gazebo-1] [INFO] [1790611629.937934418] [amir1.gz_ros2_control]: Loading joint: Joint_4
[ign gazebo-1] [INFO] [1790611629.937941058] [amir1.gz_ros2_control]: 	State:
[ign gazebo-1] [INFO] [1790611629.937946180] [amir1.gz_ros2_control]: 		 position
[ign gazebo-1] [INFO] [1790611629.937949344] [amir1.gz_ros2_control]: 			 found initial value: 0.200000
[ign gazebo-1] [INFO] [1790611629.937953157] [amir1.gz_ros2_control]: 		 velocity
[ign gazebo-1] [INFO] [1790611629.937955863] [amir1.gz_ros2_control]: 	Command:
[ign gazebo-1] [INFO] [1790611629.937958351] [amir1.gz_ros2_control]: 		 position
[ign gazebo-1] [INFO] [1790611629.937968987] [amir1.gz_ros2_control]: Loading joint: Joint_5
[ign gazebo-1] [INFO] [1790611629.937971832] [amir1.gz_ros2_control]: 	State:
[ign gazebo-1] [INFO] [1790611629.937974375] [amir1.gz_ros2_control]: 		 position
[ign gazebo-1] [INFO] [1790611629.937981477] [amir1.gz_ros2_control]: 			 found initial value: 1.570796
[ign gazebo-1] [INFO] [1790611629.937984632] [amir1.gz_ros2_control]: 		 velocity
[ign gazebo-1] [INFO] [1790611629.937987207] [amir1.gz_ros2_control]: 	Command:
[ign gazebo-1] [INFO] [1790611629.937989938] [amir1.gz_ros2_control]: 		 position
[ign gazebo-1] [INFO] [1790611629.937999718] [amir1.gz_ros2_control]: Loading joint: Gripper
[ign gazebo-1] [INFO] [1790611629.938002898] [amir1.gz_ros2_control]: 	State:
[ign gazebo-1] [INFO] [1790611629.938005596] [amir1.gz_ros2_control]: 		 position
[ign gazebo-1] [INFO] [1790611629.938008436] [amir1.gz_ros2_control]: 			 found initial value: -1.000000
[ign gazebo-1] [INFO] [1790611629.938012492] [amir1.gz_ros2_control]: 		 velocity
[ign gazebo-1] [INFO] [1790611629.938017607] [amir1.gz_ros2_control]: 	Command:
[ign gazebo-1] [INFO] [1790611629.938020906] [amir1.gz_ros2_control]: 		 position
[ign gazebo-1] [INFO] [1790611629.938031888] [amir1.gz_ros2_control]: Loading joint: left_inner_back_joint
[ign gazebo-1] [INFO] [1790611629.938037388] [amir1.gz_ros2_control]: Joint 'left_inner_back_joint'is mimicking joint 'Gripper' with multiplier: 1
[ign gazebo-1] [INFO] [1790611629.938041150] [amir1.gz_ros2_control]: 	State:
[ign gazebo-1] [INFO] [1790611629.938043780] [amir1.gz_ros2_control]: 		 position
[ign gazebo-1] [INFO] [1790611629.938046840] [amir1.gz_ros2_control]: 		 velocity
[ign gazebo-1] [INFO] [1790611629.938051149] [amir1.gz_ros2_control]: 	Command:
[ign gazebo-1] [INFO] [1790611629.938055276] [amir1.gz_ros2_control]: 		 position
[ign gazebo-1] [INFO] [1790611629.938071506] [amir1.gz_ros2_control]: Loading joint: right_outer_back_joint
[ign gazebo-1] [INFO] [1790611629.938076078] [amir1.gz_ros2_control]: Joint 'right_outer_back_joint'is mimicking joint 'Gripper' with multiplier: 1
[ign gazebo-1] [INFO] [1790611629.938079028] [amir1.gz_ros2_control]: 	State:
[ign gazebo-1] [INFO] [1790611629.938081554] [amir1.gz_ros2_control]: 		 position
[ign gazebo-1] [INFO] [1790611629.938084238] [amir1.gz_ros2_control]: 		 velocity
[ign gazebo-1] [INFO] [1790611629.938087006] [amir1.gz_ros2_control]: 	Command:
[ign gazebo-1] [INFO] [1790611629.938089618] [amir1.gz_ros2_control]: 		 position
[ign gazebo-1] [INFO] [1790611629.938099377] [amir1.gz_ros2_control]: Loading joint: left_outer_back_joint
[ign gazebo-1] [INFO] [1790611629.938103298] [amir1.gz_ros2_control]: Joint 'left_outer_back_joint'is mimicking joint 'Gripper' with multiplier: 1
[ign gazebo-1] [INFO] [1790611629.938106233] [amir1.gz_ros2_control]: 	State:
[ign gazebo-1] [INFO] [1790611629.938108983] [amir1.gz_ros2_control]: 		 position
[ign gazebo-1] [INFO] [1790611629.938115300] [amir1.gz_ros2_control]: 		 velocity
[ign gazebo-1] [INFO] [1790611629.938119345] [amir1.gz_ros2_control]: 	Command:
[ign gazebo-1] [INFO] [1790611629.938123266] [amir1.gz_ros2_control]: 		 position
[ign gazebo-1] [INFO] [1790611629.938138882] [amir1.gz_ros2_control]: Loading joint: right_inner_front_joint
[ign gazebo-1] [INFO] [1790611629.938143002] [amir1.gz_ros2_control]: Joint 'right_inner_front_joint'is mimicking joint 'Gripper' with multiplier: 1
[ign gazebo-1] [INFO] [1790611629.938151839] [amir1.gz_ros2_control]: 	State:
[ign gazebo-1] [INFO] [1790611629.938155751] [amir1.gz_ros2_control]: 		 position
[ign gazebo-1] [INFO] [1790611629.938160867] [amir1.gz_ros2_control]: 		 velocity
[ign gazebo-1] [INFO] [1790611629.938163715] [amir1.gz_ros2_control]: 	Command:
[ign gazebo-1] [INFO] [1790611629.938166290] [amir1.gz_ros2_control]: 		 position
[ign gazebo-1] [INFO] [1790611629.938176693] [amir1.gz_ros2_control]: Loading joint: left_inner_front_joint
[ign gazebo-1] [INFO] [1790611629.938180553] [amir1.gz_ros2_control]: Joint 'left_inner_front_joint'is mimicking joint 'Gripper' with multiplier: 1
[ign gazebo-1] [INFO] [1790611629.938183597] [amir1.gz_ros2_control]: 	State:
[ign gazebo-1] [INFO] [1790611629.938186309] [amir1.gz_ros2_control]: 		 position
[ign gazebo-1] [INFO] [1790611629.938188944] [amir1.gz_ros2_control]: 		 velocity
[ign gazebo-1] [INFO] [1790611629.938191617] [amir1.gz_ros2_control]: 	Command:
[ign gazebo-1] [INFO] [1790611629.938196233] [amir1.gz_ros2_control]: 		 position
[ign gazebo-1] [INFO] [1790611629.938210568] [amir1.gz_ros2_control]: Loading sensor: finger_right_force_sensor
[ign gazebo-1] [INFO] [1790611629.938217010] [amir1.gz_ros2_control]: 	State:
[ign gazebo-1] [WARN] [1790611629.938220891] [amir1.gz_ros2_control]: ForceTorque sensor 'finger_right_force_sensor' not found in hardware_info, skipping.
[ign gazebo-1] [INFO] [1790611629.938224548] [amir1.gz_ros2_control]: Loading sensor: finger_left_force_sensor
[ign gazebo-1] [INFO] [1790611629.938227487] [amir1.gz_ros2_control]: 	State:
[ign gazebo-1] [WARN] [1790611629.938230391] [amir1.gz_ros2_control]: ForceTorque sensor 'finger_left_force_sensor' not found in hardware_info, skipping.
[ign gazebo-1] [INFO] [1790611629.938233974] [resource_manager]: Initialize hardware 'AmirGazeboSystem' 
[ign gazebo-1] [INFO] [1790611629.938247612] [resource_manager]: Successful initialization of hardware 'AmirGazeboSystem'
[ign gazebo-1] [INFO] [1790611629.938270321] [resource_manager]: 'configure' hardware 'AmirGazeboSystem' 
[ign gazebo-1] [INFO] [1790611629.938272369] [amir1.gz_ros2_control]: System Successfully configured!
[ign gazebo-1] [INFO] [1790611629.938278401] [resource_manager]: Successful 'configure' of hardware 'AmirGazeboSystem'
[ign gazebo-1] [INFO] [1790611629.938284375] [resource_manager]: 'activate' hardware 'AmirGazeboSystem' 
[ign gazebo-1] [INFO] [1790611629.938287082] [resource_manager]: Successful 'activate' of hardware 'AmirGazeboSystem'
[ign gazebo-1] [INFO] [1790611629.938289353] [amir1.gz_ros2_control]: Loading controller_manager
[simulation_startup_gate-16] [INFO] [1790611630.238093726] [amir1.manager_ready]: Waiting for manager: ['amir1']
[simulation_startup_gate-16] [INFO] [1790611631.829778971] [amir1.manager_ready]: Ready: amir1_manager_ready
[INFO] [simulation_startup_gate-16]: process has finished cleanly [pid 70636]
[INFO] [spawner-17]: process started with pid [70684]
[spawner-17] [INFO] [1790611632.533631963] [amir1.spawner_joint_state_broadcaster]: waiting for service /amir1/controller_manager/list_controllers to become available...
[ign gazebo-1] [WARN] [1790611633.385069381] [amir1.controller_manager.rclcpp]: failed to send response to /amir1/controller_manager/list_controllers (timeout): client will not receive response, at ./src/rmw_response.cpp:154, at ./src/rcl/service.c:314
[spawner-17] [WARN] [1790611638.285518408] [amir1.spawner_joint_state_broadcaster]: Failed getting a result from calling /amir1/controller_manager/list_controllers in 5.0. (Attempt 1 of 3.)
[ign gazebo-1] [INFO] [1790611638.287161724] [amir1.controller_manager]: Loading controller 'joint_state_broadcaster'
[spawner-17] [INFO] [1790611638.301571024] [amir1.spawner_joint_state_broadcaster]: [94mLoaded [1mjoint_state_broadcaster[0m
[ign gazebo-1] [INFO] [1790611638.303432722] [amir1.controller_manager]: Configuring controller 'joint_state_broadcaster'
[ign gazebo-1] [INFO] [1790611638.303666091] [amir1.joint_state_broadcaster]: 'joints' or 'interfaces' parameter is empty. All available state interfaces will be published
[spawner-17] [INFO] [1790611638.325187725] [amir1.spawner_joint_state_broadcaster]: [92mConfigured and activated [1mjoint_state_broadcaster[0m
[INFO] [spawner-17]: process has finished cleanly [pid 70684]
[INFO] [spawner-18]: process started with pid [70747]
[spawner-18] [INFO] [1790611638.703432168] [amir1.spawner_arm_controller]: waiting for service /amir1/controller_manager/list_controllers to become available...
[spawner-18] [INFO] [1790611639.458596838] [amir1.spawner_arm_controller]: [96mSetting controller param "type" to "joint_trajectory_controller/JointTrajectoryController" for [1marm_controller[0m
[spawner-18] [INFO] [1790611639.468148739] [amir1.spawner_arm_controller]: [96mSetting controller param "params_file" to "['/home/dars5070/ros2_humble_ws/install/amir_gazebo/share/amir_gazebo/config/arm_controllers.yaml']" for [1marm_controller[0m
[ign gazebo-1] [INFO] [1790611639.474224094] [amir1.controller_manager]: Loading controller 'arm_controller'
[ign gazebo-1] [WARN] [1790611639.491838935] [amir1.arm_controller]: [Deprecated]: "allow_nonzero_velocity_at_trajectory_end" is set to true. The default behavior will change to false.
[spawner-18] [INFO] [1790611639.496659640] [amir1.spawner_arm_controller]: [94mLoaded [1marm_controller[0m
[ign gazebo-1] [INFO] [1790611639.497490135] [amir1.controller_manager]: Configuring controller 'arm_controller'
[ign gazebo-1] [INFO] [1790611639.497623396] [amir1.arm_controller]: No specific joint names are used for command interfaces. Using 'joints' parameter.
[ign gazebo-1] [INFO] [1790611639.497639072] [amir1.arm_controller]: Command interfaces are [position] and state interfaces are [position velocity].
[ign gazebo-1] [INFO] [1790611639.497657011] [amir1.arm_controller]: Using 'splines' interpolation method.
[ign gazebo-1] [INFO] [1790611639.498445177] [amir1.arm_controller]: Controller state will be published at 100.00 Hz.
[ign gazebo-1] [INFO] [1790611639.499860582] [amir1.arm_controller]: Goals with partial set of joints are allowed
[ign gazebo-1] [INFO] [1790611639.499894607] [amir1.arm_controller]: Action status changes will be monitored at 20.00 Hz.
[spawner-18] [INFO] [1790611639.520537904] [amir1.spawner_arm_controller]: [92mConfigured and activated [1marm_controller[0m
[INFO] [spawner-18]: process has finished cleanly [pid 70747]
[INFO] [spawner-19]: process started with pid [70788]
[spawner-19] [INFO] [1790611639.912074336] [amir1.spawner_mecanum_drive_controller]: waiting for service /amir1/controller_manager/list_controllers to become available...
[ign gazebo-1] [INFO] [1790611640.666733435] [amir1.controller_manager]: Loading controller 'mecanum_drive_controller'
[spawner-19] [INFO] [1790611640.682048400] [amir1.spawner_mecanum_drive_controller]: [94mLoaded [1mmecanum_drive_controller[0m
[ign gazebo-1] [INFO] [1790611640.682794741] [amir1.controller_manager]: Configuring controller 'mecanum_drive_controller'
[ign gazebo-1] [INFO] [1790611640.685990353] [amir1.mecanum_drive_controller]: MecanumDriveController configured successfully
[spawner-19] [INFO] [1790611640.699589381] [amir1.spawner_mecanum_drive_controller]: [92mConfigured and activated [1mmecanum_drive_controller[0m
[INFO] [spawner-19]: process has finished cleanly [pid 70788]
[INFO] [spawner-20]: process started with pid [70830]
[spawner-20] [INFO] [1790611642.139760565] [amir1.spawner_gripper_controller]: [96mSetting controller param "type" to "position_controllers/GripperActionController" for [1mgripper_controller[0m
[spawner-20] [INFO] [1790611642.146565644] [amir1.spawner_gripper_controller]: [96mSetting controller param "params_file" to "['/home/dars5070/ros2_humble_ws/install/amir_gazebo/share/amir_gazebo/config/arm_controllers.yaml']" for [1mgripper_controller[0m
[ign gazebo-1] [INFO] [1790611642.151859425] [amir1.controller_manager]: Loading controller 'gripper_controller'
[spawner-20] [INFO] [1790611642.170363645] [amir1.spawner_gripper_controller]: [94mLoaded [1mgripper_controller[0m
[ign gazebo-1] [INFO] [1790611642.171378580] [amir1.controller_manager]: Configuring controller 'gripper_controller'
[ign gazebo-1] [INFO] [1790611642.171458726] [amir1.gripper_controller]: Action status changes will be monitored at 20.000000 Hz.
[spawner-20] [INFO] [1790611642.183212535] [amir1.spawner_gripper_controller]: [92mConfigured and activated [1mgripper_controller[0m
[INFO] [spawner-20]: process has finished cleanly [pid 70830]
[simulation_startup_gate-14] [INFO] [1790611643.438580995] [startup_amir1_controllers_ready]: Ready: amir1_controllers_ready
[INFO] [simulation_startup_gate-14]: process has finished cleanly [pid 70413]
[INFO] [robot_state_publisher-21]: process started with pid [70876]
[INFO] [simulation_startup_gate-22]: process started with pid [70878]
[INFO] [parameter_bridge-23]: process started with pid [70880]
[INFO] [parameter_bridge-24]: process started with pid [70882]
[INFO] [parameter_bridge-25]: process started with pid [70884]
[INFO] [rover_twist_relay_ign.py-26]: process started with pid [70886]
[INFO] [simulation_startup_gate-27]: process started with pid [70898]
[parameter_bridge-25] [INFO] [1790611643.871155646] [amir2.finger_contact_bridge]: Creating GZ->ROS Bridge: [/world/cooperative_transport_friction/model/amir2/link/finger_left_1/sensor/finger_left_contact_sensor/contact (gz.msgs.Contacts) -> /world/cooperative_transport_friction/model/amir2/link/finger_left_1/sensor/finger_left_contact_sensor/contact (ros_gz_interfaces/msg/Contacts)] (Lazy 0)
[parameter_bridge-25] [INFO] [1790611643.873187098] [amir2.finger_contact_bridge]: Creating GZ->ROS Bridge: [/world/cooperative_transport_friction/model/amir2/link/finger_left_1/sensor/finger_left_contact_sensor_1/contact (gz.msgs.Contacts) -> /world/cooperative_transport_friction/model/amir2/link/finger_left_1/sensor/finger_left_contact_sensor_1/contact (ros_gz_interfaces/msg/Contacts)] (Lazy 0)
[parameter_bridge-25] [INFO] [1790611643.873546614] [amir2.finger_contact_bridge]: Creating GZ->ROS Bridge: [/world/cooperative_transport_friction/model/amir2/link/finger_left_1/sensor/finger_left_contact_sensor_2/contact (gz.msgs.Contacts) -> /world/cooperative_transport_friction/model/amir2/link/finger_left_1/sensor/finger_left_contact_sensor_2/contact (ros_gz_interfaces/msg/Contacts)] (Lazy 0)
[parameter_bridge-25] [INFO] [1790611643.873820908] [amir2.finger_contact_bridge]: Creating GZ->ROS Bridge: [/world/cooperative_transport_friction/model/amir2/link/finger_left_1/sensor/finger_left_contact_sensor_3/contact (gz.msgs.Contacts) -> /world/cooperative_transport_friction/model/amir2/link/finger_left_1/sensor/finger_left_contact_sensor_3/contact (ros_gz_interfaces/msg/Contacts)] (Lazy 0)
[parameter_bridge-25] [INFO] [1790611643.874115162] [amir2.finger_contact_bridge]: Creating GZ->ROS Bridge: [/world/cooperative_transport_friction/model/amir2/link/finger_left_1/sensor/finger_left_contact_sensor_4/contact (gz.msgs.Contacts) -> /world/cooperative_transport_friction/model/amir2/link/finger_left_1/sensor/finger_left_contact_sensor_4/contact (ros_gz_interfaces/msg/Contacts)] (Lazy 0)
[parameter_bridge-25] [INFO] [1790611643.874380388] [amir2.finger_contact_bridge]: Creating GZ->ROS Bridge: [/world/cooperative_transport_friction/model/amir2/link/finger_left_1/sensor/finger_left_contact_sensor_5/contact (gz.msgs.Contacts) -> /world/cooperative_transport_friction/model/amir2/link/finger_left_1/sensor/finger_left_contact_sensor_5/contact (ros_gz_interfaces/msg/Contacts)] (Lazy 0)
[parameter_bridge-25] [INFO] [1790611643.874623262] [amir2.finger_contact_bridge]: Creating GZ->ROS Bridge: [/world/cooperative_transport_friction/model/amir2/link/finger_left_1/sensor/finger_left_contact_sensor_6/contact (gz.msgs.Contacts) -> /world/cooperative_transport_friction/model/amir2/link/finger_left_1/sensor/finger_left_contact_sensor_6/contact (ros_gz_interfaces/msg/Contacts)] (Lazy 0)
[parameter_bridge-25] [INFO] [1790611643.874859139] [amir2.finger_contact_bridge]: Creating GZ->ROS Bridge: [/world/cooperative_transport_friction/model/amir2/link/finger_left_1/sensor/finger_left_contact_sensor_7/contact (gz.msgs.Contacts) -> /world/cooperative_transport_friction/model/amir2/link/finger_left_1/sensor/finger_left_contact_sensor_7/contact (ros_gz_interfaces/msg/Contacts)] (Lazy 0)
[robot_state_publisher-21] [INFO] [1790611643.875099137] [amir2.robot_state_publisher]: got segment back_left_arm
[parameter_bridge-25] [INFO] [1790611643.875119915] [amir2.finger_contact_bridge]: Creating GZ->ROS Bridge: [/world/cooperative_transport_friction/model/amir2/link/finger_left_1/sensor/finger_left_contact_sensor_8/contact (gz.msgs.Contacts) -> /world/cooperative_transport_friction/model/amir2/link/finger_left_1/sensor/finger_left_contact_sensor_8/contact (ros_gz_interfaces/msg/Contacts)] (Lazy 0)
[robot_state_publisher-21] [INFO] [1790611643.875209107] [amir2.robot_state_publisher]: got segment back_left_wheel_1
[robot_state_publisher-21] [INFO] [1790611643.875216305] [amir2.robot_state_publisher]: got segment back_right_arm
[robot_state_publisher-21] [INFO] [1790611643.875221373] [amir2.robot_state_publisher]: got segment back_right_wheel_1
[robot_state_publisher-21] [INFO] [1790611643.875226078] [amir2.robot_state_publisher]: got segment base_footprint
[robot_state_publisher-21] [INFO] [1790611643.875230647] [amir2.robot_state_publisher]: got segment base_link
[robot_state_publisher-21] [INFO] [1790611643.875235137] [amir2.robot_state_publisher]: got segment finger_left_1
[robot_state_publisher-21] [INFO] [1790611643.875239556] [amir2.robot_state_publisher]: got segment finger_right_1
[robot_state_publisher-21] [INFO] [1790611643.875244209] [amir2.robot_state_publisher]: got segment front_left_arm
[robot_state_publisher-21] [INFO] [1790611643.875248593] [amir2.robot_state_publisher]: got segment front_left_wheel_1
[robot_state_publisher-21] [INFO] [1790611643.875252984] [amir2.robot_state_publisher]: got segment front_lrf_link
[robot_state_publisher-21] [INFO] [1790611643.875257232] [amir2.robot_state_publisher]: got segment front_right_arm
[robot_state_publisher-21] [INFO] [1790611643.875261678] [amir2.robot_state_publisher]: got segment front_right_wheel_1
[robot_state_publisher-21] [INFO] [1790611643.875266167] [amir2.robot_state_publisher]: got segment gripper_base_1
[robot_state_publisher-21] [INFO] [1790611643.875270691] [amir2.robot_state_publisher]: got segment inner_link_left_1
[robot_state_publisher-21] [INFO] [1790611643.875275056] [amir2.robot_state_publisher]: got segment inner_link_right_1
[robot_state_publisher-21] [INFO] [1790611643.875279707] [amir2.robot_state_publisher]: got segment link0_1
[robot_state_publisher-21] [INFO] [1790611643.875284088] [amir2.robot_state_publisher]: got segment link1_1
[robot_state_publisher-21] [INFO] [1790611643.875288407] [amir2.robot_state_publisher]: got segment link2_1
[robot_state_publisher-21] [INFO] [1790611643.875292705] [amir2.robot_state_publisher]: got segment link3_1
[robot_state_publisher-21] [INFO] [1790611643.875296948] [amir2.robot_state_publisher]: got segment link4_1
[robot_state_publisher-21] [INFO] [1790611643.875301286] [amir2.robot_state_publisher]: got segment outer_link_left_1
[robot_state_publisher-21] [INFO] [1790611643.875305714] [amir2.robot_state_publisher]: got segment outer_link_right_1
[robot_state_publisher-21] [INFO] [1790611643.875310094] [amir2.robot_state_publisher]: got segment tcp_link
[parameter_bridge-25] [INFO] [1790611643.875360371] [amir2.finger_contact_bridge]: Creating GZ->ROS Bridge: [/world/cooperative_transport_friction/model/amir2/link/finger_right_1/sensor/finger_right_contact_sensor/contact (gz.msgs.Contacts) -> /world/cooperative_transport_friction/model/amir2/link/finger_right_1/sensor/finger_right_contact_sensor/contact (ros_gz_interfaces/msg/Contacts)] (Lazy 0)
[parameter_bridge-25] [INFO] [1790611643.875595908] [amir2.finger_contact_bridge]: Creating GZ->ROS Bridge: [/world/cooperative_transport_friction/model/amir2/link/finger_right_1/sensor/finger_right_contact_sensor_1/contact (gz.msgs.Contacts) -> /world/cooperative_transport_friction/model/amir2/link/finger_right_1/sensor/finger_right_contact_sensor_1/contact (ros_gz_interfaces/msg/Contacts)] (Lazy 0)
[parameter_bridge-25] [INFO] [1790611643.875850413] [amir2.finger_contact_bridge]: Creating GZ->ROS Bridge: [/world/cooperative_transport_friction/model/amir2/link/finger_right_1/sensor/finger_right_contact_sensor_2/contact (gz.msgs.Contacts) -> /world/cooperative_transport_friction/model/amir2/link/finger_right_1/sensor/finger_right_contact_sensor_2/contact (ros_gz_interfaces/msg/Contacts)] (Lazy 0)
[parameter_bridge-24] [INFO] [1790611643.878391395] [amir2.finger_ft_bridge]: Creating GZ->ROS Bridge: [/amir2/finger_left_wrench (gz.msgs.Wrench) -> /amir2/finger_left_wrench (geometry_msgs/msg/WrenchStamped)] (Lazy 0)
[parameter_bridge-25] [INFO] [1790611643.878888489] [amir2.finger_contact_bridge]: Creating GZ->ROS Bridge: [/world/cooperative_transport_friction/model/amir2/link/finger_right_1/sensor/finger_right_contact_sensor_3/contact (gz.msgs.Contacts) -> /world/cooperative_transport_friction/model/amir2/link/finger_right_1/sensor/finger_right_contact_sensor_3/contact (ros_gz_interfaces/msg/Contacts)] (Lazy 0)
[parameter_bridge-24] [INFO] [1790611643.879795659] [amir2.finger_ft_bridge]: Creating GZ->ROS Bridge: [/amir2/finger_right_wrench (gz.msgs.Wrench) -> /amir2/finger_right_wrench (geometry_msgs/msg/WrenchStamped)] (Lazy 0)
[parameter_bridge-25] [INFO] [1790611643.879813158] [amir2.finger_contact_bridge]: Creating GZ->ROS Bridge: [/world/cooperative_transport_friction/model/amir2/link/finger_right_1/sensor/finger_right_contact_sensor_4/contact (gz.msgs.Contacts) -> /world/cooperative_transport_friction/model/amir2/link/finger_right_1/sensor/finger_right_contact_sensor_4/contact (ros_gz_interfaces/msg/Contacts)] (Lazy 0)
[parameter_bridge-25] [INFO] [1790611643.880691624] [amir2.finger_contact_bridge]: Creating GZ->ROS Bridge: [/world/cooperative_transport_friction/model/amir2/link/finger_right_1/sensor/finger_right_contact_sensor_5/contact (gz.msgs.Contacts) -> /world/cooperative_transport_friction/model/amir2/link/finger_right_1/sensor/finger_right_contact_sensor_5/contact (ros_gz_interfaces/msg/Contacts)] (Lazy 0)
[parameter_bridge-25] [INFO] [1790611643.881246209] [amir2.finger_contact_bridge]: Creating GZ->ROS Bridge: [/world/cooperative_transport_friction/model/amir2/link/finger_right_1/sensor/finger_right_contact_sensor_6/contact (gz.msgs.Contacts) -> /world/cooperative_transport_friction/model/amir2/link/finger_right_1/sensor/finger_right_contact_sensor_6/contact (ros_gz_interfaces/msg/Contacts)] (Lazy 0)
[parameter_bridge-25] [INFO] [1790611643.881757308] [amir2.finger_contact_bridge]: Creating GZ->ROS Bridge: [/world/cooperative_transport_friction/model/amir2/link/finger_right_1/sensor/finger_right_contact_sensor_7/contact (gz.msgs.Contacts) -> /world/cooperative_transport_friction/model/amir2/link/finger_right_1/sensor/finger_right_contact_sensor_7/contact (ros_gz_interfaces/msg/Contacts)] (Lazy 0)
[parameter_bridge-25] [INFO] [1790611643.882319598] [amir2.finger_contact_bridge]: Creating GZ->ROS Bridge: [/world/cooperative_transport_friction/model/amir2/link/finger_right_1/sensor/finger_right_contact_sensor_8/contact (gz.msgs.Contacts) -> /world/cooperative_transport_friction/model/amir2/link/finger_right_1/sensor/finger_right_contact_sensor_8/contact (ros_gz_interfaces/msg/Contacts)] (Lazy 0)
[parameter_bridge-23] [INFO] [1790611643.884608501] [amir2.odom_bridge]: Creating GZ->ROS Bridge: [/amir2/odom (gz.msgs.Odometry) -> /amir2/odom (nav_msgs/msg/Odometry)] (Lazy 0)
[parameter_bridge-23] [INFO] [1790611643.886507138] [amir2.odom_bridge]: Creating GZ->ROS Bridge: [/amir2/odom/tf (gz.msgs.Pose_V) -> /amir2/odom/tf (tf2_msgs/msg/TFMessage)] (Lazy 0)
[rover_twist_relay_ign.py-26] [INFO] [1790611644.163135555] [amir2.rover_twist_relay_ign]: rover_twist_relay_ign: /rover_twist → /mecanum_drive_controller/reference_unstamped
[simulation_startup_gate-22] [INFO] [1790611644.228696690] [amir2.description_ready]: Waiting for description: ['amir2']
[simulation_startup_gate-27] [INFO] [1790611644.297081982] [startup_robots_ready]: Waiting for controllers: ['amir2']
[simulation_startup_gate-22] [INFO] [1790611645.219848505] [amir2.description_ready]: Ready: amir2_description_ready
[INFO] [simulation_startup_gate-22]: process has finished cleanly [pid 70878]
[INFO] [create-28]: process started with pid [71054]
[create-28] [INFO] [1790611645.438538236] [amir2.ros_gz_sim]: Requesting list of world names.
[create-28] [INFO] [1790611645.643147701] [amir2.ros_gz_sim]: Requested creation of entity.
[create-28] [INFO] [1790611645.643232266] [amir2.ros_gz_sim]: OK creation of entity.
[ign gazebo-1] [INFO] [1790611645.742025874] [GazeboSimROS2ControlPlugin]: robot_param_node is robot_state_publisher
[ign gazebo-1] [INFO] [1790611645.742045930] [GazeboSimROS2ControlPlugin]: robot_param_node is robot_description
[ign gazebo-1] [INFO] [1790611645.749687818] [amir2.gz_ros2_control]: connected to service!! /amir2/robot_state_publisher asking for robot_description
[ign gazebo-1] [INFO] [1790611645.750015805] [amir2.gz_ros2_control]: Received URDF from param server
[ign gazebo-1] [INFO] [1790611645.753383567] [amir2.gz_ros2_control]: The position_proportional_gain has been set to: 0.1
[ign gazebo-1] [INFO] [1790611645.753431661] [amir2.gz_ros2_control]: Loading joint: front_left_joint
[ign gazebo-1] [INFO] [1790611645.753441830] [amir2.gz_ros2_control]: 	State:
[ign gazebo-1] [INFO] [1790611645.753444856] [amir2.gz_ros2_control]: 		 position
[ign gazebo-1] [INFO] [1790611645.753447969] [amir2.gz_ros2_control]: 		 velocity
[ign gazebo-1] [INFO] [1790611645.753450643] [amir2.gz_ros2_control]: 	Command:
[ign gazebo-1] [INFO] [1790611645.753453115] [amir2.gz_ros2_control]: 		 velocity
[ign gazebo-1] [INFO] [1790611645.753476692] [amir2.gz_ros2_control]: Loading joint: front_right_joint
[ign gazebo-1] [INFO] [1790611645.753481313] [amir2.gz_ros2_control]: 	State:
[ign gazebo-1] [INFO] [1790611645.753484755] [amir2.gz_ros2_control]: 		 position
[ign gazebo-1] [INFO] [1790611645.753488915] [amir2.gz_ros2_control]: 		 velocity
[ign gazebo-1] [INFO] [1790611645.753495055] [amir2.gz_ros2_control]: 	Command:
[ign gazebo-1] [INFO] [1790611645.753499253] [amir2.gz_ros2_control]: 		 velocity
[ign gazebo-1] [INFO] [1790611645.753522164] [amir2.gz_ros2_control]: Loading joint: back_left_joint
[ign gazebo-1] [INFO] [1790611645.753526736] [amir2.gz_ros2_control]: 	State:
[ign gazebo-1] [INFO] [1790611645.753530823] [amir2.gz_ros2_control]: 		 position
[ign gazebo-1] [INFO] [1790611645.753535526] [amir2.gz_ros2_control]: 		 velocity
[ign gazebo-1] [INFO] [1790611645.753538615] [amir2.gz_ros2_control]: 	Command:
[ign gazebo-1] [INFO] [1790611645.753541292] [amir2.gz_ros2_control]: 		 velocity
[ign gazebo-1] [INFO] [1790611645.753555644] [amir2.gz_ros2_control]: Loading joint: back_right_joint
[ign gazebo-1] [INFO] [1790611645.753558694] [amir2.gz_ros2_control]: 	State:
[ign gazebo-1] [INFO] [1790611645.753561488] [amir2.gz_ros2_control]: 		 position
[ign gazebo-1] [INFO] [1790611645.753564204] [amir2.gz_ros2_control]: 		 velocity
[ign gazebo-1] [INFO] [1790611645.753566905] [amir2.gz_ros2_control]: 	Command:
[ign gazebo-1] [INFO] [1790611645.753569494] [amir2.gz_ros2_control]: 		 velocity
[ign gazebo-1] [INFO] [1790611645.753579315] [amir2.gz_ros2_control]: Loading sensor: finger_right_force_sensor
[ign gazebo-1] [INFO] [1790611645.753583615] [amir2.gz_ros2_control]: Topic name: /amir1/finger_right_wrench
[ign gazebo-1] [INFO] [1790611645.753586442] [amir2.gz_ros2_control]: 	State:
[ign gazebo-1] [WARN] [1790611645.753589768] [amir2.gz_ros2_control]: ForceTorque sensor 'finger_right_force_sensor' not found in hardware_info, skipping.
[ign gazebo-1] [INFO] [1790611645.753593518] [amir2.gz_ros2_control]: Loading sensor: finger_left_force_sensor
[ign gazebo-1] [INFO] [1790611645.753597186] [amir2.gz_ros2_control]: Topic name: /amir1/finger_left_wrench
[ign gazebo-1] [INFO] [1790611645.753599807] [amir2.gz_ros2_control]: 	State:
[ign gazebo-1] [WARN] [1790611645.753602589] [amir2.gz_ros2_control]: ForceTorque sensor 'finger_left_force_sensor' not found in hardware_info, skipping.
[ign gazebo-1] [INFO] [1790611645.753605548] [amir2.gz_ros2_control]: Loading sensor: finger_right_force_sensor
[ign gazebo-1] [INFO] [1790611645.753608219] [amir2.gz_ros2_control]: 	State:
[ign gazebo-1] [WARN] [1790611645.753610882] [amir2.gz_ros2_control]: ForceTorque sensor 'finger_right_force_sensor' not found in hardware_info, skipping.
[ign gazebo-1] [INFO] [1790611645.753613756] [amir2.gz_ros2_control]: Loading sensor: finger_left_force_sensor
[ign gazebo-1] [INFO] [1790611645.753616463] [amir2.gz_ros2_control]: 	State:
[ign gazebo-1] [WARN] [1790611645.753619220] [amir2.gz_ros2_control]: ForceTorque sensor 'finger_left_force_sensor' not found in hardware_info, skipping.
[ign gazebo-1] [INFO] [1790611645.753623377] [resource_manager]: Initialize hardware 'MecanumSystem' 
[ign gazebo-1] [INFO] [1790611645.753635609] [resource_manager]: Successful initialization of hardware 'MecanumSystem'
[ign gazebo-1] [INFO] [1790611645.753646890] [resource_manager]: 'configure' hardware 'MecanumSystem' 
[ign gazebo-1] [INFO] [1790611645.753648966] [amir2.gz_ros2_control]: System Successfully configured!
[ign gazebo-1] [INFO] [1790611645.753653156] [resource_manager]: Successful 'configure' of hardware 'MecanumSystem'
[ign gazebo-1] [INFO] [1790611645.753656709] [resource_manager]: 'activate' hardware 'MecanumSystem' 
[ign gazebo-1] [INFO] [1790611645.753672704] [resource_manager]: Successful 'activate' of hardware 'MecanumSystem'
[ign gazebo-1] [INFO] [1790611645.753710430] [amir2.gz_ros2_control]: The position_proportional_gain has been set to: 0.1
[ign gazebo-1] [INFO] [1790611645.753721029] [amir2.gz_ros2_control]: Loading joint: Joint_1
[ign gazebo-1] [INFO] [1790611645.753724533] [amir2.gz_ros2_control]: 	State:
[ign gazebo-1] [INFO] [1790611645.753727596] [amir2.gz_ros2_control]: 		 position
[ign gazebo-1] [INFO] [1790611645.753730906] [amir2.gz_ros2_control]: 			 found initial value: 0.000000
[ign gazebo-1] [INFO] [1790611645.753735686] [amir2.gz_ros2_control]: 		 velocity
[ign gazebo-1] [INFO] [1790611645.753738496] [amir2.gz_ros2_control]: 	Command:
[ign gazebo-1] [INFO] [1790611645.753741304] [amir2.gz_ros2_control]: 		 position
[ign gazebo-1] [INFO] [1790611645.753753638] [amir2.gz_ros2_control]: Loading joint: Joint_2
[ign gazebo-1] [INFO] [1790611645.753756636] [amir2.gz_ros2_control]: 	State:
[ign gazebo-1] [INFO] [1790611645.753759424] [amir2.gz_ros2_control]: 		 position
[ign gazebo-1] [INFO] [1790611645.753762517] [amir2.gz_ros2_control]: 			 found initial value: 1.400000
[ign gazebo-1] [INFO] [1790611645.753765967] [amir2.gz_ros2_control]: 		 velocity
[ign gazebo-1] [INFO] [1790611645.753768660] [amir2.gz_ros2_control]: 	Command:
[ign gazebo-1] [INFO] [1790611645.753771303] [amir2.gz_ros2_control]: 		 position
[ign gazebo-1] [INFO] [1790611645.753783347] [amir2.gz_ros2_control]: Loading joint: Joint_3
[ign gazebo-1] [INFO] [1790611645.753786423] [amir2.gz_ros2_control]: 	State:
[ign gazebo-1] [INFO] [1790611645.753789010] [amir2.gz_ros2_control]: 		 position
[ign gazebo-1] [INFO] [1790611645.753792663] [amir2.gz_ros2_control]: 			 found initial value: -1.600000
[ign gazebo-1] [INFO] [1790611645.753797656] [amir2.gz_ros2_control]: 		 velocity
[ign gazebo-1] [INFO] [1790611645.753800975] [amir2.gz_ros2_control]: 	Command:
[ign gazebo-1] [INFO] [1790611645.753803894] [amir2.gz_ros2_control]: 		 position
[ign gazebo-1] [INFO] [1790611645.753818322] [amir2.gz_ros2_control]: Loading joint: Joint_4
[ign gazebo-1] [INFO] [1790611645.753821511] [amir2.gz_ros2_control]: 	State:
[ign gazebo-1] [INFO] [1790611645.753824306] [amir2.gz_ros2_control]: 		 position
[ign gazebo-1] [INFO] [1790611645.753826953] [amir2.gz_ros2_control]: 			 found initial value: 0.200000
[ign gazebo-1] [INFO] [1790611645.753830252] [amir2.gz_ros2_control]: 		 velocity
[ign gazebo-1] [INFO] [1790611645.753832920] [amir2.gz_ros2_control]: 	Command:
[ign gazebo-1] [INFO] [1790611645.753835634] [amir2.gz_ros2_control]: 		 position
[ign gazebo-1] [INFO] [1790611645.753847955] [amir2.gz_ros2_control]: Loading joint: Joint_5
[ign gazebo-1] [INFO] [1790611645.753851263] [amir2.gz_ros2_control]: 	State:
[ign gazebo-1] [INFO] [1790611645.753853916] [amir2.gz_ros2_control]: 		 position
[ign gazebo-1] [INFO] [1790611645.753859826] [amir2.gz_ros2_control]: 			 found initial value: 1.570796
[ign gazebo-1] [INFO] [1790611645.753863152] [amir2.gz_ros2_control]: 		 velocity
[ign gazebo-1] [INFO] [1790611645.753865857] [amir2.gz_ros2_control]: 	Command:
[ign gazebo-1] [INFO] [1790611645.753868593] [amir2.gz_ros2_control]: 		 position
[ign gazebo-1] [INFO] [1790611645.753879999] [amir2.gz_ros2_control]: Loading joint: Gripper
[ign gazebo-1] [INFO] [1790611645.753883196] [amir2.gz_ros2_control]: 	State:
[ign gazebo-1] [INFO] [1790611645.753886077] [amir2.gz_ros2_control]: 		 position
[ign gazebo-1] [INFO] [1790611645.753888663] [amir2.gz_ros2_control]: 			 found initial value: -1.000000
[ign gazebo-1] [INFO] [1790611645.753891799] [amir2.gz_ros2_control]: 		 velocity
[ign gazebo-1] [INFO] [1790611645.753894328] [amir2.gz_ros2_control]: 	Command:
[ign gazebo-1] [INFO] [1790611645.753896925] [amir2.gz_ros2_control]: 		 position
[ign gazebo-1] [INFO] [1790611645.753907791] [amir2.gz_ros2_control]: Loading joint: left_inner_back_joint
[ign gazebo-1] [INFO] [1790611645.753912787] [amir2.gz_ros2_control]: Joint 'left_inner_back_joint'is mimicking joint 'Gripper' with multiplier: 1
[ign gazebo-1] [INFO] [1790611645.753916067] [amir2.gz_ros2_control]: 	State:
[ign gazebo-1] [INFO] [1790611645.753918805] [amir2.gz_ros2_control]: 		 position
[ign gazebo-1] [INFO] [1790611645.753921704] [amir2.gz_ros2_control]: 		 velocity
[ign gazebo-1] [INFO] [1790611645.753924546] [amir2.gz_ros2_control]: 	Command:
[ign gazebo-1] [INFO] [1790611645.753927182] [amir2.gz_ros2_control]: 		 position
[ign gazebo-1] [INFO] [1790611645.753940501] [amir2.gz_ros2_control]: Loading joint: right_outer_back_joint
[ign gazebo-1] [INFO] [1790611645.753944106] [amir2.gz_ros2_control]: Joint 'right_outer_back_joint'is mimicking joint 'Gripper' with multiplier: 1
[ign gazebo-1] [INFO] [1790611645.753946810] [amir2.gz_ros2_control]: 	State:
[ign gazebo-1] [INFO] [1790611645.753949312] [amir2.gz_ros2_control]: 		 position
[ign gazebo-1] [INFO] [1790611645.753954731] [amir2.gz_ros2_control]: 		 velocity
[ign gazebo-1] [INFO] [1790611645.753957482] [amir2.gz_ros2_control]: 	Command:
[ign gazebo-1] [INFO] [1790611645.753959981] [amir2.gz_ros2_control]: 		 position
[ign gazebo-1] [INFO] [1790611645.753971271] [amir2.gz_ros2_control]: Loading joint: left_outer_back_joint
[ign gazebo-1] [INFO] [1790611645.753980174] [amir2.gz_ros2_control]: Joint 'left_outer_back_joint'is mimicking joint 'Gripper' with multiplier: 1
[ign gazebo-1] [INFO] [1790611645.753985539] [amir2.gz_ros2_control]: 	State:
[ign gazebo-1] [INFO] [1790611645.753990121] [amir2.gz_ros2_control]: 		 position
[ign gazebo-1] [INFO] [1790611645.753994888] [amir2.gz_ros2_control]: 		 velocity
[ign gazebo-1] [INFO] [1790611645.753997833] [amir2.gz_ros2_control]: 	Command:
[ign gazebo-1] [INFO] [1790611645.754000367] [amir2.gz_ros2_control]: 		 position
[ign gazebo-1] [INFO] [1790611645.754011398] [amir2.gz_ros2_control]: Loading joint: right_inner_front_joint
[ign gazebo-1] [INFO] [1790611645.754015009] [amir2.gz_ros2_control]: Joint 'right_inner_front_joint'is mimicking joint 'Gripper' with multiplier: 1
[ign gazebo-1] [INFO] [1790611645.754017996] [amir2.gz_ros2_control]: 	State:
[ign gazebo-1] [INFO] [1790611645.754020531] [amir2.gz_ros2_control]: 		 position
[ign gazebo-1] [INFO] [1790611645.754023137] [amir2.gz_ros2_control]: 		 velocity
[ign gazebo-1] [INFO] [1790611645.754025627] [amir2.gz_ros2_control]: 	Command:
[ign gazebo-1] [INFO] [1790611645.754028106] [amir2.gz_ros2_control]: 		 position
[ign gazebo-1] [INFO] [1790611645.754037725] [amir2.gz_ros2_control]: Loading joint: left_inner_front_joint
[ign gazebo-1] [INFO] [1790611645.754041291] [amir2.gz_ros2_control]: Joint 'left_inner_front_joint'is mimicking joint 'Gripper' with multiplier: 1
[ign gazebo-1] [INFO] [1790611645.754044166] [amir2.gz_ros2_control]: 	State:
[ign gazebo-1] [INFO] [1790611645.754046666] [amir2.gz_ros2_control]: 		 position
[ign gazebo-1] [INFO] [1790611645.754049326] [amir2.gz_ros2_control]: 		 velocity
[ign gazebo-1] [INFO] [1790611645.754051891] [amir2.gz_ros2_control]: 	Command:
[ign gazebo-1] [INFO] [1790611645.754054331] [amir2.gz_ros2_control]: 		 position
[ign gazebo-1] [INFO] [1790611645.754060268] [amir2.gz_ros2_control]: Loading sensor: finger_right_force_sensor
[ign gazebo-1] [INFO] [1790611645.754070176] [amir2.gz_ros2_control]: Topic name: /amir1/finger_right_wrench
[ign gazebo-1] [INFO] [1790611645.754073292] [amir2.gz_ros2_control]: 	State:
[ign gazebo-1] [WARN] [1790611645.754077616] [amir2.gz_ros2_control]: ForceTorque sensor 'finger_right_force_sensor' not found in hardware_info, skipping.
[ign gazebo-1] [INFO] [1790611645.754081194] [amir2.gz_ros2_control]: Loading sensor: finger_left_force_sensor
[ign gazebo-1] [INFO] [1790611645.754083944] [amir2.gz_ros2_control]: Topic name: /amir1/finger_left_wrench
[ign gazebo-1] [INFO] [1790611645.754086345] [amir2.gz_ros2_control]: 	State:
[ign gazebo-1] [WARN] [1790611645.754088878] [amir2.gz_ros2_control]: ForceTorque sensor 'finger_left_force_sensor' not found in hardware_info, skipping.
[ign gazebo-1] [INFO] [1790611645.754091685] [amir2.gz_ros2_control]: Loading sensor: finger_right_force_sensor
[ign gazebo-1] [INFO] [1790611645.754094175] [amir2.gz_ros2_control]: 	State:
[ign gazebo-1] [WARN] [1790611645.754096658] [amir2.gz_ros2_control]: ForceTorque sensor 'finger_right_force_sensor' not found in hardware_info, skipping.
[ign gazebo-1] [INFO] [1790611645.754099387] [amir2.gz_ros2_control]: Loading sensor: finger_left_force_sensor
[ign gazebo-1] [INFO] [1790611645.754101816] [amir2.gz_ros2_control]: 	State:
[ign gazebo-1] [WARN] [1790611645.754104364] [amir2.gz_ros2_control]: ForceTorque sensor 'finger_left_force_sensor' not found in hardware_info, skipping.
[ign gazebo-1] [INFO] [1790611645.754107057] [resource_manager]: Initialize hardware 'AmirGazeboSystem' 
[ign gazebo-1] [INFO] [1790611645.754115945] [resource_manager]: Successful initialization of hardware 'AmirGazeboSystem'
[ign gazebo-1] [INFO] [1790611645.754129009] [resource_manager]: 'configure' hardware 'AmirGazeboSystem' 
[ign gazebo-1] [INFO] [1790611645.754130793] [amir2.gz_ros2_control]: System Successfully configured!
[ign gazebo-1] [INFO] [1790611645.754134640] [resource_manager]: Successful 'configure' of hardware 'AmirGazeboSystem'
[ign gazebo-1] [INFO] [1790611645.754141197] [resource_manager]: 'activate' hardware 'AmirGazeboSystem' 
[ign gazebo-1] [INFO] [1790611645.754143827] [resource_manager]: Successful 'activate' of hardware 'AmirGazeboSystem'
[ign gazebo-1] [INFO] [1790611645.754145936] [amir2.gz_ros2_control]: Loading controller_manager
[INFO] [create-28]: process has finished cleanly [pid 71054]
[INFO] [simulation_startup_gate-29]: process started with pid [71101]
[simulation_startup_gate-29] [INFO] [1790611646.083743067] [amir2.manager_ready]: Waiting for manager: ['amir2']
[simulation_startup_gate-29] [INFO] [1790611647.274389940] [amir2.manager_ready]: Ready: amir2_manager_ready
[INFO] [simulation_startup_gate-29]: process has finished cleanly [pid 71101]
[INFO] [spawner-30]: process started with pid [71148]
[ign gazebo-1] [INFO] [1790611647.688388877] [amir2.controller_manager]: Loading controller 'joint_state_broadcaster'
[spawner-30] [INFO] [1790611647.706624672] [amir2.spawner_joint_state_broadcaster]: [94mLoaded [1mjoint_state_broadcaster[0m
[ign gazebo-1] [INFO] [1790611647.707650140] [amir2.controller_manager]: Configuring controller 'joint_state_broadcaster'
[ign gazebo-1] [INFO] [1790611647.707701839] [amir2.joint_state_broadcaster]: 'joints' or 'interfaces' parameter is empty. All available state interfaces will be published
[spawner-30] [INFO] [1790611647.717895233] [amir2.spawner_joint_state_broadcaster]: [92mConfigured and activated [1mjoint_state_broadcaster[0m
[INFO] [spawner-30]: process has finished cleanly [pid 71148]
[INFO] [spawner-31]: process started with pid [71189]
[spawner-31] [INFO] [1790611648.436733968] [amir2.spawner_arm_controller]: waiting for service /amir2/controller_manager/list_controllers to become available...
[spawner-31] [INFO] [1790611649.121174031] [amir2.spawner_arm_controller]: [96mSetting controller param "type" to "joint_trajectory_controller/JointTrajectoryController" for [1marm_controller[0m
[spawner-31] [INFO] [1790611649.127555677] [amir2.spawner_arm_controller]: [96mSetting controller param "params_file" to "['/home/dars5070/ros2_humble_ws/install/amir_gazebo/share/amir_gazebo/config/arm_controllers.yaml']" for [1marm_controller[0m
[ign gazebo-1] [INFO] [1790611649.132511649] [amir2.controller_manager]: Loading controller 'arm_controller'
[ign gazebo-1] [WARN] [1790611649.145575585] [amir2.arm_controller]: [Deprecated]: "allow_nonzero_velocity_at_trajectory_end" is set to true. The default behavior will change to false.
[spawner-31] [INFO] [1790611649.147904307] [amir2.spawner_arm_controller]: [94mLoaded [1marm_controller[0m
[ign gazebo-1] [INFO] [1790611649.150257557] [amir2.controller_manager]: Configuring controller 'arm_controller'
[ign gazebo-1] [INFO] [1790611649.150564366] [amir2.arm_controller]: No specific joint names are used for command interfaces. Using 'joints' parameter.
[ign gazebo-1] [INFO] [1790611649.150593926] [amir2.arm_controller]: Command interfaces are [position] and state interfaces are [position velocity].
[ign gazebo-1] [INFO] [1790611649.150614036] [amir2.arm_controller]: Using 'splines' interpolation method.
[ign gazebo-1] [INFO] [1790611649.151548938] [amir2.arm_controller]: Controller state will be published at 100.00 Hz.
[ign gazebo-1] [INFO] [1790611649.152991787] [amir2.arm_controller]: Goals with partial set of joints are allowed
[ign gazebo-1] [INFO] [1790611649.153013033] [amir2.arm_controller]: Action status changes will be monitored at 20.00 Hz.
[spawner-31] [INFO] [1790611649.164923502] [amir2.spawner_arm_controller]: [92mConfigured and activated [1marm_controller[0m
[INFO] [spawner-31]: process has finished cleanly [pid 71189]
[INFO] [spawner-32]: process started with pid [71230]
[ign gazebo-1] [INFO] [1790611650.557860752] [amir2.controller_manager]: Loading controller 'mecanum_drive_controller'
[spawner-32] [INFO] [1790611650.599344218] [amir2.spawner_mecanum_drive_controller]: [94mLoaded [1mmecanum_drive_controller[0m
[ign gazebo-1] [INFO] [1790611650.600333488] [amir2.controller_manager]: Configuring controller 'mecanum_drive_controller'
[ign gazebo-1] [INFO] [1790611650.602400511] [amir2.mecanum_drive_controller]: MecanumDriveController configured successfully
[spawner-32] [INFO] [1790611650.611734229] [amir2.spawner_mecanum_drive_controller]: [92mConfigured and activated [1mmecanum_drive_controller[0m
[INFO] [spawner-32]: process has finished cleanly [pid 71230]
[INFO] [spawner-33]: process started with pid [71272]
[spawner-33] [INFO] [1790611651.014996917] [amir2.spawner_gripper_controller]: waiting for service /amir2/controller_manager/list_controllers to become available...
[spawner-33] [INFO] [1790611652.028284901] [amir2.spawner_gripper_controller]: [96mSetting controller param "type" to "position_controllers/GripperActionController" for [1mgripper_controller[0m
[spawner-33] [INFO] [1790611652.039789916] [amir2.spawner_gripper_controller]: [96mSetting controller param "params_file" to "['/home/dars5070/ros2_humble_ws/install/amir_gazebo/share/amir_gazebo/config/arm_controllers.yaml']" for [1mgripper_controller[0m
[ign gazebo-1] [INFO] [1790611652.045539309] [amir2.controller_manager]: Loading controller 'gripper_controller'
[spawner-33] [INFO] [1790611652.063988579] [amir2.spawner_gripper_controller]: [94mLoaded [1mgripper_controller[0m
[ign gazebo-1] [INFO] [1790611652.065825564] [amir2.controller_manager]: Configuring controller 'gripper_controller'
[ign gazebo-1] [INFO] [1790611652.065927332] [amir2.gripper_controller]: Action status changes will be monitored at 20.000000 Hz.
[spawner-33] [INFO] [1790611652.074635946] [amir2.spawner_gripper_controller]: [92mConfigured and activated [1mgripper_controller[0m
[INFO] [spawner-33]: process has finished cleanly [pid 71272]
[simulation_startup_gate-27] [INFO] [1790611653.287423565] [startup_robots_ready]: Ready: robots_ready
[INFO] [simulation_startup_gate-27]: process has finished cleanly [pid 70898]
[INFO] [friction_grasp_manager-34]: process started with pid [71317]
[INFO] [arm_home_positioner-35]: process started with pid [71319]
[INFO] [simulation_startup_gate-36]: process started with pid [71321]
[simulation_startup_gate-36] [INFO] [1790611654.202204898] [startup_grippers_and_home_ready]: Waiting for open_home: ['amir1', 'amir2']
[arm_home_positioner-35] [INFO] [1790611654.242567400] [arm_home_positioner]: Waiting to move all ('amir1', 'amir2') to Q_HOME=[0.0, 1.4, -1.6, 0.2, 1.570796] rad
[friction_grasp_manager-34] [INFO] [1790611654.251340415] [friction_grasp_manager]: Friction grasp manager ready; no detachable joint will be used.
[friction_grasp_manager-34] [INFO] [1790611654.252891012] [friction_grasp_manager]: Friction grasp state: OPENING_GRIPPERS
[ign gazebo-1] [INFO] [1790611654.432004484] [amir1.gripper_controller]: Received & accepted new action goal
[ign gazebo-1] [INFO] [1790611654.432201875] [amir2.gripper_controller]: Received & accepted new action goal
[ign gazebo-1] [INFO] [1790611654.814442582] [amir1.arm_controller]: Received new action goal
[ign gazebo-1] [INFO] [1790611654.814511573] [amir1.arm_controller]: Accepted new action goal
[ign gazebo-1] [INFO] [1790611654.814582062] [amir2.arm_controller]: Received new action goal
[ign gazebo-1] [INFO] [1790611654.814616148] [amir2.arm_controller]: Accepted new action goal
[arm_home_positioner-35] [INFO] [1790611654.814865190] [arm_home_positioner]: Sent Q_HOME=[0.0, 1.4, -1.6, 0.2, 1.570796] rad goals to all arm controllers
[arm_home_positioner-35] [INFO] [1790611654.854403898] [arm_home_positioner]: All AMIR arm controllers accepted Q_HOME
[friction_grasp_manager-34] [INFO] [1790611656.273145041] [friction_grasp_manager]: Friction grasp state: READY_TO_GRASP
[simulation_startup_gate-36] [INFO] [1790611656.990787417] [startup_grippers_and_home_ready]: Ready: grippers_and_home_ready
[INFO] [simulation_startup_gate-36]: process has finished cleanly [pid 71321]
[INFO] [create-37]: process started with pid [71434]
[create-37] [INFO] [1790611657.395238775] [spawn_friction_payload]: Requested creation of entity.
[create-37] [INFO] [1790611657.395547176] [spawn_friction_payload]: OK creation of entity.
[INFO] [create-37]: process has finished cleanly [pid 71434]
[INFO] [grasp_support_remover-38]: process started with pid [71453]
[INFO] [coordinator-39]: process started with pid [71455]
[INFO] [safety_monitor-40]: process started with pid [71457]
[INFO] [slip_monitor-41]: process started with pid [71459]
[INFO] [dual_base_approach-42]: process started with pid [71461]
[grasp_support_remover-38] [INFO] [1790611657.932576008] [grasp_support_remover]: Temporary grasp support will be removed after both configured grasp conditions have been satisfied.
[slip_monitor-41] [INFO] [1790611657.973829988] [slip_monitor]: Payload slip monitor ready.
[coordinator-39] [INFO] [1790611658.009562990] [cooperative_coordinator]: Coordinator ready: /amir1/rover_twist and /amir2/rover_twist
[safety_monitor-40] [INFO] [1790611658.035521240] [safety_monitor]: Safety monitor ready; emergency stop affects both robots.
[dual_base_approach-42] [INFO] [1790611658.133253420] [dual_base_approach]: Waiting for the payload, opening both grippers to their safe maximum, then moving both AMIR bases 0.110 m toward it
[ign gazebo-1] [INFO] [1790611659.097608190] [amir1.gripper_controller]: Received & accepted new action goal
[ign gazebo-1] [INFO] [1790611659.097674397] [amir2.gripper_controller]: Received & accepted new action goal
[dual_base_approach-42] [INFO] [1790611659.097982290] [dual_base_approach]: Opening both grippers to the safe maximum (-1.000000 rad) before base approach
[dual_base_approach-42] [INFO] [1790611659.130025344] [dual_base_approach]: Both grippers are at their safe-open position. Payload detached at base positions: amir1=-1.174999, amir2=1.174999; approaching targets: amir2=1.064999, amir1=-1.064999
[ign gazebo-1] [INFO] [1790611663.333615361] [amir2.arm_controller]: Goal reached, success!
[ign gazebo-1] [INFO] [1790611663.333751896] [amir1.arm_controller]: Goal reached, success!
[arm_home_positioner-35] [INFO] [1790611663.369181850] [arm_home_positioner]: All AMIR arms reached Q_HOME
[dual_base_approach-42] [INFO] [1790611683.116628966] [dual_base_approach]: Both AMIR bases completed the 0.110 m payload approach
[friction_grasp_manager-34] [INFO] [1790611683.153705342] [friction_grasp_manager]: Friction grasp state: CLOSING_GRIPPERS
[dual_base_approach-42] [INFO] [1790611683.154761564] [dual_base_approach]: Both bases reached the payload; gripper-close sequence requested. Holding both bases stopped during grasp.
[ign gazebo-1] [INFO] [1790611683.217390849] [amir1.gripper_controller]: Received & accepted new action goal
[ign gazebo-1] [INFO] [1790611683.217526829] [amir2.gripper_controller]: Received & accepted new action goal
[ign gazebo-1] [INFO] [1790611683.423145523] [amir1.gripper_controller]: Received & accepted new action goal
[ign gazebo-1] [INFO] [1790611683.423176825] [amir2.gripper_controller]: Received & accepted new action goal
[ign gazebo-1] [INFO] [1790611683.528970983] [amir1.gripper_controller]: Received & accepted new action goal
[ign gazebo-1] [INFO] [1790611683.529400301] [amir2.gripper_controller]: Received & accepted new action goal
[ign gazebo-1] [INFO] [1790611683.635129341] [amir2.gripper_controller]: Received & accepted new action goal
[ign gazebo-1] [INFO] [1790611683.635164974] [amir1.gripper_controller]: Received & accepted new action goal
[ign gazebo-1] [INFO] [1790611683.736280007] [amir1.gripper_controller]: Received & accepted new action goal
[ign gazebo-1] [INFO] [1790611683.736377683] [amir2.gripper_controller]: Received & accepted new action goal
[ign gazebo-1] [INFO] [1790611683.941945597] [amir1.gripper_controller]: Received & accepted new action goal
[ign gazebo-1] [INFO] [1790611683.942086755] [amir2.gripper_controller]: Received & accepted new action goal
[ign gazebo-1] [INFO] [1790611684.043261979] [amir1.gripper_controller]: Received & accepted new action goal
[ign gazebo-1] [INFO] [1790611684.043334655] [amir2.gripper_controller]: Received & accepted new action goal
[ign gazebo-1] [INFO] [1790611684.151612955] [amir1.gripper_controller]: Received & accepted new action goal
[ign gazebo-1] [INFO] [1790611684.151946721] [amir2.gripper_controller]: Received & accepted new action goal
[ign gazebo-1] [INFO] [1790611684.252367299] [amir1.gripper_controller]: Received & accepted new action goal
[ign gazebo-1] [INFO] [1790611684.252548040] [amir2.gripper_controller]: Received & accepted new action goal
[ign gazebo-1] [INFO] [1790611684.465533753] [amir1.gripper_controller]: Received & accepted new action goal
[ign gazebo-1] [INFO] [1790611684.465655342] [amir2.gripper_controller]: Received & accepted new action goal
[ign gazebo-1] [INFO] [1790611684.570376864] [amir1.gripper_controller]: Received & accepted new action goal
[ign gazebo-1] [INFO] [1790611684.570506928] [amir2.gripper_controller]: Received & accepted new action goal
[ign gazebo-1] [INFO] [1790611684.674315654] [amir1.gripper_controller]: Received & accepted new action goal
[ign gazebo-1] [INFO] [1790611684.674479654] [amir2.gripper_controller]: Received & accepted new action goal
[ign gazebo-1] [INFO] [1790611684.776122531] [amir1.gripper_controller]: Received & accepted new action goal
[ign gazebo-1] [INFO] [1790611684.776240885] [amir2.gripper_controller]: Received & accepted new action goal
[ign gazebo-1] [INFO] [1790611684.983145014] [amir1.gripper_controller]: Received & accepted new action goal
[ign gazebo-1] [INFO] [1790611684.983256948] [amir2.gripper_controller]: Received & accepted new action goal
[ign gazebo-1] [INFO] [1790611685.085710591] [amir1.gripper_controller]: Received & accepted new action goal
[ign gazebo-1] [INFO] [1790611685.085792390] [amir2.gripper_controller]: Received & accepted new action goal
[ign gazebo-1] [INFO] [1790611685.186329907] [amir1.gripper_controller]: Received & accepted new action goal
[ign gazebo-1] [INFO] [1790611685.186395304] [amir2.gripper_controller]: Received & accepted new action goal
[ign gazebo-1] [INFO] [1790611685.288830603] [amir1.gripper_controller]: Received & accepted new action goal
[ign gazebo-1] [INFO] [1790611685.288974338] [amir2.gripper_controller]: Received & accepted new action goal
[ign gazebo-1] [INFO] [1790611685.498078670] [amir1.gripper_controller]: Received & accepted new action goal
[ign gazebo-1] [INFO] [1790611685.498172672] [amir2.gripper_controller]: Received & accepted new action goal
[ign gazebo-1] [INFO] [1790611685.599295230] [amir1.gripper_controller]: Received & accepted new action goal
[ign gazebo-1] [INFO] [1790611685.599436428] [amir2.gripper_controller]: Received & accepted new action goal
[ign gazebo-1] [INFO] [1790611685.704663213] [amir1.gripper_controller]: Received & accepted new action goal
[ign gazebo-1] [INFO] [1790611685.704702300] [amir2.gripper_controller]: Received & accepted new action goal
[ign gazebo-1] [INFO] [1790611685.804888956] [amir1.gripper_controller]: Received & accepted new action goal
[ign gazebo-1] [INFO] [1790611685.804975456] [amir2.gripper_controller]: Received & accepted new action goal
[ign gazebo-1] [INFO] [1790611686.015875006] [amir1.gripper_controller]: Received & accepted new action goal
[ign gazebo-1] [INFO] [1790611686.016123828] [amir2.gripper_controller]: Received & accepted new action goal
[ign gazebo-1] [INFO] [1790611686.116493989] [amir1.gripper_controller]: Received & accepted new action goal
[ign gazebo-1] [INFO] [1790611686.116546342] [amir2.gripper_controller]: Received & accepted new action goal
[ign gazebo-1] [INFO] [1790611686.218710238] [amir1.gripper_controller]: Received & accepted new action goal
[ign gazebo-1] [INFO] [1790611686.218879935] [amir2.gripper_controller]: Received & accepted new action goal
[ign gazebo-1] [INFO] [1790611686.326500707] [amir1.gripper_controller]: Received & accepted new action goal
[ign gazebo-1] [INFO] [1790611686.326683078] [amir2.gripper_controller]: Received & accepted new action goal
[ign gazebo-1] [INFO] [1790611686.535381571] [amir1.gripper_controller]: Received & accepted new action goal
[ign gazebo-1] [INFO] [1790611686.535920159] [amir2.gripper_controller]: Received & accepted new action goal
[ign gazebo-1] [INFO] [1790611686.635321278] [amir1.gripper_controller]: Received & accepted new action goal
[ign gazebo-1] [INFO] [1790611686.635409121] [amir2.gripper_controller]: Received & accepted new action goal
[ign gazebo-1] [INFO] [1790611686.736557860] [amir1.gripper_controller]: Received & accepted new action goal
[ign gazebo-1] [INFO] [1790611686.736768070] [amir2.gripper_controller]: Received & accepted new action goal
[ign gazebo-1] [INFO] [1790611686.841327978] [amir1.gripper_controller]: Received & accepted new action goal
[ign gazebo-1] [INFO] [1790611686.841402755] [amir2.gripper_controller]: Received & accepted new action goal
[ign gazebo-1] [INFO] [1790611686.942944110] [amir1.gripper_controller]: Received & accepted new action goal
[ign gazebo-1] [INFO] [1790611686.943161166] [amir2.gripper_controller]: Received & accepted new action goal
[ign gazebo-1] [INFO] [1790611687.149324167] [amir1.gripper_controller]: Received & accepted new action goal
[ign gazebo-1] [INFO] [1790611687.149402255] [amir2.gripper_controller]: Received & accepted new action goal
[ign gazebo-1] [INFO] [1790611687.254252369] [amir1.gripper_controller]: Received & accepted new action goal
[ign gazebo-1] [INFO] [1790611687.254393708] [amir2.gripper_controller]: Received & accepted new action goal
[ign gazebo-1] [INFO] [1790611687.355697226] [amir1.gripper_controller]: Received & accepted new action goal
[ign gazebo-1] [INFO] [1790611687.355772396] [amir2.gripper_controller]: Received & accepted new action goal
[ign gazebo-1] [INFO] [1790611687.463705232] [amir1.gripper_controller]: Received & accepted new action goal
[ign gazebo-1] [INFO] [1790611687.463822343] [amir2.gripper_controller]: Received & accepted new action goal
[ign gazebo-1] [INFO] [1790611687.667025357] [amir1.gripper_controller]: Received & accepted new action goal
[ign gazebo-1] [INFO] [1790611687.667197386] [amir2.gripper_controller]: Received & accepted new action goal
[ign gazebo-1] [INFO] [1790611687.770653958] [amir1.gripper_controller]: Received & accepted new action goal
[ign gazebo-1] [INFO] [1790611687.770766990] [amir2.gripper_controller]: Received & accepted new action goal
[ign gazebo-1] [INFO] [1790611687.873519485] [amir1.gripper_controller]: Received & accepted new action goal
[ign gazebo-1] [INFO] [1790611687.873774982] [amir2.gripper_controller]: Received & accepted new action goal
[ign gazebo-1] [INFO] [1790611687.977046018] [amir1.gripper_controller]: Received & accepted new action goal
[ign gazebo-1] [INFO] [1790611687.977144110] [amir2.gripper_controller]: Received & accepted new action goal
[ign gazebo-1] [INFO] [1790611688.186432854] [amir1.gripper_controller]: Received & accepted new action goal
[ign gazebo-1] [INFO] [1790611688.186536549] [amir2.gripper_controller]: Received & accepted new action goal
[ign gazebo-1] [INFO] [1790611688.290627028] [amir1.gripper_controller]: Received & accepted new action goal
[ign gazebo-1] [INFO] [1790611688.290821484] [amir2.gripper_controller]: Received & accepted new action goal
[ign gazebo-1] [INFO] [1790611688.395092760] [amir1.gripper_controller]: Received & accepted new action goal
[ign gazebo-1] [INFO] [1790611688.395325760] [amir2.gripper_controller]: Received & accepted new action goal
[ign gazebo-1] [INFO] [1790611688.498946491] [amir1.gripper_controller]: Received & accepted new action goal
[ign gazebo-1] [INFO] [1790611688.499146601] [amir2.gripper_controller]: Received & accepted new action goal
[ign gazebo-1] [INFO] [1790611688.705375536] [amir1.gripper_controller]: Received & accepted new action goal
[ign gazebo-1] [INFO] [1790611688.705512925] [amir2.gripper_controller]: Received & accepted new action goal
[ign gazebo-1] [INFO] [1790611688.811853887] [amir1.gripper_controller]: Received & accepted new action goal
[ign gazebo-1] [INFO] [1790611688.812794425] [amir2.gripper_controller]: Received & accepted new action goal
[ign gazebo-1] [INFO] [1790611688.912140742] [amir2.gripper_controller]: Received & accepted new action goal
[ign gazebo-1] [INFO] [1790611688.912142108] [amir1.gripper_controller]: Received & accepted new action goal
[ign gazebo-1] [INFO] [1790611689.020536788] [amir1.gripper_controller]: Received & accepted new action goal
[ign gazebo-1] [INFO] [1790611689.020772733] [amir2.gripper_controller]: Received & accepted new action goal
[ign gazebo-1] [INFO] [1790611689.224279859] [amir1.gripper_controller]: Received & accepted new action goal
[ign gazebo-1] [INFO] [1790611689.224475865] [amir2.gripper_controller]: Received & accepted new action goal
[ign gazebo-1] [INFO] [1790611689.329696739] [amir1.gripper_controller]: Received & accepted new action goal
[ign gazebo-1] [INFO] [1790611689.329819559] [amir2.gripper_controller]: Received & accepted new action goal
[ign gazebo-1] [INFO] [1790611689.433479872] [amir1.gripper_controller]: Received & accepted new action goal
[ign gazebo-1] [INFO] [1790611689.433791187] [amir2.gripper_controller]: Received & accepted new action goal
[ign gazebo-1] [INFO] [1790611689.536941959] [amir1.gripper_controller]: Received & accepted new action goal
[ign gazebo-1] [INFO] [1790611689.537147274] [amir2.gripper_controller]: Received & accepted new action goal
[ign gazebo-1] [INFO] [1790611689.740584665] [amir1.gripper_controller]: Received & accepted new action goal
[ign gazebo-1] [INFO] [1790611689.740709648] [amir2.gripper_controller]: Received & accepted new action goal
[ign gazebo-1] [INFO] [1790611689.846255772] [amir1.gripper_controller]: Received & accepted new action goal
[ign gazebo-1] [INFO] [1790611689.846848480] [amir2.gripper_controller]: Received & accepted new action goal
[ign gazebo-1] [INFO] [1790611689.953530491] [amir1.gripper_controller]: Received & accepted new action goal
[ign gazebo-1] [INFO] [1790611689.953608505] [amir2.gripper_controller]: Received & accepted new action goal
[ign gazebo-1] [INFO] [1790611690.069254914] [amir1.gripper_controller]: Received & accepted new action goal
[ign gazebo-1] [INFO] [1790611690.069365152] [amir2.gripper_controller]: Received & accepted new action goal
[ign gazebo-1] [INFO] [1790611690.282998821] [amir1.gripper_controller]: Received & accepted new action goal
[ign gazebo-1] [INFO] [1790611690.283033121] [amir2.gripper_controller]: Received & accepted new action goal
[ign gazebo-1] [INFO] [1790611690.393170153] [amir1.gripper_controller]: Received & accepted new action goal
[ign gazebo-1] [INFO] [1790611690.393284598] [amir2.gripper_controller]: Received & accepted new action goal
[ign gazebo-1] [INFO] [1790611690.512655853] [amir1.gripper_controller]: Received & accepted new action goal
[ign gazebo-1] [INFO] [1790611690.512709999] [amir2.gripper_controller]: Received & accepted new action goal
[ign gazebo-1] [INFO] [1790611690.629699235] [amir1.gripper_controller]: Received & accepted new action goal
[ign gazebo-1] [INFO] [1790611690.629872604] [amir2.gripper_controller]: Received & accepted new action goal
[ign gazebo-1] [INFO] [1790611690.858397257] [amir1.gripper_controller]: Received & accepted new action goal
[ign gazebo-1] [INFO] [1790611690.858505131] [amir2.gripper_controller]: Received & accepted new action goal
[ign gazebo-1] [INFO] [1790611690.965004671] [amir1.gripper_controller]: Received & accepted new action goal
[ign gazebo-1] [INFO] [1790611690.965028974] [amir2.gripper_controller]: Received & accepted new action goal
[ign gazebo-1] [INFO] [1790611691.067508641] [amir1.gripper_controller]: Received & accepted new action goal
[ign gazebo-1] [INFO] [1790611691.067689676] [amir2.gripper_controller]: Received & accepted new action goal
[ign gazebo-1] [INFO] [1790611691.176643023] [amir1.gripper_controller]: Received & accepted new action goal
[ign gazebo-1] [INFO] [1790611691.176677483] [amir2.gripper_controller]: Received & accepted new action goal
[ign gazebo-1] [INFO] [1790611691.421223732] [amir1.gripper_controller]: Received & accepted new action goal
[ign gazebo-1] [INFO] [1790611691.421277456] [amir2.gripper_controller]: Received & accepted new action goal
[ign gazebo-1] [INFO] [1790611691.544177717] [amir1.gripper_controller]: Received & accepted new action goal
[ign gazebo-1] [INFO] [1790611691.544242905] [amir2.gripper_controller]: Received & accepted new action goal
[ign gazebo-1] [INFO] [1790611691.653173182] [amir1.gripper_controller]: Received & accepted new action goal
[ign gazebo-1] [INFO] [1790611691.653228055] [amir2.gripper_controller]: Received & accepted new action goal
[ign gazebo-1] [INFO] [1790611691.757474301] [amir1.gripper_controller]: Received & accepted new action goal
[ign gazebo-1] [INFO] [1790611691.757626081] [amir2.gripper_controller]: Received & accepted new action goal
[ign gazebo-1] [INFO] [1790611692.010103547] [amir1.gripper_controller]: Received & accepted new action goal
[ign gazebo-1] [INFO] [1790611692.010473263] [amir2.gripper_controller]: Received & accepted new action goal
[ign gazebo-1] [INFO] [1790611692.118436426] [amir1.gripper_controller]: Received & accepted new action goal
[ign gazebo-1] [INFO] [1790611692.118925784] [amir2.gripper_controller]: Received & accepted new action goal
[ign gazebo-1] [INFO] [1790611692.229189023] [amir1.gripper_controller]: Received & accepted new action goal
[ign gazebo-1] [INFO] [1790611692.229212841] [amir2.gripper_controller]: Received & accepted new action goal
[ign gazebo-1] [INFO] [1790611692.335954756] [amir1.gripper_controller]: Received & accepted new action goal
[ign gazebo-1] [INFO] [1790611692.336033174] [amir2.gripper_controller]: Received & accepted new action goal
[ign gazebo-1] [INFO] [1790611692.630170516] [amir1.gripper_controller]: Received & accepted new action goal
[ign gazebo-1] [INFO] [1790611692.630617387] [amir2.gripper_controller]: Received & accepted new action goal
[ign gazebo-1] [INFO] [1790611692.757025062] [amir1.gripper_controller]: Received & accepted new action goal
[ign gazebo-1] [INFO] [1790611692.757152804] [amir2.gripper_controller]: Received & accepted new action goal
[ign gazebo-1] [INFO] [1790611692.867569004] [amir1.gripper_controller]: Received & accepted new action goal
[ign gazebo-1] [INFO] [1790611692.867669519] [amir2.gripper_controller]: Received & accepted new action goal
[ign gazebo-1] [INFO] [1790611692.977531459] [amir1.gripper_controller]: Received & accepted new action goal
[ign gazebo-1] [INFO] [1790611692.977586936] [amir2.gripper_controller]: Received & accepted new action goal
[ign gazebo-1] [INFO] [1790611693.201417789] [amir1.gripper_controller]: Received & accepted new action goal
[ign gazebo-1] [INFO] [1790611693.201513740] [amir2.gripper_controller]: Received & accepted new action goal
[ign gazebo-1] [INFO] [1790611693.311419505] [amir1.gripper_controller]: Received & accepted new action goal
[ign gazebo-1] [INFO] [1790611693.311523869] [amir2.gripper_controller]: Received & accepted new action goal
[ign gazebo-1] [INFO] [1790611693.416761028] [amir2.gripper_controller]: Received & accepted new action goal
[ign gazebo-1] [INFO] [1790611693.416802751] [amir1.gripper_controller]: Received & accepted new action goal
[ign gazebo-1] [INFO] [1790611693.527993846] [amir1.gripper_controller]: Received & accepted new action goal
[ign gazebo-1] [INFO] [1790611693.528060363] [amir2.gripper_controller]: Received & accepted new action goal
[ign gazebo-1] [INFO] [1790611693.746602244] [amir1.gripper_controller]: Received & accepted new action goal
[ign gazebo-1] [INFO] [1790611693.746821278] [amir2.gripper_controller]: Received & accepted new action goal
[ign gazebo-1] [INFO] [1790611693.847619262] [amir1.gripper_controller]: Received & accepted new action goal
[ign gazebo-1] [INFO] [1790611693.847746781] [amir2.gripper_controller]: Received & accepted new action goal
[ign gazebo-1] [INFO] [1790611693.988636522] [amir1.gripper_controller]: Received & accepted new action goal
[ign gazebo-1] [INFO] [1790611693.988915858] [amir2.gripper_controller]: Received & accepted new action goal
[ign gazebo-1] [INFO] [1790611694.220163884] [amir1.gripper_controller]: Received & accepted new action goal
[ign gazebo-1] [INFO] [1790611694.220365203] [amir2.gripper_controller]: Received & accepted new action goal
[ign gazebo-1] [INFO] [1790611694.478044326] [amir1.gripper_controller]: Received & accepted new action goal
[ign gazebo-1] [INFO] [1790611694.478192120] [amir2.gripper_controller]: Received & accepted new action goal
[ign gazebo-1] [INFO] [1790611694.583715817] [amir1.gripper_controller]: Received & accepted new action goal
[ign gazebo-1] [INFO] [1790611694.583846873] [amir2.gripper_controller]: Received & accepted new action goal
[ign gazebo-1] [INFO] [1790611694.831171799] [amir1.gripper_controller]: Received & accepted new action goal
[ign gazebo-1] [INFO] [1790611694.831423860] [amir2.gripper_controller]: Received & accepted new action goal
[ign gazebo-1] [INFO] [1790611695.053995433] [amir1.gripper_controller]: Received & accepted new action goal
[ign gazebo-1] [INFO] [1790611695.054016124] [amir2.gripper_controller]: Received & accepted new action goal
[ign gazebo-1] [INFO] [1790611695.167517105] [amir1.gripper_controller]: Received & accepted new action goal
[ign gazebo-1] [INFO] [1790611695.167650517] [amir2.gripper_controller]: Received & accepted new action goal
[ign gazebo-1] [INFO] [1790611695.403059524] [amir1.gripper_controller]: Received & accepted new action goal
[ign gazebo-1] [INFO] [1790611695.403205450] [amir2.gripper_controller]: Received & accepted new action goal
[ign gazebo-1] [INFO] [1790611695.624503554] [amir1.gripper_controller]: Received & accepted new action goal
[ign gazebo-1] [INFO] [1790611695.624717050] [amir2.gripper_controller]: Received & accepted new action goal
[ign gazebo-1] [INFO] [1790611695.727096104] [amir1.gripper_controller]: Received & accepted new action goal
[ign gazebo-1] [INFO] [1790611695.727255489] [amir2.gripper_controller]: Received & accepted new action goal
[ign gazebo-1] [INFO] [1790611695.967211786] [amir1.gripper_controller]: Received & accepted new action goal
[ign gazebo-1] [INFO] [1790611695.967328311] [amir2.gripper_controller]: Received & accepted new action goal
[ign gazebo-1] [INFO] [1790611696.207625040] [amir1.gripper_controller]: Received & accepted new action goal
[ign gazebo-1] [INFO] [1790611696.207705078] [amir2.gripper_controller]: Received & accepted new action goal
[ign gazebo-1] [INFO] [1790611696.311263685] [amir1.gripper_controller]: Received & accepted new action goal
[ign gazebo-1] [INFO] [1790611696.311639350] [amir2.gripper_controller]: Received & accepted new action goal
[ign gazebo-1] [INFO] [1790611696.535000071] [amir1.gripper_controller]: Received & accepted new action goal
[ign gazebo-1] [INFO] [1790611696.535013328] [amir2.gripper_controller]: Received & accepted new action goal
[ign gazebo-1] [INFO] [1790611696.771603337] [amir1.gripper_controller]: Received & accepted new action goal
[ign gazebo-1] [INFO] [1790611696.771771861] [amir2.gripper_controller]: Received & accepted new action goal
[ign gazebo-1] [INFO] [1790611696.899879723] [amir1.gripper_controller]: Received & accepted new action goal
[ign gazebo-1] [INFO] [1790611696.900107981] [amir2.gripper_controller]: Received & accepted new action goal
[ign gazebo-1] [INFO] [1790611697.174242148] [amir1.gripper_controller]: Received & accepted new action goal
[ign gazebo-1] [INFO] [1790611697.174345736] [amir2.gripper_controller]: Received & accepted new action goal
[ign gazebo-1] [INFO] [1790611697.428002590] [amir1.gripper_controller]: Received & accepted new action goal
[ign gazebo-1] [INFO] [1790611697.428136375] [amir2.gripper_controller]: Received & accepted new action goal
[ign gazebo-1] [INFO] [1790611697.532546600] [amir1.gripper_controller]: Received & accepted new action goal
[ign gazebo-1] [INFO] [1790611697.532626846] [amir2.gripper_controller]: Received & accepted new action goal
[ign gazebo-1] [INFO] [1790611697.750385907] [amir1.gripper_controller]: Received & accepted new action goal
[ign gazebo-1] [INFO] [1790611697.750785803] [amir2.gripper_controller]: Received & accepted new action goal
[ign gazebo-1] [INFO] [1790611697.967609356] [amir1.gripper_controller]: Received & accepted new action goal
[ign gazebo-1] [INFO] [1790611697.967674716] [amir2.gripper_controller]: Received & accepted new action goal
[ign gazebo-1] [INFO] [1790611698.073552923] [amir1.gripper_controller]: Received & accepted new action goal
[ign gazebo-1] [INFO] [1790611698.073618758] [amir2.gripper_controller]: Received & accepted new action goal
[ign gazebo-1] [INFO] [1790611698.284725474] [amir1.gripper_controller]: Received & accepted new action goal
[ign gazebo-1] [INFO] [1790611698.284855647] [amir2.gripper_controller]: Received & accepted new action goal
[ign gazebo-1] [INFO] [1790611698.518884293] [amir1.gripper_controller]: Received & accepted new action goal
[ign gazebo-1] [INFO] [1790611698.519093068] [amir2.gripper_controller]: Received & accepted new action goal
[ign gazebo-1] [INFO] [1790611698.640154235] [amir1.gripper_controller]: Received & accepted new action goal
[ign gazebo-1] [INFO] [1790611698.640221749] [amir2.gripper_controller]: Received & accepted new action goal
[ign gazebo-1] [INFO] [1790611698.869772577] [amir1.gripper_controller]: Received & accepted new action goal
[ign gazebo-1] [INFO] [1790611698.869842235] [amir2.gripper_controller]: Received & accepted new action goal
[ign gazebo-1] [INFO] [1790611699.101018280] [amir2.gripper_controller]: Received & accepted new action goal
[ign gazebo-1] [INFO] [1790611699.101057726] [amir1.gripper_controller]: Received & accepted new action goal
[ign gazebo-1] [INFO] [1790611699.217826610] [amir1.gripper_controller]: Received & accepted new action goal
[ign gazebo-1] [INFO] [1790611699.217956845] [amir2.gripper_controller]: Received & accepted new action goal
[ign gazebo-1] [INFO] [1790611699.467659264] [amir1.gripper_controller]: Received & accepted new action goal
[ign gazebo-1] [INFO] [1790611699.468109970] [amir2.gripper_controller]: Received & accepted new action goal
[ign gazebo-1] [INFO] [1790611699.753454817] [amir1.gripper_controller]: Received & accepted new action goal
[ign gazebo-1] [INFO] [1790611699.753545814] [amir2.gripper_controller]: Received & accepted new action goal
[ign gazebo-1] [INFO] [1790611699.967982707] [amir1.gripper_controller]: Received & accepted new action goal
[ign gazebo-1] [INFO] [1790611699.968205305] [amir2.gripper_controller]: Received & accepted new action goal
[ign gazebo-1] [INFO] [1790611700.072319451] [amir1.gripper_controller]: Received & accepted new action goal
[ign gazebo-1] [INFO] [1790611700.072467542] [amir2.gripper_controller]: Received & accepted new action goal
[ign gazebo-1] [INFO] [1790611700.309661100] [amir1.gripper_controller]: Received & accepted new action goal
[ign gazebo-1] [INFO] [1790611700.309794928] [amir2.gripper_controller]: Received & accepted new action goal
[ign gazebo-1] [INFO] [1790611700.537470219] [amir1.gripper_controller]: Received & accepted new action goal
[ign gazebo-1] [INFO] [1790611700.537526767] [amir2.gripper_controller]: Received & accepted new action goal
[ign gazebo-1] [INFO] [1790611700.642974118] [amir1.gripper_controller]: Received & accepted new action goal
[ign gazebo-1] [INFO] [1790611700.643093513] [amir2.gripper_controller]: Received & accepted new action goal
[ign gazebo-1] [INFO] [1790611700.850597793] [amir1.gripper_controller]: Received & accepted new action goal
[ign gazebo-1] [INFO] [1790611700.850802242] [amir2.gripper_controller]: Received & accepted new action goal
[ign gazebo-1] [INFO] [1790611701.087836220] [amir1.gripper_controller]: Received & accepted new action goal
[ign gazebo-1] [INFO] [1790611701.088059901] [amir2.gripper_controller]: Received & accepted new action goal
[ign gazebo-1] [INFO] [1790611701.191346674] [amir2.gripper_controller]: Received & accepted new action goal
[ign gazebo-1] [INFO] [1790611701.191358693] [amir1.gripper_controller]: Received & accepted new action goal
[ign gazebo-1] [INFO] [1790611701.431607792] [amir1.gripper_controller]: Received & accepted new action goal
[ign gazebo-1] [INFO] [1790611701.431752333] [amir2.gripper_controller]: Received & accepted new action goal
[ign gazebo-1] [INFO] [1790611701.662935916] [amir1.gripper_controller]: Received & accepted new action goal
[ign gazebo-1] [INFO] [1790611701.663071488] [amir2.gripper_controller]: Received & accepted new action goal
[ign gazebo-1] [INFO] [1790611701.763935204] [amir1.gripper_controller]: Received & accepted new action goal
[ign gazebo-1] [INFO] [1790611701.764039846] [amir2.gripper_controller]: Received & accepted new action goal
[ign gazebo-1] [INFO] [1790611701.991807740] [amir2.gripper_controller]: Received & accepted new action goal
[ign gazebo-1] [INFO] [1790611701.991844573] [amir1.gripper_controller]: Received & accepted new action goal
[ign gazebo-1] [INFO] [1790611702.218744541] [amir1.gripper_controller]: Received & accepted new action goal
[ign gazebo-1] [INFO] [1790611702.218851191] [amir2.gripper_controller]: Received & accepted new action goal
[ign gazebo-1] [INFO] [1790611702.326265885] [amir1.gripper_controller]: Received & accepted new action goal
[ign gazebo-1] [INFO] [1790611702.326309933] [amir2.gripper_controller]: Received & accepted new action goal
[ign gazebo-1] [INFO] [1790611702.546416543] [amir1.gripper_controller]: Received & accepted new action goal
[ign gazebo-1] [INFO] [1790611702.546693033] [amir2.gripper_controller]: Received & accepted new action goal
[ign gazebo-1] [INFO] [1790611702.790025096] [amir1.gripper_controller]: Received & accepted new action goal
[ign gazebo-1] [INFO] [1790611702.790126785] [amir2.gripper_controller]: Received & accepted new action goal
[ign gazebo-1] [INFO] [1790611702.915625653] [amir1.gripper_controller]: Received & accepted new action goal
[ign gazebo-1] [INFO] [1790611702.915723833] [amir2.gripper_controller]: Received & accepted new action goal
[ign gazebo-1] [INFO] [1790611703.141518223] [amir1.gripper_controller]: Received & accepted new action goal
[ign gazebo-1] [INFO] [1790611703.141632580] [amir2.gripper_controller]: Received & accepted new action goal
[ign gazebo-1] [INFO] [1790611703.453193872] [amir1.gripper_controller]: Received & accepted new action goal
[ign gazebo-1] [INFO] [1790611703.453230248] [amir2.gripper_controller]: Received & accepted new action goal
[ign gazebo-1] [INFO] [1790611703.567347817] [amir1.gripper_controller]: Received & accepted new action goal
[ign gazebo-1] [INFO] [1790611703.567383948] [amir2.gripper_controller]: Received & accepted new action goal
[ign gazebo-1] [INFO] [1790611703.792049070] [amir1.gripper_controller]: Received & accepted new action goal
[ign gazebo-1] [INFO] [1790611703.792184506] [amir2.gripper_controller]: Received & accepted new action goal
[ign gazebo-1] [INFO] [1790611704.000707923] [amir1.gripper_controller]: Received & accepted new action goal
[ign gazebo-1] [INFO] [1790611704.000906783] [amir2.gripper_controller]: Received & accepted new action goal
[ign gazebo-1] [INFO] [1790611704.105296993] [amir1.gripper_controller]: Received & accepted new action goal
[ign gazebo-1] [INFO] [1790611704.105520327] [amir2.gripper_controller]: Received & accepted new action goal
[ign gazebo-1] [INFO] [1790611704.335642072] [amir1.gripper_controller]: Received & accepted new action goal
[ign gazebo-1] [INFO] [1790611704.335685631] [amir2.gripper_controller]: Received & accepted new action goal
[ign gazebo-1] [INFO] [1790611704.554630028] [amir1.gripper_controller]: Received & accepted new action goal
[ign gazebo-1] [INFO] [1790611704.554787310] [amir2.gripper_controller]: Received & accepted new action goal
[ign gazebo-1] [INFO] [1790611704.669732631] [amir1.gripper_controller]: Received & accepted new action goal
[ign gazebo-1] [INFO] [1790611704.669821457] [amir2.gripper_controller]: Received & accepted new action goal
[ign gazebo-1] [INFO] [1790611704.914511187] [amir1.gripper_controller]: Received & accepted new action goal
[ign gazebo-1] [INFO] [1790611704.914596226] [amir2.gripper_controller]: Received & accepted new action goal
[ign gazebo-1] [INFO] [1790611705.125542261] [amir1.gripper_controller]: Received & accepted new action goal
[ign gazebo-1] [INFO] [1790611705.125661659] [amir2.gripper_controller]: Received & accepted new action goal
[ign gazebo-1] [INFO] [1790611705.226650693] [amir1.gripper_controller]: Received & accepted new action goal
[ign gazebo-1] [INFO] [1790611705.226787635] [amir2.gripper_controller]: Received & accepted new action goal
[ign gazebo-1] [INFO] [1790611705.442947197] [amir1.gripper_controller]: Received & accepted new action goal
[ign gazebo-1] [INFO] [1790611705.443024710] [amir2.gripper_controller]: Received & accepted new action goal
[ign gazebo-1] [INFO] [1790611705.657855378] [amir1.gripper_controller]: Received & accepted new action goal
[ign gazebo-1] [INFO] [1790611705.658005247] [amir2.gripper_controller]: Received & accepted new action goal
[ign gazebo-1] [INFO] [1790611705.768035650] [amir1.gripper_controller]: Received & accepted new action goal
[ign gazebo-1] [INFO] [1790611705.768177011] [amir2.gripper_controller]: Received & accepted new action goal
[ign gazebo-1] [INFO] [1790611706.030510796] [amir1.gripper_controller]: Received & accepted new action goal
[ign gazebo-1] [INFO] [1790611706.030616480] [amir2.gripper_controller]: Received & accepted new action goal
[ign gazebo-1] [INFO] [1790611706.263564213] [amir1.gripper_controller]: Received & accepted new action goal
[ign gazebo-1] [INFO] [1790611706.263643964] [amir2.gripper_controller]: Received & accepted new action goal
[ign gazebo-1] [INFO] [1790611706.365793565] [amir1.gripper_controller]: Received & accepted new action goal
[ign gazebo-1] [INFO] [1790611706.365793673] [amir2.gripper_controller]: Received & accepted new action goal
[ign gazebo-1] [INFO] [1790611706.613357623] [amir1.gripper_controller]: Received & accepted new action goal
[ign gazebo-1] [INFO] [1790611706.613487643] [amir2.gripper_controller]: Received & accepted new action goal
[ign gazebo-1] [INFO] [1790611706.853308862] [amir1.gripper_controller]: Received & accepted new action goal
[ign gazebo-1] [INFO] [1790611706.853326984] [amir2.gripper_controller]: Received & accepted new action goal
[ign gazebo-1] [INFO] [1790611706.972223620] [amir1.gripper_controller]: Received & accepted new action goal
[ign gazebo-1] [INFO] [1790611706.972293160] [amir2.gripper_controller]: Received & accepted new action goal
[ign gazebo-1] [INFO] [1790611707.206997429] [amir1.gripper_controller]: Received & accepted new action goal
[ign gazebo-1] [INFO] [1790611707.207008186] [amir2.gripper_controller]: Received & accepted new action goal
[ign gazebo-1] [INFO] [1790611707.415480171] [amir1.gripper_controller]: Received & accepted new action goal
[ign gazebo-1] [INFO] [1790611707.415607412] [amir2.gripper_controller]: Received & accepted new action goal
[ign gazebo-1] [INFO] [1790611707.518727534] [amir1.gripper_controller]: Received & accepted new action goal
[ign gazebo-1] [INFO] [1790611707.518848013] [amir2.gripper_controller]: Received & accepted new action goal
[ign gazebo-1] [INFO] [1790611707.731675059] [amir1.gripper_controller]: Received & accepted new action goal
[ign gazebo-1] [INFO] [1790611707.731748197] [amir2.gripper_controller]: Received & accepted new action goal
[ign gazebo-1] [INFO] [1790611707.936176200] [amir1.gripper_controller]: Received & accepted new action goal
[ign gazebo-1] [INFO] [1790611707.936191256] [amir2.gripper_controller]: Received & accepted new action goal
[ign gazebo-1] [INFO] [1790611708.041060870] [amir1.gripper_controller]: Received & accepted new action goal
[ign gazebo-1] [INFO] [1790611708.041130496] [amir2.gripper_controller]: Received & accepted new action goal
[ign gazebo-1] [INFO] [1790611708.247424881] [amir2.gripper_controller]: Received & accepted new action goal
[ign gazebo-1] [INFO] [1790611708.247451947] [amir1.gripper_controller]: Received & accepted new action goal
[ign gazebo-1] [INFO] [1790611708.466965064] [amir1.gripper_controller]: Received & accepted new action goal
[ign gazebo-1] [INFO] [1790611708.467104301] [amir2.gripper_controller]: Received & accepted new action goal
[ign gazebo-1] [INFO] [1790611708.570890718] [amir2.gripper_controller]: Received & accepted new action goal
[ign gazebo-1] [INFO] [1790611708.570894672] [amir1.gripper_controller]: Received & accepted new action goal
[ign gazebo-1] [INFO] [1790611708.788571310] [amir1.gripper_controller]: Received & accepted new action goal
[ign gazebo-1] [INFO] [1790611708.788686101] [amir2.gripper_controller]: Received & accepted new action goal
[ign gazebo-1] [INFO] [1790611709.063146213] [amir1.gripper_controller]: Received & accepted new action goal
[ign gazebo-1] [INFO] [1790611709.063194833] [amir2.gripper_controller]: Received & accepted new action goal
[ign gazebo-1] [INFO] [1790611709.171834459] [amir1.gripper_controller]: Received & accepted new action goal
[ign gazebo-1] [INFO] [1790611709.171877703] [amir2.gripper_controller]: Received & accepted new action goal
[ign gazebo-1] [INFO] [1790611709.385060385] [amir1.gripper_controller]: Received & accepted new action goal
[ign gazebo-1] [INFO] [1790611709.385198226] [amir2.gripper_controller]: Received & accepted new action goal
[ign gazebo-1] [INFO] [1790611709.671631862] [amir1.gripper_controller]: Received & accepted new action goal
[ign gazebo-1] [INFO] [1790611709.671819209] [amir2.gripper_controller]: Received & accepted new action goal
[ign gazebo-1] [INFO] [1790611709.784933053] [amir1.gripper_controller]: Received & accepted new action goal
[ign gazebo-1] [INFO] [1790611709.784998122] [amir2.gripper_controller]: Received & accepted new action goal
[ign gazebo-1] [INFO] [1790611710.021093592] [amir1.gripper_controller]: Received & accepted new action goal
[ign gazebo-1] [INFO] [1790611710.021095782] [amir2.gripper_controller]: Received & accepted new action goal
[ign gazebo-1] [INFO] [1790611710.237449987] [amir1.gripper_controller]: Received & accepted new action goal
[ign gazebo-1] [INFO] [1790611710.237513689] [amir2.gripper_controller]: Received & accepted new action goal
[ign gazebo-1] [INFO] [1790611710.350778326] [amir1.gripper_controller]: Received & accepted new action goal
[ign gazebo-1] [INFO] [1790611710.351353487] [amir2.gripper_controller]: Received & accepted new action goal
[ign gazebo-1] [INFO] [1790611710.562914717] [amir1.gripper_controller]: Received & accepted new action goal
[ign gazebo-1] [INFO] [1790611710.562996062] [amir2.gripper_controller]: Received & accepted new action goal
[ign gazebo-1] [INFO] [1790611710.829979425] [amir1.gripper_controller]: Received & accepted new action goal
[ign gazebo-1] [INFO] [1790611710.830392383] [amir2.gripper_controller]: Received & accepted new action goal
[ign gazebo-1] [INFO] [1790611710.940568708] [amir1.gripper_controller]: Received & accepted new action goal
[ign gazebo-1] [INFO] [1790611710.940790309] [amir2.gripper_controller]: Received & accepted new action goal
[ign gazebo-1] [INFO] [1790611711.158781450] [amir1.gripper_controller]: Received & accepted new action goal
[ign gazebo-1] [INFO] [1790611711.158897622] [amir2.gripper_controller]: Received & accepted new action goal
[ign gazebo-1] [INFO] [1790611711.400690063] [amir1.gripper_controller]: Received & accepted new action goal
[ign gazebo-1] [INFO] [1790611711.400767040] [amir2.gripper_controller]: Received & accepted new action goal
[ign gazebo-1] [INFO] [1790611711.509861947] [amir1.gripper_controller]: Received & accepted new action goal
[ign gazebo-1] [INFO] [1790611711.509982066] [amir2.gripper_controller]: Received & accepted new action goal
[ign gazebo-1] [INFO] [1790611711.729332996] [amir1.gripper_controller]: Received & accepted new action goal
[ign gazebo-1] [INFO] [1790611711.729417029] [amir2.gripper_controller]: Received & accepted new action goal
[ign gazebo-1] [INFO] [1790611711.938713665] [amir1.gripper_controller]: Received & accepted new action goal
[ign gazebo-1] [INFO] [1790611711.938813220] [amir2.gripper_controller]: Received & accepted new action goal
[ign gazebo-1] [INFO] [1790611712.044148023] [amir1.gripper_controller]: Received & accepted new action goal
[ign gazebo-1] [INFO] [1790611712.044300698] [amir2.gripper_controller]: Received & accepted new action goal
[ign gazebo-1] [INFO] [1790611712.288485623] [amir1.gripper_controller]: Received & accepted new action goal
[ign gazebo-1] [INFO] [1790611712.288600482] [amir2.gripper_controller]: Received & accepted new action goal
[friction_grasp_manager-34] [INFO] [1790611713.257976334] [friction_grasp_manager]: Finger wrench bias captured: amir1/left=19.1N, amir1/right=22.1N, amir2/left=19.1N, amir2/right=22.0N
[friction_grasp_manager-34] [INFO] [1790611713.258200216] [friction_grasp_manager]: Friction grasp state: HOLDING
[slip_monitor-41] [INFO] [1790611713.290590140] [slip_monitor]: Captured friction-grasp payload baseline: x=-0.000, y=-0.000, z=0.657
[ign gazebo-1] [INFO] [1790611713.620528646] [amir2.gripper_controller]: Received & accepted new action goal
[ign gazebo-1] [INFO] [1790611713.620694811] [amir1.gripper_controller]: Received & accepted new action goal
[ign gazebo-1] [INFO] [1790611713.796033207] [amir1.gripper_controller]: Received & accepted new action goal
[ign gazebo-1] [INFO] [1790611713.796154824] [amir2.gripper_controller]: Received & accepted new action goal
[ign gazebo-1] [INFO] [1790611714.175741951] [amir1.gripper_controller]: Received & accepted new action goal
[ign gazebo-1] [INFO] [1790611714.175919595] [amir2.gripper_controller]: Received & accepted new action goal
[ign gazebo-1] [INFO] [1790611714.606810345] [amir1.gripper_controller]: Received & accepted new action goal
[ign gazebo-1] [INFO] [1790611714.606923778] [amir2.gripper_controller]: Received & accepted new action goal
[ign gazebo-1] [INFO] [1790611714.793700273] [amir1.gripper_controller]: Received & accepted new action goal
[ign gazebo-1] [INFO] [1790611714.793748055] [amir2.gripper_controller]: Received & accepted new action goal
[ign gazebo-1] [INFO] [1790611715.142787861] [amir1.gripper_controller]: Received & accepted new action goal
[ign gazebo-1] [INFO] [1790611715.142873933] [amir2.gripper_controller]: Received & accepted new action goal
[ign gazebo-1] [INFO] [1790611715.447987617] [amir1.gripper_controller]: Received & accepted new action goal
[ign gazebo-1] [INFO] [1790611715.448104484] [amir2.gripper_controller]: Received & accepted new action goal
[ign gazebo-1] [INFO] [1790611715.623112967] [amir1.gripper_controller]: Received & accepted new action goal
[ign gazebo-1] [INFO] [1790611715.623217280] [amir2.gripper_controller]: Received & accepted new action goal
[ign gazebo-1] [INFO] [1790611716.009882232] [amir1.gripper_controller]: Received & accepted new action goal
[ign gazebo-1] [INFO] [1790611716.010012083] [amir2.gripper_controller]: Received & accepted new action goal
[ign gazebo-1] [INFO] [1790611716.352343061] [amir1.gripper_controller]: Received & accepted new action goal
[ign gazebo-1] [INFO] [1790611716.352631681] [amir2.gripper_controller]: Received & accepted new action goal
[ign gazebo-1] [INFO] [1790611716.483524731] [amir1.gripper_controller]: Received & accepted new action goal
[ign gazebo-1] [INFO] [1790611716.483686367] [amir2.gripper_controller]: Received & accepted new action goal
[ign gazebo-1] [INFO] [1790611716.876383286] [amir1.gripper_controller]: Received & accepted new action goal
[ign gazebo-1] [INFO] [1790611716.876482900] [amir2.gripper_controller]: Received & accepted new action goal
[ign gazebo-1] [INFO] [1790611717.230906646] [amir2.gripper_controller]: Received & accepted new action goal
[ign gazebo-1] [INFO] [1790611717.230971228] [amir1.gripper_controller]: Received & accepted new action goal
[ign gazebo-1] [INFO] [1790611717.417494366] [amir1.gripper_controller]: Received & accepted new action goal
[ign gazebo-1] [INFO] [1790611717.417516796] [amir2.gripper_controller]: Received & accepted new action goal
[ign gazebo-1] [INFO] [1790611717.732329094] [amir1.gripper_controller]: Received & accepted new action goal
[ign gazebo-1] [INFO] [1790611717.732867734] [amir2.gripper_controller]: Received & accepted new action goal
[ign gazebo-1] [INFO] [1790611718.200168267] [amir1.gripper_controller]: Received & accepted new action goal
[ign gazebo-1] [INFO] [1790611718.200260848] [amir2.gripper_controller]: Received & accepted new action goal
[ign gazebo-1] [INFO] [1790611718.363236979] [amir1.gripper_controller]: Received & accepted new action goal
[ign gazebo-1] [INFO] [1790611718.363294094] [amir2.gripper_controller]: Received & accepted new action goal
[ign gazebo-1] [INFO] [1790611718.756055679] [amir2.gripper_controller]: Received & accepted new action goal
[ign gazebo-1] [INFO] [1790611718.756058462] [amir1.gripper_controller]: Received & accepted new action goal
[ign gazebo-1] [INFO] [1790611719.056242940] [amir1.gripper_controller]: Received & accepted new action goal
[ign gazebo-1] [INFO] [1790611719.056340814] [amir2.gripper_controller]: Received & accepted new action goal
[ign gazebo-1] [INFO] [1790611719.210977355] [amir1.gripper_controller]: Received & accepted new action goal
[ign gazebo-1] [INFO] [1790611719.211109945] [amir2.gripper_controller]: Received & accepted new action goal
[ign gazebo-1] [INFO] [1790611719.595358194] [amir1.gripper_controller]: Received & accepted new action goal
[ign gazebo-1] [INFO] [1790611719.595437732] [amir2.gripper_controller]: Received & accepted new action goal
[ign gazebo-1] [INFO] [1790611719.966458017] [amir1.gripper_controller]: Received & accepted new action goal
[ign gazebo-1] [INFO] [1790611719.966601442] [amir2.gripper_controller]: Received & accepted new action goal
[ign gazebo-1] [INFO] [1790611720.106594323] [amir1.gripper_controller]: Received & accepted new action goal
[ign gazebo-1] [INFO] [1790611720.106988543] [amir2.gripper_controller]: Received & accepted new action goal
[ign gazebo-1] [INFO] [1790611720.511835090] [amir1.gripper_controller]: Received & accepted new action goal
[ign gazebo-1] [INFO] [1790611720.511979866] [amir2.gripper_controller]: Received & accepted new action goal
[ign gazebo-1] [INFO] [1790611720.901953487] [amir1.gripper_controller]: Received & accepted new action goal
[ign gazebo-1] [INFO] [1790611720.902023290] [amir2.gripper_controller]: Received & accepted new action goal
[ign gazebo-1] [INFO] [1790611721.067839421] [amir1.gripper_controller]: Received & accepted new action goal
[ign gazebo-1] [INFO] [1790611721.067867487] [amir2.gripper_controller]: Received & accepted new action goal
[ign gazebo-1] [INFO] [1790611721.378474308] [amir1.gripper_controller]: Received & accepted new action goal
[ign gazebo-1] [INFO] [1790611721.378508919] [amir2.gripper_controller]: Received & accepted new action goal
[ign gazebo-1] [INFO] [1790611721.744633878] [amir1.gripper_controller]: Received & accepted new action goal
[ign gazebo-1] [INFO] [1790611721.744790051] [amir2.gripper_controller]: Received & accepted new action goal
[ign gazebo-1] [INFO] [1790611721.949433852] [amir1.gripper_controller]: Received & accepted new action goal
[ign gazebo-1] [INFO] [1790611721.949438044] [amir2.gripper_controller]: Received & accepted new action goal
[ign gazebo-1] [INFO] [1790611722.359900996] [amir1.gripper_controller]: Received & accepted new action goal
[ign gazebo-1] [INFO] [1790611722.360017999] [amir2.gripper_controller]: Received & accepted new action goal
[ign gazebo-1] [INFO] [1790611722.738089126] [amir1.gripper_controller]: Received & accepted new action goal
[ign gazebo-1] [INFO] [1790611722.738150808] [amir2.gripper_controller]: Received & accepted new action goal
[ign gazebo-1] [INFO] [1790611722.911538627] [amir1.gripper_controller]: Received & accepted new action goal
[ign gazebo-1] [INFO] [1790611722.911572102] [amir2.gripper_controller]: Received & accepted new action goal
[ign gazebo-1] [INFO] [1790611723.283061198] [amir1.gripper_controller]: Received & accepted new action goal
[ign gazebo-1] [INFO] [1790611723.283109438] [amir2.gripper_controller]: Received & accepted new action goal
[ign gazebo-1] [INFO] [1790611723.717623597] [amir1.gripper_controller]: Received & accepted new action goal
[ign gazebo-1] [INFO] [1790611723.717679253] [amir2.gripper_controller]: Received & accepted new action goal
[ign gazebo-1] [INFO] [1790611723.925389190] [amir1.gripper_controller]: Received & accepted new action goal
[ign gazebo-1] [INFO] [1790611723.925575701] [amir2.gripper_controller]: Received & accepted new action goal
[ign gazebo-1] [INFO] [1790611724.252916418] [amir1.gripper_controller]: Received & accepted new action goal
[ign gazebo-1] [INFO] [1790611724.252986364] [amir2.gripper_controller]: Received & accepted new action goal
[ign gazebo-1] [INFO] [1790611724.634473718] [amir1.gripper_controller]: Received & accepted new action goal
[ign gazebo-1] [INFO] [1790611724.634509308] [amir2.gripper_controller]: Received & accepted new action goal
[ign gazebo-1] [INFO] [1790611724.888082169] [amir1.gripper_controller]: Received & accepted new action goal
[ign gazebo-1] [INFO] [1790611724.888331469] [amir2.gripper_controller]: Received & accepted new action goal
[ign gazebo-1] [INFO] [1790611725.350877548] [amir1.gripper_controller]: Received & accepted new action goal
[ign gazebo-1] [INFO] [1790611725.350990722] [amir2.gripper_controller]: Received & accepted new action goal
[ign gazebo-1] [INFO] [1790611725.680613942] [amir1.gripper_controller]: Received & accepted new action goal
[ign gazebo-1] [INFO] [1790611725.680624491] [amir2.gripper_controller]: Received & accepted new action goal
[ign gazebo-1] [INFO] [1790611725.867629824] [amir1.gripper_controller]: Received & accepted new action goal
[ign gazebo-1] [INFO] [1790611725.867745026] [amir2.gripper_controller]: Received & accepted new action goal
[ign gazebo-1] [INFO] [1790611726.360327847] [amir1.gripper_controller]: Received & accepted new action goal
[ign gazebo-1] [INFO] [1790611726.360475901] [amir2.gripper_controller]: Received & accepted new action goal
[ign gazebo-1] [INFO] [1790611726.777574995] [amir1.gripper_controller]: Received & accepted new action goal
[ign gazebo-1] [INFO] [1790611726.777707265] [amir2.gripper_controller]: Received & accepted new action goal
[ign gazebo-1] [INFO] [1790611726.953390333] [amir1.gripper_controller]: Received & accepted new action goal
[ign gazebo-1] [INFO] [1790611726.953475504] [amir2.gripper_controller]: Received & accepted new action goal
[ign gazebo-1] [INFO] [1790611727.273830830] [amir1.gripper_controller]: Received & accepted new action goal
[ign gazebo-1] [INFO] [1790611727.273984408] [amir2.gripper_controller]: Received & accepted new action goal
[ign gazebo-1] [INFO] [1790611727.697011267] [amir1.gripper_controller]: Received & accepted new action goal
[ign gazebo-1] [INFO] [1790611727.697197198] [amir2.gripper_controller]: Received & accepted new action goal
[ign gazebo-1] [INFO] [1790611727.899760098] [amir1.gripper_controller]: Received & accepted new action goal
[ign gazebo-1] [INFO] [1790611727.899874198] [amir2.gripper_controller]: Received & accepted new action goal
[ign gazebo-1] [INFO] [1790611728.323282917] [amir2.gripper_controller]: Received & accepted new action goal
[ign gazebo-1] [INFO] [1790611728.323299988] [amir1.gripper_controller]: Received & accepted new action goal
[ign gazebo-1] [INFO] [1790611728.604022208] [amir1.gripper_controller]: Received & accepted new action goal
[ign gazebo-1] [INFO] [1790611728.604203268] [amir2.gripper_controller]: Received & accepted new action goal
[ign gazebo-1] [INFO] [1790611728.778871860] [amir1.gripper_controller]: Received & accepted new action goal
[ign gazebo-1] [INFO] [1790611728.779010092] [amir2.gripper_controller]: Received & accepted new action goal
[ign gazebo-1] [INFO] [1790611729.143278275] [amir1.gripper_controller]: Received & accepted new action goal
[ign gazebo-1] [INFO] [1790611729.143404031] [amir2.gripper_controller]: Received & accepted new action goal
[ign gazebo-1] [INFO] [1790611729.493056283] [amir1.gripper_controller]: Received & accepted new action goal
[ign gazebo-1] [INFO] [1790611729.493113670] [amir2.gripper_controller]: Received & accepted new action goal
[ign gazebo-1] [INFO] [1790611729.672873393] [amir1.gripper_controller]: Received & accepted new action goal
[ign gazebo-1] [INFO] [1790611729.673059934] [amir2.gripper_controller]: Received & accepted new action goal
[ign gazebo-1] [INFO] [1790611729.933236504] [amir1.gripper_controller]: Received & accepted new action goal
[ign gazebo-1] [INFO] [1790611729.933448087] [amir2.gripper_controller]: Received & accepted new action goal
[ign gazebo-1] [INFO] [1790611730.293511968] [amir2.gripper_controller]: Received & accepted new action goal
[ign gazebo-1] [INFO] [1790611730.293600104] [amir1.gripper_controller]: Received & accepted new action goal
[ign gazebo-1] [INFO] [1790611730.460242383] [amir2.gripper_controller]: Received & accepted new action goal
[ign gazebo-1] [INFO] [1790611730.460258657] [amir1.gripper_controller]: Received & accepted new action goal
[ign gazebo-1] [INFO] [1790611730.821722204] [amir1.gripper_controller]: Received & accepted new action goal
[ign gazebo-1] [INFO] [1790611730.821783615] [amir2.gripper_controller]: Received & accepted new action goal
[ign gazebo-1] [INFO] [1790611731.129804811] [amir1.gripper_controller]: Received & accepted new action goal
[ign gazebo-1] [INFO] [1790611731.129988368] [amir2.gripper_controller]: Received & accepted new action goal
[ign gazebo-1] [INFO] [1790611731.366380097] [amir1.gripper_controller]: Received & accepted new action goal
[ign gazebo-1] [INFO] [1790611731.366380697] [amir2.gripper_controller]: Received & accepted new action goal
[ign gazebo-1] [INFO] [1790611731.732871649] [amir1.gripper_controller]: Received & accepted new action goal
[ign gazebo-1] [INFO] [1790611731.732915687] [amir2.gripper_controller]: Received & accepted new action goal
[ign gazebo-1] [INFO] [1790611732.152762513] [amir2.gripper_controller]: Received & accepted new action goal
[ign gazebo-1] [INFO] [1790611732.152770040] [amir1.gripper_controller]: Received & accepted new action goal
[ign gazebo-1] [INFO] [1790611732.304296275] [amir1.gripper_controller]: Received & accepted new action goal
[ign gazebo-1] [INFO] [1790611732.304376057] [amir2.gripper_controller]: Received & accepted new action goal
[ign gazebo-1] [INFO] [1790611732.723108237] [amir2.gripper_controller]: Received & accepted new action goal
[ign gazebo-1] [INFO] [1790611732.723119175] [amir1.gripper_controller]: Received & accepted new action goal
[ign gazebo-1] [INFO] [1790611733.095786209] [amir1.gripper_controller]: Received & accepted new action goal
[ign gazebo-1] [INFO] [1790611733.096128047] [amir2.gripper_controller]: Received & accepted new action goal
[ign gazebo-1] [INFO] [1790611733.342059291] [amir1.gripper_controller]: Received & accepted new action goal
[ign gazebo-1] [INFO] [1790611733.342109251] [amir2.gripper_controller]: Received & accepted new action goal
[ign gazebo-1] [INFO] [1790611733.657471613] [amir1.gripper_controller]: Received & accepted new action goal
[ign gazebo-1] [INFO] [1790611733.657664466] [amir2.gripper_controller]: Received & accepted new action goal
[ign gazebo-1] [INFO] [1790611734.097675355] [amir1.gripper_controller]: Received & accepted new action goal
[ign gazebo-1] [INFO] [1790611734.097979060] [amir2.gripper_controller]: Received & accepted new action goal
[ign gazebo-1] [INFO] [1790611734.280930310] [amir1.gripper_controller]: Received & accepted new action goal
[ign gazebo-1] [INFO] [1790611734.281157379] [amir2.gripper_controller]: Received & accepted new action goal
[ign gazebo-1] [INFO] [1790611734.646888636] [amir1.gripper_controller]: Received & accepted new action goal
[ign gazebo-1] [INFO] [1790611734.646914024] [amir2.gripper_controller]: Received & accepted new action goal
[ign gazebo-1] [INFO] [1790611735.012248715] [amir1.gripper_controller]: Received & accepted new action goal
[ign gazebo-1] [INFO] [1790611735.012439087] [amir2.gripper_controller]: Received & accepted new action goal
[ign gazebo-1] [INFO] [1790611735.145356228] [amir1.gripper_controller]: Received & accepted new action goal
[ign gazebo-1] [INFO] [1790611735.145503250] [amir2.gripper_controller]: Received & accepted new action goal
[ign gazebo-1] [INFO] [1790611735.541342549] [amir1.gripper_controller]: Received & accepted new action goal
[ign gazebo-1] [INFO] [1790611735.541391479] [amir2.gripper_controller]: Received & accepted new action goal
[ign gazebo-1] [INFO] [1790611735.886081188] [amir1.gripper_controller]: Received & accepted new action goal
[ign gazebo-1] [INFO] [1790611735.886276525] [amir2.gripper_controller]: Received & accepted new action goal
[ign gazebo-1] [INFO] [1790611736.062397394] [amir1.gripper_controller]: Received & accepted new action goal
[ign gazebo-1] [INFO] [1790611736.062397887] [amir2.gripper_controller]: Received & accepted new action goal
[ign gazebo-1] [INFO] [1790611736.382510496] [amir1.gripper_controller]: Received & accepted new action goal
[ign gazebo-1] [INFO] [1790611736.382577519] [amir2.gripper_controller]: Received & accepted new action goal
[ign gazebo-1] [INFO] [1790611736.774793243] [amir1.gripper_controller]: Received & accepted new action goal
[ign gazebo-1] [INFO] [1790611736.774855304] [amir2.gripper_controller]: Received & accepted new action goal
[ign gazebo-1] [INFO] [1790611736.954830029] [amir1.gripper_controller]: Received & accepted new action goal
[ign gazebo-1] [INFO] [1790611736.954903826] [amir2.gripper_controller]: Received & accepted new action goal
[ign gazebo-1] [INFO] [1790611737.331635000] [amir1.gripper_controller]: Received & accepted new action goal
[ign gazebo-1] [INFO] [1790611737.331782323] [amir2.gripper_controller]: Received & accepted new action goal
[ign gazebo-1] [INFO] [1790611737.601134080] [amir1.gripper_controller]: Received & accepted new action goal
[ign gazebo-1] [INFO] [1790611737.601395331] [amir2.gripper_controller]: Received & accepted new action goal
[ign gazebo-1] [INFO] [1790611737.769422039] [amir1.gripper_controller]: Received & accepted new action goal
[ign gazebo-1] [INFO] [1790611737.769536849] [amir2.gripper_controller]: Received & accepted new action goal
[ign gazebo-1] [INFO] [1790611738.131468129] [amir1.gripper_controller]: Received & accepted new action goal
[ign gazebo-1] [INFO] [1790611738.131583882] [amir2.gripper_controller]: Received & accepted new action goal
[ign gazebo-1] [INFO] [1790611738.539573641] [amir1.gripper_controller]: Received & accepted new action goal
[ign gazebo-1] [INFO] [1790611738.539614365] [amir2.gripper_controller]: Received & accepted new action goal
[ign gazebo-1] [INFO] [1790611738.716944481] [amir2.gripper_controller]: Received & accepted new action goal
[ign gazebo-1] [INFO] [1790611738.716981332] [amir1.gripper_controller]: Received & accepted new action goal
[ign gazebo-1] [INFO] [1790611739.127524305] [amir1.gripper_controller]: Received & accepted new action goal
[ign gazebo-1] [INFO] [1790611739.127630263] [amir2.gripper_controller]: Received & accepted new action goal
[ign gazebo-1] [INFO] [1790611739.505376553] [amir1.gripper_controller]: Received & accepted new action goal
[ign gazebo-1] [INFO] [1790611739.505433994] [amir2.gripper_controller]: Received & accepted new action goal
[ign gazebo-1] [INFO] [1790611739.748552726] [amir1.gripper_controller]: Received & accepted new action goal
[ign gazebo-1] [INFO] [1790611739.748770358] [amir2.gripper_controller]: Received & accepted new action goal
[ign gazebo-1] [INFO] [1790611740.143643247] [amir1.gripper_controller]: Received & accepted new action goal
[ign gazebo-1] [INFO] [1790611740.143757475] [amir2.gripper_controller]: Received & accepted new action goal
[ign gazebo-1] [INFO] [1790611740.564509512] [amir1.gripper_controller]: Received & accepted new action goal
[ign gazebo-1] [INFO] [1790611740.564720247] [amir2.gripper_controller]: Received & accepted new action goal
[ign gazebo-1] [INFO] [1790611740.735761159] [amir1.gripper_controller]: Received & accepted new action goal
[ign gazebo-1] [INFO] [1790611740.735947112] [amir2.gripper_controller]: Received & accepted new action goal
[ign gazebo-1] [INFO] [1790611741.104839118] [amir1.gripper_controller]: Received & accepted new action goal
[ign gazebo-1] [INFO] [1790611741.105043011] [amir2.gripper_controller]: Received & accepted new action goal
[ign gazebo-1] [INFO] [1790611741.463573090] [amir1.gripper_controller]: Received & accepted new action goal
[ign gazebo-1] [INFO] [1790611741.463659701] [amir2.gripper_controller]: Received & accepted new action goal
[ign gazebo-1] [INFO] [1790611741.607795942] [amir2.gripper_controller]: Received & accepted new action goal
[ign gazebo-1] [INFO] [1790611741.607812480] [amir1.gripper_controller]: Received & accepted new action goal
[ign gazebo-1] [INFO] [1790611741.967826349] [amir1.gripper_controller]: Received & accepted new action goal
[ign gazebo-1] [INFO] [1790611742.348329429] [amir1.gripper_controller]: Received & accepted new action goal
[ign gazebo-1] [INFO] [1790611742.559620793] [amir1.gripper_controller]: Received & accepted new action goal
[ign gazebo-1] [INFO] [1790611742.924827370] [amir1.gripper_controller]: Received & accepted new action goal
[ign gazebo-1] [INFO] [1790611743.304397112] [amir1.gripper_controller]: Received & accepted new action goal
[ign gazebo-1] [INFO] [1790611743.486597195] [amir1.gripper_controller]: Received & accepted new action goal
[ign gazebo-1] [INFO] [1790611743.815924573] [amir1.gripper_controller]: Received & accepted new action goal
[grasp_support_remover-38] [INFO] [1790611743.920435074] [grasp_support_remover]: Removed temporary support model "grasp_support"; transport may start.
[ign gazebo-1] [INFO] [1790611744.256406327] [amir1.gripper_controller]: Received & accepted new action goal
[ign gazebo-1] [INFO] [1790611744.439236199] [amir1.gripper_controller]: Received & accepted new action goal
[ign gazebo-1] [INFO] [1790611744.778550571] [amir1.gripper_controller]: Received & accepted new action goal
[ign gazebo-1] [INFO] [1790611745.124388264] [amir1.gripper_controller]: Received & accepted new action goal
[ign gazebo-1] [INFO] [1790611745.332954239] [amir1.gripper_controller]: Received & accepted new action goal
[ign gazebo-1] [INFO] [1790611745.667386611] [amir1.gripper_controller]: Received & accepted new action goal
[rotation_controller-6] [INFO] [1790611745.972150042] [cooperative_rotation_controller]: シーケンス開始: 搬送（直進） （0.500 m）
[coordinator-39] [INFO] [1790611745.986629630] [cooperative_coordinator]: Payload goal: x=-0.000, y=-0.000, yaw=-0.000
[coordinator-39] [INFO] [1790611745.987047960] [cooperative_coordinator]: Formation-distance reference captured: 2.1339 m
[ign gazebo-1] [INFO] [1790611746.023362649] [amir1.gripper_controller]: Received & accepted new action goal
[ign gazebo-1] [INFO] [1790611746.195610376] [amir1.gripper_controller]: Received & accepted new action goal
[ign gazebo-1] [INFO] [1790611746.560397487] [amir1.gripper_controller]: Received & accepted new action goal
[ign gazebo-1] [INFO] [1790611746.854238139] [amir1.gripper_controller]: Received & accepted new action goal
[coordinator-39] [INFO] [1790611747.001577829] [cooperative_coordinator]: Payload goal: x=0.005, y=-0.000, yaw=-0.000
[ign gazebo-1] [INFO] [1790611747.037987741] [amir1.gripper_controller]: Received & accepted new action goal
[ign gazebo-1] [INFO] [1790611747.487680012] [amir1.gripper_controller]: Received & accepted new action goal
[ign gazebo-1] [INFO] [1790611747.843394928] [amir1.gripper_controller]: Received & accepted new action goal
[coordinator-39] [INFO] [1790611748.006222656] [cooperative_coordinator]: Payload goal: x=0.015, y=-0.000, yaw=-0.000
[ign gazebo-1] [INFO] [1790611748.043787586] [amir1.gripper_controller]: Received & accepted new action goal
[ign gazebo-1] [INFO] [1790611748.496875071] [amir1.gripper_controller]: Received & accepted new action goal
[ign gazebo-1] [INFO] [1790611748.880461472] [amir1.gripper_controller]: Received & accepted new action goal
[coordinator-39] [INFO] [1790611749.021694698] [cooperative_coordinator]: Payload goal: x=0.032, y=-0.000, yaw=-0.000
[ign gazebo-1] [INFO] [1790611749.091194463] [amir1.gripper_controller]: Received & accepted new action goal
[ign gazebo-1] [INFO] [1790611749.462511288] [amir1.gripper_controller]: Received & accepted new action goal
[coordinator-39] [INFO] [1790611750.033078749] [cooperative_coordinator]: Payload goal: x=0.045, y=-0.000, yaw=-0.000
[ign gazebo-1] [INFO] [1790611750.057430835] [amir1.gripper_controller]: Received & accepted new action goal
[ign gazebo-1] [INFO] [1790611750.057844295] [amir2.gripper_controller]: Received & accepted new action goal
[ign gazebo-1] [INFO] [1790611750.373486754] [amir1.gripper_controller]: Received & accepted new action goal
[ign gazebo-1] [INFO] [1790611750.373631620] [amir2.gripper_controller]: Received & accepted new action goal
[ign gazebo-1] [INFO] [1790611750.810751706] [amir1.gripper_controller]: Received & accepted new action goal
[ign gazebo-1] [INFO] [1790611750.810888051] [amir2.gripper_controller]: Received & accepted new action goal
[coordinator-39] [INFO] [1790611751.036949288] [cooperative_coordinator]: Payload goal: x=0.045, y=-0.000, yaw=-0.000
[ign gazebo-1] [INFO] [1790611751.055495439] [amir1.gripper_controller]: Received & accepted new action goal
[ign gazebo-1] [INFO] [1790611751.055687920] [amir2.gripper_controller]: Received & accepted new action goal
[ign gazebo-1] [INFO] [1790611751.423694869] [amir1.gripper_controller]: Received & accepted new action goal
[ign gazebo-1] [INFO] [1790611751.731345514] [amir2.gripper_controller]: Received & accepted new action goal
[ign gazebo-1] [INFO] [1790611751.854859161] [amir2.gripper_controller]: Received & accepted new action goal
[coordinator-39] [INFO] [1790611752.043341024] [cooperative_coordinator]: Payload goal: x=0.045, y=-0.000, yaw=-0.000
[ign gazebo-1] [INFO] [1790611752.106765549] [amir2.gripper_controller]: Received & accepted new action goal
[ign gazebo-1] [INFO] [1790611752.449491315] [amir1.gripper_controller]: Received & accepted new action goal
[ign gazebo-1] [INFO] [1790611752.449578924] [amir2.gripper_controller]: Received & accepted new action goal
[ign gazebo-1] [INFO] [1790611752.833373165] [amir1.gripper_controller]: Received & accepted new action goal
[coordinator-39] [INFO] [1790611753.051141164] [cooperative_coordinator]: Payload goal: x=0.045, y=-0.000, yaw=-0.000
[ign gazebo-1] [INFO] [1790611753.171017572] [amir1.gripper_controller]: Received & accepted new action goal
[ign gazebo-1] [INFO] [1790611753.171161093] [amir2.gripper_controller]: Received & accepted new action goal
[ign gazebo-1] [INFO] [1790611753.382633036] [amir1.gripper_controller]: Received & accepted new action goal
[ign gazebo-1] [INFO] [1790611753.382798543] [amir2.gripper_controller]: Received & accepted new action goal
[ign gazebo-1] [INFO] [1790611753.796425462] [amir1.gripper_controller]: Received & accepted new action goal
[ign gazebo-1] [INFO] [1790611753.796593472] [amir2.gripper_controller]: Received & accepted new action goal
[coordinator-39] [INFO] [1790611754.067423012] [cooperative_coordinator]: Payload goal: x=0.052, y=-0.000, yaw=-0.000
[ign gazebo-1] [INFO] [1790611754.239452503] [amir2.gripper_controller]: Received & accepted new action goal
[ign gazebo-1] [INFO] [1790611754.239494436] [amir1.gripper_controller]: Received & accepted new action goal
[ign gazebo-1] [INFO] [1790611754.414647726] [amir1.gripper_controller]: Received & accepted new action goal
[ign gazebo-1] [INFO] [1790611754.415061306] [amir2.gripper_controller]: Received & accepted new action goal
[ign gazebo-1] [INFO] [1790611754.764627240] [amir1.gripper_controller]: Received & accepted new action goal
[ign gazebo-1] [INFO] [1790611754.764719888] [amir2.gripper_controller]: Received & accepted new action goal
[coordinator-39] [INFO] [1790611755.069220063] [cooperative_coordinator]: Payload goal: x=0.070, y=-0.000, yaw=-0.000
[ign gazebo-1] [INFO] [1790611755.174273592] [amir1.gripper_controller]: Received & accepted new action goal
[ign gazebo-1] [INFO] [1790611755.174476635] [amir2.gripper_controller]: Received & accepted new action goal
[ign gazebo-1] [INFO] [1790611755.396317477] [amir1.gripper_controller]: Received & accepted new action goal
[ign gazebo-1] [INFO] [1790611755.396433031] [amir2.gripper_controller]: Received & accepted new action goal
[ign gazebo-1] [INFO] [1790611755.824637820] [amir1.gripper_controller]: Received & accepted new action goal
[ign gazebo-1] [INFO] [1790611755.824675353] [amir2.gripper_controller]: Received & accepted new action goal
[coordinator-39] [INFO] [1790611756.093241458] [cooperative_coordinator]: Payload goal: x=0.070, y=-0.000, yaw=-0.000
[ign gazebo-1] [INFO] [1790611756.296932095] [amir1.gripper_controller]: Received & accepted new action goal
[ign gazebo-1] [INFO] [1790611756.297115758] [amir2.gripper_controller]: Received & accepted new action goal
[ign gazebo-1] [INFO] [1790611756.454672735] [amir2.gripper_controller]: Received & accepted new action goal
[ign gazebo-1] [INFO] [1790611756.454763055] [amir1.gripper_controller]: Received & accepted new action goal
[ign gazebo-1] [INFO] [1790611756.791981704] [amir1.gripper_controller]: Received & accepted new action goal
[ign gazebo-1] [INFO] [1790611756.792143126] [amir2.gripper_controller]: Received & accepted new action goal
[ign gazebo-1] [INFO] [1790611757.085051832] [amir1.gripper_controller]: Received & accepted new action goal
[ign gazebo-1] [INFO] [1790611757.085274454] [amir2.gripper_controller]: Received & accepted new action goal
[coordinator-39] [INFO] [1790611757.100435055] [cooperative_coordinator]: Payload goal: x=0.070, y=-0.000, yaw=-0.000
[ign gazebo-1] [INFO] [1790611757.280693464] [amir1.gripper_controller]: Received & accepted new action goal
[ign gazebo-1] [INFO] [1790611757.280954418] [amir2.gripper_controller]: Received & accepted new action goal
[ign gazebo-1] [INFO] [1790611757.685847287] [amir1.gripper_controller]: Received & accepted new action goal
[ign gazebo-1] [INFO] [1790611757.685929339] [amir2.gripper_controller]: Received & accepted new action goal
[ign gazebo-1] [INFO] [1790611758.085987943] [amir1.gripper_controller]: Received & accepted new action goal
[ign gazebo-1] [INFO] [1790611758.086119767] [amir2.gripper_controller]: Received & accepted new action goal
[coordinator-39] [INFO] [1790611758.106690252] [cooperative_coordinator]: Payload goal: x=0.070, y=-0.000, yaw=-0.000
[ign gazebo-1] [INFO] [1790611758.240269510] [amir1.gripper_controller]: Received & accepted new action goal
[ign gazebo-1] [INFO] [1790611758.240337172] [amir2.gripper_controller]: Received & accepted new action goal
[ign gazebo-1] [INFO] [1790611758.724045253] [amir1.gripper_controller]: Received & accepted new action goal
[ign gazebo-1] [INFO] [1790611758.724275816] [amir2.gripper_controller]: Received & accepted new action goal
[ign gazebo-1] [INFO] [1790611759.123738364] [amir1.gripper_controller]: Received & accepted new action goal
[ign gazebo-1] [INFO] [1790611759.123833078] [amir2.gripper_controller]: Received & accepted new action goal
[coordinator-39] [INFO] [1790611759.125092891] [cooperative_coordinator]: Payload goal: x=0.070, y=-0.000, yaw=-0.000
[ign gazebo-1] [INFO] [1790611759.269792992] [amir1.gripper_controller]: Received & accepted new action goal
[ign gazebo-1] [INFO] [1790611759.269857276] [amir2.gripper_controller]: Received & accepted new action goal
[ign gazebo-1] [INFO] [1790611759.672546964] [amir1.gripper_controller]: Received & accepted new action goal
[ign gazebo-1] [INFO] [1790611759.672701311] [amir2.gripper_controller]: Received & accepted new action goal
[ign gazebo-1] [INFO] [1790611760.119453905] [amir1.gripper_controller]: Received & accepted new action goal
[ign gazebo-1] [INFO] [1790611760.119533855] [amir2.gripper_controller]: Received & accepted new action goal
[coordinator-39] [INFO] [1790611760.143804206] [cooperative_coordinator]: Payload goal: x=0.084, y=-0.000, yaw=-0.000
[ign gazebo-1] [INFO] [1790611760.379143621] [amir1.gripper_controller]: Received & accepted new action goal
[ign gazebo-1] [INFO] [1790611760.379176297] [amir2.gripper_controller]: Received & accepted new action goal
[ign gazebo-1] [INFO] [1790611760.688842270] [amir2.gripper_controller]: Received & accepted new action goal
[ign gazebo-1] [INFO] [1790611761.038547586] [amir1.gripper_controller]: Received & accepted new action goal
[coordinator-39] [INFO] [1790611761.147086905] [cooperative_coordinator]: Payload goal: x=0.094, y=-0.000, yaw=-0.000
[ign gazebo-1] [INFO] [1790611761.198204914] [amir1.gripper_controller]: Received & accepted new action goal
[ign gazebo-1] [INFO] [1790611761.198271416] [amir2.gripper_controller]: Received & accepted new action goal
[ign gazebo-1] [INFO] [1790611761.499786858] [amir1.gripper_controller]: Received & accepted new action goal
[friction_grasp_manager-34] [WARN] [1790611761.500380467] [friction_grasp_manager]: amir2 finger force above 26.0 N; backing off.
[ign gazebo-1] [INFO] [1790611761.500718417] [amir2.gripper_controller]: Received & accepted new action goal
[ign gazebo-1] [INFO] [1790611761.816041874] [amir1.gripper_controller]: Received & accepted new action goal
[ign gazebo-1] [INFO] [1790611761.816107425] [amir2.gripper_controller]: Received & accepted new action goal
[ign gazebo-1] [INFO] [1790611762.025677603] [amir1.gripper_controller]: Received & accepted new action goal
[ign gazebo-1] [INFO] [1790611762.025733944] [amir2.gripper_controller]: Received & accepted new action goal
[coordinator-39] [INFO] [1790611762.147536198] [cooperative_coordinator]: Payload goal: x=0.094, y=-0.000, yaw=-0.000
[ign gazebo-1] [INFO] [1790611762.389829880] [amir2.gripper_controller]: Received & accepted new action goal
[ign gazebo-1] [INFO] [1790611762.662233641] [amir2.gripper_controller]: Received & accepted new action goal
[ign gazebo-1] [INFO] [1790611762.805590997] [amir2.gripper_controller]: Received & accepted new action goal
[ign gazebo-1] [INFO] [1790611763.149947533] [amir1.gripper_controller]: Received & accepted new action goal
[ign gazebo-1] [INFO] [1790611763.150323670] [amir2.gripper_controller]: Received & accepted new action goal
[coordinator-39] [INFO] [1790611763.151170541] [cooperative_coordinator]: Payload goal: x=0.094, y=-0.000, yaw=-0.000
[ign gazebo-1] [INFO] [1790611763.499781822] [amir1.gripper_controller]: Received & accepted new action goal
[ign gazebo-1] [INFO] [1790611763.679123243] [amir1.gripper_controller]: Received & accepted new action goal
[ign gazebo-1] [INFO] [1790611764.063183234] [amir1.gripper_controller]: Received & accepted new action goal
[ign gazebo-1] [INFO] [1790611764.063660398] [amir2.gripper_controller]: Received & accepted new action goal
[coordinator-39] [INFO] [1790611764.152934394] [cooperative_coordinator]: Payload goal: x=0.094, y=-0.000, yaw=-0.000
[ign gazebo-1] [INFO] [1790611764.457732237] [amir1.gripper_controller]: Received & accepted new action goal
[ign gazebo-1] [INFO] [1790611764.457875132] [amir2.gripper_controller]: Received & accepted new action goal
[ign gazebo-1] [INFO] [1790611764.644709149] [amir1.gripper_controller]: Received & accepted new action goal
[ign gazebo-1] [INFO] [1790611764.644743993] [amir2.gripper_controller]: Received & accepted new action goal
[ign gazebo-1] [INFO] [1790611765.034074091] [amir1.gripper_controller]: Received & accepted new action goal
[ign gazebo-1] [INFO] [1790611765.034112799] [amir2.gripper_controller]: Received & accepted new action goal
[coordinator-39] [INFO] [1790611765.172349144] [cooperative_coordinator]: Payload goal: x=0.105, y=-0.000, yaw=-0.000
[ign gazebo-1] [INFO] [1790611765.453646752] [amir1.gripper_controller]: Received & accepted new action goal
[ign gazebo-1] [INFO] [1790611765.453694183] [amir2.gripper_controller]: Received & accepted new action goal
[ign gazebo-1] [INFO] [1790611765.626611326] [amir2.gripper_controller]: Received & accepted new action goal
[ign gazebo-1] [INFO] [1790611765.872713141] [amir1.gripper_controller]: Received & accepted new action goal
[ign gazebo-1] [INFO] [1790611765.873085693] [amir2.gripper_controller]: Received & accepted new action goal
[ign gazebo-1] [INFO] [1790611766.171962260] [amir1.gripper_controller]: Received & accepted new action goal
[ign gazebo-1] [INFO] [1790611766.172043671] [amir2.gripper_controller]: Received & accepted new action goal
[coordinator-39] [INFO] [1790611766.175103539] [cooperative_coordinator]: Payload goal: x=0.119, y=-0.000, yaw=-0.000
[ign gazebo-1] [INFO] [1790611766.380769825] [amir1.gripper_controller]: Received & accepted new action goal
[ign gazebo-1] [INFO] [1790611766.380894757] [amir2.gripper_controller]: Received & accepted new action goal
[ign gazebo-1] [INFO] [1790611766.741656765] [amir2.gripper_controller]: Received & accepted new action goal
[ign gazebo-1] [INFO] [1790611766.741808698] [amir1.gripper_controller]: Received & accepted new action goal
[ign gazebo-1] [INFO] [1790611767.135672873] [amir1.gripper_controller]: Received & accepted new action goal
[ign gazebo-1] [INFO] [1790611767.135738942] [amir2.gripper_controller]: Received & accepted new action goal
[coordinator-39] [INFO] [1790611767.192243720] [cooperative_coordinator]: Payload goal: x=0.119, y=-0.000, yaw=-0.000
[ign gazebo-1] [INFO] [1790611767.337675392] [amir1.gripper_controller]: Received & accepted new action goal
[ign gazebo-1] [INFO] [1790611767.337844567] [amir2.gripper_controller]: Received & accepted new action goal
[ign gazebo-1] [INFO] [1790611767.733458430] [amir1.gripper_controller]: Received & accepted new action goal
[ign gazebo-1] [INFO] [1790611767.733509722] [amir2.gripper_controller]: Received & accepted new action goal
[friction_grasp_manager-34] [WARN] [1790611767.991645823] [friction_grasp_manager]: amir2 finger force above 26.0 N; backing off.
[ign gazebo-1] [INFO] [1790611767.992009786] [amir2.gripper_controller]: Received & accepted new action goal
[ign gazebo-1] [INFO] [1790611768.125272493] [amir2.gripper_controller]: Received & accepted new action goal
[coordinator-39] [INFO] [1790611768.199434081] [cooperative_coordinator]: Payload goal: x=0.119, y=-0.000, yaw=-0.000
[ign gazebo-1] [INFO] [1790611768.361887113] [amir2.gripper_controller]: Received & accepted new action goal
[ign gazebo-1] [INFO] [1790611768.765888604] [amir1.gripper_controller]: Received & accepted new action goal
[ign gazebo-1] [INFO] [1790611768.765932516] [amir2.gripper_controller]: Received & accepted new action goal
[ign gazebo-1] [INFO] [1790611768.971878304] [amir1.gripper_controller]: Received & accepted new action goal
[ign gazebo-1] [INFO] [1790611768.971943494] [amir2.gripper_controller]: Received & accepted new action goal
[coordinator-39] [INFO] [1790611769.201401846] [cooperative_coordinator]: Payload goal: x=0.119, y=-0.000, yaw=-0.000
[ign gazebo-1] [INFO] [1790611769.390949775] [amir1.gripper_controller]: Received & accepted new action goal
[ign gazebo-1] [INFO] [1790611769.390999595] [amir2.gripper_controller]: Received & accepted new action goal
[ign gazebo-1] [INFO] [1790611769.785407514] [amir1.gripper_controller]: Received & accepted new action goal
[ign gazebo-1] [INFO] [1790611769.785470426] [amir2.gripper_controller]: Received & accepted new action goal
[ign gazebo-1] [INFO] [1790611770.011266415] [amir2.gripper_controller]: Received & accepted new action goal
[ign gazebo-1] [INFO] [1790611770.011361511] [amir1.gripper_controller]: Received & accepted new action goal
[coordinator-39] [INFO] [1790611770.223237641] [cooperative_coordinator]: Payload goal: x=0.126, y=-0.000, yaw=-0.000
[ign gazebo-1] [INFO] [1790611770.447342640] [amir1.gripper_controller]: Received & accepted new action goal
[ign gazebo-1] [INFO] [1790611770.447414193] [amir2.gripper_controller]: Received & accepted new action goal
[ign gazebo-1] [INFO] [1790611770.730285233] [amir1.gripper_controller]: Received & accepted new action goal
[ign gazebo-1] [INFO] [1790611770.730385441] [amir2.gripper_controller]: Received & accepted new action goal
[ign gazebo-1] [INFO] [1790611770.931378493] [amir1.gripper_controller]: Received & accepted new action goal
[ign gazebo-1] [INFO] [1790611770.931436995] [amir2.gripper_controller]: Received & accepted new action goal
[ign gazebo-1] [INFO] [1790611771.172505900] [amir1.gripper_controller]: Received & accepted new action goal
[ign gazebo-1] [INFO] [1790611771.172611044] [amir2.gripper_controller]: Received & accepted new action goal
[coordinator-39] [INFO] [1790611771.226937219] [cooperative_coordinator]: Payload goal: x=0.143, y=-0.000, yaw=-0.000
[ign gazebo-1] [INFO] [1790611771.504559409] [amir1.gripper_controller]: Received & accepted new action goal
[ign gazebo-1] [INFO] [1790611771.504739057] [amir2.gripper_controller]: Received & accepted new action goal
[ign gazebo-1] [INFO] [1790611771.773707470] [amir1.gripper_controller]: Received & accepted new action goal
[friction_grasp_manager-34] [WARN] [1790611772.055409793] [friction_grasp_manager]: amir1 finger force above 26.0 N; backing off.
[ign gazebo-1] [INFO] [1790611772.055657983] [amir1.gripper_controller]: Received & accepted new action goal
[ign gazebo-1] [INFO] [1790611772.055830100] [amir2.gripper_controller]: Received & accepted new action goal
[ign gazebo-1] [INFO] [1790611772.205684309] [amir1.gripper_controller]: Received & accepted new action goal
[ign gazebo-1] [INFO] [1790611772.205790280] [amir2.gripper_controller]: Received & accepted new action goal
[coordinator-39] [INFO] [1790611772.228948419] [cooperative_coordinator]: Payload goal: x=0.143, y=-0.000, yaw=-0.000
[ign gazebo-1] [INFO] [1790611772.524408043] [amir1.gripper_controller]: Received & accepted new action goal
[ign gazebo-1] [INFO] [1790611772.524615981] [amir2.gripper_controller]: Received & accepted new action goal
[ign gazebo-1] [INFO] [1790611772.952556027] [amir1.gripper_controller]: Received & accepted new action goal
[ign gazebo-1] [INFO] [1790611772.952745855] [amir2.gripper_controller]: Received & accepted new action goal
[ign gazebo-1] [INFO] [1790611773.121622256] [amir2.gripper_controller]: Received & accepted new action goal
[coordinator-39] [INFO] [1790611773.238651241] [cooperative_coordinator]: Payload goal: x=0.143, y=-0.000, yaw=-0.000
[ign gazebo-1] [INFO] [1790611773.403385281] [amir2.gripper_controller]: Received & accepted new action goal
[ign gazebo-1] [INFO] [1790611773.403386680] [amir1.gripper_controller]: Received & accepted new action goal
[ign gazebo-1] [INFO] [1790611773.752933565] [amir1.gripper_controller]: Received & accepted new action goal
[ign gazebo-1] [INFO] [1790611773.752985383] [amir2.gripper_controller]: Received & accepted new action goal
[ign gazebo-1] [INFO] [1790611773.866410325] [amir1.gripper_controller]: Received & accepted new action goal
[ign gazebo-1] [INFO] [1790611773.866500545] [amir2.gripper_controller]: Received & accepted new action goal
[ign gazebo-1] [INFO] [1790611774.227849092] [amir1.gripper_controller]: Received & accepted new action goal
[ign gazebo-1] [INFO] [1790611774.227945952] [amir2.gripper_controller]: Received & accepted new action goal
[coordinator-39] [INFO] [1790611774.250926988] [cooperative_coordinator]: Payload goal: x=0.143, y=-0.000, yaw=-0.000
[ign gazebo-1] [INFO] [1790611774.584867245] [amir1.gripper_controller]: Received & accepted new action goal
[ign gazebo-1] [INFO] [1790611774.584996123] [amir2.gripper_controller]: Received & accepted new action goal
[ign gazebo-1] [INFO] [1790611774.772847071] [amir1.gripper_controller]: Received & accepted new action goal
[ign gazebo-1] [INFO] [1790611774.773051549] [amir2.gripper_controller]: Received & accepted new action goal
[ign gazebo-1] [INFO] [1790611775.202747803] [amir2.gripper_controller]: Received & accepted new action goal
[ign gazebo-1] [INFO] [1790611775.202756617] [amir1.gripper_controller]: Received & accepted new action goal
[coordinator-39] [INFO] [1790611775.264073116] [cooperative_coordinator]: Payload goal: x=0.158, y=-0.000, yaw=-0.000
[ign gazebo-1] [INFO] [1790611775.680168743] [amir1.gripper_controller]: Received & accepted new action goal
[ign gazebo-1] [INFO] [1790611775.680185604] [amir2.gripper_controller]: Received & accepted new action goal
[ign gazebo-1] [INFO] [1790611775.997067824] [amir1.gripper_controller]: Received & accepted new action goal
[ign gazebo-1] [INFO] [1790611775.997157294] [amir2.gripper_controller]: Received & accepted new action goal
[ign gazebo-1] [INFO] [1790611776.229814000] [amir1.gripper_controller]: Received & accepted new action goal
[ign gazebo-1] [INFO] [1790611776.229888262] [amir2.gripper_controller]: Received & accepted new action goal
[coordinator-39] [INFO] [1790611776.281431406] [cooperative_coordinator]: Payload goal: x=0.168, y=-0.000, yaw=-0.000
[ign gazebo-1] [INFO] [1790611776.555047650] [amir1.gripper_controller]: Received & accepted new action goal
[ign gazebo-1] [INFO] [1790611776.555160628] [amir2.gripper_controller]: Received & accepted new action goal
[ign gazebo-1] [INFO] [1790611776.815552477] [amir1.gripper_controller]: Received & accepted new action goal
[ign gazebo-1] [INFO] [1790611776.815630846] [amir2.gripper_controller]: Received & accepted new action goal
[ign gazebo-1] [INFO] [1790611776.965274252] [amir1.gripper_controller]: Received & accepted new action goal
[ign gazebo-1] [INFO] [1790611776.965300754] [amir2.gripper_controller]: Received & accepted new action goal
[coordinator-39] [INFO] [1790611777.293943772] [cooperative_coordinator]: Payload goal: x=0.168, y=-0.000, yaw=-0.000
[ign gazebo-1] [INFO] [1790611777.319821202] [amir1.gripper_controller]: Received & accepted new action goal
[ign gazebo-1] [INFO] [1790611777.320027040] [amir2.gripper_controller]: Received & accepted new action goal
[ign gazebo-1] [INFO] [1790611777.747222014] [amir2.gripper_controller]: Received & accepted new action goal
[ign gazebo-1] [INFO] [1790611777.747317109] [amir1.gripper_controller]: Received & accepted new action goal
[ign gazebo-1] [INFO] [1790611777.956810458] [amir1.gripper_controller]: Received & accepted new action goal
[ign gazebo-1] [INFO] [1790611777.956916149] [amir2.gripper_controller]: Received & accepted new action goal
[coordinator-39] [INFO] [1790611778.314030290] [cooperative_coordinator]: Payload goal: x=0.168, y=-0.000, yaw=-0.000
[ign gazebo-1] [INFO] [1790611778.395469847] [amir1.gripper_controller]: Received & accepted new action goal
[ign gazebo-1] [INFO] [1790611778.395619542] [amir2.gripper_controller]: Received & accepted new action goal
[ign gazebo-1] [INFO] [1790611778.669128320] [amir1.gripper_controller]: Received & accepted new action goal
[ign gazebo-1] [INFO] [1790611778.669254900] [amir2.gripper_controller]: Received & accepted new action goal
[ign gazebo-1] [INFO] [1790611778.877426611] [amir1.gripper_controller]: Received & accepted new action goal
[ign gazebo-1] [INFO] [1790611778.877508660] [amir2.gripper_controller]: Received & accepted new action goal
[ign gazebo-1] [INFO] [1790611779.257115180] [amir1.gripper_controller]: Received & accepted new action goal
[ign gazebo-1] [INFO] [1790611779.257203216] [amir2.gripper_controller]: Received & accepted new action goal
[coordinator-39] [INFO] [1790611779.317490792] [cooperative_coordinator]: Payload goal: x=0.168, y=-0.000, yaw=-0.000
[ign gazebo-1] [INFO] [1790611779.584168176] [amir1.gripper_controller]: Received & accepted new action goal
[ign gazebo-1] [INFO] [1790611779.584249922] [amir2.gripper_controller]: Received & accepted new action goal
[friction_grasp_manager-34] [WARN] [1790611779.731593082] [friction_grasp_manager]: amir1 finger force above 26.0 N; backing off.
[ign gazebo-1] [INFO] [1790611779.731855595] [amir2.gripper_controller]: Received & accepted new action goal
[ign gazebo-1] [INFO] [1790611779.731891833] [amir1.gripper_controller]: Received & accepted new action goal
[ign gazebo-1] [INFO] [1790611779.968432445] [amir1.gripper_controller]: Received & accepted new action goal
[ign gazebo-1] [INFO] [1790611780.248521458] [amir2.gripper_controller]: Received & accepted new action goal
[coordinator-39] [INFO] [1790611780.332703251] [cooperative_coordinator]: Payload goal: x=0.179, y=-0.000, yaw=-0.000
[ign gazebo-1] [INFO] [1790611780.385231729] [amir2.gripper_controller]: Received & accepted new action goal
[ign gazebo-1] [INFO] [1790611780.642488080] [amir1.gripper_controller]: Received & accepted new action goal
[ign gazebo-1] [INFO] [1790611780.642704680] [amir2.gripper_controller]: Received & accepted new action goal
[ign gazebo-1] [INFO] [1790611780.907689692] [amir1.gripper_controller]: Received & accepted new action goal
[ign gazebo-1] [INFO] [1790611780.907794253] [amir2.gripper_controller]: Received & accepted new action goal
[ign gazebo-1] [INFO] [1790611781.124769879] [amir1.gripper_controller]: Received & accepted new action goal
[ign gazebo-1] [INFO] [1790611781.124817181] [amir2.gripper_controller]: Received & accepted new action goal
[coordinator-39] [INFO] [1790611781.334926034] [cooperative_coordinator]: Payload goal: x=0.192, y=-0.000, yaw=-0.000
[ign gazebo-1] [INFO] [1790611781.488942612] [amir1.gripper_controller]: Received & accepted new action goal
[ign gazebo-1] [INFO] [1790611781.489011144] [amir2.gripper_controller]: Received & accepted new action goal
[ign gazebo-1] [INFO] [1790611781.865684288] [amir1.gripper_controller]: Received & accepted new action goal
[ign gazebo-1] [INFO] [1790611781.865844953] [amir2.gripper_controller]: Received & accepted new action goal
[ign gazebo-1] [INFO] [1790611782.024632769] [amir1.gripper_controller]: Received & accepted new action goal
[ign gazebo-1] [INFO] [1790611782.024749942] [amir2.gripper_controller]: Received & accepted new action goal
[coordinator-39] [INFO] [1790611782.354101929] [cooperative_coordinator]: Payload goal: x=0.192, y=-0.000, yaw=-0.000
[ign gazebo-1] [INFO] [1790611782.993378553] [amir1.gripper_controller]: Received & accepted new action goal
[ign gazebo-1] [INFO] [1790611782.993480993] [amir2.gripper_controller]: Received & accepted new action goal
[ign gazebo-1] [INFO] [1790611783.361609004] [amir1.gripper_controller]: Received & accepted new action goal
[ign gazebo-1] [INFO] [1790611783.362032332] [amir2.gripper_controller]: Received & accepted new action goal
[coordinator-39] [INFO] [1790611783.364261251] [cooperative_coordinator]: Payload goal: x=0.192, y=-0.000, yaw=-0.000
[ign gazebo-1] [INFO] [1790611783.791888338] [amir1.gripper_controller]: Received & accepted new action goal
[ign gazebo-1] [INFO] [1790611783.791957108] [amir2.gripper_controller]: Received & accepted new action goal
[ign gazebo-1] [INFO] [1790611783.996814207] [amir1.gripper_controller]: Received & accepted new action goal
[ign gazebo-1] [INFO] [1790611783.996896653] [amir2.gripper_controller]: Received & accepted new action goal
[coordinator-39] [INFO] [1790611784.381516240] [cooperative_coordinator]: Payload goal: x=0.192, y=-0.000, yaw=-0.000
[ign gazebo-1] [INFO] [1790611784.394613843] [amir1.gripper_controller]: Received & accepted new action goal
[ign gazebo-1] [INFO] [1790611784.394691882] [amir2.gripper_controller]: Received & accepted new action goal
[ign gazebo-1] [INFO] [1790611784.755565587] [amir1.gripper_controller]: Received & accepted new action goal
[ign gazebo-1] [INFO] [1790611784.755613152] [amir2.gripper_controller]: Received & accepted new action goal
[ign gazebo-1] [INFO] [1790611784.941291799] [amir1.gripper_controller]: Received & accepted new action goal
[ign gazebo-1] [INFO] [1790611784.941293501] [amir2.gripper_controller]: Received & accepted new action goal
[ign gazebo-1] [INFO] [1790611785.299899299] [amir1.gripper_controller]: Received & accepted new action goal
[ign gazebo-1] [INFO] [1790611785.300056162] [amir2.gripper_controller]: Received & accepted new action goal
[coordinator-39] [INFO] [1790611785.385119042] [cooperative_coordinator]: Payload goal: x=0.192, y=-0.000, yaw=-0.000
[ign gazebo-1] [INFO] [1790611785.605573690] [amir1.gripper_controller]: Received & accepted new action goal
[ign gazebo-1] [INFO] [1790611785.605691660] [amir2.gripper_controller]: Received & accepted new action goal
[ign gazebo-1] [INFO] [1790611785.833981489] [amir1.gripper_controller]: Received & accepted new action goal
[ign gazebo-1] [INFO] [1790611785.834088624] [amir2.gripper_controller]: Received & accepted new action goal
[ign gazebo-1] [INFO] [1790611786.290970646] [amir1.gripper_controller]: Received & accepted new action goal
[ign gazebo-1] [INFO] [1790611786.291084947] [amir2.gripper_controller]: Received & accepted new action goal
[coordinator-39] [INFO] [1790611786.404626879] [cooperative_coordinator]: Payload goal: x=0.216, y=-0.000, yaw=-0.000
[ign gazebo-1] [INFO] [1790611786.698279841] [amir1.gripper_controller]: Received & accepted new action goal
[ign gazebo-1] [INFO] [1790611786.698418405] [amir2.gripper_controller]: Received & accepted new action goal
[ign gazebo-1] [INFO] [1790611786.916601555] [amir2.gripper_controller]: Received & accepted new action goal
[ign gazebo-1] [INFO] [1790611786.916723401] [amir1.gripper_controller]: Received & accepted new action goal
[ign gazebo-1] [INFO] [1790611787.235866353] [amir1.gripper_controller]: Received & accepted new action goal
[ign gazebo-1] [INFO] [1790611787.235882960] [amir2.gripper_controller]: Received & accepted new action goal
[coordinator-39] [INFO] [1790611787.413075693] [cooperative_coordinator]: Payload goal: x=0.216, y=-0.000, yaw=-0.000
[ign gazebo-1] [INFO] [1790611787.526926936] [amir2.gripper_controller]: Received & accepted new action goal
[ign gazebo-1] [INFO] [1790611787.690146670] [amir2.gripper_controller]: Received & accepted new action goal
[ign gazebo-1] [INFO] [1790611788.114416523] [amir2.gripper_controller]: Received & accepted new action goal
[coordinator-39] [INFO] [1790611788.446205575] [cooperative_coordinator]: Payload goal: x=0.216, y=-0.000, yaw=-0.000
[ign gazebo-1] [INFO] [1790611788.542482571] [amir1.gripper_controller]: Received & accepted new action goal
[ign gazebo-1] [INFO] [1790611788.542564043] [amir2.gripper_controller]: Received & accepted new action goal
[ign gazebo-1] [INFO] [1790611788.769020130] [amir1.gripper_controller]: Received & accepted new action goal
[ign gazebo-1] [INFO] [1790611788.769307403] [amir2.gripper_controller]: Received & accepted new action goal
[ign gazebo-1] [INFO] [1790611789.227118864] [amir1.gripper_controller]: Received & accepted new action goal
[ign gazebo-1] [INFO] [1790611789.227150922] [amir2.gripper_controller]: Received & accepted new action goal
[coordinator-39] [INFO] [1790611789.467005349] [cooperative_coordinator]: Payload goal: x=0.216, y=-0.000, yaw=-0.000
[ign gazebo-1] [INFO] [1790611789.650059427] [amir1.gripper_controller]: Received & accepted new action goal
[ign gazebo-1] [INFO] [1790611789.650060072] [amir2.gripper_controller]: Received & accepted new action goal
[ign gazebo-1] [INFO] [1790611789.874962389] [amir2.gripper_controller]: Received & accepted new action goal
[ign gazebo-1] [INFO] [1790611789.874962401] [amir1.gripper_controller]: Received & accepted new action goal
[ign gazebo-1] [INFO] [1790611790.195841755] [amir1.gripper_controller]: Received & accepted new action goal
[ign gazebo-1] [INFO] [1790611790.196139828] [amir2.gripper_controller]: Received & accepted new action goal
[coordinator-39] [INFO] [1790611790.481275046] [cooperative_coordinator]: Payload goal: x=0.216, y=-0.000, yaw=-0.000
[ign gazebo-1] [INFO] [1790611790.618068167] [amir1.gripper_controller]: Received & accepted new action goal
[ign gazebo-1] [INFO] [1790611790.618184490] [amir2.gripper_controller]: Received & accepted new action goal
[ign gazebo-1] [INFO] [1790611790.860089130] [amir1.gripper_controller]: Received & accepted new action goal
[ign gazebo-1] [INFO] [1790611790.860089901] [amir2.gripper_controller]: Received & accepted new action goal
[ign gazebo-1] [INFO] [1790611791.150286905] [amir1.gripper_controller]: Received & accepted new action goal
[ign gazebo-1] [INFO] [1790611791.150378336] [amir2.gripper_controller]: Received & accepted new action goal
[coordinator-39] [INFO] [1790611791.485316061] [cooperative_coordinator]: Payload goal: x=0.225, y=-0.000, yaw=-0.000
[ign gazebo-1] [INFO] [1790611791.527413901] [amir1.gripper_controller]: Received & accepted new action goal
[ign gazebo-1] [INFO] [1790611791.527882850] [amir2.gripper_controller]: Received & accepted new action goal
[ign gazebo-1] [INFO] [1790611791.714348613] [amir1.gripper_controller]: Received & accepted new action goal
[ign gazebo-1] [INFO] [1790611791.714523231] [amir2.gripper_controller]: Received & accepted new action goal
[ign gazebo-1] [INFO] [1790611792.403932424] [amir2.gripper_controller]: Received & accepted new action goal
[ign gazebo-1] [INFO] [1790611792.403952078] [amir1.gripper_controller]: Received & accepted new action goal
[coordinator-39] [INFO] [1790611792.492776095] [cooperative_coordinator]: Payload goal: x=0.240, y=-0.000, yaw=-0.000
[ign gazebo-1] [INFO] [1790611792.538928573] [amir1.gripper_controller]: Received & accepted new action goal
[ign gazebo-1] [INFO] [1790611792.973480561] [amir1.gripper_controller]: Received & accepted new action goal
[ign gazebo-1] [INFO] [1790611792.973481813] [amir2.gripper_controller]: Received & accepted new action goal
[ign gazebo-1] [INFO] [1790611793.095612101] [amir1.gripper_controller]: Received & accepted new action goal
[ign gazebo-1] [INFO] [1790611793.095612149] [amir2.gripper_controller]: Received & accepted new action goal
[ign gazebo-1] [INFO] [1790611793.362773264] [amir1.gripper_controller]: Received & accepted new action goal
[coordinator-39] [INFO] [1790611793.495653803] [cooperative_coordinator]: Payload goal: x=0.240, y=-0.000, yaw=-0.000
[ign gazebo-1] [INFO] [1790611793.788589898] [amir1.gripper_controller]: Received & accepted new action goal
[ign gazebo-1] [INFO] [1790611794.112791957] [amir2.gripper_controller]: Received & accepted new action goal
[ign gazebo-1] [INFO] [1790611794.272558534] [amir1.gripper_controller]: Received & accepted new action goal
[ign gazebo-1] [INFO] [1790611794.272748476] [amir2.gripper_controller]: Received & accepted new action goal
[coordinator-39] [INFO] [1790611794.497554129] [cooperative_coordinator]: Payload goal: x=0.240, y=-0.000, yaw=-0.000
[ign gazebo-1] [INFO] [1790611794.505323836] [amir1.gripper_controller]: Received & accepted new action goal
[ign gazebo-1] [INFO] [1790611794.745633766] [amir1.gripper_controller]: Received & accepted new action goal
[ign gazebo-1] [INFO] [1790611794.745696536] [amir2.gripper_controller]: Received & accepted new action goal
[ign gazebo-1] [INFO] [1790611794.907908173] [amir2.gripper_controller]: Received & accepted new action goal
[ign gazebo-1] [INFO] [1790611795.201967067] [amir1.gripper_controller]: Received & accepted new action goal
[ign gazebo-1] [INFO] [1790611795.202112455] [amir2.gripper_controller]: Received & accepted new action goal
[coordinator-39] [INFO] [1790611795.506575832] [cooperative_coordinator]: Payload goal: x=0.240, y=-0.000, yaw=-0.000
[ign gazebo-1] [INFO] [1790611795.661029205] [amir1.gripper_controller]: Received & accepted new action goal
[ign gazebo-1] [INFO] [1790611795.661266701] [amir2.gripper_controller]: Received & accepted new action goal
[ign gazebo-1] [INFO] [1790611795.875740970] [amir1.gripper_controller]: Received & accepted new action goal
[ign gazebo-1] [INFO] [1790611795.875829097] [amir2.gripper_controller]: Received & accepted new action goal
[ign gazebo-1] [INFO] [1790611796.279091355] [amir1.gripper_controller]: Received & accepted new action goal
[ign gazebo-1] [INFO] [1790611796.279181153] [amir2.gripper_controller]: Received & accepted new action goal
[coordinator-39] [INFO] [1790611796.524359878] [cooperative_coordinator]: Payload goal: x=0.245, y=-0.000, yaw=-0.000
[ign gazebo-1] [INFO] [1790611796.682580133] [amir2.gripper_controller]: Received & accepted new action goal
[ign gazebo-1] [INFO] [1790611796.682590082] [amir1.gripper_controller]: Received & accepted new action goal
[ign gazebo-1] [INFO] [1790611796.829684323] [amir1.gripper_controller]: Received & accepted new action goal
[ign gazebo-1] [INFO] [1790611796.829718924] [amir2.gripper_controller]: Received & accepted new action goal
[ign gazebo-1] [INFO] [1790611797.194096863] [amir1.gripper_controller]: Received & accepted new action goal
[ign gazebo-1] [INFO] [1790611797.194321330] [amir2.gripper_controller]: Received & accepted new action goal
[ign gazebo-1] [INFO] [1790611797.495657567] [amir1.gripper_controller]: Received & accepted new action goal
[ign gazebo-1] [INFO] [1790611797.495760301] [amir2.gripper_controller]: Received & accepted new action goal
[coordinator-39] [INFO] [1790611797.536962741] [cooperative_coordinator]: Payload goal: x=0.265, y=-0.000, yaw=-0.000
[ign gazebo-1] [INFO] [1790611797.626374654] [amir1.gripper_controller]: Received & accepted new action goal
[ign gazebo-1] [INFO] [1790611797.626409446] [amir2.gripper_controller]: Received & accepted new action goal
[ign gazebo-1] [INFO] [1790611797.958595425] [amir1.gripper_controller]: Received & accepted new action goal
[ign gazebo-1] [INFO] [1790611797.958910276] [amir2.gripper_controller]: Received & accepted new action goal
[ign gazebo-1] [INFO] [1790611798.240918956] [amir1.gripper_controller]: Received & accepted new action goal
[ign gazebo-1] [INFO] [1790611798.241097440] [amir2.gripper_controller]: Received & accepted new action goal
[ign gazebo-1] [INFO] [1790611798.375795182] [amir2.gripper_controller]: Received & accepted new action goal
[coordinator-39] [INFO] [1790611798.541161983] [cooperative_coordinator]: Payload goal: x=0.265, y=-0.000, yaw=-0.000
[ign gazebo-1] [INFO] [1790611798.631751479] [amir1.gripper_controller]: Received & accepted new action goal
[ign gazebo-1] [INFO] [1790611798.631927165] [amir2.gripper_controller]: Received & accepted new action goal
[ign gazebo-1] [INFO] [1790611798.948567961] [amir1.gripper_controller]: Received & accepted new action goal
[ign gazebo-1] [INFO] [1790611798.948580899] [amir2.gripper_controller]: Received & accepted new action goal
[ign gazebo-1] [INFO] [1790611799.156818916] [amir1.gripper_controller]: Received & accepted new action goal
[ign gazebo-1] [INFO] [1790611799.156912701] [amir2.gripper_controller]: Received & accepted new action goal
[ign gazebo-1] [INFO] [1790611799.475794275] [amir1.gripper_controller]: Received & accepted new action goal
[ign gazebo-1] [INFO] [1790611799.475916658] [amir2.gripper_controller]: Received & accepted new action goal
[coordinator-39] [INFO] [1790611799.552345327] [cooperative_coordinator]: Payload goal: x=0.265, y=-0.000, yaw=-0.000
[ign gazebo-1] [INFO] [1790611799.785915724] [amir1.gripper_controller]: Received & accepted new action goal
[ign gazebo-1] [INFO] [1790611799.785925294] [amir2.gripper_controller]: Received & accepted new action goal
[ign gazebo-1] [INFO] [1790611800.068420824] [amir1.gripper_controller]: Received & accepted new action goal
[ign gazebo-1] [INFO] [1790611800.068461905] [amir2.gripper_controller]: Received & accepted new action goal
[friction_grasp_manager-34] [WARN] [1790611800.328770664] [friction_grasp_manager]: amir1 finger force above 26.0 N; backing off.
[ign gazebo-1] [INFO] [1790611800.329070613] [amir1.gripper_controller]: Received & accepted new action goal
[ign gazebo-1] [INFO] [1790611800.329317533] [amir2.gripper_controller]: Received & accepted new action goal
[ign gazebo-1] [INFO] [1790611800.436592705] [amir1.gripper_controller]: Received & accepted new action goal
[ign gazebo-1] [INFO] [1790611800.436807339] [amir2.gripper_controller]: Received & accepted new action goal
[coordinator-39] [INFO] [1790611800.569505327] [cooperative_coordinator]: Payload goal: x=0.265, y=-0.000, yaw=-0.000
[ign gazebo-1] [INFO] [1790611800.824568542] [amir1.gripper_controller]: Received & accepted new action goal
[ign gazebo-1] [INFO] [1790611800.824581109] [amir2.gripper_controller]: Received & accepted new action goal
[ign gazebo-1] [INFO] [1790611801.195981102] [amir2.gripper_controller]: Received & accepted new action goal
[ign gazebo-1] [INFO] [1790611801.196016684] [amir1.gripper_controller]: Received & accepted new action goal
[ign gazebo-1] [INFO] [1790611801.395379270] [amir1.gripper_controller]: Received & accepted new action goal
[ign gazebo-1] [INFO] [1790611801.395576628] [amir2.gripper_controller]: Received & accepted new action goal
[coordinator-39] [INFO] [1790611801.579351750] [cooperative_coordinator]: Payload goal: x=0.281, y=-0.000, yaw=-0.000
[ign gazebo-1] [INFO] [1790611801.790652151] [amir1.gripper_controller]: Received & accepted new action goal
[ign gazebo-1] [INFO] [1790611801.790831330] [amir2.gripper_controller]: Received & accepted new action goal
[ign gazebo-1] [INFO] [1790611802.033037753] [amir1.gripper_controller]: Received & accepted new action goal
[ign gazebo-1] [INFO] [1790611802.033121661] [amir2.gripper_controller]: Received & accepted new action goal
[friction_grasp_manager-34] [WARN] [1790611802.190553526] [friction_grasp_manager]: amir2 finger force above 26.0 N; backing off.
[ign gazebo-1] [INFO] [1790611802.190789285] [amir2.gripper_controller]: Received & accepted new action goal
[coordinator-39] [INFO] [1790611802.580274686] [cooperative_coordinator]: Payload goal: x=0.289, y=-0.000, yaw=-0.000
[ign gazebo-1] [INFO] [1790611802.640508905] [amir1.gripper_controller]: Received & accepted new action goal
[ign gazebo-1] [INFO] [1790611802.640739196] [amir2.gripper_controller]: Received & accepted new action goal
[ign gazebo-1] [INFO] [1790611803.097091035] [amir2.gripper_controller]: Received & accepted new action goal
[ign gazebo-1] [INFO] [1790611803.097093782] [amir1.gripper_controller]: Received & accepted new action goal
[ign gazebo-1] [INFO] [1790611803.336729655] [amir1.gripper_controller]: Received & accepted new action goal
[ign gazebo-1] [INFO] [1790611803.336780285] [amir2.gripper_controller]: Received & accepted new action goal
[coordinator-39] [INFO] [1790611803.590459989] [cooperative_coordinator]: Payload goal: x=0.289, y=-0.000, yaw=-0.000
[ign gazebo-1] [INFO] [1790611803.744401984] [amir1.gripper_controller]: Received & accepted new action goal
[ign gazebo-1] [INFO] [1790611803.744472613] [amir2.gripper_controller]: Received & accepted new action goal
[ign gazebo-1] [INFO] [1790611804.022880218] [amir1.gripper_controller]: Received & accepted new action goal
[ign gazebo-1] [INFO] [1790611804.022927703] [amir2.gripper_controller]: Received & accepted new action goal
[ign gazebo-1] [INFO] [1790611804.214849731] [amir1.gripper_controller]: Received & accepted new action goal
[ign gazebo-1] [INFO] [1790611804.214929880] [amir2.gripper_controller]: Received & accepted new action goal
[ign gazebo-1] [INFO] [1790611804.553387024] [amir1.gripper_controller]: Received & accepted new action goal
[ign gazebo-1] [INFO] [1790611804.553498598] [amir2.gripper_controller]: Received & accepted new action goal
[coordinator-39] [INFO] [1790611804.600349613] [cooperative_coordinator]: Payload goal: x=0.289, y=-0.000, yaw=-0.000
[ign gazebo-1] [INFO] [1790611804.866924865] [amir1.gripper_controller]: Received & accepted new action goal
[ign gazebo-1] [INFO] [1790611804.867011266] [amir2.gripper_controller]: Received & accepted new action goal
[ign gazebo-1] [INFO] [1790611805.113143495] [amir2.gripper_controller]: Received & accepted new action goal
[ign gazebo-1] [INFO] [1790611805.113188567] [amir1.gripper_controller]: Received & accepted new action goal
[ign gazebo-1] [INFO] [1790611805.576733415] [amir1.gripper_controller]: Received & accepted new action goal
[ign gazebo-1] [INFO] [1790611805.576857465] [amir2.gripper_controller]: Received & accepted new action goal
[coordinator-39] [INFO] [1790611805.612530177] [cooperative_coordinator]: Payload goal: x=0.289, y=-0.000, yaw=-0.000
[ign gazebo-1] [INFO] [1790611805.882974827] [amir1.gripper_controller]: Received & accepted new action goal
[ign gazebo-1] [INFO] [1790611805.883033993] [amir2.gripper_controller]: Received & accepted new action goal
[ign gazebo-1] [INFO] [1790611806.125354249] [amir1.gripper_controller]: Received & accepted new action goal
[ign gazebo-1] [INFO] [1790611806.125402497] [amir2.gripper_controller]: Received & accepted new action goal
[ign gazebo-1] [INFO] [1790611806.529017297] [amir1.gripper_controller]: Received & accepted new action goal
[ign gazebo-1] [INFO] [1790611806.529088250] [amir2.gripper_controller]: Received & accepted new action goal
[coordinator-39] [INFO] [1790611806.622853609] [cooperative_coordinator]: Payload goal: x=0.293, y=-0.000, yaw=-0.000
[ign gazebo-1] [INFO] [1790611806.980477125] [amir1.gripper_controller]: Received & accepted new action goal
[ign gazebo-1] [INFO] [1790611806.980602619] [amir2.gripper_controller]: Received & accepted new action goal
[ign gazebo-1] [INFO] [1790611807.197921351] [amir1.gripper_controller]: Received & accepted new action goal
[ign gazebo-1] [INFO] [1790611807.198053656] [amir2.gripper_controller]: Received & accepted new action goal
[coordinator-39] [INFO] [1790611807.636270930] [cooperative_coordinator]: Payload goal: x=0.313, y=-0.000, yaw=-0.000
[ign gazebo-1] [INFO] [1790611807.653744626] [amir1.gripper_controller]: Received & accepted new action goal
[ign gazebo-1] [INFO] [1790611807.653829324] [amir2.gripper_controller]: Received & accepted new action goal
[ign gazebo-1] [INFO] [1790611808.151384726] [amir1.gripper_controller]: Received & accepted new action goal
[ign gazebo-1] [INFO] [1790611808.151409397] [amir2.gripper_controller]: Received & accepted new action goal
[ign gazebo-1] [INFO] [1790611808.300313511] [amir1.gripper_controller]: Received & accepted new action goal
[ign gazebo-1] [INFO] [1790611808.300368677] [amir2.gripper_controller]: Received & accepted new action goal
[coordinator-39] [INFO] [1790611808.637335503] [cooperative_coordinator]: Payload goal: x=0.313, y=-0.000, yaw=-0.000
[ign gazebo-1] [INFO] [1790611808.675962233] [amir1.gripper_controller]: Received & accepted new action goal
[ign gazebo-1] [INFO] [1790611808.676008635] [amir2.gripper_controller]: Received & accepted new action goal
[ign gazebo-1] [INFO] [1790611809.079806983] [amir1.gripper_controller]: Received & accepted new action goal
[ign gazebo-1] [INFO] [1790611809.079897792] [amir2.gripper_controller]: Received & accepted new action goal
[ign gazebo-1] [INFO] [1790611809.286534085] [amir2.gripper_controller]: Received & accepted new action goal
[ign gazebo-1] [INFO] [1790611809.286537380] [amir1.gripper_controller]: Received & accepted new action goal
[coordinator-39] [INFO] [1790611809.647863600] [cooperative_coordinator]: Payload goal: x=0.313, y=-0.000, yaw=-0.000
[ign gazebo-1] [INFO] [1790611809.735599044] [amir1.gripper_controller]: Received & accepted new action goal
[ign gazebo-1] [INFO] [1790611809.735607122] [amir2.gripper_controller]: Received & accepted new action goal
[ign gazebo-1] [INFO] [1790611810.154975185] [amir1.gripper_controller]: Received & accepted new action goal
[ign gazebo-1] [INFO] [1790611810.155042071] [amir2.gripper_controller]: Received & accepted new action goal
[ign gazebo-1] [INFO] [1790611810.348461549] [amir1.gripper_controller]: Received & accepted new action goal
[ign gazebo-1] [INFO] [1790611810.348682973] [amir2.gripper_controller]: Received & accepted new action goal
[coordinator-39] [INFO] [1790611810.658037990] [cooperative_coordinator]: Payload goal: x=0.313, y=-0.000, yaw=-0.000
[ign gazebo-1] [INFO] [1790611810.670424890] [amir1.gripper_controller]: Received & accepted new action goal
[ign gazebo-1] [INFO] [1790611810.670463435] [amir2.gripper_controller]: Received & accepted new action goal
[ign gazebo-1] [INFO] [1790611810.921354631] [amir2.gripper_controller]: Received & accepted new action goal
[ign gazebo-1] [INFO] [1790611811.055826775] [amir1.gripper_controller]: Received & accepted new action goal
[friction_grasp_manager-34] [WARN] [1790611811.056095978] [friction_grasp_manager]: amir2 finger force above 26.0 N; backing off.
[ign gazebo-1] [INFO] [1790611811.056271484] [amir2.gripper_controller]: Received & accepted new action goal
[ign gazebo-1] [INFO] [1790611811.339735683] [amir1.gripper_controller]: Received & accepted new action goal
[ign gazebo-1] [INFO] [1790611811.620404763] [amir1.gripper_controller]: Received & accepted new action goal
[coordinator-39] [INFO] [1790611811.664454407] [cooperative_coordinator]: Payload goal: x=0.313, y=-0.000, yaw=-0.000
[ign gazebo-1] [INFO] [1790611812.081752079] [amir2.gripper_controller]: Received & accepted new action goal
[ign gazebo-1] [INFO] [1790611812.360436755] [amir1.gripper_controller]: Received & accepted new action goal
[ign gazebo-1] [INFO] [1790611812.360492076] [amir2.gripper_controller]: Received & accepted new action goal
[ign gazebo-1] [INFO] [1790611812.493863668] [amir1.gripper_controller]: Received & accepted new action goal
[ign gazebo-1] [INFO] [1790611812.493973914] [amir2.gripper_controller]: Received & accepted new action goal
[coordinator-39] [INFO] [1790611812.683715665] [cooperative_coordinator]: Payload goal: x=0.338, y=-0.000, yaw=-0.000
[ign gazebo-1] [INFO] [1790611812.771275825] [amir1.gripper_controller]: Received & accepted new action goal
[ign gazebo-1] [INFO] [1790611813.080359735] [amir1.gripper_controller]: Received & accepted new action goal
[ign gazebo-1] [INFO] [1790611813.080477012] [amir2.gripper_controller]: Received & accepted new action goal
[ign gazebo-1] [INFO] [1790611813.222194296] [amir2.gripper_controller]: Received & accepted new action goal
[ign gazebo-1] [INFO] [1790611813.621236392] [amir1.gripper_controller]: Received & accepted new action goal
[ign gazebo-1] [INFO] [1790611813.621597073] [amir2.gripper_controller]: Received & accepted new action goal
[coordinator-39] [INFO] [1790611813.686424499] [cooperative_coordinator]: Payload goal: x=0.338, y=-0.000, yaw=-0.000
[ign gazebo-1] [INFO] [1790611813.951798966] [amir1.gripper_controller]: Received & accepted new action goal
[ign gazebo-1] [INFO] [1790611813.951921196] [amir2.gripper_controller]: Received & accepted new action goal
[ign gazebo-1] [INFO] [1790611814.126282654] [amir1.gripper_controller]: Received & accepted new action goal
[ign gazebo-1] [INFO] [1790611814.126363725] [amir2.gripper_controller]: Received & accepted new action goal
[coordinator-39] [INFO] [1790611814.700471561] [cooperative_coordinator]: Payload goal: x=0.338, y=-0.000, yaw=-0.000
[ign gazebo-1] [INFO] [1790611814.930700848] [amir1.gripper_controller]: Received & accepted new action goal
[ign gazebo-1] [INFO] [1790611814.930759232] [amir2.gripper_controller]: Received & accepted new action goal
[ign gazebo-1] [INFO] [1790611815.076296467] [amir1.gripper_controller]: Received & accepted new action goal
[ign gazebo-1] [INFO] [1790611815.076378552] [amir2.gripper_controller]: Received & accepted new action goal
[ign gazebo-1] [INFO] [1790611815.469436646] [amir1.gripper_controller]: Received & accepted new action goal
[ign gazebo-1] [INFO] [1790611815.469568941] [amir2.gripper_controller]: Received & accepted new action goal
[coordinator-39] [INFO] [1790611815.710252620] [cooperative_coordinator]: Payload goal: x=0.338, y=-0.000, yaw=-0.000
[ign gazebo-1] [INFO] [1790611815.887315363] [amir2.gripper_controller]: Received & accepted new action goal
[ign gazebo-1] [INFO] [1790611815.887326734] [amir1.gripper_controller]: Received & accepted new action goal
[ign gazebo-1] [INFO] [1790611816.231611479] [amir1.gripper_controller]: Received & accepted new action goal
[ign gazebo-1] [INFO] [1790611816.231655121] [amir2.gripper_controller]: Received & accepted new action goal
[ign gazebo-1] [INFO] [1790611816.638202070] [amir1.gripper_controller]: Received & accepted new action goal
[ign gazebo-1] [INFO] [1790611816.638536049] [amir2.gripper_controller]: Received & accepted new action goal
[coordinator-39] [INFO] [1790611816.732460978] [cooperative_coordinator]: Payload goal: x=0.338, y=-0.000, yaw=-0.000
[ign gazebo-1] [INFO] [1790611816.816623498] [amir1.gripper_controller]: Received & accepted new action goal
[ign gazebo-1] [INFO] [1790611816.816885124] [amir2.gripper_controller]: Received & accepted new action goal
[ign gazebo-1] [INFO] [1790611817.222245364] [amir1.gripper_controller]: Received & accepted new action goal
[ign gazebo-1] [INFO] [1790611817.222464985] [amir2.gripper_controller]: Received & accepted new action goal
[ign gazebo-1] [INFO] [1790611817.650268632] [amir1.gripper_controller]: Received & accepted new action goal
[ign gazebo-1] [INFO] [1790611817.650534786] [amir2.gripper_controller]: Received & accepted new action goal
[coordinator-39] [INFO] [1790611817.752167698] [cooperative_coordinator]: Payload goal: x=0.349, y=-0.000, yaw=-0.000
[ign gazebo-1] [INFO] [1790611817.830153229] [amir2.gripper_controller]: Received & accepted new action goal
[ign gazebo-1] [INFO] [1790611818.227319660] [amir1.gripper_controller]: Received & accepted new action goal
[ign gazebo-1] [INFO] [1790611818.227428036] [amir2.gripper_controller]: Received & accepted new action goal
[ign gazebo-1] [INFO] [1790611818.684422516] [amir1.gripper_controller]: Received & accepted new action goal
[ign gazebo-1] [INFO] [1790611818.684619466] [amir2.gripper_controller]: Received & accepted new action goal
[coordinator-39] [INFO] [1790611818.756327645] [cooperative_coordinator]: Payload goal: x=0.362, y=-0.000, yaw=-0.000
[ign gazebo-1] [INFO] [1790611818.924346823] [amir1.gripper_controller]: Received & accepted new action goal
[ign gazebo-1] [INFO] [1790611818.924390423] [amir2.gripper_controller]: Received & accepted new action goal
[ign gazebo-1] [INFO] [1790611819.315880863] [amir1.gripper_controller]: Received & accepted new action goal
[ign gazebo-1] [INFO] [1790611819.315881939] [amir2.gripper_controller]: Received & accepted new action goal
[ign gazebo-1] [INFO] [1790611819.651838526] [amir1.gripper_controller]: Received & accepted new action goal
[ign gazebo-1] [INFO] [1790611819.651902858] [amir2.gripper_controller]: Received & accepted new action goal
[coordinator-39] [INFO] [1790611819.780668008] [cooperative_coordinator]: Payload goal: x=0.362, y=-0.000, yaw=-0.000
[ign gazebo-1] [INFO] [1790611819.882786693] [amir1.gripper_controller]: Received & accepted new action goal
[ign gazebo-1] [INFO] [1790611819.882826361] [amir2.gripper_controller]: Received & accepted new action goal
[ign gazebo-1] [INFO] [1790611820.341907173] [amir1.gripper_controller]: Received & accepted new action goal
[ign gazebo-1] [INFO] [1790611820.342079763] [amir2.gripper_controller]: Received & accepted new action goal
[ign gazebo-1] [INFO] [1790611820.666944308] [amir1.gripper_controller]: Received & accepted new action goal
[ign gazebo-1] [INFO] [1790611820.667056597] [amir2.gripper_controller]: Received & accepted new action goal
[coordinator-39] [INFO] [1790611820.797890444] [cooperative_coordinator]: Payload goal: x=0.362, y=-0.000, yaw=-0.000
[ign gazebo-1] [INFO] [1790611820.834854868] [amir1.gripper_controller]: Received & accepted new action goal
[ign gazebo-1] [INFO] [1790611821.281859181] [amir1.gripper_controller]: Received & accepted new action goal
[ign gazebo-1] [INFO] [1790611821.281943768] [amir2.gripper_controller]: Received & accepted new action goal
[ign gazebo-1] [INFO] [1790611821.713768907] [amir1.gripper_controller]: Received & accepted new action goal
[ign gazebo-1] [INFO] [1790611821.713885733] [amir2.gripper_controller]: Received & accepted new action goal
[coordinator-39] [INFO] [1790611821.806157301] [cooperative_coordinator]: Payload goal: x=0.362, y=-0.000, yaw=-0.000
[ign gazebo-1] [INFO] [1790611821.924772760] [amir1.gripper_controller]: Received & accepted new action goal
[ign gazebo-1] [INFO] [1790611821.924804871] [amir2.gripper_controller]: Received & accepted new action goal
[ign gazebo-1] [INFO] [1790611822.342699862] [amir1.gripper_controller]: Received & accepted new action goal
[ign gazebo-1] [INFO] [1790611822.342783801] [amir2.gripper_controller]: Received & accepted new action goal
[ign gazebo-1] [INFO] [1790611822.699938935] [amir2.gripper_controller]: Received & accepted new action goal
[ign gazebo-1] [INFO] [1790611822.700499582] [amir1.gripper_controller]: Received & accepted new action goal
[coordinator-39] [INFO] [1790611822.826641025] [cooperative_coordinator]: Payload goal: x=0.362, y=-0.000, yaw=-0.000
[ign gazebo-1] [INFO] [1790611822.915814052] [amir1.gripper_controller]: Received & accepted new action goal
[ign gazebo-1] [INFO] [1790611822.916060084] [amir2.gripper_controller]: Received & accepted new action goal
[ign gazebo-1] [INFO] [1790611823.359442264] [amir2.gripper_controller]: Received & accepted new action goal
[ign gazebo-1] [INFO] [1790611823.359451527] [amir1.gripper_controller]: Received & accepted new action goal
[ign gazebo-1] [INFO] [1790611823.773733783] [amir1.gripper_controller]: Received & accepted new action goal
[ign gazebo-1] [INFO] [1790611823.773794057] [amir2.gripper_controller]: Received & accepted new action goal
[coordinator-39] [INFO] [1790611823.836549728] [cooperative_coordinator]: Payload goal: x=0.374, y=-0.000, yaw=-0.000
[ign gazebo-1] [INFO] [1790611823.948431756] [amir2.gripper_controller]: Received & accepted new action goal
[ign gazebo-1] [INFO] [1790611824.320495268] [amir1.gripper_controller]: Received & accepted new action goal
[ign gazebo-1] [INFO] [1790611824.320552736] [amir2.gripper_controller]: Received & accepted new action goal
[ign gazebo-1] [INFO] [1790611824.718985218] [amir2.gripper_controller]: Received & accepted new action goal
[ign gazebo-1] [INFO] [1790611824.719003586] [amir1.gripper_controller]: Received & accepted new action goal
[coordinator-39] [INFO] [1790611824.845105055] [cooperative_coordinator]: Payload goal: x=0.386, y=-0.000, yaw=-0.000
[ign gazebo-1] [INFO] [1790611824.961707135] [amir1.gripper_controller]: Received & accepted new action goal
[ign gazebo-1] [INFO] [1790611824.961738079] [amir2.gripper_controller]: Received & accepted new action goal
[ign gazebo-1] [INFO] [1790611825.390561666] [amir1.gripper_controller]: Received & accepted new action goal
[ign gazebo-1] [INFO] [1790611825.390667177] [amir2.gripper_controller]: Received & accepted new action goal
[ign gazebo-1] [INFO] [1790611825.818303312] [amir1.gripper_controller]: Received & accepted new action goal
[ign gazebo-1] [INFO] [1790611825.818420100] [amir2.gripper_controller]: Received & accepted new action goal
[coordinator-39] [INFO] [1790611825.855089301] [cooperative_coordinator]: Payload goal: x=0.386, y=-0.000, yaw=-0.000
[ign gazebo-1] [INFO] [1790611826.005039807] [amir1.gripper_controller]: Received & accepted new action goal
[ign gazebo-1] [INFO] [1790611826.005198366] [amir2.gripper_controller]: Received & accepted new action goal
[ign gazebo-1] [INFO] [1790611826.401390571] [amir1.gripper_controller]: Received & accepted new action goal
[ign gazebo-1] [INFO] [1790611826.401517702] [amir2.gripper_controller]: Received & accepted new action goal
[ign gazebo-1] [INFO] [1790611826.703189698] [amir1.gripper_controller]: Received & accepted new action goal
[ign gazebo-1] [INFO] [1790611826.703196294] [amir2.gripper_controller]: Received & accepted new action goal
[friction_grasp_manager-34] [WARN] [1790611826.854005932] [friction_grasp_manager]: amir1 finger force above 26.0 N; backing off.
[ign gazebo-1] [INFO] [1790611826.854240124] [amir1.gripper_controller]: Received & accepted new action goal
[ign gazebo-1] [INFO] [1790611826.854326580] [amir2.gripper_controller]: Received & accepted new action goal
[coordinator-39] [INFO] [1790611826.855276157] [cooperative_coordinator]: Payload goal: x=0.386, y=-0.000, yaw=-0.000
[ign gazebo-1] [INFO] [1790611827.127892974] [amir1.gripper_controller]: Received & accepted new action goal
[ign gazebo-1] [INFO] [1790611827.128018805] [amir2.gripper_controller]: Received & accepted new action goal
[ign gazebo-1] [INFO] [1790611827.405488205] [amir2.gripper_controller]: Received & accepted new action goal
[ign gazebo-1] [INFO] [1790611827.405499003] [amir1.gripper_controller]: Received & accepted new action goal
[ign gazebo-1] [INFO] [1790611827.545459173] [amir1.gripper_controller]: Received & accepted new action goal
[coordinator-39] [INFO] [1790611827.875346345] [cooperative_coordinator]: Payload goal: x=0.386, y=-0.000, yaw=-0.000
[ign gazebo-1] [INFO] [1790611827.929697140] [amir1.gripper_controller]: Received & accepted new action goal
[ign gazebo-1] [INFO] [1790611827.929820530] [amir2.gripper_controller]: Received & accepted new action goal
[ign gazebo-1] [INFO] [1790611828.160770603] [amir1.gripper_controller]: Received & accepted new action goal
[ign gazebo-1] [INFO] [1790611828.160899658] [amir2.gripper_controller]: Received & accepted new action goal
[ign gazebo-1] [INFO] [1790611828.336624238] [amir1.gripper_controller]: Received & accepted new action goal
[ign gazebo-1] [INFO] [1790611828.336772295] [amir2.gripper_controller]: Received & accepted new action goal
[ign gazebo-1] [INFO] [1790611828.733122589] [amir1.gripper_controller]: Received & accepted new action goal
[ign gazebo-1] [INFO] [1790611828.733129880] [amir2.gripper_controller]: Received & accepted new action goal
[coordinator-39] [INFO] [1790611828.883537198] [cooperative_coordinator]: Payload goal: x=0.393, y=-0.000, yaw=-0.000
[ign gazebo-1] [INFO] [1790611829.240567022] [amir1.gripper_controller]: Received & accepted new action goal
[ign gazebo-1] [INFO] [1790611829.240690906] [amir2.gripper_controller]: Received & accepted new action goal
[ign gazebo-1] [INFO] [1790611829.438385973] [amir1.gripper_controller]: Received & accepted new action goal
[ign gazebo-1] [INFO] [1790611829.438655220] [amir2.gripper_controller]: Received & accepted new action goal
[ign gazebo-1] [INFO] [1790611829.834377691] [amir2.gripper_controller]: Received & accepted new action goal
[ign gazebo-1] [INFO] [1790611829.834421969] [amir1.gripper_controller]: Received & accepted new action goal
[coordinator-39] [INFO] [1790611829.889940687] [cooperative_coordinator]: Payload goal: x=0.411, y=-0.000, yaw=-0.000
[ign gazebo-1] [INFO] [1790611830.243712223] [amir2.gripper_controller]: Received & accepted new action goal
[ign gazebo-1] [INFO] [1790611830.243771516] [amir1.gripper_controller]: Received & accepted new action goal
[ign gazebo-1] [INFO] [1790611830.466913776] [amir1.gripper_controller]: Received & accepted new action goal
[ign gazebo-1] [INFO] [1790611830.467096224] [amir2.gripper_controller]: Received & accepted new action goal
[ign gazebo-1] [INFO] [1790611830.693940395] [amir1.gripper_controller]: Received & accepted new action goal
[ign gazebo-1] [INFO] [1790611830.694031226] [amir2.gripper_controller]: Received & accepted new action goal
[coordinator-39] [INFO] [1790611830.906058853] [cooperative_coordinator]: Payload goal: x=0.411, y=-0.000, yaw=-0.000
[ign gazebo-1] [INFO] [1790611831.061449983] [amir1.gripper_controller]: Received & accepted new action goal
[ign gazebo-1] [INFO] [1790611831.061512103] [amir2.gripper_controller]: Received & accepted new action goal
[ign gazebo-1] [INFO] [1790611831.247234522] [amir1.gripper_controller]: Received & accepted new action goal
[ign gazebo-1] [INFO] [1790611831.247347582] [amir2.gripper_controller]: Received & accepted new action goal
[ign gazebo-1] [INFO] [1790611831.640590463] [amir1.gripper_controller]: Received & accepted new action goal
[ign gazebo-1] [INFO] [1790611831.640777974] [amir2.gripper_controller]: Received & accepted new action goal
[coordinator-39] [INFO] [1790611831.922897392] [cooperative_coordinator]: Payload goal: x=0.411, y=-0.000, yaw=-0.000
[ign gazebo-1] [INFO] [1790611832.121514772] [amir1.gripper_controller]: Received & accepted new action goal
[ign gazebo-1] [INFO] [1790611832.121627248] [amir2.gripper_controller]: Received & accepted new action goal
[ign gazebo-1] [INFO] [1790611832.326854775] [amir1.gripper_controller]: Received & accepted new action goal
[ign gazebo-1] [INFO] [1790611832.326864404] [amir2.gripper_controller]: Received & accepted new action goal
[ign gazebo-1] [INFO] [1790611832.767741288] [amir1.gripper_controller]: Received & accepted new action goal
[ign gazebo-1] [INFO] [1790611832.767838947] [amir2.gripper_controller]: Received & accepted new action goal
[coordinator-39] [INFO] [1790611832.939064526] [cooperative_coordinator]: Payload goal: x=0.411, y=-0.000, yaw=-0.000
[ign gazebo-1] [INFO] [1790611833.204217310] [amir1.gripper_controller]: Received & accepted new action goal
[ign gazebo-1] [INFO] [1790611833.204269679] [amir2.gripper_controller]: Received & accepted new action goal
[ign gazebo-1] [INFO] [1790611833.409493561] [amir2.gripper_controller]: Received & accepted new action goal
[ign gazebo-1] [INFO] [1790611833.811170399] [amir2.gripper_controller]: Received & accepted new action goal
[ign gazebo-1] [INFO] [1790611833.811333581] [amir1.gripper_controller]: Received & accepted new action goal
[coordinator-39] [INFO] [1790611833.950409384] [cooperative_coordinator]: Payload goal: x=0.411, y=-0.000, yaw=-0.000
[ign gazebo-1] [INFO] [1790611834.221008212] [amir1.gripper_controller]: Received & accepted new action goal
[ign gazebo-1] [INFO] [1790611834.221257064] [amir2.gripper_controller]: Received & accepted new action goal
[ign gazebo-1] [INFO] [1790611834.408911421] [amir1.gripper_controller]: Received & accepted new action goal
[ign gazebo-1] [INFO] [1790611834.408954824] [amir2.gripper_controller]: Received & accepted new action goal
[ign gazebo-1] [INFO] [1790611834.847695642] [amir1.gripper_controller]: Received & accepted new action goal
[ign gazebo-1] [INFO] [1790611834.847845208] [amir2.gripper_controller]: Received & accepted new action goal
[coordinator-39] [INFO] [1790611834.958525309] [cooperative_coordinator]: Payload goal: x=0.420, y=-0.000, yaw=-0.000
[ign gazebo-1] [INFO] [1790611835.303729786] [amir1.gripper_controller]: Received & accepted new action goal
[ign gazebo-1] [INFO] [1790611835.303823977] [amir2.gripper_controller]: Received & accepted new action goal
[ign gazebo-1] [INFO] [1790611835.529059810] [amir1.gripper_controller]: Received & accepted new action goal
[ign gazebo-1] [INFO] [1790611835.529104234] [amir2.gripper_controller]: Received & accepted new action goal
[ign gazebo-1] [INFO] [1790611835.944834553] [amir2.gripper_controller]: Received & accepted new action goal
[ign gazebo-1] [INFO] [1790611835.944877326] [amir1.gripper_controller]: Received & accepted new action goal
[coordinator-39] [INFO] [1790611835.970006406] [cooperative_coordinator]: Payload goal: x=0.435, y=-0.000, yaw=-0.000
[ign gazebo-1] [INFO] [1790611836.389699176] [amir2.gripper_controller]: Received & accepted new action goal
[ign gazebo-1] [INFO] [1790611836.389722208] [amir1.gripper_controller]: Received & accepted new action goal
[ign gazebo-1] [INFO] [1790611836.595653452] [amir1.gripper_controller]: Received & accepted new action goal
[ign gazebo-1] [INFO] [1790611836.595757283] [amir2.gripper_controller]: Received & accepted new action goal
[ign gazebo-1] [INFO] [1790611836.942816879] [amir1.gripper_controller]: Received & accepted new action goal
[ign gazebo-1] [INFO] [1790611836.943011078] [amir2.gripper_controller]: Received & accepted new action goal
[coordinator-39] [INFO] [1790611836.982623718] [cooperative_coordinator]: Payload goal: x=0.435, y=-0.000, yaw=-0.000
[ign gazebo-1] [INFO] [1790611837.411641608] [amir1.gripper_controller]: Received & accepted new action goal
[ign gazebo-1] [INFO] [1790611837.412054349] [amir2.gripper_controller]: Received & accepted new action goal
[ign gazebo-1] [INFO] [1790611837.608511627] [amir1.gripper_controller]: Received & accepted new action goal
[ign gazebo-1] [INFO] [1790611837.608597455] [amir2.gripper_controller]: Received & accepted new action goal
[ign gazebo-1] [INFO] [1790611837.934205679] [amir1.gripper_controller]: Received & accepted new action goal
[ign gazebo-1] [INFO] [1790611837.934333972] [amir2.gripper_controller]: Received & accepted new action goal
[coordinator-39] [INFO] [1790611837.994656982] [cooperative_coordinator]: Payload goal: x=0.435, y=-0.000, yaw=-0.000
[ign gazebo-1] [INFO] [1790611838.212372373] [amir1.gripper_controller]: Received & accepted new action goal
[ign gazebo-1] [INFO] [1790611838.212490430] [amir2.gripper_controller]: Received & accepted new action goal
[ign gazebo-1] [INFO] [1790611838.583462464] [amir1.gripper_controller]: Received & accepted new action goal
[ign gazebo-1] [INFO] [1790611838.583650900] [amir2.gripper_controller]: Received & accepted new action goal
[ign gazebo-1] [INFO] [1790611838.888783804] [amir1.gripper_controller]: Received & accepted new action goal
[ign gazebo-1] [INFO] [1790611838.888827550] [amir2.gripper_controller]: Received & accepted new action goal
[coordinator-39] [INFO] [1790611839.009696709] [cooperative_coordinator]: Payload goal: x=0.435, y=-0.000, yaw=-0.000
[ign gazebo-1] [INFO] [1790611839.081465371] [amir1.gripper_controller]: Received & accepted new action goal
[ign gazebo-1] [INFO] [1790611839.081547437] [amir2.gripper_controller]: Received & accepted new action goal
[ign gazebo-1] [INFO] [1790611839.310733825] [amir1.gripper_controller]: Received & accepted new action goal
[ign gazebo-1] [INFO] [1790611839.310740142] [amir2.gripper_controller]: Received & accepted new action goal
[ign gazebo-1] [INFO] [1790611839.690639391] [amir2.gripper_controller]: Received & accepted new action goal
[ign gazebo-1] [INFO] [1790611839.690715239] [amir1.gripper_controller]: Received & accepted new action goal
[ign gazebo-1] [INFO] [1790611839.895638281] [amir1.gripper_controller]: Received & accepted new action goal
[ign gazebo-1] [INFO] [1790611839.895673381] [amir2.gripper_controller]: Received & accepted new action goal
[coordinator-39] [INFO] [1790611840.030031149] [cooperative_coordinator]: Payload goal: x=0.440, y=-0.000, yaw=-0.000
[ign gazebo-1] [INFO] [1790611840.336223678] [amir1.gripper_controller]: Received & accepted new action goal
[ign gazebo-1] [INFO] [1790611840.336302522] [amir2.gripper_controller]: Received & accepted new action goal
[ign gazebo-1] [INFO] [1790611840.764777508] [amir1.gripper_controller]: Received & accepted new action goal
[ign gazebo-1] [INFO] [1790611840.764847842] [amir2.gripper_controller]: Received & accepted new action goal
[ign gazebo-1] [INFO] [1790611840.929686391] [amir2.gripper_controller]: Received & accepted new action goal
[ign gazebo-1] [INFO] [1790611840.929735818] [amir1.gripper_controller]: Received & accepted new action goal
[coordinator-39] [INFO] [1790611841.035457196] [cooperative_coordinator]: Payload goal: x=0.459, y=-0.000, yaw=-0.000
[ign gazebo-1] [INFO] [1790611841.244629848] [amir1.gripper_controller]: Received & accepted new action goal
[ign gazebo-1] [INFO] [1790611841.244666926] [amir2.gripper_controller]: Received & accepted new action goal
[ign gazebo-1] [INFO] [1790611841.508268512] [amir1.gripper_controller]: Received & accepted new action goal
[ign gazebo-1] [INFO] [1790611841.508362974] [amir2.gripper_controller]: Received & accepted new action goal
[ign gazebo-1] [INFO] [1790611841.696167017] [amir1.gripper_controller]: Received & accepted new action goal
[ign gazebo-1] [INFO] [1790611841.696371612] [amir2.gripper_controller]: Received & accepted new action goal
[ign gazebo-1] [INFO] [1790611841.988311536] [amir1.gripper_controller]: Received & accepted new action goal
[ign gazebo-1] [INFO] [1790611841.988402042] [amir2.gripper_controller]: Received & accepted new action goal
[coordinator-39] [INFO] [1790611842.042811907] [cooperative_coordinator]: Payload goal: x=0.459, y=-0.000, yaw=-0.000
[ign gazebo-1] [INFO] [1790611842.425904307] [amir1.gripper_controller]: Received & accepted new action goal
[ign gazebo-1] [INFO] [1790611842.425988893] [amir2.gripper_controller]: Received & accepted new action goal
[ign gazebo-1] [INFO] [1790611842.582347685] [amir2.gripper_controller]: Received & accepted new action goal
[ign gazebo-1] [INFO] [1790611842.582403648] [amir1.gripper_controller]: Received & accepted new action goal
[ign gazebo-1] [INFO] [1790611842.958782014] [amir1.gripper_controller]: Received & accepted new action goal
[ign gazebo-1] [INFO] [1790611842.958806703] [amir2.gripper_controller]: Received & accepted new action goal
[coordinator-39] [INFO] [1790611843.057279154] [cooperative_coordinator]: Payload goal: x=0.459, y=-0.000, yaw=-0.000
[ign gazebo-1] [INFO] [1790611843.352521409] [amir1.gripper_controller]: Received & accepted new action goal
[ign gazebo-1] [INFO] [1790611843.352526555] [amir2.gripper_controller]: Received & accepted new action goal
[ign gazebo-1] [INFO] [1790611843.545007683] [amir1.gripper_controller]: Received & accepted new action goal
[ign gazebo-1] [INFO] [1790611843.545137852] [amir2.gripper_controller]: Received & accepted new action goal
[ign gazebo-1] [INFO] [1790611843.797397947] [amir2.gripper_controller]: Received & accepted new action goal
[coordinator-39] [INFO] [1790611844.070172358] [cooperative_coordinator]: Payload goal: x=0.459, y=-0.000, yaw=-0.000
[ign gazebo-1] [INFO] [1790611844.167954230] [amir1.gripper_controller]: Received & accepted new action goal
[ign gazebo-1] [INFO] [1790611844.168057397] [amir2.gripper_controller]: Received & accepted new action goal
[ign gazebo-1] [INFO] [1790611844.395940017] [amir1.gripper_controller]: Received & accepted new action goal
[ign gazebo-1] [INFO] [1790611844.396287678] [amir2.gripper_controller]: Received & accepted new action goal
[ign gazebo-1] [INFO] [1790611844.814017679] [amir1.gripper_controller]: Received & accepted new action goal
[ign gazebo-1] [INFO] [1790611844.814309994] [amir2.gripper_controller]: Received & accepted new action goal
[coordinator-39] [INFO] [1790611845.083459812] [cooperative_coordinator]: Payload goal: x=0.459, y=-0.000, yaw=-0.000
[ign gazebo-1] [INFO] [1790611845.233249101] [amir1.gripper_controller]: Received & accepted new action goal
[ign gazebo-1] [INFO] [1790611845.233284463] [amir2.gripper_controller]: Received & accepted new action goal
[ign gazebo-1] [INFO] [1790611845.459997852] [amir1.gripper_controller]: Received & accepted new action goal
[ign gazebo-1] [INFO] [1790611845.460070472] [amir2.gripper_controller]: Received & accepted new action goal
[ign gazebo-1] [INFO] [1790611845.872890372] [amir1.gripper_controller]: Received & accepted new action goal
[ign gazebo-1] [INFO] [1790611845.872921267] [amir2.gripper_controller]: Received & accepted new action goal
[coordinator-39] [INFO] [1790611846.091249744] [cooperative_coordinator]: Payload goal: x=0.477, y=-0.000, yaw=-0.000
[ign gazebo-1] [INFO] [1790611846.264168344] [amir1.gripper_controller]: Received & accepted new action goal
[ign gazebo-1] [INFO] [1790611846.264307897] [amir2.gripper_controller]: Received & accepted new action goal
[ign gazebo-1] [INFO] [1790611846.465400662] [amir1.gripper_controller]: Received & accepted new action goal
[ign gazebo-1] [INFO] [1790611846.465520549] [amir2.gripper_controller]: Received & accepted new action goal
[ign gazebo-1] [INFO] [1790611846.919476840] [amir1.gripper_controller]: Received & accepted new action goal
[ign gazebo-1] [INFO] [1790611846.919660408] [amir2.gripper_controller]: Received & accepted new action goal
[coordinator-39] [INFO] [1790611847.104341146] [cooperative_coordinator]: Payload goal: x=0.486, y=-0.000, yaw=-0.000
[ign gazebo-1] [INFO] [1790611847.400773538] [amir1.gripper_controller]: Received & accepted new action goal
[ign gazebo-1] [INFO] [1790611847.400781689] [amir2.gripper_controller]: Received & accepted new action goal
[ign gazebo-1] [INFO] [1790611847.590962398] [amir1.gripper_controller]: Received & accepted new action goal
[ign gazebo-1] [INFO] [1790611847.591368118] [amir2.gripper_controller]: Received & accepted new action goal
[ign gazebo-1] [INFO] [1790611848.001800242] [amir2.gripper_controller]: Received & accepted new action goal
[ign gazebo-1] [INFO] [1790611848.001828802] [amir1.gripper_controller]: Received & accepted new action goal
[coordinator-39] [INFO] [1790611848.106719986] [cooperative_coordinator]: Payload goal: x=0.486, y=-0.000, yaw=-0.000
[ign gazebo-1] [INFO] [1790611848.463423431] [amir1.gripper_controller]: Received & accepted new action goal
[ign gazebo-1] [INFO] [1790611848.463606681] [amir2.gripper_controller]: Received & accepted new action goal
[ign gazebo-1] [INFO] [1790611848.669648968] [amir1.gripper_controller]: Received & accepted new action goal
[ign gazebo-1] [INFO] [1790611848.669743200] [amir2.gripper_controller]: Received & accepted new action goal
[ign gazebo-1] [INFO] [1790611849.080761802] [amir1.gripper_controller]: Received & accepted new action goal
[ign gazebo-1] [INFO] [1790611849.080894253] [amir2.gripper_controller]: Received & accepted new action goal
[coordinator-39] [INFO] [1790611849.118242473] [cooperative_coordinator]: Payload goal: x=0.486, y=-0.000, yaw=-0.000
[ign gazebo-1] [INFO] [1790611849.415105851] [amir1.gripper_controller]: Received & accepted new action goal
[ign gazebo-1] [INFO] [1790611849.415273303] [amir2.gripper_controller]: Received & accepted new action goal
[ign gazebo-1] [INFO] [1790611849.610773793] [amir1.gripper_controller]: Received & accepted new action goal
[ign gazebo-1] [INFO] [1790611849.610802890] [amir2.gripper_controller]: Received & accepted new action goal
[ign gazebo-1] [INFO] [1790611850.034646746] [amir2.gripper_controller]: Received & accepted new action goal
[ign gazebo-1] [INFO] [1790611850.034726014] [amir1.gripper_controller]: Received & accepted new action goal
[coordinator-39] [INFO] [1790611850.128266779] [cooperative_coordinator]: Payload goal: x=0.486, y=-0.000, yaw=-0.000
[ign gazebo-1] [INFO] [1790611850.351754928] [amir1.gripper_controller]: Received & accepted new action goal
[ign gazebo-1] [INFO] [1790611850.351945977] [amir2.gripper_controller]: Received & accepted new action goal
[ign gazebo-1] [INFO] [1790611850.538220453] [amir1.gripper_controller]: Received & accepted new action goal
[ign gazebo-1] [INFO] [1790611850.538339941] [amir2.gripper_controller]: Received & accepted new action goal
[ign gazebo-1] [INFO] [1790611850.957643209] [amir1.gripper_controller]: Received & accepted new action goal
[ign gazebo-1] [INFO] [1790611850.957848182] [amir2.gripper_controller]: Received & accepted new action goal
[coordinator-39] [INFO] [1790611851.128796476] [cooperative_coordinator]: Payload goal: x=0.486, y=-0.000, yaw=-0.000
[ign gazebo-1] [INFO] [1790611851.371938015] [amir1.gripper_controller]: Received & accepted new action goal
[ign gazebo-1] [INFO] [1790611851.372058848] [amir2.gripper_controller]: Received & accepted new action goal
[ign gazebo-1] [INFO] [1790611851.555511531] [amir1.gripper_controller]: Received & accepted new action goal
[ign gazebo-1] [INFO] [1790611851.555654211] [amir2.gripper_controller]: Received & accepted new action goal
[ign gazebo-1] [INFO] [1790611851.945507050] [amir1.gripper_controller]: Received & accepted new action goal
[ign gazebo-1] [INFO] [1790611851.945729747] [amir2.gripper_controller]: Received & accepted new action goal
[coordinator-39] [INFO] [1790611852.136521865] [cooperative_coordinator]: Payload goal: x=0.492, y=-0.000, yaw=-0.000
[ign gazebo-1] [INFO] [1790611852.308021949] [amir1.gripper_controller]: Received & accepted new action goal
[ign gazebo-1] [INFO] [1790611852.308107008] [amir2.gripper_controller]: Received & accepted new action goal
[ign gazebo-1] [INFO] [1790611852.437125443] [amir1.gripper_controller]: Received & accepted new action goal
[ign gazebo-1] [INFO] [1790611852.437218215] [amir2.gripper_controller]: Received & accepted new action goal
[ign gazebo-1] [INFO] [1790611852.671527690] [amir2.gripper_controller]: Received & accepted new action goal
[ign gazebo-1] [INFO] [1790611852.940570836] [amir1.gripper_controller]: Received & accepted new action goal
[ign gazebo-1] [INFO] [1790611852.940635321] [amir2.gripper_controller]: Received & accepted new action goal
[friction_grasp_manager-34] [WARN] [1790611853.076696419] [friction_grasp_manager]: amir1 finger force above 26.0 N; backing off.
[ign gazebo-1] [INFO] [1790611853.077146266] [amir1.gripper_controller]: Received & accepted new action goal
[ign gazebo-1] [INFO] [1790611853.077298272] [amir2.gripper_controller]: Received & accepted new action goal
[coordinator-39] [INFO] [1790611853.148163491] [cooperative_coordinator]: Payload goal: x=0.500, y=-0.000, yaw=-0.000
[ign gazebo-1] [INFO] [1790611853.322358019] [amir1.gripper_controller]: Received & accepted new action goal
[ign gazebo-1] [INFO] [1790611853.322485605] [amir2.gripper_controller]: Received & accepted new action goal
[ign gazebo-1] [INFO] [1790611853.582920644] [amir1.gripper_controller]: Received & accepted new action goal
[ign gazebo-1] [INFO] [1790611853.583602868] [amir2.gripper_controller]: Received & accepted new action goal
[ign gazebo-1] [INFO] [1790611853.715533857] [amir1.gripper_controller]: Received & accepted new action goal
[ign gazebo-1] [INFO] [1790611853.715649354] [amir2.gripper_controller]: Received & accepted new action goal
[ign gazebo-1] [INFO] [1790611854.005073098] [amir2.gripper_controller]: Received & accepted new action goal
[coordinator-39] [INFO] [1790611854.155559126] [cooperative_coordinator]: Payload goal: x=0.500, y=-0.000, yaw=-0.000
[ign gazebo-1] [INFO] [1790611854.352366187] [amir2.gripper_controller]: Received & accepted new action goal
[coordinator-39] [INFO] [1790611855.156198524] [cooperative_coordinator]: Payload goal: x=0.500, y=-0.000, yaw=-0.000
[coordinator-39] [INFO] [1790611856.163532620] [cooperative_coordinator]: Payload goal: x=0.500, y=-0.000, yaw=-0.000
[ign gazebo-1] [INFO] [1790611856.584940612] [amir2.gripper_controller]: Received & accepted new action goal
[rotation_controller-6] [INFO] [1790611856.747676818] [cooperative_rotation_controller]: シーケンス終了: 搬送（直進）
[rotation_controller-6] [INFO] [1790611856.747847386] [cooperative_rotation_controller]: シーケンス開始: 搬送（回転）
[ign gazebo-1] [INFO] [1790611856.855328836] [amir1.gripper_controller]: Received & accepted new action goal
[ign gazebo-1] [INFO] [1790611856.855411342] [amir2.gripper_controller]: Received & accepted new action goal
[ign gazebo-1] [INFO] [1790611857.165507651] [amir1.gripper_controller]: Received & accepted new action goal
[ign gazebo-1] [INFO] [1790611857.165714245] [amir2.gripper_controller]: Received & accepted new action goal
[coordinator-39] [INFO] [1790611857.166598314] [cooperative_coordinator]: Payload goal: x=0.481, y=-0.000, yaw=0.000
[ign gazebo-1] [INFO] [1790611857.334311427] [amir1.gripper_controller]: Received & accepted new action goal
[ign gazebo-1] [INFO] [1790611857.334430077] [amir2.gripper_controller]: Received & accepted new action goal
[ign gazebo-1] [INFO] [1790611857.689332752] [amir1.gripper_controller]: Received & accepted new action goal
[ign gazebo-1] [INFO] [1790611857.689448001] [amir2.gripper_controller]: Received & accepted new action goal
[ign gazebo-1] [INFO] [1790611858.108055999] [amir1.gripper_controller]: Received & accepted new action goal
[ign gazebo-1] [INFO] [1790611858.108073177] [amir2.gripper_controller]: Received & accepted new action goal
[coordinator-39] [INFO] [1790611858.179880005] [cooperative_coordinator]: Payload goal: x=0.481, y=-0.000, yaw=0.001
[ign gazebo-1] [INFO] [1790611858.314108431] [amir1.gripper_controller]: Received & accepted new action goal
[ign gazebo-1] [INFO] [1790611858.314210269] [amir2.gripper_controller]: Received & accepted new action goal
[ign gazebo-1] [INFO] [1790611858.656284750] [amir1.gripper_controller]: Received & accepted new action goal
[ign gazebo-1] [INFO] [1790611858.656509240] [amir2.gripper_controller]: Received & accepted new action goal
[ign gazebo-1] [INFO] [1790611859.094193415] [amir2.gripper_controller]: Received & accepted new action goal
[ign gazebo-1] [INFO] [1790611859.094255055] [amir1.gripper_controller]: Received & accepted new action goal
[coordinator-39] [INFO] [1790611859.190660886] [cooperative_coordinator]: Payload goal: x=0.481, y=-0.000, yaw=0.004
[ign gazebo-1] [INFO] [1790611859.264834146] [amir1.gripper_controller]: Received & accepted new action goal
[ign gazebo-1] [INFO] [1790611859.265031516] [amir2.gripper_controller]: Received & accepted new action goal
[ign gazebo-1] [INFO] [1790611859.651628185] [amir1.gripper_controller]: Received & accepted new action goal
[ign gazebo-1] [INFO] [1790611859.651730296] [amir2.gripper_controller]: Received & accepted new action goal
[ign gazebo-1] [INFO] [1790611859.938251499] [amir1.gripper_controller]: Received & accepted new action goal
[ign gazebo-1] [INFO] [1790611859.938285318] [amir2.gripper_controller]: Received & accepted new action goal
[ign gazebo-1] [INFO] [1790611860.106258906] [amir1.gripper_controller]: Received & accepted new action goal
[ign gazebo-1] [INFO] [1790611860.106332565] [amir2.gripper_controller]: Received & accepted new action goal
[coordinator-39] [INFO] [1790611860.200779687] [cooperative_coordinator]: Payload goal: x=0.481, y=-0.000, yaw=0.008
[ign gazebo-1] [INFO] [1790611860.504689739] [amir2.gripper_controller]: Received & accepted new action goal
[ign gazebo-1] [INFO] [1790611860.504702581] [amir1.gripper_controller]: Received & accepted new action goal
[ign gazebo-1] [INFO] [1790611860.943603133] [amir1.gripper_controller]: Received & accepted new action goal
[ign gazebo-1] [INFO] [1790611860.943672428] [amir2.gripper_controller]: Received & accepted new action goal
[ign gazebo-1] [INFO] [1790611861.151605850] [amir1.gripper_controller]: Received & accepted new action goal
[ign gazebo-1] [INFO] [1790611861.151709815] [amir2.gripper_controller]: Received & accepted new action goal
[coordinator-39] [INFO] [1790611861.217396236] [cooperative_coordinator]: Payload goal: x=0.481, y=-0.000, yaw=0.013
[ign gazebo-1] [INFO] [1790611861.601051134] [amir1.gripper_controller]: Received & accepted new action goal
[ign gazebo-1] [INFO] [1790611861.601184216] [amir2.gripper_controller]: Received & accepted new action goal
[ign gazebo-1] [INFO] [1790611862.036637196] [amir1.gripper_controller]: Received & accepted new action goal
[ign gazebo-1] [INFO] [1790611862.036759069] [amir2.gripper_controller]: Received & accepted new action goal
[coordinator-39] [INFO] [1790611862.240436558] [cooperative_coordinator]: Payload goal: x=0.481, y=-0.000, yaw=0.018
[ign gazebo-1] [INFO] [1790611862.253605451] [amir1.gripper_controller]: Received & accepted new action goal
[ign gazebo-1] [INFO] [1790611862.253761104] [amir2.gripper_controller]: Received & accepted new action goal
[ign gazebo-1] [INFO] [1790611862.722185744] [amir1.gripper_controller]: Received & accepted new action goal
[ign gazebo-1] [INFO] [1790611862.722265923] [amir2.gripper_controller]: Received & accepted new action goal
[ign gazebo-1] [INFO] [1790611863.151971683] [amir2.gripper_controller]: Received & accepted new action goal
[ign gazebo-1] [INFO] [1790611863.152007239] [amir1.gripper_controller]: Received & accepted new action goal
[coordinator-39] [INFO] [1790611863.270212699] [cooperative_coordinator]: Payload goal: x=0.481, y=-0.000, yaw=0.024
[ign gazebo-1] [INFO] [1790611863.378665775] [amir1.gripper_controller]: Received & accepted new action goal
[ign gazebo-1] [INFO] [1790611863.378872805] [amir2.gripper_controller]: Received & accepted new action goal
[ign gazebo-1] [INFO] [1790611863.876415762] [amir1.gripper_controller]: Received & accepted new action goal
[ign gazebo-1] [INFO] [1790611863.876468033] [amir2.gripper_controller]: Received & accepted new action goal
[coordinator-39] [INFO] [1790611864.298630123] [cooperative_coordinator]: Payload goal: x=0.481, y=-0.000, yaw=0.030
[ign gazebo-1] [INFO] [1790611864.418067914] [amir1.gripper_controller]: Received & accepted new action goal
[ign gazebo-1] [INFO] [1790611864.418332535] [amir2.gripper_controller]: Received & accepted new action goal
[ign gazebo-1] [INFO] [1790611864.652745645] [amir1.gripper_controller]: Received & accepted new action goal
[ign gazebo-1] [INFO] [1790611864.652857230] [amir2.gripper_controller]: Received & accepted new action goal
[ign gazebo-1] [INFO] [1790611865.093503940] [amir1.gripper_controller]: Received & accepted new action goal
[ign gazebo-1] [INFO] [1790611865.093685870] [amir2.gripper_controller]: Received & accepted new action goal
[coordinator-39] [INFO] [1790611865.306615986] [cooperative_coordinator]: Payload goal: x=0.481, y=-0.000, yaw=0.038
[ign gazebo-1] [INFO] [1790611865.581870712] [amir1.gripper_controller]: Received & accepted new action goal
[ign gazebo-1] [INFO] [1790611865.581979177] [amir2.gripper_controller]: Received & accepted new action goal
[ign gazebo-1] [INFO] [1790611865.840501660] [amir1.gripper_controller]: Received & accepted new action goal
[ign gazebo-1] [INFO] [1790611865.840722628] [amir2.gripper_controller]: Received & accepted new action goal
[coordinator-39] [INFO] [1790611866.319594519] [cooperative_coordinator]: Payload goal: x=0.481, y=-0.000, yaw=0.045
[ign gazebo-1] [INFO] [1790611866.333484980] [amir1.gripper_controller]: Received & accepted new action goal
[ign gazebo-1] [INFO] [1790611866.333549666] [amir2.gripper_controller]: Received & accepted new action goal
[ign gazebo-1] [INFO] [1790611866.844668191] [amir2.gripper_controller]: Received & accepted new action goal
[ign gazebo-1] [INFO] [1790611866.844734976] [amir1.gripper_controller]: Received & accepted new action goal
[ign gazebo-1] [INFO] [1790611867.079031556] [amir1.gripper_controller]: Received & accepted new action goal
[ign gazebo-1] [INFO] [1790611867.079136932] [amir2.gripper_controller]: Received & accepted new action goal
[coordinator-39] [INFO] [1790611867.365695700] [cooperative_coordinator]: Payload goal: x=0.481, y=-0.000, yaw=0.052
[ign gazebo-1] [INFO] [1790611867.612241312] [amir1.gripper_controller]: Received & accepted new action goal
[ign gazebo-1] [INFO] [1790611867.612780790] [amir2.gripper_controller]: Received & accepted new action goal
[ign gazebo-1] [INFO] [1790611868.093021269] [amir1.gripper_controller]: Received & accepted new action goal
[ign gazebo-1] [INFO] [1790611868.093120475] [amir2.gripper_controller]: Received & accepted new action goal
[ign gazebo-1] [INFO] [1790611868.335816856] [amir1.gripper_controller]: Received & accepted new action goal
[ign gazebo-1] [INFO] [1790611868.335898829] [amir2.gripper_controller]: Received & accepted new action goal
[coordinator-39] [INFO] [1790611868.372702336] [cooperative_coordinator]: Payload goal: x=0.481, y=-0.000, yaw=0.059
[ign gazebo-1] [INFO] [1790611868.803131997] [amir1.gripper_controller]: Received & accepted new action goal
[ign gazebo-1] [INFO] [1790611868.803352925] [amir2.gripper_controller]: Received & accepted new action goal
[ign gazebo-1] [INFO] [1790611869.360606126] [amir1.gripper_controller]: Received & accepted new action goal
[ign gazebo-1] [INFO] [1790611869.360749540] [amir2.gripper_controller]: Received & accepted new action goal
[coordinator-39] [INFO] [1790611869.386981641] [cooperative_coordinator]: Payload goal: x=0.481, y=-0.000, yaw=0.066
[ign gazebo-1] [INFO] [1790611869.621750221] [amir2.gripper_controller]: Received & accepted new action goal
[ign gazebo-1] [INFO] [1790611869.621771798] [amir1.gripper_controller]: Received & accepted new action goal
[ign gazebo-1] [INFO] [1790611870.095811439] [amir1.gripper_controller]: Received & accepted new action goal
[ign gazebo-1] [INFO] [1790611870.095882684] [amir2.gripper_controller]: Received & accepted new action goal
[coordinator-39] [INFO] [1790611870.402497354] [cooperative_coordinator]: Payload goal: x=0.481, y=-0.000, yaw=0.073
[ign gazebo-1] [INFO] [1790611870.637058052] [amir1.gripper_controller]: Received & accepted new action goal
[ign gazebo-1] [INFO] [1790611870.637408499] [amir2.gripper_controller]: Received & accepted new action goal
[ign gazebo-1] [INFO] [1790611870.824328459] [amir1.gripper_controller]: Received & accepted new action goal
[ign gazebo-1] [INFO] [1790611870.824532007] [amir2.gripper_controller]: Received & accepted new action goal
[ign gazebo-1] [INFO] [1790611871.248447951] [amir1.gripper_controller]: Received & accepted new action goal
[ign gazebo-1] [INFO] [1790611871.248497959] [amir2.gripper_controller]: Received & accepted new action goal
[coordinator-39] [INFO] [1790611871.406728523] [cooperative_coordinator]: Payload goal: x=0.481, y=-0.000, yaw=0.081
[ign gazebo-1] [INFO] [1790611871.673461300] [amir1.gripper_controller]: Received & accepted new action goal
[ign gazebo-1] [INFO] [1790611871.673562134] [amir2.gripper_controller]: Received & accepted new action goal
[ign gazebo-1] [INFO] [1790611871.931394712] [amir2.gripper_controller]: Received & accepted new action goal
[ign gazebo-1] [INFO] [1790611871.931406439] [amir1.gripper_controller]: Received & accepted new action goal
[coordinator-39] [INFO] [1790611872.428467705] [cooperative_coordinator]: Payload goal: x=0.481, y=-0.000, yaw=0.088
[ign gazebo-1] [INFO] [1790611872.455754027] [amir1.gripper_controller]: Received & accepted new action goal
[ign gazebo-1] [INFO] [1790611872.455846541] [amir2.gripper_controller]: Received & accepted new action goal
[ign gazebo-1] [INFO] [1790611872.978417471] [amir1.gripper_controller]: Received & accepted new action goal
[ign gazebo-1] [INFO] [1790611872.978647731] [amir2.gripper_controller]: Received & accepted new action goal
[ign gazebo-1] [INFO] [1790611873.239841813] [amir1.gripper_controller]: Received & accepted new action goal
[ign gazebo-1] [INFO] [1790611873.239970666] [amir2.gripper_controller]: Received & accepted new action goal
[coordinator-39] [INFO] [1790611873.444534237] [cooperative_coordinator]: Payload goal: x=0.481, y=-0.000, yaw=0.095
[ign gazebo-1] [INFO] [1790611873.731896518] [amir1.gripper_controller]: Received & accepted new action goal
[ign gazebo-1] [INFO] [1790611873.731998472] [amir2.gripper_controller]: Received & accepted new action goal
[ign gazebo-1] [INFO] [1790611874.259069719] [amir1.gripper_controller]: Received & accepted new action goal
[ign gazebo-1] [INFO] [1790611874.259194149] [amir2.gripper_controller]: Received & accepted new action goal
[coordinator-39] [INFO] [1790611874.460136302] [cooperative_coordinator]: Payload goal: x=0.481, y=-0.000, yaw=0.102
[ign gazebo-1] [INFO] [1790611874.505352960] [amir1.gripper_controller]: Received & accepted new action goal
[ign gazebo-1] [INFO] [1790611874.505504240] [amir2.gripper_controller]: Received & accepted new action goal
[ign gazebo-1] [INFO] [1790611875.014485051] [amir1.gripper_controller]: Received & accepted new action goal
[ign gazebo-1] [INFO] [1790611875.014549013] [amir2.gripper_controller]: Received & accepted new action goal
[coordinator-39] [INFO] [1790611875.473321783] [cooperative_coordinator]: Payload goal: x=0.481, y=-0.000, yaw=0.109
[ign gazebo-1] [INFO] [1790611875.567985769] [amir1.gripper_controller]: Received & accepted new action goal
[ign gazebo-1] [INFO] [1790611875.568077969] [amir2.gripper_controller]: Received & accepted new action goal
[ign gazebo-1] [INFO] [1790611875.809264952] [amir1.gripper_controller]: Received & accepted new action goal
[ign gazebo-1] [INFO] [1790611875.809422613] [amir2.gripper_controller]: Received & accepted new action goal
[ign gazebo-1] [INFO] [1790611876.287657177] [amir1.gripper_controller]: Received & accepted new action goal
[ign gazebo-1] [INFO] [1790611876.287925589] [amir2.gripper_controller]: Received & accepted new action goal
[coordinator-39] [INFO] [1790611876.511317107] [cooperative_coordinator]: Payload goal: x=0.481, y=-0.000, yaw=0.116
[ign gazebo-1] [INFO] [1790611876.848876774] [amir2.gripper_controller]: Received & accepted new action goal
[ign gazebo-1] [INFO] [1790611876.848902038] [amir1.gripper_controller]: Received & accepted new action goal
[ign gazebo-1] [INFO] [1790611877.096163345] [amir2.gripper_controller]: Received & accepted new action goal
[ign gazebo-1] [INFO] [1790611877.096178027] [amir1.gripper_controller]: Received & accepted new action goal
[coordinator-39] [INFO] [1790611877.531269894] [cooperative_coordinator]: Payload goal: x=0.481, y=-0.000, yaw=0.123
[ign gazebo-1] [INFO] [1790611877.643762332] [amir1.gripper_controller]: Received & accepted new action goal
[ign gazebo-1] [INFO] [1790611877.643867590] [amir2.gripper_controller]: Received & accepted new action goal
[ign gazebo-1] [INFO] [1790611878.197556456] [amir2.gripper_controller]: Received & accepted new action goal
[ign gazebo-1] [INFO] [1790611878.197558219] [amir1.gripper_controller]: Received & accepted new action goal
[ign gazebo-1] [INFO] [1790611878.396434570] [amir1.gripper_controller]: Received & accepted new action goal
[ign gazebo-1] [INFO] [1790611878.396683489] [amir2.gripper_controller]: Received & accepted new action goal
[coordinator-39] [INFO] [1790611878.537651416] [cooperative_coordinator]: Payload goal: x=0.481, y=-0.000, yaw=0.130
[ign gazebo-1] [INFO] [1790611878.887783290] [amir1.gripper_controller]: Received & accepted new action goal
[ign gazebo-1] [INFO] [1790611878.887950808] [amir2.gripper_controller]: Received & accepted new action goal
[ign gazebo-1] [INFO] [1790611879.375583839] [amir1.gripper_controller]: Received & accepted new action goal
[ign gazebo-1] [INFO] [1790611879.375686256] [amir2.gripper_controller]: Received & accepted new action goal
[coordinator-39] [INFO] [1790611879.555975207] [cooperative_coordinator]: Payload goal: x=0.481, y=-0.000, yaw=0.137
[ign gazebo-1] [INFO] [1790611879.631884305] [amir1.gripper_controller]: Received & accepted new action goal
[ign gazebo-1] [INFO] [1790611879.632031246] [amir2.gripper_controller]: Received & accepted new action goal
[ign gazebo-1] [INFO] [1790611880.150977620] [amir1.gripper_controller]: Received & accepted new action goal
[ign gazebo-1] [INFO] [1790611880.151056350] [amir2.gripper_controller]: Received & accepted new action goal
[coordinator-39] [INFO] [1790611880.571464999] [cooperative_coordinator]: Payload goal: x=0.481, y=-0.000, yaw=0.144
[ign gazebo-1] [INFO] [1790611880.643215404] [amir1.gripper_controller]: Received & accepted new action goal
[ign gazebo-1] [INFO] [1790611880.643278687] [amir2.gripper_controller]: Received & accepted new action goal
[ign gazebo-1] [INFO] [1790611880.878619027] [amir1.gripper_controller]: Received & accepted new action goal
[ign gazebo-1] [INFO] [1790611880.878746959] [amir2.gripper_controller]: Received & accepted new action goal
[ign gazebo-1] [INFO] [1790611881.356219688] [amir1.gripper_controller]: Received & accepted new action goal
[ign gazebo-1] [INFO] [1790611881.356233306] [amir2.gripper_controller]: Received & accepted new action goal
[coordinator-39] [INFO] [1790611881.581903989] [cooperative_coordinator]: Payload goal: x=0.481, y=-0.000, yaw=0.151
[ign gazebo-1] [INFO] [1790611881.798057509] [amir1.gripper_controller]: Received & accepted new action goal
[ign gazebo-1] [INFO] [1790611881.798297915] [amir2.gripper_controller]: Received & accepted new action goal
[ign gazebo-1] [INFO] [1790611882.015555947] [amir1.gripper_controller]: Received & accepted new action goal
[ign gazebo-1] [INFO] [1790611882.015663532] [amir2.gripper_controller]: Received & accepted new action goal
[ign gazebo-1] [INFO] [1790611882.472528842] [amir1.gripper_controller]: Received & accepted new action goal
[ign gazebo-1] [INFO] [1790611882.472596418] [amir2.gripper_controller]: Received & accepted new action goal
[coordinator-39] [INFO] [1790611882.598336164] [cooperative_coordinator]: Payload goal: x=0.481, y=-0.000, yaw=0.159
[ign gazebo-1] [INFO] [1790611882.952719280] [amir1.gripper_controller]: Received & accepted new action goal
[ign gazebo-1] [INFO] [1790611882.952927899] [amir2.gripper_controller]: Received & accepted new action goal
[ign gazebo-1] [INFO] [1790611883.255320999] [amir1.gripper_controller]: Received & accepted new action goal
[ign gazebo-1] [INFO] [1790611883.255349926] [amir2.gripper_controller]: Received & accepted new action goal
[coordinator-39] [INFO] [1790611883.635599051] [cooperative_coordinator]: Payload goal: x=0.481, y=-0.000, yaw=0.166
[ign gazebo-1] [INFO] [1790611883.746003923] [amir1.gripper_controller]: Received & accepted new action goal
[ign gazebo-1] [INFO] [1790611883.746057287] [amir2.gripper_controller]: Received & accepted new action goal
[ign gazebo-1] [INFO] [1790611884.251829859] [amir1.gripper_controller]: Received & accepted new action goal
[ign gazebo-1] [INFO] [1790611884.252088334] [amir2.gripper_controller]: Received & accepted new action goal
[ign gazebo-1] [INFO] [1790611884.499744352] [amir1.gripper_controller]: Received & accepted new action goal
[ign gazebo-1] [INFO] [1790611884.499939273] [amir2.gripper_controller]: Received & accepted new action goal
[coordinator-39] [INFO] [1790611884.652108142] [cooperative_coordinator]: Payload goal: x=0.481, y=-0.000, yaw=0.174
[ign gazebo-1] [INFO] [1790611884.982485201] [amir1.gripper_controller]: Received & accepted new action goal
[ign gazebo-1] [INFO] [1790611884.982585798] [amir2.gripper_controller]: Received & accepted new action goal
[ign gazebo-1] [INFO] [1790611885.477769709] [amir2.gripper_controller]: Received & accepted new action goal
[ign gazebo-1] [INFO] [1790611885.477870646] [amir1.gripper_controller]: Received & accepted new action goal
[coordinator-39] [INFO] [1790611885.661329062] [cooperative_coordinator]: Payload goal: x=0.481, y=-0.000, yaw=0.181
[ign gazebo-1] [INFO] [1790611885.705978366] [amir1.gripper_controller]: Received & accepted new action goal
[ign gazebo-1] [INFO] [1790611885.706019924] [amir2.gripper_controller]: Received & accepted new action goal
[ign gazebo-1] [INFO] [1790611886.205661552] [amir1.gripper_controller]: Received & accepted new action goal
[ign gazebo-1] [INFO] [1790611886.205918485] [amir2.gripper_controller]: Received & accepted new action goal
[coordinator-39] [INFO] [1790611886.688582690] [cooperative_coordinator]: Payload goal: x=0.481, y=-0.000, yaw=0.188
[ign gazebo-1] [INFO] [1790611886.702622686] [amir1.gripper_controller]: Received & accepted new action goal
[ign gazebo-1] [INFO] [1790611886.702843866] [amir2.gripper_controller]: Received & accepted new action goal
[ign gazebo-1] [INFO] [1790611886.947882363] [amir1.gripper_controller]: Received & accepted new action goal
[ign gazebo-1] [INFO] [1790611886.947885762] [amir2.gripper_controller]: Received & accepted new action goal
[ign gazebo-1] [INFO] [1790611887.452045096] [amir1.gripper_controller]: Received & accepted new action goal
[ign gazebo-1] [INFO] [1790611887.452171281] [amir2.gripper_controller]: Received & accepted new action goal
[coordinator-39] [INFO] [1790611887.695052915] [cooperative_coordinator]: Payload goal: x=0.481, y=-0.000, yaw=0.195
[ign gazebo-1] [INFO] [1790611888.159266748] [amir2.gripper_controller]: Received & accepted new action goal
[ign gazebo-1] [INFO] [1790611888.419671755] [amir1.gripper_controller]: Received & accepted new action goal
[ign gazebo-1] [INFO] [1790611888.419840712] [amir2.gripper_controller]: Received & accepted new action goal
[coordinator-39] [INFO] [1790611888.707544576] [cooperative_coordinator]: Payload goal: x=0.481, y=-0.000, yaw=0.204
[ign gazebo-1] [INFO] [1790611888.922529809] [amir1.gripper_controller]: Received & accepted new action goal
[ign gazebo-1] [INFO] [1790611888.922720067] [amir2.gripper_controller]: Received & accepted new action goal
[ign gazebo-1] [INFO] [1790611889.159946497] [amir1.gripper_controller]: Received & accepted new action goal
[ign gazebo-1] [INFO] [1790611889.655751332] [amir2.gripper_controller]: Received & accepted new action goal
[ign gazebo-1] [INFO] [1790611889.655755672] [amir1.gripper_controller]: Received & accepted new action goal
[coordinator-39] [INFO] [1790611889.730059563] [cooperative_coordinator]: Payload goal: x=0.481, y=-0.000, yaw=0.211
[ign gazebo-1] [INFO] [1790611890.158391987] [amir1.gripper_controller]: Received & accepted new action goal
[ign gazebo-1] [INFO] [1790611890.158559770] [amir2.gripper_controller]: Received & accepted new action goal
[ign gazebo-1] [INFO] [1790611890.402417740] [amir2.gripper_controller]: Received & accepted new action goal
[ign gazebo-1] [INFO] [1790611890.402427474] [amir1.gripper_controller]: Received & accepted new action goal
[coordinator-39] [INFO] [1790611890.768885895] [cooperative_coordinator]: Payload goal: x=0.481, y=-0.000, yaw=0.219
[ign gazebo-1] [INFO] [1790611890.875835058] [amir2.gripper_controller]: Received & accepted new action goal
[ign gazebo-1] [INFO] [1790611890.875836241] [amir1.gripper_controller]: Received & accepted new action goal
[ign gazebo-1] [INFO] [1790611891.452569636] [amir1.gripper_controller]: Received & accepted new action goal
[ign gazebo-1] [INFO] [1790611891.452581548] [amir2.gripper_controller]: Received & accepted new action goal
[ign gazebo-1] [INFO] [1790611891.717907308] [amir1.gripper_controller]: Received & accepted new action goal
[ign gazebo-1] [INFO] [1790611891.717951923] [amir2.gripper_controller]: Received & accepted new action goal
[coordinator-39] [INFO] [1790611891.785847479] [cooperative_coordinator]: Payload goal: x=0.481, y=-0.000, yaw=0.225
[ign gazebo-1] [INFO] [1790611892.218146016] [amir1.gripper_controller]: Received & accepted new action goal
[ign gazebo-1] [INFO] [1790611892.218225248] [amir2.gripper_controller]: Received & accepted new action goal
[ign gazebo-1] [INFO] [1790611892.696784604] [amir1.gripper_controller]: Received & accepted new action goal
[ign gazebo-1] [INFO] [1790611892.697020718] [amir2.gripper_controller]: Received & accepted new action goal
[coordinator-39] [INFO] [1790611892.813385581] [cooperative_coordinator]: Payload goal: x=0.481, y=-0.000, yaw=0.233
[ign gazebo-1] [INFO] [1790611892.918835789] [amir1.gripper_controller]: Received & accepted new action goal
[ign gazebo-1] [INFO] [1790611892.918989848] [amir2.gripper_controller]: Received & accepted new action goal
[ign gazebo-1] [INFO] [1790611893.389813755] [amir1.gripper_controller]: Received & accepted new action goal
[ign gazebo-1] [INFO] [1790611893.389844865] [amir2.gripper_controller]: Received & accepted new action goal
[coordinator-39] [INFO] [1790611893.821143339] [cooperative_coordinator]: Payload goal: x=0.481, y=-0.000, yaw=0.240
[ign gazebo-1] [INFO] [1790611893.920163273] [amir2.gripper_controller]: Received & accepted new action goal
[ign gazebo-1] [INFO] [1790611893.920194026] [amir1.gripper_controller]: Received & accepted new action goal
[ign gazebo-1] [INFO] [1790611894.160479368] [amir1.gripper_controller]: Received & accepted new action goal
[ign gazebo-1] [INFO] [1790611894.160544377] [amir2.gripper_controller]: Received & accepted new action goal
[ign gazebo-1] [INFO] [1790611894.621632243] [amir1.gripper_controller]: Received & accepted new action goal
[ign gazebo-1] [INFO] [1790611894.621700366] [amir2.gripper_controller]: Received & accepted new action goal
[coordinator-39] [INFO] [1790611894.835291778] [cooperative_coordinator]: Payload goal: x=0.481, y=-0.000, yaw=0.247
[ign gazebo-1] [INFO] [1790611895.083805953] [amir1.gripper_controller]: Received & accepted new action goal
[ign gazebo-1] [INFO] [1790611895.083956568] [amir2.gripper_controller]: Received & accepted new action goal
[ign gazebo-1] [INFO] [1790611895.303874463] [amir1.gripper_controller]: Received & accepted new action goal
[ign gazebo-1] [INFO] [1790611895.304000250] [amir2.gripper_controller]: Received & accepted new action goal
[ign gazebo-1] [INFO] [1790611895.762002538] [amir1.gripper_controller]: Received & accepted new action goal
[ign gazebo-1] [INFO] [1790611895.762046428] [amir2.gripper_controller]: Received & accepted new action goal
[coordinator-39] [INFO] [1790611895.847092862] [cooperative_coordinator]: Payload goal: x=0.481, y=-0.000, yaw=0.255
[ign gazebo-1] [INFO] [1790611896.246008363] [amir1.gripper_controller]: Received & accepted new action goal
[ign gazebo-1] [INFO] [1790611896.246217231] [amir2.gripper_controller]: Received & accepted new action goal
[ign gazebo-1] [INFO] [1790611896.476291188] [amir1.gripper_controller]: Received & accepted new action goal
[ign gazebo-1] [INFO] [1790611896.476309797] [amir2.gripper_controller]: Received & accepted new action goal
[coordinator-39] [INFO] [1790611896.847845023] [cooperative_coordinator]: Payload goal: x=0.481, y=-0.000, yaw=0.262
[ign gazebo-1] [INFO] [1790611896.946369196] [amir2.gripper_controller]: Received & accepted new action goal
[ign gazebo-1] [INFO] [1790611896.946483160] [amir1.gripper_controller]: Received & accepted new action goal
[ign gazebo-1] [INFO] [1790611897.437982933] [amir1.gripper_controller]: Received & accepted new action goal
[ign gazebo-1] [INFO] [1790611897.438084605] [amir2.gripper_controller]: Received & accepted new action goal
[ign gazebo-1] [INFO] [1790611897.700196111] [amir2.gripper_controller]: Received & accepted new action goal
[ign gazebo-1] [INFO] [1790611897.700225614] [amir1.gripper_controller]: Received & accepted new action goal
[coordinator-39] [INFO] [1790611897.848411301] [cooperative_coordinator]: Payload goal: x=0.481, y=-0.000, yaw=0.269
[ign gazebo-1] [INFO] [1790611898.255601111] [amir1.gripper_controller]: Received & accepted new action goal
[ign gazebo-1] [INFO] [1790611898.256127153] [amir2.gripper_controller]: Received & accepted new action goal
[ign gazebo-1] [INFO] [1790611898.770698923] [amir1.gripper_controller]: Received & accepted new action goal
[ign gazebo-1] [INFO] [1790611898.770701866] [amir2.gripper_controller]: Received & accepted new action goal
[coordinator-39] [INFO] [1790611898.853169606] [cooperative_coordinator]: Payload goal: x=0.481, y=-0.000, yaw=0.276
[ign gazebo-1] [INFO] [1790611899.018310694] [amir1.gripper_controller]: Received & accepted new action goal
[ign gazebo-1] [INFO] [1790611899.018516429] [amir2.gripper_controller]: Received & accepted new action goal
[ign gazebo-1] [INFO] [1790611899.473510423] [amir1.gripper_controller]: Received & accepted new action goal
[ign gazebo-1] [INFO] [1790611899.473554469] [amir2.gripper_controller]: Received & accepted new action goal
[coordinator-39] [INFO] [1790611899.853446660] [cooperative_coordinator]: Payload goal: x=0.481, y=-0.000, yaw=0.283
[ign gazebo-1] [INFO] [1790611900.028910204] [amir1.gripper_controller]: Received & accepted new action goal
[ign gazebo-1] [INFO] [1790611900.028944159] [amir2.gripper_controller]: Received & accepted new action goal
[ign gazebo-1] [INFO] [1790611900.268953591] [amir1.gripper_controller]: Received & accepted new action goal
[ign gazebo-1] [INFO] [1790611900.269045880] [amir2.gripper_controller]: Received & accepted new action goal
[ign gazebo-1] [INFO] [1790611900.777935396] [amir1.gripper_controller]: Received & accepted new action goal
[ign gazebo-1] [INFO] [1790611900.778015972] [amir2.gripper_controller]: Received & accepted new action goal
[coordinator-39] [INFO] [1790611900.864559252] [cooperative_coordinator]: Payload goal: x=0.481, y=-0.000, yaw=0.290
[ign gazebo-1] [INFO] [1790611901.252061267] [amir1.gripper_controller]: Received & accepted new action goal
[ign gazebo-1] [INFO] [1790611901.252088460] [amir2.gripper_controller]: Received & accepted new action goal
[ign gazebo-1] [INFO] [1790611901.497491427] [amir1.gripper_controller]: Received & accepted new action goal
[ign gazebo-1] [INFO] [1790611901.497632012] [amir2.gripper_controller]: Received & accepted new action goal
[coordinator-39] [INFO] [1790611901.877573300] [cooperative_coordinator]: Payload goal: x=0.481, y=-0.000, yaw=0.297
[ign gazebo-1] [INFO] [1790611902.006565829] [amir2.gripper_controller]: Received & accepted new action goal
[ign gazebo-1] [INFO] [1790611902.006653159] [amir1.gripper_controller]: Received & accepted new action goal
[ign gazebo-1] [INFO] [1790611902.493683282] [amir1.gripper_controller]: Received & accepted new action goal
[ign gazebo-1] [INFO] [1790611902.493923478] [amir2.gripper_controller]: Received & accepted new action goal
[ign gazebo-1] [INFO] [1790611902.751127414] [amir1.gripper_controller]: Received & accepted new action goal
[ign gazebo-1] [INFO] [1790611902.751172187] [amir2.gripper_controller]: Received & accepted new action goal
[coordinator-39] [INFO] [1790611902.892047546] [cooperative_coordinator]: Payload goal: x=0.481, y=-0.000, yaw=0.304
[ign gazebo-1] [INFO] [1790611903.274629043] [amir1.gripper_controller]: Received & accepted new action goal
[ign gazebo-1] [INFO] [1790611903.274852292] [amir2.gripper_controller]: Received & accepted new action goal
[ign gazebo-1] [INFO] [1790611903.804491903] [amir1.gripper_controller]: Received & accepted new action goal
[ign gazebo-1] [INFO] [1790611903.804523383] [amir2.gripper_controller]: Received & accepted new action goal
[coordinator-39] [INFO] [1790611903.893111934] [cooperative_coordinator]: Payload goal: x=0.481, y=-0.000, yaw=0.311
[ign gazebo-1] [INFO] [1790611904.053451346] [amir1.gripper_controller]: Received & accepted new action goal
[ign gazebo-1] [INFO] [1790611904.053561342] [amir2.gripper_controller]: Received & accepted new action goal
[ign gazebo-1] [INFO] [1790611904.538094743] [amir1.gripper_controller]: Received & accepted new action goal
[ign gazebo-1] [INFO] [1790611904.538143415] [amir2.gripper_controller]: Received & accepted new action goal
[coordinator-39] [INFO] [1790611904.921581862] [cooperative_coordinator]: Payload goal: x=0.481, y=-0.000, yaw=0.318
[ign gazebo-1] [INFO] [1790611905.046660874] [amir1.gripper_controller]: Received & accepted new action goal
[ign gazebo-1] [INFO] [1790611905.046912165] [amir2.gripper_controller]: Received & accepted new action goal
[ign gazebo-1] [INFO] [1790611905.285021970] [amir1.gripper_controller]: Received & accepted new action goal
[ign gazebo-1] [INFO] [1790611905.285058479] [amir2.gripper_controller]: Received & accepted new action goal
[ign gazebo-1] [INFO] [1790611905.743708592] [amir1.gripper_controller]: Received & accepted new action goal
[ign gazebo-1] [INFO] [1790611905.743868244] [amir2.gripper_controller]: Received & accepted new action goal
[coordinator-39] [INFO] [1790611905.937302620] [cooperative_coordinator]: Payload goal: x=0.481, y=-0.000, yaw=0.326
[ign gazebo-1] [INFO] [1790611906.280969289] [amir1.gripper_controller]: Received & accepted new action goal
[ign gazebo-1] [INFO] [1790611906.281169487] [amir2.gripper_controller]: Received & accepted new action goal
[ign gazebo-1] [INFO] [1790611906.538544690] [amir2.gripper_controller]: Received & accepted new action goal
[ign gazebo-1] [INFO] [1790611906.538564812] [amir1.gripper_controller]: Received & accepted new action goal
[coordinator-39] [INFO] [1790611906.965869127] [cooperative_coordinator]: Payload goal: x=0.481, y=-0.000, yaw=0.332
[ign gazebo-1] [INFO] [1790611907.035105743] [amir1.gripper_controller]: Received & accepted new action goal
[ign gazebo-1] [INFO] [1790611907.035162951] [amir2.gripper_controller]: Received & accepted new action goal
[ign gazebo-1] [INFO] [1790611907.499128444] [amir2.gripper_controller]: Received & accepted new action goal
[ign gazebo-1] [INFO] [1790611907.499076623] [amir1.gripper_controller]: Received & accepted new action goal
[ign gazebo-1] [INFO] [1790611907.733400616] [amir2.gripper_controller]: Received & accepted new action goal
[ign gazebo-1] [INFO] [1790611907.733425591] [amir1.gripper_controller]: Received & accepted new action goal
[coordinator-39] [INFO] [1790611907.974376735] [cooperative_coordinator]: Payload goal: x=0.481, y=-0.000, yaw=0.341
[ign gazebo-1] [INFO] [1790611908.102924944] [amir1.gripper_controller]: Received & accepted new action goal
[ign gazebo-1] [INFO] [1790611908.102925292] [amir2.gripper_controller]: Received & accepted new action goal
[ign gazebo-1] [INFO] [1790611908.616976123] [amir1.gripper_controller]: Received & accepted new action goal
[ign gazebo-1] [INFO] [1790611908.617087310] [amir2.gripper_controller]: Received & accepted new action goal
[ign gazebo-1] [INFO] [1790611908.868914537] [amir2.gripper_controller]: Received & accepted new action goal
[ign gazebo-1] [INFO] [1790611908.869011136] [amir1.gripper_controller]: Received & accepted new action goal
[coordinator-39] [INFO] [1790611908.980739159] [cooperative_coordinator]: Payload goal: x=0.481, y=-0.000, yaw=0.348
[ign gazebo-1] [INFO] [1790611909.413569383] [amir1.gripper_controller]: Received & accepted new action goal
[ign gazebo-1] [INFO] [1790611909.413796257] [amir2.gripper_controller]: Received & accepted new action goal
[ign gazebo-1] [INFO] [1790611909.959742884] [amir2.gripper_controller]: Received & accepted new action goal
[ign gazebo-1] [INFO] [1790611909.959748960] [amir1.gripper_controller]: Received & accepted new action goal
[coordinator-39] [INFO] [1790611909.984667498] [cooperative_coordinator]: Payload goal: x=0.481, y=-0.000, yaw=0.354
[ign gazebo-1] [INFO] [1790611910.208526009] [amir2.gripper_controller]: Received & accepted new action goal
[ign gazebo-1] [INFO] [1790611910.208607444] [amir1.gripper_controller]: Received & accepted new action goal
[ign gazebo-1] [INFO] [1790611910.752695830] [amir1.gripper_controller]: Received & accepted new action goal
[ign gazebo-1] [INFO] [1790611910.752871733] [amir2.gripper_controller]: Received & accepted new action goal
[coordinator-39] [INFO] [1790611910.997547571] [cooperative_coordinator]: Payload goal: x=0.481, y=-0.000, yaw=0.362
[ign gazebo-1] [INFO] [1790611911.040616136] [amir1.gripper_controller]: Received & accepted new action goal
[ign gazebo-1] [INFO] [1790611911.040689918] [amir2.gripper_controller]: Received & accepted new action goal
[ign gazebo-1] [INFO] [1790611911.228123524] [amir2.gripper_controller]: Received & accepted new action goal
[ign gazebo-1] [INFO] [1790611911.656142867] [amir1.gripper_controller]: Received & accepted new action goal
[ign gazebo-1] [INFO] [1790611911.656247835] [amir2.gripper_controller]: Received & accepted new action goal
[coordinator-39] [INFO] [1790611911.999671070] [cooperative_coordinator]: Payload goal: x=0.481, y=-0.000, yaw=0.371
[ign gazebo-1] [INFO] [1790611912.033779596] [amir1.gripper_controller]: Received & accepted new action goal
[ign gazebo-1] [INFO] [1790611912.033828944] [amir2.gripper_controller]: Received & accepted new action goal
[ign gazebo-1] [INFO] [1790611912.226982190] [amir1.gripper_controller]: Received & accepted new action goal
[ign gazebo-1] [INFO] [1790611912.227002088] [amir2.gripper_controller]: Received & accepted new action goal
[ign gazebo-1] [INFO] [1790611912.649072221] [amir1.gripper_controller]: Received & accepted new action goal
[ign gazebo-1] [INFO] [1790611912.649072143] [amir2.gripper_controller]: Received & accepted new action goal
[ign gazebo-1] [INFO] [1790611912.995947881] [amir1.gripper_controller]: Received & accepted new action goal
[ign gazebo-1] [INFO] [1790611912.996074304] [amir2.gripper_controller]: Received & accepted new action goal
[coordinator-39] [INFO] [1790611913.018409424] [cooperative_coordinator]: Payload goal: x=0.481, y=-0.000, yaw=0.380
[ign gazebo-1] [INFO] [1790611913.175113545] [amir1.gripper_controller]: Received & accepted new action goal
[ign gazebo-1] [INFO] [1790611913.175185463] [amir2.gripper_controller]: Received & accepted new action goal
[ign gazebo-1] [INFO] [1790611913.541458752] [amir2.gripper_controller]: Received & accepted new action goal
[ign gazebo-1] [INFO] [1790611913.541579457] [amir1.gripper_controller]: Received & accepted new action goal
[ign gazebo-1] [INFO] [1790611913.952667911] [amir2.gripper_controller]: Received & accepted new action goal
[ign gazebo-1] [INFO] [1790611913.952810937] [amir1.gripper_controller]: Received & accepted new action goal
[coordinator-39] [INFO] [1790611914.030306308] [cooperative_coordinator]: Payload goal: x=0.481, y=-0.000, yaw=0.390
[ign gazebo-1] [INFO] [1790611914.165289853] [amir1.gripper_controller]: Received & accepted new action goal
[ign gazebo-1] [INFO] [1790611914.165562143] [amir2.gripper_controller]: Received & accepted new action goal
[ign gazebo-1] [INFO] [1790611914.540578277] [amir1.gripper_controller]: Received & accepted new action goal
[ign gazebo-1] [INFO] [1790611914.540583122] [amir2.gripper_controller]: Received & accepted new action goal
[coordinator-39] [INFO] [1790611915.032697565] [cooperative_coordinator]: Payload goal: x=0.481, y=-0.000, yaw=0.397
[ign gazebo-1] [INFO] [1790611915.047638767] [amir1.gripper_controller]: Received & accepted new action goal
[ign gazebo-1] [INFO] [1790611915.047903033] [amir2.gripper_controller]: Received & accepted new action goal
[ign gazebo-1] [INFO] [1790611915.284820258] [amir1.gripper_controller]: Received & accepted new action goal
[ign gazebo-1] [INFO] [1790611915.284877866] [amir2.gripper_controller]: Received & accepted new action goal
[ign gazebo-1] [INFO] [1790611915.822701303] [amir1.gripper_controller]: Received & accepted new action goal
[ign gazebo-1] [INFO] [1790611915.822781473] [amir2.gripper_controller]: Received & accepted new action goal
[coordinator-39] [INFO] [1790611916.045257938] [cooperative_coordinator]: Payload goal: x=0.481, y=-0.000, yaw=0.404
[ign gazebo-1] [INFO] [1790611916.298941369] [amir1.gripper_controller]: Received & accepted new action goal
[ign gazebo-1] [INFO] [1790611916.299053604] [amir2.gripper_controller]: Received & accepted new action goal
[ign gazebo-1] [INFO] [1790611916.542071161] [amir1.gripper_controller]: Received & accepted new action goal
[ign gazebo-1] [INFO] [1790611916.542164528] [amir2.gripper_controller]: Received & accepted new action goal
[ign gazebo-1] [INFO] [1790611916.978317452] [amir1.gripper_controller]: Received & accepted new action goal
[ign gazebo-1] [INFO] [1790611916.978357702] [amir2.gripper_controller]: Received & accepted new action goal
[coordinator-39] [INFO] [1790611917.057790668] [cooperative_coordinator]: Payload goal: x=0.481, y=-0.000, yaw=0.412
[ign gazebo-1] [INFO] [1790611917.479805299] [amir1.gripper_controller]: Received & accepted new action goal
[ign gazebo-1] [INFO] [1790611917.479987441] [amir2.gripper_controller]: Received & accepted new action goal
[ign gazebo-1] [INFO] [1790611917.724168581] [amir1.gripper_controller]: Received & accepted new action goal
[ign gazebo-1] [INFO] [1790611917.724264495] [amir2.gripper_controller]: Received & accepted new action goal
[coordinator-39] [INFO] [1790611918.066650254] [cooperative_coordinator]: Payload goal: x=0.481, y=-0.000, yaw=0.419
[ign gazebo-1] [INFO] [1790611918.260782629] [amir1.gripper_controller]: Received & accepted new action goal
[ign gazebo-1] [INFO] [1790611918.260894665] [amir2.gripper_controller]: Received & accepted new action goal
[ign gazebo-1] [INFO] [1790611918.697231941] [amir1.gripper_controller]: Received & accepted new action goal
[ign gazebo-1] [INFO] [1790611918.697330175] [amir2.gripper_controller]: Received & accepted new action goal
[ign gazebo-1] [INFO] [1790611918.932880324] [amir2.gripper_controller]: Received & accepted new action goal
[ign gazebo-1] [INFO] [1790611918.932952471] [amir1.gripper_controller]: Received & accepted new action goal
[coordinator-39] [INFO] [1790611919.074813328] [cooperative_coordinator]: Payload goal: x=0.481, y=-0.000, yaw=0.426
[ign gazebo-1] [INFO] [1790611919.451584051] [amir1.gripper_controller]: Received & accepted new action goal
[ign gazebo-1] [INFO] [1790611919.451691298] [amir2.gripper_controller]: Received & accepted new action goal
[ign gazebo-1] [INFO] [1790611919.941127764] [amir1.gripper_controller]: Received & accepted new action goal
[ign gazebo-1] [INFO] [1790611919.941186953] [amir2.gripper_controller]: Received & accepted new action goal
[coordinator-39] [INFO] [1790611920.089183769] [cooperative_coordinator]: Payload goal: x=0.481, y=-0.000, yaw=0.434
[ign gazebo-1] [INFO] [1790611920.144377369] [amir1.gripper_controller]: Received & accepted new action goal
[ign gazebo-1] [INFO] [1790611920.144632677] [amir2.gripper_controller]: Received & accepted new action goal
[ign gazebo-1] [INFO] [1790611920.598627346] [amir1.gripper_controller]: Received & accepted new action goal
[ign gazebo-1] [INFO] [1790611920.598748576] [amir2.gripper_controller]: Received & accepted new action goal
[coordinator-39] [INFO] [1790611921.102141654] [cooperative_coordinator]: Payload goal: x=0.481, y=-0.000, yaw=0.441
[ign gazebo-1] [INFO] [1790611921.117835590] [amir1.gripper_controller]: Received & accepted new action goal
[ign gazebo-1] [INFO] [1790611921.117858051] [amir2.gripper_controller]: Received & accepted new action goal
[ign gazebo-1] [INFO] [1790611921.363466586] [amir1.gripper_controller]: Received & accepted new action goal
[ign gazebo-1] [INFO] [1790611921.363490508] [amir2.gripper_controller]: Received & accepted new action goal
[ign gazebo-1] [INFO] [1790611921.833931777] [amir1.gripper_controller]: Received & accepted new action goal
[ign gazebo-1] [INFO] [1790611921.834054805] [amir2.gripper_controller]: Received & accepted new action goal
[coordinator-39] [INFO] [1790611922.149738294] [cooperative_coordinator]: Payload goal: x=0.481, y=-0.000, yaw=0.448
[ign gazebo-1] [INFO] [1790611922.368550112] [amir1.gripper_controller]: Received & accepted new action goal
[ign gazebo-1] [INFO] [1790611922.368571859] [amir2.gripper_controller]: Received & accepted new action goal
[ign gazebo-1] [INFO] [1790611922.600193693] [amir2.gripper_controller]: Received & accepted new action goal
[ign gazebo-1] [INFO] [1790611922.600249475] [amir1.gripper_controller]: Received & accepted new action goal
[ign gazebo-1] [INFO] [1790611923.054750098] [amir1.gripper_controller]: Received & accepted new action goal
[ign gazebo-1] [INFO] [1790611923.054850476] [amir2.gripper_controller]: Received & accepted new action goal
[coordinator-39] [INFO] [1790611923.178687591] [cooperative_coordinator]: Payload goal: x=0.481, y=-0.000, yaw=0.456
[ign gazebo-1] [INFO] [1790611923.597843922] [amir1.gripper_controller]: Received & accepted new action goal
[ign gazebo-1] [INFO] [1790611923.598254298] [amir2.gripper_controller]: Received & accepted new action goal
[ign gazebo-1] [INFO] [1790611923.853649734] [amir1.gripper_controller]: Received & accepted new action goal
[ign gazebo-1] [INFO] [1790611923.853669185] [amir2.gripper_controller]: Received & accepted new action goal
[coordinator-39] [INFO] [1790611924.193292514] [cooperative_coordinator]: Payload goal: x=0.481, y=-0.000, yaw=0.463
[ign gazebo-1] [INFO] [1790611924.348350857] [amir1.gripper_controller]: Received & accepted new action goal
[ign gazebo-1] [INFO] [1790611924.348401339] [amir2.gripper_controller]: Received & accepted new action goal
[ign gazebo-1] [INFO] [1790611924.701610017] [amir1.gripper_controller]: Received & accepted new action goal
[ign gazebo-1] [INFO] [1790611924.701721154] [amir2.gripper_controller]: Received & accepted new action goal
[ign gazebo-1] [INFO] [1790611924.909363608] [amir2.gripper_controller]: Received & accepted new action goal
[ign gazebo-1] [INFO] [1790611924.909434134] [amir1.gripper_controller]: Received & accepted new action goal
[coordinator-39] [INFO] [1790611925.207843465] [cooperative_coordinator]: Payload goal: x=0.481, y=-0.000, yaw=0.472
[ign gazebo-1] [INFO] [1790611925.305690309] [amir1.gripper_controller]: Received & accepted new action goal
[ign gazebo-1] [INFO] [1790611925.305790226] [amir2.gripper_controller]: Received & accepted new action goal
[ign gazebo-1] [INFO] [1790611925.816544794] [amir1.gripper_controller]: Received & accepted new action goal
[ign gazebo-1] [INFO] [1790611925.816645826] [amir2.gripper_controller]: Received & accepted new action goal
[ign gazebo-1] [INFO] [1790611926.092046165] [amir1.gripper_controller]: Received & accepted new action goal
[ign gazebo-1] [INFO] [1790611926.092211576] [amir2.gripper_controller]: Received & accepted new action goal
[coordinator-39] [INFO] [1790611926.217645576] [cooperative_coordinator]: Payload goal: x=0.481, y=-0.000, yaw=0.479
[ign gazebo-1] [INFO] [1790611926.600576730] [amir1.gripper_controller]: Received & accepted new action goal
[ign gazebo-1] [INFO] [1790611926.600716617] [amir2.gripper_controller]: Received & accepted new action goal
[ign gazebo-1] [INFO] [1790611927.057888831] [amir1.gripper_controller]: Received & accepted new action goal
[ign gazebo-1] [INFO] [1790611927.057897113] [amir2.gripper_controller]: Received & accepted new action goal
[coordinator-39] [INFO] [1790611927.234510169] [cooperative_coordinator]: Payload goal: x=0.481, y=-0.000, yaw=0.486
[ign gazebo-1] [INFO] [1790611927.302703905] [amir1.gripper_controller]: Received & accepted new action goal
[ign gazebo-1] [INFO] [1790611927.302927007] [amir2.gripper_controller]: Received & accepted new action goal
[ign gazebo-1] [INFO] [1790611927.810911665] [amir1.gripper_controller]: Received & accepted new action goal
[ign gazebo-1] [INFO] [1790611927.810982671] [amir2.gripper_controller]: Received & accepted new action goal
[coordinator-39] [INFO] [1790611928.244383713] [cooperative_coordinator]: Payload goal: x=0.481, y=-0.000, yaw=0.493
[ign gazebo-1] [INFO] [1790611928.313811816] [amir2.gripper_controller]: Received & accepted new action goal
[ign gazebo-1] [INFO] [1790611928.313811848] [amir1.gripper_controller]: Received & accepted new action goal
[ign gazebo-1] [INFO] [1790611928.553967683] [amir2.gripper_controller]: Received & accepted new action goal
[ign gazebo-1] [INFO] [1790611928.554038758] [amir1.gripper_controller]: Received & accepted new action goal
[ign gazebo-1] [INFO] [1790611928.966510081] [amir1.gripper_controller]: Received & accepted new action goal
[ign gazebo-1] [INFO] [1790611928.966628532] [amir2.gripper_controller]: Received & accepted new action goal
[coordinator-39] [INFO] [1790611929.268895157] [cooperative_coordinator]: Payload goal: x=0.481, y=-0.000, yaw=0.500
[ign gazebo-1] [INFO] [1790611929.396377680] [amir1.gripper_controller]: Received & accepted new action goal
[ign gazebo-1] [INFO] [1790611929.396389979] [amir2.gripper_controller]: Received & accepted new action goal
[ign gazebo-1] [INFO] [1790611929.601372505] [amir1.gripper_controller]: Received & accepted new action goal
[friction_grasp_manager-34] [WARN] [1790611929.601838770] [friction_grasp_manager]: amir2 finger force above 26.0 N; backing off.
[ign gazebo-1] [INFO] [1790611929.602011688] [amir2.gripper_controller]: Received & accepted new action goal
[ign gazebo-1] [INFO] [1790611930.025926509] [amir1.gripper_controller]: Received & accepted new action goal
[ign gazebo-1] [INFO] [1790611930.026023199] [amir2.gripper_controller]: Received & accepted new action goal
[coordinator-39] [INFO] [1790611930.276370003] [cooperative_coordinator]: Payload goal: x=0.481, y=-0.000, yaw=0.506
[ign gazebo-1] [INFO] [1790611930.497210546] [amir1.gripper_controller]: Received & accepted new action goal
[ign gazebo-1] [INFO] [1790611930.497267508] [amir2.gripper_controller]: Received & accepted new action goal
[friction_grasp_manager-34] [WARN] [1790611930.721618376] [friction_grasp_manager]: amir1 finger force above 26.0 N; backing off.
[ign gazebo-1] [INFO] [1790611930.721844392] [amir1.gripper_controller]: Received & accepted new action goal
[ign gazebo-1] [INFO] [1790611930.721922254] [amir2.gripper_controller]: Received & accepted new action goal
[ign gazebo-1] [INFO] [1790611931.168111894] [amir1.gripper_controller]: Received & accepted new action goal
[ign gazebo-1] [INFO] [1790611931.168307307] [amir2.gripper_controller]: Received & accepted new action goal
[coordinator-39] [INFO] [1790611931.291291325] [cooperative_coordinator]: Payload goal: x=0.481, y=-0.000, yaw=0.511
[ign gazebo-1] [INFO] [1790611931.731516901] [amir1.gripper_controller]: Received & accepted new action goal
[ign gazebo-1] [INFO] [1790611931.731570857] [amir2.gripper_controller]: Received & accepted new action goal
[ign gazebo-1] [INFO] [1790611931.989005000] [amir1.gripper_controller]: Received & accepted new action goal
[ign gazebo-1] [INFO] [1790611931.989138314] [amir2.gripper_controller]: Received & accepted new action goal
[coordinator-39] [INFO] [1790611932.301607857] [cooperative_coordinator]: Payload goal: x=0.481, y=-0.000, yaw=0.515
[ign gazebo-1] [INFO] [1790611932.455622876] [amir1.gripper_controller]: Received & accepted new action goal
[ign gazebo-1] [INFO] [1790611932.455800348] [amir2.gripper_controller]: Received & accepted new action goal
[ign gazebo-1] [INFO] [1790611933.011863262] [amir1.gripper_controller]: Received & accepted new action goal
[ign gazebo-1] [INFO] [1790611933.012208549] [amir2.gripper_controller]: Received & accepted new action goal
[ign gazebo-1] [INFO] [1790611933.251184656] [amir1.gripper_controller]: Received & accepted new action goal
[ign gazebo-1] [INFO] [1790611933.251236791] [amir2.gripper_controller]: Received & accepted new action goal
[coordinator-39] [INFO] [1790611933.314240783] [cooperative_coordinator]: Payload goal: x=0.481, y=-0.000, yaw=0.518
[ign gazebo-1] [INFO] [1790611933.743691334] [amir1.gripper_controller]: Received & accepted new action goal
[ign gazebo-1] [INFO] [1790611933.743925712] [amir2.gripper_controller]: Received & accepted new action goal
[ign gazebo-1] [INFO] [1790611934.244325212] [amir1.gripper_controller]: Received & accepted new action goal
[ign gazebo-1] [INFO] [1790611934.244595547] [amir2.gripper_controller]: Received & accepted new action goal
[coordinator-39] [INFO] [1790611934.319902704] [cooperative_coordinator]: Payload goal: x=0.481, y=-0.000, yaw=0.520
[ign gazebo-1] [INFO] [1790611934.477529818] [amir1.gripper_controller]: Received & accepted new action goal
[ign gazebo-1] [INFO] [1790611934.477690357] [amir2.gripper_controller]: Received & accepted new action goal
[ign gazebo-1] [INFO] [1790611935.018522172] [amir1.gripper_controller]: Received & accepted new action goal
[ign gazebo-1] [INFO] [1790611935.018587795] [amir2.gripper_controller]: Received & accepted new action goal
[coordinator-39] [INFO] [1790611935.331919016] [cooperative_coordinator]: Payload goal: x=0.481, y=-0.000, yaw=0.522
[ign gazebo-1] [INFO] [1790611935.521201509] [amir1.gripper_controller]: Received & accepted new action goal
[ign gazebo-1] [INFO] [1790611935.521505782] [amir2.gripper_controller]: Received & accepted new action goal
[ign gazebo-1] [INFO] [1790611935.791468480] [amir1.gripper_controller]: Received & accepted new action goal
[ign gazebo-1] [INFO] [1790611935.791617294] [amir2.gripper_controller]: Received & accepted new action goal
[ign gazebo-1] [INFO] [1790611936.235535993] [amir1.gripper_controller]: Received & accepted new action goal
[ign gazebo-1] [INFO] [1790611936.235667638] [amir2.gripper_controller]: Received & accepted new action goal
[coordinator-39] [INFO] [1790611936.356968544] [cooperative_coordinator]: Payload goal: x=0.481, y=-0.000, yaw=0.523
[ign gazebo-1] [INFO] [1790611936.711463145] [amir1.gripper_controller]: Received & accepted new action goal
[ign gazebo-1] [INFO] [1790611936.711510929] [amir2.gripper_controller]: Received & accepted new action goal
[ign gazebo-1] [INFO] [1790611936.948163104] [amir1.gripper_controller]: Received & accepted new action goal
[ign gazebo-1] [INFO] [1790611936.948442618] [amir2.gripper_controller]: Received & accepted new action goal
[coordinator-39] [INFO] [1790611937.358577413] [cooperative_coordinator]: Payload goal: x=0.481, y=-0.000, yaw=0.566
[ign gazebo-1] [INFO] [1790611937.469407491] [amir2.gripper_controller]: Received & accepted new action goal
[ign gazebo-1] [INFO] [1790611937.469536763] [amir1.gripper_controller]: Received & accepted new action goal
[ign gazebo-1] [INFO] [1790611937.900707101] [amir1.gripper_controller]: Received & accepted new action goal
[ign gazebo-1] [INFO] [1790611937.900823281] [amir2.gripper_controller]: Received & accepted new action goal
[ign gazebo-1] [INFO] [1790611938.129420235] [amir1.gripper_controller]: Received & accepted new action goal
[ign gazebo-1] [INFO] [1790611938.129483849] [amir2.gripper_controller]: Received & accepted new action goal
[coordinator-39] [INFO] [1790611938.361770909] [cooperative_coordinator]: Payload goal: x=0.481, y=-0.000, yaw=0.553
[ign gazebo-1] [INFO] [1790611938.601036613] [amir1.gripper_controller]: Received & accepted new action goal
[ign gazebo-1] [INFO] [1790611938.601100614] [amir2.gripper_controller]: Received & accepted new action goal
[ign gazebo-1] [INFO] [1790611939.051424736] [amir1.gripper_controller]: Received & accepted new action goal
[ign gazebo-1] [INFO] [1790611939.051452822] [amir2.gripper_controller]: Received & accepted new action goal
[ign gazebo-1] [INFO] [1790611939.256641400] [amir1.gripper_controller]: Received & accepted new action goal
[ign gazebo-1] [INFO] [1790611939.256781618] [amir2.gripper_controller]: Received & accepted new action goal
[coordinator-39] [INFO] [1790611939.366538246] [cooperative_coordinator]: Payload goal: x=0.481, y=-0.000, yaw=0.541
[ign gazebo-1] [INFO] [1790611939.749268898] [amir1.gripper_controller]: Received & accepted new action goal
[ign gazebo-1] [INFO] [1790611939.749323907] [amir2.gripper_controller]: Received & accepted new action goal
[ign gazebo-1] [INFO] [1790611940.239735638] [amir1.gripper_controller]: Received & accepted new action goal
[ign gazebo-1] [INFO] [1790611940.239795192] [amir2.gripper_controller]: Received & accepted new action goal
[coordinator-39] [INFO] [1790611940.367498631] [cooperative_coordinator]: Payload goal: x=0.481, y=-0.000, yaw=0.534
[ign gazebo-1] [INFO] [1790611940.443481892] [amir2.gripper_controller]: Received & accepted new action goal
[ign gazebo-1] [INFO] [1790611940.443575152] [amir1.gripper_controller]: Received & accepted new action goal
[ign gazebo-1] [INFO] [1790611940.870022495] [amir2.gripper_controller]: Received & accepted new action goal
[ign gazebo-1] [INFO] [1790611940.870117017] [amir1.gripper_controller]: Received & accepted new action goal
[ign gazebo-1] [INFO] [1790611941.312904857] [amir1.gripper_controller]: Received & accepted new action goal
[ign gazebo-1] [INFO] [1790611941.312958576] [amir2.gripper_controller]: Received & accepted new action goal
[coordinator-39] [INFO] [1790611941.373176902] [cooperative_coordinator]: Payload goal: x=0.481, y=-0.000, yaw=0.530
[ign gazebo-1] [INFO] [1790611941.494801208] [amir1.gripper_controller]: Received & accepted new action goal
[ign gazebo-1] [INFO] [1790611941.494954181] [amir2.gripper_controller]: Received & accepted new action goal
[ign gazebo-1] [INFO] [1790611941.835097724] [amir1.gripper_controller]: Received & accepted new action goal
[ign gazebo-1] [INFO] [1790611941.835210739] [amir2.gripper_controller]: Received & accepted new action goal
[ign gazebo-1] [INFO] [1790611942.103086381] [amir1.gripper_controller]: Received & accepted new action goal
[ign gazebo-1] [INFO] [1790611942.103135878] [amir2.gripper_controller]: Received & accepted new action goal
[rotation_controller-6] [INFO] [1790611942.209399695] [cooperative_rotation_controller]: シーケンス終了: 搬送（回転）
[rotation_controller-6] [INFO] [1790611942.209581642] [cooperative_rotation_controller]: シーケンス開始: 搬送（横方向直進） 0.300 m（payload-local right）
[ign gazebo-1] [INFO] [1790611942.290786264] [amir1.gripper_controller]: Received & accepted new action goal
[ign gazebo-1] [INFO] [1790611942.290834775] [amir2.gripper_controller]: Received & accepted new action goal
[coordinator-39] [INFO] [1790611942.383384731] [cooperative_coordinator]: Payload goal: x=0.481, y=-0.000, yaw=0.520
[ign gazebo-1] [INFO] [1790611942.655595260] [amir2.gripper_controller]: Received & accepted new action goal
[ign gazebo-1] [INFO] [1790611942.655596567] [amir1.gripper_controller]: Received & accepted new action goal
[ign gazebo-1] [INFO] [1790611942.935289365] [amir1.gripper_controller]: Received & accepted new action goal
[ign gazebo-1] [INFO] [1790611942.935462816] [amir2.gripper_controller]: Received & accepted new action goal
[ign gazebo-1] [INFO] [1790611943.108756537] [amir1.gripper_controller]: Received & accepted new action goal
[ign gazebo-1] [INFO] [1790611943.108898440] [amir2.gripper_controller]: Received & accepted new action goal
[coordinator-39] [INFO] [1790611943.394679940] [cooperative_coordinator]: Payload goal: x=0.484, y=-0.005, yaw=0.520
[ign gazebo-1] [INFO] [1790611943.497915262] [amir1.gripper_controller]: Received & accepted new action goal
[ign gazebo-1] [INFO] [1790611943.498072014] [amir2.gripper_controller]: Received & accepted new action goal
[ign gazebo-1] [INFO] [1790611943.917673990] [amir1.gripper_controller]: Received & accepted new action goal
[ign gazebo-1] [INFO] [1790611943.917739045] [amir2.gripper_controller]: Received & accepted new action goal
[ign gazebo-1] [INFO] [1790611944.137012414] [amir1.gripper_controller]: Received & accepted new action goal
[ign gazebo-1] [INFO] [1790611944.137214725] [amir2.gripper_controller]: Received & accepted new action goal
[coordinator-39] [INFO] [1790611944.395896420] [cooperative_coordinator]: Payload goal: x=0.490, y=-0.015, yaw=0.520
[ign gazebo-1] [INFO] [1790611944.496990121] [amir1.gripper_controller]: Received & accepted new action goal
[ign gazebo-1] [INFO] [1790611944.497108718] [amir2.gripper_controller]: Received & accepted new action goal
[ign gazebo-1] [INFO] [1790611944.884930302] [amir1.gripper_controller]: Received & accepted new action goal
[ign gazebo-1] [INFO] [1790611944.885020981] [amir2.gripper_controller]: Received & accepted new action goal
[ign gazebo-1] [INFO] [1790611945.066561748] [amir1.gripper_controller]: Received & accepted new action goal
[ign gazebo-1] [INFO] [1790611945.067012755] [amir2.gripper_controller]: Received & accepted new action goal
[ign gazebo-1] [INFO] [1790611945.317469197] [amir1.gripper_controller]: Received & accepted new action goal
[ign gazebo-1] [INFO] [1790611945.317611507] [amir2.gripper_controller]: Received & accepted new action goal
[coordinator-39] [INFO] [1790611945.443989361] [cooperative_coordinator]: Payload goal: x=0.501, y=-0.035, yaw=0.520
[ign gazebo-1] [INFO] [1790611945.746703602] [amir1.gripper_controller]: Received & accepted new action goal
[ign gazebo-1] [INFO] [1790611945.746810039] [amir2.gripper_controller]: Received & accepted new action goal
[friction_grasp_manager-34] [WARN] [1790611945.940409324] [friction_grasp_manager]: amir1 finger force above 26.0 N; backing off.
[ign gazebo-1] [INFO] [1790611945.940775875] [amir1.gripper_controller]: Received & accepted new action goal
[ign gazebo-1] [INFO] [1790611945.941011228] [amir2.gripper_controller]: Received & accepted new action goal
[ign gazebo-1] [INFO] [1790611946.234337753] [amir1.gripper_controller]: Received & accepted new action goal
[ign gazebo-1] [INFO] [1790611946.234404322] [amir2.gripper_controller]: Received & accepted new action goal
[coordinator-39] [INFO] [1790611946.454253639] [cooperative_coordinator]: Payload goal: x=0.503, y=-0.039, yaw=0.520
[ign gazebo-1] [INFO] [1790611946.519565402] [amir1.gripper_controller]: Received & accepted new action goal
[ign gazebo-1] [INFO] [1790611946.519690746] [amir2.gripper_controller]: Received & accepted new action goal
[ign gazebo-1] [INFO] [1790611946.980239574] [amir1.gripper_controller]: Received & accepted new action goal
[ign gazebo-1] [INFO] [1790611946.980384056] [amir2.gripper_controller]: Received & accepted new action goal
[ign gazebo-1] [INFO] [1790611947.263805101] [amir1.gripper_controller]: Received & accepted new action goal
[ign gazebo-1] [INFO] [1790611947.263898592] [amir2.gripper_controller]: Received & accepted new action goal
[coordinator-39] [INFO] [1790611947.463548829] [cooperative_coordinator]: Payload goal: x=0.503, y=-0.039, yaw=0.520
[ign gazebo-1] [INFO] [1790611947.582972676] [amir1.gripper_controller]: Received & accepted new action goal
[ign gazebo-1] [INFO] [1790611947.583048408] [amir2.gripper_controller]: Received & accepted new action goal
[coordinator-39] [INFO] [1790611948.469105117] [cooperative_coordinator]: Payload goal: x=0.503, y=-0.039, yaw=0.520
[ign gazebo-1] [INFO] [1790611948.509182674] [amir1.gripper_controller]: Received & accepted new action goal
[ign gazebo-1] [INFO] [1790611948.509255202] [amir2.gripper_controller]: Received & accepted new action goal
[ign gazebo-1] [INFO] [1790611949.289699802] [amir1.gripper_controller]: Received & accepted new action goal
[coordinator-39] [INFO] [1790611949.484695277] [cooperative_coordinator]: Payload goal: x=0.503, y=-0.039, yaw=0.520
[ign gazebo-1] [INFO] [1790611950.174831299] [amir2.gripper_controller]: Received & accepted new action goal
[ign gazebo-1] [INFO] [1790611950.174831402] [amir1.gripper_controller]: Received & accepted new action goal
[ign gazebo-1] [INFO] [1790611950.483364438] [amir1.gripper_controller]: Received & accepted new action goal
[ign gazebo-1] [INFO] [1790611950.483526171] [amir2.gripper_controller]: Received & accepted new action goal
[coordinator-39] [INFO] [1790611950.486673998] [cooperative_coordinator]: Payload goal: x=0.516, y=-0.061, yaw=0.520
[ign gazebo-1] [INFO] [1790611950.649791001] [amir1.gripper_controller]: Received & accepted new action goal
[ign gazebo-1] [INFO] [1790611950.650143213] [amir2.gripper_controller]: Received & accepted new action goal
[ign gazebo-1] [INFO] [1790611950.930122141] [amir1.gripper_controller]: Received & accepted new action goal
[ign gazebo-1] [INFO] [1790611950.930388128] [amir2.gripper_controller]: Received & accepted new action goal
[ign gazebo-1] [INFO] [1790611951.254145194] [amir1.gripper_controller]: Received & accepted new action goal
[ign gazebo-1] [INFO] [1790611951.254689915] [amir2.gripper_controller]: Received & accepted new action goal
[ign gazebo-1] [INFO] [1790611951.431526711] [amir1.gripper_controller]: Received & accepted new action goal
[ign gazebo-1] [INFO] [1790611951.431573406] [amir2.gripper_controller]: Received & accepted new action goal
[coordinator-39] [INFO] [1790611951.509715929] [cooperative_coordinator]: Payload goal: x=0.516, y=-0.061, yaw=0.520
[ign gazebo-1] [INFO] [1790611951.747735196] [amir1.gripper_controller]: Received & accepted new action goal
[ign gazebo-1] [INFO] [1790611951.747769028] [amir2.gripper_controller]: Received & accepted new action goal
[ign gazebo-1] [INFO] [1790611952.143502962] [amir2.gripper_controller]: Received & accepted new action goal
[ign gazebo-1] [INFO] [1790611952.143524929] [amir1.gripper_controller]: Received & accepted new action goal
[ign gazebo-1] [INFO] [1790611952.378002678] [amir1.gripper_controller]: Received & accepted new action goal
[ign gazebo-1] [INFO] [1790611952.378418488] [amir2.gripper_controller]: Received & accepted new action goal
[coordinator-39] [INFO] [1790611952.512715463] [cooperative_coordinator]: Payload goal: x=0.516, y=-0.061, yaw=0.520
[ign gazebo-1] [INFO] [1790611952.864183434] [amir1.gripper_controller]: Received & accepted new action goal
[ign gazebo-1] [INFO] [1790611952.864586909] [amir2.gripper_controller]: Received & accepted new action goal
[ign gazebo-1] [INFO] [1790611953.408755826] [amir2.gripper_controller]: Received & accepted new action goal
[ign gazebo-1] [INFO] [1790611953.408771251] [amir1.gripper_controller]: Received & accepted new action goal
[coordinator-39] [INFO] [1790611953.517656463] [cooperative_coordinator]: Payload goal: x=0.516, y=-0.061, yaw=0.520
[ign gazebo-1] [INFO] [1790611953.614277853] [amir1.gripper_controller]: Received & accepted new action goal
[ign gazebo-1] [INFO] [1790611953.614356954] [amir2.gripper_controller]: Received & accepted new action goal
[ign gazebo-1] [INFO] [1790611954.083204081] [amir1.gripper_controller]: Received & accepted new action goal
[ign gazebo-1] [INFO] [1790611954.083327378] [amir2.gripper_controller]: Received & accepted new action goal
[ign gazebo-1] [INFO] [1790611954.485656113] [amir1.gripper_controller]: Received & accepted new action goal
[ign gazebo-1] [INFO] [1790611954.485752727] [amir2.gripper_controller]: Received & accepted new action goal
[coordinator-39] [INFO] [1790611954.521877863] [cooperative_coordinator]: Payload goal: x=0.516, y=-0.061, yaw=0.520
[ign gazebo-1] [INFO] [1790611954.666909416] [amir1.gripper_controller]: Received & accepted new action goal
[ign gazebo-1] [INFO] [1790611954.666958889] [amir2.gripper_controller]: Received & accepted new action goal
[ign gazebo-1] [INFO] [1790611955.048339343] [amir1.gripper_controller]: Received & accepted new action goal
[ign gazebo-1] [INFO] [1790611955.048387889] [amir2.gripper_controller]: Received & accepted new action goal
[ign gazebo-1] [INFO] [1790611955.511980729] [amir1.gripper_controller]: Received & accepted new action goal
[ign gazebo-1] [INFO] [1790611955.512267880] [amir2.gripper_controller]: Received & accepted new action goal
[coordinator-39] [INFO] [1790611955.542688077] [cooperative_coordinator]: Payload goal: x=0.518, y=-0.065, yaw=0.520
[ign gazebo-1] [INFO] [1790611955.723585987] [amir1.gripper_controller]: Received & accepted new action goal
[ign gazebo-1] [INFO] [1790611955.723693280] [amir2.gripper_controller]: Received & accepted new action goal
[ign gazebo-1] [INFO] [1790611956.213360197] [amir1.gripper_controller]: Received & accepted new action goal
[ign gazebo-1] [INFO] [1790611956.213588734] [amir2.gripper_controller]: Received & accepted new action goal
[coordinator-39] [INFO] [1790611956.574564661] [cooperative_coordinator]: Payload goal: x=0.528, y=-0.082, yaw=0.520
[ign gazebo-1] [INFO] [1790611956.686314052] [amir1.gripper_controller]: Received & accepted new action goal
[ign gazebo-1] [INFO] [1790611956.686452281] [amir2.gripper_controller]: Received & accepted new action goal
[ign gazebo-1] [INFO] [1790611956.921601056] [amir1.gripper_controller]: Received & accepted new action goal
[ign gazebo-1] [INFO] [1790611956.921749627] [amir2.gripper_controller]: Received & accepted new action goal
[ign gazebo-1] [INFO] [1790611957.429946389] [amir1.gripper_controller]: Received & accepted new action goal
[ign gazebo-1] [INFO] [1790611957.430046060] [amir2.gripper_controller]: Received & accepted new action goal
[coordinator-39] [INFO] [1790611957.580565211] [cooperative_coordinator]: Payload goal: x=0.528, y=-0.082, yaw=0.520
[ign gazebo-1] [INFO] [1790611957.779444120] [amir1.gripper_controller]: Received & accepted new action goal
[ign gazebo-1] [INFO] [1790611957.779534826] [amir2.gripper_controller]: Received & accepted new action goal
[ign gazebo-1] [INFO] [1790611958.019818468] [amir1.gripper_controller]: Received & accepted new action goal
[ign gazebo-1] [INFO] [1790611958.020241501] [amir2.gripper_controller]: Received & accepted new action goal
[ign gazebo-1] [INFO] [1790611958.446271537] [amir1.gripper_controller]: Received & accepted new action goal
[ign gazebo-1] [INFO] [1790611958.446292540] [amir2.gripper_controller]: Received & accepted new action goal
[coordinator-39] [INFO] [1790611958.585357782] [cooperative_coordinator]: Payload goal: x=0.528, y=-0.082, yaw=0.520
[ign gazebo-1] [INFO] [1790611958.819869639] [amir1.gripper_controller]: Received & accepted new action goal
[ign gazebo-1] [INFO] [1790611958.819979438] [amir2.gripper_controller]: Received & accepted new action goal
[ign gazebo-1] [INFO] [1790611958.996629738] [amir2.gripper_controller]: Received & accepted new action goal
[ign gazebo-1] [INFO] [1790611958.996661597] [amir1.gripper_controller]: Received & accepted new action goal
[ign gazebo-1] [INFO] [1790611959.368470883] [amir2.gripper_controller]: Received & accepted new action goal
[coordinator-39] [INFO] [1790611959.587770470] [cooperative_coordinator]: Payload goal: x=0.528, y=-0.082, yaw=0.520
[ign gazebo-1] [INFO] [1790611959.727907459] [amir2.gripper_controller]: Received & accepted new action goal
[ign gazebo-1] [INFO] [1790611959.727929668] [amir1.gripper_controller]: Received & accepted new action goal
[ign gazebo-1] [INFO] [1790611959.948422853] [amir1.gripper_controller]: Received & accepted new action goal
[ign gazebo-1] [INFO] [1790611959.948473531] [amir2.gripper_controller]: Received & accepted new action goal
[ign gazebo-1] [INFO] [1790611960.397885725] [amir1.gripper_controller]: Received & accepted new action goal
[ign gazebo-1] [INFO] [1790611960.397910802] [amir2.gripper_controller]: Received & accepted new action goal
[coordinator-39] [INFO] [1790611960.588864011] [cooperative_coordinator]: Payload goal: x=0.528, y=-0.082, yaw=0.520
[ign gazebo-1] [INFO] [1790611960.803637959] [amir1.gripper_controller]: Received & accepted new action goal
[ign gazebo-1] [INFO] [1790611960.803637885] [amir2.gripper_controller]: Received & accepted new action goal
[ign gazebo-1] [INFO] [1790611960.961917165] [amir1.gripper_controller]: Received & accepted new action goal
[ign gazebo-1] [INFO] [1790611960.961965563] [amir2.gripper_controller]: Received & accepted new action goal
[ign gazebo-1] [INFO] [1790611961.375847733] [amir1.gripper_controller]: Received & accepted new action goal
[ign gazebo-1] [INFO] [1790611961.376080185] [amir2.gripper_controller]: Received & accepted new action goal
[coordinator-39] [INFO] [1790611961.598914752] [cooperative_coordinator]: Payload goal: x=0.530, y=-0.085, yaw=0.520
[ign gazebo-1] [INFO] [1790611961.731356916] [amir1.gripper_controller]: Received & accepted new action goal
[ign gazebo-1] [INFO] [1790611961.731401689] [amir2.gripper_controller]: Received & accepted new action goal
[ign gazebo-1] [INFO] [1790611962.402199296] [amir1.gripper_controller]: Received & accepted new action goal
[ign gazebo-1] [INFO] [1790611962.402380960] [amir2.gripper_controller]: Received & accepted new action goal
[coordinator-39] [INFO] [1790611962.629234985] [cooperative_coordinator]: Payload goal: x=0.540, y=-0.103, yaw=0.520
[ign gazebo-1] [INFO] [1790611962.924672982] [amir1.gripper_controller]: Received & accepted new action goal
[ign gazebo-1] [INFO] [1790611962.924878464] [amir2.gripper_controller]: Received & accepted new action goal
[ign gazebo-1] [INFO] [1790611963.124255022] [amir1.gripper_controller]: Received & accepted new action goal
[ign gazebo-1] [INFO] [1790611963.124432352] [amir2.gripper_controller]: Received & accepted new action goal
[ign gazebo-1] [INFO] [1790611963.602904752] [amir2.gripper_controller]: Received & accepted new action goal
[ign gazebo-1] [INFO] [1790611963.602938734] [amir1.gripper_controller]: Received & accepted new action goal
[coordinator-39] [INFO] [1790611963.639993315] [cooperative_coordinator]: Payload goal: x=0.540, y=-0.103, yaw=0.520
[ign gazebo-1] [INFO] [1790611964.045420184] [amir2.gripper_controller]: Received & accepted new action goal
[ign gazebo-1] [INFO] [1790611964.045438394] [amir1.gripper_controller]: Received & accepted new action goal
[ign gazebo-1] [INFO] [1790611964.253748095] [amir1.gripper_controller]: Received & accepted new action goal
[ign gazebo-1] [INFO] [1790611964.253859900] [amir2.gripper_controller]: Received & accepted new action goal
[ign gazebo-1] [INFO] [1790611964.577273892] [amir1.gripper_controller]: Received & accepted new action goal
[ign gazebo-1] [INFO] [1790611964.577449224] [amir2.gripper_controller]: Received & accepted new action goal
[coordinator-39] [INFO] [1790611964.648286949] [cooperative_coordinator]: Payload goal: x=0.540, y=-0.103, yaw=0.520
[ign gazebo-1] [INFO] [1790611965.105533331] [amir1.gripper_controller]: Received & accepted new action goal
[ign gazebo-1] [INFO] [1790611965.105678834] [amir2.gripper_controller]: Received & accepted new action goal
[ign gazebo-1] [INFO] [1790611965.281574484] [amir2.gripper_controller]: Received & accepted new action goal
[coordinator-39] [INFO] [1790611965.655826865] [cooperative_coordinator]: Payload goal: x=0.540, y=-0.103, yaw=0.520
[ign gazebo-1] [INFO] [1790611965.693010388] [amir1.gripper_controller]: Received & accepted new action goal
[ign gazebo-1] [INFO] [1790611965.693128483] [amir2.gripper_controller]: Received & accepted new action goal
[ign gazebo-1] [INFO] [1790611966.148726004] [amir1.gripper_controller]: Received & accepted new action goal
[ign gazebo-1] [INFO] [1790611966.148772698] [amir2.gripper_controller]: Received & accepted new action goal
[ign gazebo-1] [INFO] [1790611966.367097573] [amir1.gripper_controller]: Received & accepted new action goal
[ign gazebo-1] [INFO] [1790611966.367318307] [amir2.gripper_controller]: Received & accepted new action goal
[coordinator-39] [INFO] [1790611966.669888413] [cooperative_coordinator]: Payload goal: x=0.540, y=-0.103, yaw=0.520
[ign gazebo-1] [INFO] [1790611966.846713032] [amir1.gripper_controller]: Received & accepted new action goal
[ign gazebo-1] [INFO] [1790611966.846768061] [amir2.gripper_controller]: Received & accepted new action goal
[ign gazebo-1] [INFO] [1790611967.315336707] [amir1.gripper_controller]: Received & accepted new action goal
[ign gazebo-1] [INFO] [1790611967.315432967] [amir2.gripper_controller]: Received & accepted new action goal
[ign gazebo-1] [INFO] [1790611967.524740035] [amir1.gripper_controller]: Received & accepted new action goal
[ign gazebo-1] [INFO] [1790611967.524805109] [amir2.gripper_controller]: Received & accepted new action goal
[coordinator-39] [INFO] [1790611967.683923949] [cooperative_coordinator]: Payload goal: x=0.540, y=-0.103, yaw=0.520
[ign gazebo-1] [INFO] [1790611967.963665330] [amir1.gripper_controller]: Received & accepted new action goal
[ign gazebo-1] [INFO] [1790611967.963726535] [amir2.gripper_controller]: Received & accepted new action goal
[ign gazebo-1] [INFO] [1790611968.251703495] [amir1.gripper_controller]: Received & accepted new action goal
[ign gazebo-1] [INFO] [1790611968.251936232] [amir2.gripper_controller]: Received & accepted new action goal
[friction_grasp_manager-34] [WARN] [1790611968.434334905] [friction_grasp_manager]: amir1 finger force above 26.0 N; backing off.
[ign gazebo-1] [INFO] [1790611968.434540941] [amir1.gripper_controller]: Received & accepted new action goal
[ign gazebo-1] [INFO] [1790611968.434843859] [amir2.gripper_controller]: Received & accepted new action goal
[coordinator-39] [INFO] [1790611968.695656288] [cooperative_coordinator]: Payload goal: x=0.552, y=-0.124, yaw=0.520
[ign gazebo-1] [INFO] [1790611968.717444558] [amir1.gripper_controller]: Received & accepted new action goal
[ign gazebo-1] [INFO] [1790611968.717913618] [amir2.gripper_controller]: Received & accepted new action goal
[ign gazebo-1] [INFO] [1790611969.053987277] [amir1.gripper_controller]: Received & accepted new action goal
[ign gazebo-1] [INFO] [1790611969.054097430] [amir2.gripper_controller]: Received & accepted new action goal
[ign gazebo-1] [INFO] [1790611969.490134539] [amir2.gripper_controller]: Received & accepted new action goal
[coordinator-39] [INFO] [1790611969.704846889] [cooperative_coordinator]: Payload goal: x=0.552, y=-0.124, yaw=0.520
[ign gazebo-1] [INFO] [1790611969.784101047] [amir2.gripper_controller]: Received & accepted new action goal
[ign gazebo-1] [INFO] [1790611969.893616035] [amir2.gripper_controller]: Received & accepted new action goal
[ign gazebo-1] [INFO] [1790611970.297304243] [amir2.gripper_controller]: Received & accepted new action goal
[ign gazebo-1] [INFO] [1790611970.297338976] [amir1.gripper_controller]: Received & accepted new action goal
[ign gazebo-1] [INFO] [1790611970.650003608] [amir1.gripper_controller]: Received & accepted new action goal
[ign gazebo-1] [INFO] [1790611970.650027968] [amir2.gripper_controller]: Received & accepted new action goal
[coordinator-39] [INFO] [1790611970.726794800] [cooperative_coordinator]: Payload goal: x=0.552, y=-0.124, yaw=0.520
[ign gazebo-1] [INFO] [1790611970.812630357] [amir1.gripper_controller]: Received & accepted new action goal
[ign gazebo-1] [INFO] [1790611970.812735106] [amir2.gripper_controller]: Received & accepted new action goal
[friction_grasp_manager-34] [WARN] [1790611971.140966975] [friction_grasp_manager]: amir1 finger force above 26.0 N; backing off.
[ign gazebo-1] [INFO] [1790611971.141156021] [amir1.gripper_controller]: Received & accepted new action goal
[ign gazebo-1] [INFO] [1790611971.141228426] [amir2.gripper_controller]: Received & accepted new action goal
[ign gazebo-1] [INFO] [1790611971.505162026] [amir1.gripper_controller]: Received & accepted new action goal
[ign gazebo-1] [INFO] [1790611971.505248196] [amir2.gripper_controller]: Received & accepted new action goal
[ign gazebo-1] [INFO] [1790611971.680599304] [amir1.gripper_controller]: Received & accepted new action goal
[ign gazebo-1] [INFO] [1790611971.680664045] [amir2.gripper_controller]: Received & accepted new action goal
[coordinator-39] [INFO] [1790611971.731840322] [cooperative_coordinator]: Payload goal: x=0.552, y=-0.124, yaw=0.520
[ign gazebo-1] [INFO] [1790611972.020251461] [amir1.gripper_controller]: Received & accepted new action goal
[ign gazebo-1] [INFO] [1790611972.020341483] [amir2.gripper_controller]: Received & accepted new action goal
[ign gazebo-1] [INFO] [1790611972.371851377] [amir1.gripper_controller]: Received & accepted new action goal
[ign gazebo-1] [INFO] [1790611972.371938018] [amir2.gripper_controller]: Received & accepted new action goal
[ign gazebo-1] [INFO] [1790611972.526363797] [amir1.gripper_controller]: Received & accepted new action goal
[ign gazebo-1] [INFO] [1790611972.526412353] [amir2.gripper_controller]: Received & accepted new action goal
[coordinator-39] [INFO] [1790611972.735482330] [cooperative_coordinator]: Payload goal: x=0.552, y=-0.124, yaw=0.520
[ign gazebo-1] [INFO] [1790611972.932120637] [amir1.gripper_controller]: Received & accepted new action goal
[ign gazebo-1] [INFO] [1790611972.932294574] [amir2.gripper_controller]: Received & accepted new action goal
[ign gazebo-1] [INFO] [1790611973.271037454] [amir1.gripper_controller]: Received & accepted new action goal
[ign gazebo-1] [INFO] [1790611973.402136492] [amir1.gripper_controller]: Received & accepted new action goal
[ign gazebo-1] [INFO] [1790611973.402374361] [amir2.gripper_controller]: Received & accepted new action goal
[ign gazebo-1] [INFO] [1790611973.647315517] [amir2.gripper_controller]: Received & accepted new action goal
[coordinator-39] [INFO] [1790611973.739194816] [cooperative_coordinator]: Payload goal: x=0.564, y=-0.145, yaw=0.520
[ign gazebo-1] [INFO] [1790611973.979661748] [amir1.gripper_controller]: Received & accepted new action goal
[ign gazebo-1] [INFO] [1790611973.979887731] [amir2.gripper_controller]: Received & accepted new action goal
[friction_grasp_manager-34] [WARN] [1790611974.128689257] [friction_grasp_manager]: amir1 finger force above 26.0 N; backing off.
[ign gazebo-1] [INFO] [1790611974.128992798] [amir1.gripper_controller]: Received & accepted new action goal
[ign gazebo-1] [INFO] [1790611974.129145154] [amir2.gripper_controller]: Received & accepted new action goal
[ign gazebo-1] [INFO] [1790611974.478864864] [amir1.gripper_controller]: Received & accepted new action goal
[ign gazebo-1] [INFO] [1790611974.478942269] [amir2.gripper_controller]: Received & accepted new action goal
[coordinator-39] [INFO] [1790611974.748418370] [cooperative_coordinator]: Payload goal: x=0.564, y=-0.145, yaw=0.520
[ign gazebo-1] [INFO] [1790611974.824283097] [amir1.gripper_controller]: Received & accepted new action goal
[ign gazebo-1] [INFO] [1790611975.057145858] [amir1.gripper_controller]: Received & accepted new action goal
[ign gazebo-1] [INFO] [1790611975.057156284] [amir2.gripper_controller]: Received & accepted new action goal
[ign gazebo-1] [INFO] [1790611975.375573873] [amir1.gripper_controller]: Received & accepted new action goal
[ign gazebo-1] [INFO] [1790611975.375719750] [amir2.gripper_controller]: Received & accepted new action goal
[coordinator-39] [INFO] [1790611975.749305514] [cooperative_coordinator]: Payload goal: x=0.564, y=-0.145, yaw=0.520
[ign gazebo-1] [INFO] [1790611975.762370925] [amir1.gripper_controller]: Received & accepted new action goal
[ign gazebo-1] [INFO] [1790611975.762536605] [amir2.gripper_controller]: Received & accepted new action goal
[ign gazebo-1] [INFO] [1790611975.937530101] [amir1.gripper_controller]: Received & accepted new action goal
[ign gazebo-1] [INFO] [1790611975.937689264] [amir2.gripper_controller]: Received & accepted new action goal
[ign gazebo-1] [INFO] [1790611976.344077565] [amir1.gripper_controller]: Received & accepted new action goal
[ign gazebo-1] [INFO] [1790611976.344142329] [amir2.gripper_controller]: Received & accepted new action goal
[ign gazebo-1] [INFO] [1790611976.735285750] [amir1.gripper_controller]: Received & accepted new action goal
[ign gazebo-1] [INFO] [1790611976.735401888] [amir2.gripper_controller]: Received & accepted new action goal
[coordinator-39] [INFO] [1790611976.759150038] [cooperative_coordinator]: Payload goal: x=0.564, y=-0.145, yaw=0.520
[ign gazebo-1] [INFO] [1790611976.913365570] [amir1.gripper_controller]: Received & accepted new action goal
[ign gazebo-1] [INFO] [1790611976.913403797] [amir2.gripper_controller]: Received & accepted new action goal
[ign gazebo-1] [INFO] [1790611977.205112773] [amir1.gripper_controller]: Received & accepted new action goal
[ign gazebo-1] [INFO] [1790611977.205204448] [amir2.gripper_controller]: Received & accepted new action goal
[ign gazebo-1] [INFO] [1790611977.649019271] [amir1.gripper_controller]: Received & accepted new action goal
[ign gazebo-1] [INFO] [1790611977.649125209] [amir2.gripper_controller]: Received & accepted new action goal
[coordinator-39] [INFO] [1790611977.767194005] [cooperative_coordinator]: Payload goal: x=0.564, y=-0.145, yaw=0.520
[ign gazebo-1] [INFO] [1790611977.796562261] [amir1.gripper_controller]: Received & accepted new action goal
[ign gazebo-1] [INFO] [1790611977.796772175] [amir2.gripper_controller]: Received & accepted new action goal
[ign gazebo-1] [INFO] [1790611978.227144178] [amir1.gripper_controller]: Received & accepted new action goal
[ign gazebo-1] [INFO] [1790611978.227239220] [amir2.gripper_controller]: Received & accepted new action goal
[ign gazebo-1] [INFO] [1790611978.736062067] [amir1.gripper_controller]: Received & accepted new action goal
[ign gazebo-1] [INFO] [1790611978.736206213] [amir2.gripper_controller]: Received & accepted new action goal
[coordinator-39] [INFO] [1790611978.775462797] [cooperative_coordinator]: Payload goal: x=0.574, y=-0.161, yaw=0.520
[ign gazebo-1] [INFO] [1790611978.946967896] [amir1.gripper_controller]: Received & accepted new action goal
[ign gazebo-1] [INFO] [1790611978.947057520] [amir2.gripper_controller]: Received & accepted new action goal
[ign gazebo-1] [INFO] [1790611979.326843934] [amir1.gripper_controller]: Received & accepted new action goal
[ign gazebo-1] [INFO] [1790611979.327379575] [amir2.gripper_controller]: Received & accepted new action goal
[ign gazebo-1] [INFO] [1790611979.700580648] [amir1.gripper_controller]: Received & accepted new action goal
[ign gazebo-1] [INFO] [1790611979.700668728] [amir2.gripper_controller]: Received & accepted new action goal
[coordinator-39] [INFO] [1790611979.778076156] [cooperative_coordinator]: Payload goal: x=0.576, y=-0.166, yaw=0.520
[ign gazebo-1] [INFO] [1790611979.868214560] [amir1.gripper_controller]: Received & accepted new action goal
[ign gazebo-1] [INFO] [1790611979.868292086] [amir2.gripper_controller]: Received & accepted new action goal
[ign gazebo-1] [INFO] [1790611980.117619148] [amir1.gripper_controller]: Received & accepted new action goal
[ign gazebo-1] [INFO] [1790611980.117785045] [amir2.gripper_controller]: Received & accepted new action goal
[friction_grasp_manager-34] [WARN] [1790611980.400162046] [friction_grasp_manager]: amir1 finger force above 26.0 N; backing off.
[ign gazebo-1] [INFO] [1790611980.400406108] [amir1.gripper_controller]: Received & accepted new action goal
[ign gazebo-1] [INFO] [1790611980.400688943] [amir2.gripper_controller]: Received & accepted new action goal
[ign gazebo-1] [INFO] [1790611980.541998711] [amir1.gripper_controller]: Received & accepted new action goal
[coordinator-39] [INFO] [1790611980.784111032] [cooperative_coordinator]: Payload goal: x=0.576, y=-0.166, yaw=0.520
[ign gazebo-1] [INFO] [1790611980.815238483] [amir1.gripper_controller]: Received & accepted new action goal
[ign gazebo-1] [INFO] [1790611981.137068416] [amir1.gripper_controller]: Received & accepted new action goal
[ign gazebo-1] [INFO] [1790611981.137078682] [amir2.gripper_controller]: Received & accepted new action goal
[ign gazebo-1] [INFO] [1790611981.251758001] [amir1.gripper_controller]: Received & accepted new action goal
[ign gazebo-1] [INFO] [1790611981.251958096] [amir2.gripper_controller]: Received & accepted new action goal
[ign gazebo-1] [INFO] [1790611981.529392785] [amir1.gripper_controller]: Received & accepted new action goal
[ign gazebo-1] [INFO] [1790611981.529516313] [amir2.gripper_controller]: Received & accepted new action goal
[coordinator-39] [INFO] [1790611981.789772702] [cooperative_coordinator]: Payload goal: x=0.576, y=-0.166, yaw=0.520
[ign gazebo-1] [INFO] [1790611981.820391609] [amir1.gripper_controller]: Received & accepted new action goal
[ign gazebo-1] [INFO] [1790611981.820528820] [amir2.gripper_controller]: Received & accepted new action goal
[ign gazebo-1] [INFO] [1790611981.943710169] [amir1.gripper_controller]: Received & accepted new action goal
[ign gazebo-1] [INFO] [1790611981.943780966] [amir2.gripper_controller]: Received & accepted new action goal
[ign gazebo-1] [INFO] [1790611982.216303715] [amir1.gripper_controller]: Received & accepted new action goal
[ign gazebo-1] [INFO] [1790611982.520809054] [amir1.gripper_controller]: Received & accepted new action goal
[ign gazebo-1] [INFO] [1790611982.520862109] [amir2.gripper_controller]: Received & accepted new action goal
[ign gazebo-1] [INFO] [1790611982.638981462] [amir1.gripper_controller]: Received & accepted new action goal
[ign gazebo-1] [INFO] [1790611982.639095899] [amir2.gripper_controller]: Received & accepted new action goal
[coordinator-39] [INFO] [1790611982.815402975] [cooperative_coordinator]: Payload goal: x=0.580, y=-0.172, yaw=0.520
[ign gazebo-1] [INFO] [1790611982.938075701] [amir1.gripper_controller]: Received & accepted new action goal
[ign gazebo-1] [INFO] [1790611982.938145179] [amir2.gripper_controller]: Received & accepted new action goal
[ign gazebo-1] [INFO] [1790611983.224782499] [amir1.gripper_controller]: Received & accepted new action goal
[ign gazebo-1] [INFO] [1790611983.224803996] [amir2.gripper_controller]: Received & accepted new action goal
[ign gazebo-1] [INFO] [1790611983.373783936] [amir1.gripper_controller]: Received & accepted new action goal
[ign gazebo-1] [INFO] [1790611983.373909606] [amir2.gripper_controller]: Received & accepted new action goal
[ign gazebo-1] [INFO] [1790611983.704367425] [amir2.gripper_controller]: Received & accepted new action goal
[ign gazebo-1] [INFO] [1790611983.704377977] [amir1.gripper_controller]: Received & accepted new action goal
[coordinator-39] [INFO] [1790611983.816009227] [cooperative_coordinator]: Payload goal: x=0.588, y=-0.187, yaw=0.520
[ign gazebo-1] [INFO] [1790611984.116861905] [amir1.gripper_controller]: Received & accepted new action goal
[ign gazebo-1] [INFO] [1790611984.116985870] [amir2.gripper_controller]: Received & accepted new action goal
[ign gazebo-1] [INFO] [1790611984.278090869] [amir2.gripper_controller]: Received & accepted new action goal
[ign gazebo-1] [INFO] [1790611984.672841310] [amir1.gripper_controller]: Received & accepted new action goal
[ign gazebo-1] [INFO] [1790611984.672887692] [amir2.gripper_controller]: Received & accepted new action goal
[coordinator-39] [INFO] [1790611984.818225461] [cooperative_coordinator]: Payload goal: x=0.588, y=-0.187, yaw=0.520
[ign gazebo-1] [INFO] [1790611985.098171670] [amir1.gripper_controller]: Received & accepted new action goal
[ign gazebo-1] [INFO] [1790611985.098191647] [amir2.gripper_controller]: Received & accepted new action goal
[ign gazebo-1] [INFO] [1790611985.263898008] [amir1.gripper_controller]: Received & accepted new action goal
[ign gazebo-1] [INFO] [1790611985.683524813] [amir1.gripper_controller]: Received & accepted new action goal
[ign gazebo-1] [INFO] [1790611985.683606845] [amir2.gripper_controller]: Received & accepted new action goal
[coordinator-39] [INFO] [1790611985.854096189] [cooperative_coordinator]: Payload goal: x=0.588, y=-0.187, yaw=0.520
[ign gazebo-1] [INFO] [1790611986.145401928] [amir1.gripper_controller]: Received & accepted new action goal
[ign gazebo-1] [INFO] [1790611986.145522253] [amir2.gripper_controller]: Received & accepted new action goal
[ign gazebo-1] [INFO] [1790611986.358602006] [amir1.gripper_controller]: Received & accepted new action goal
[ign gazebo-1] [INFO] [1790611986.358645056] [amir2.gripper_controller]: Received & accepted new action goal
[ign gazebo-1] [INFO] [1790611986.758584567] [amir1.gripper_controller]: Received & accepted new action goal
[ign gazebo-1] [INFO] [1790611986.758631594] [amir2.gripper_controller]: Received & accepted new action goal
[coordinator-39] [INFO] [1790611986.873740161] [cooperative_coordinator]: Payload goal: x=0.588, y=-0.187, yaw=0.520
[ign gazebo-1] [INFO] [1790611987.187990917] [amir1.gripper_controller]: Received & accepted new action goal
[ign gazebo-1] [INFO] [1790611987.188095257] [amir2.gripper_controller]: Received & accepted new action goal
[ign gazebo-1] [INFO] [1790611987.359377099] [amir2.gripper_controller]: Received & accepted new action goal
[ign gazebo-1] [INFO] [1790611987.808570980] [amir1.gripper_controller]: Received & accepted new action goal
[ign gazebo-1] [INFO] [1790611987.808788487] [amir2.gripper_controller]: Received & accepted new action goal
[coordinator-39] [INFO] [1790611987.887572829] [cooperative_coordinator]: Payload goal: x=0.588, y=-0.187, yaw=0.520
[ign gazebo-1] [INFO] [1790611988.224502135] [amir1.gripper_controller]: Received & accepted new action goal
[ign gazebo-1] [INFO] [1790611988.224795344] [amir2.gripper_controller]: Received & accepted new action goal
[ign gazebo-1] [INFO] [1790611988.402049306] [amir1.gripper_controller]: Received & accepted new action goal
[ign gazebo-1] [INFO] [1790611988.402114286] [amir2.gripper_controller]: Received & accepted new action goal
[ign gazebo-1] [INFO] [1790611988.823858417] [amir2.gripper_controller]: Received & accepted new action goal
[coordinator-39] [INFO] [1790611988.890954973] [cooperative_coordinator]: Payload goal: x=0.597, y=-0.202, yaw=0.520
[ign gazebo-1] [INFO] [1790611989.229964548] [amir1.gripper_controller]: Received & accepted new action goal
[ign gazebo-1] [INFO] [1790611989.230183238] [amir2.gripper_controller]: Received & accepted new action goal
[ign gazebo-1] [INFO] [1790611989.470078628] [amir2.gripper_controller]: Received & accepted new action goal
[ign gazebo-1] [INFO] [1790611989.470144354] [amir1.gripper_controller]: Received & accepted new action goal
[coordinator-39] [INFO] [1790611989.892492192] [cooperative_coordinator]: Payload goal: x=0.600, y=-0.208, yaw=0.520
[ign gazebo-1] [INFO] [1790611989.935289049] [amir1.gripper_controller]: Received & accepted new action goal
[ign gazebo-1] [INFO] [1790611989.935379665] [amir2.gripper_controller]: Received & accepted new action goal
[ign gazebo-1] [INFO] [1790611990.387002243] [amir1.gripper_controller]: Received & accepted new action goal
[ign gazebo-1] [INFO] [1790611990.614275828] [amir1.gripper_controller]: Received & accepted new action goal
[coordinator-39] [INFO] [1790611990.902089851] [cooperative_coordinator]: Payload goal: x=0.600, y=-0.208, yaw=0.520
[ign gazebo-1] [INFO] [1790611990.998251523] [amir1.gripper_controller]: Received & accepted new action goal
[ign gazebo-1] [INFO] [1790611990.998321104] [amir2.gripper_controller]: Received & accepted new action goal
[ign gazebo-1] [INFO] [1790611991.251731454] [amir2.gripper_controller]: Received & accepted new action goal
[ign gazebo-1] [INFO] [1790611991.400772291] [amir1.gripper_controller]: Received & accepted new action goal
[ign gazebo-1] [INFO] [1790611991.400886803] [amir2.gripper_controller]: Received & accepted new action goal
[ign gazebo-1] [INFO] [1790611991.752269143] [amir1.gripper_controller]: Received & accepted new action goal
[ign gazebo-1] [INFO] [1790611991.752383938] [amir2.gripper_controller]: Received & accepted new action goal
[ign gazebo-1] [INFO] [1790611991.877941127] [amir1.gripper_controller]: Received & accepted new action goal
[ign gazebo-1] [INFO] [1790611991.877974967] [amir2.gripper_controller]: Received & accepted new action goal
[coordinator-39] [INFO] [1790611991.912746432] [cooperative_coordinator]: Payload goal: x=0.600, y=-0.208, yaw=0.520
[ign gazebo-1] [INFO] [1790611992.100218904] [amir1.gripper_controller]: Received & accepted new action goal
[ign gazebo-1] [INFO] [1790611992.100345566] [amir2.gripper_controller]: Received & accepted new action goal
[ign gazebo-1] [INFO] [1790611992.383088226] [amir1.gripper_controller]: Received & accepted new action goal
[ign gazebo-1] [INFO] [1790611992.383357817] [amir2.gripper_controller]: Received & accepted new action goal
[ign gazebo-1] [INFO] [1790611992.635923207] [amir1.gripper_controller]: Received & accepted new action goal
[ign gazebo-1] [INFO] [1790611992.636119613] [amir2.gripper_controller]: Received & accepted new action goal
[ign gazebo-1] [INFO] [1790611992.813108286] [amir1.gripper_controller]: Received & accepted new action goal
[ign gazebo-1] [INFO] [1790611992.813125232] [amir2.gripper_controller]: Received & accepted new action goal
[coordinator-39] [INFO] [1790611992.925246813] [cooperative_coordinator]: Payload goal: x=0.600, y=-0.208, yaw=0.520
[ign gazebo-1] [INFO] [1790611993.079801021] [amir2.gripper_controller]: Received & accepted new action goal
[ign gazebo-1] [INFO] [1790611993.380140819] [amir2.gripper_controller]: Received & accepted new action goal
[ign gazebo-1] [INFO] [1790611993.544193222] [amir2.gripper_controller]: Received & accepted new action goal
[ign gazebo-1] [INFO] [1790611993.875394593] [amir2.gripper_controller]: Received & accepted new action goal
[coordinator-39] [INFO] [1790611993.925899277] [cooperative_coordinator]: Payload goal: x=0.608, y=-0.222, yaw=0.520
[ign gazebo-1] [INFO] [1790611994.119323514] [amir1.gripper_controller]: Received & accepted new action goal
[ign gazebo-1] [INFO] [1790611994.119471919] [amir2.gripper_controller]: Received & accepted new action goal
[ign gazebo-1] [INFO] [1790611994.261433513] [amir1.gripper_controller]: Received & accepted new action goal
[ign gazebo-1] [INFO] [1790611994.261519529] [amir2.gripper_controller]: Received & accepted new action goal
[ign gazebo-1] [INFO] [1790611994.549327004] [amir1.gripper_controller]: Received & accepted new action goal
[ign gazebo-1] [INFO] [1790611994.549407762] [amir2.gripper_controller]: Received & accepted new action goal
[ign gazebo-1] [INFO] [1790611994.833534768] [amir1.gripper_controller]: Received & accepted new action goal
[ign gazebo-1] [INFO] [1790611994.833631286] [amir2.gripper_controller]: Received & accepted new action goal
[coordinator-39] [INFO] [1790611994.937732659] [cooperative_coordinator]: Payload goal: x=0.612, y=-0.229, yaw=0.520
[ign gazebo-1] [INFO] [1790611994.978536506] [amir1.gripper_controller]: Received & accepted new action goal
[ign gazebo-1] [INFO] [1790611995.302182043] [amir2.gripper_controller]: Received & accepted new action goal
[ign gazebo-1] [INFO] [1790611995.650147174] [amir1.gripper_controller]: Received & accepted new action goal
[friction_grasp_manager-34] [WARN] [1790611995.651583456] [friction_grasp_manager]: amir2 finger force above 26.0 N; backing off.
[ign gazebo-1] [INFO] [1790611995.652333358] [amir2.gripper_controller]: Received & accepted new action goal
[ign gazebo-1] [INFO] [1790611995.817456055] [amir1.gripper_controller]: Received & accepted new action goal
[ign gazebo-1] [INFO] [1790611995.817973959] [amir2.gripper_controller]: Received & accepted new action goal
[coordinator-39] [INFO] [1790611995.940257492] [cooperative_coordinator]: Payload goal: x=0.612, y=-0.229, yaw=0.520
[ign gazebo-1] [INFO] [1790611996.132624796] [amir1.gripper_controller]: Received & accepted new action goal
[ign gazebo-1] [INFO] [1790611996.133466478] [amir2.gripper_controller]: Received & accepted new action goal
[ign gazebo-1] [INFO] [1790611996.264104381] [amir1.gripper_controller]: Received & accepted new action goal
[ign gazebo-1] [INFO] [1790611996.264173381] [amir2.gripper_controller]: Received & accepted new action goal
[ign gazebo-1] [INFO] [1790611996.538539282] [amir1.gripper_controller]: Received & accepted new action goal
[coordinator-39] [INFO] [1790611996.945056897] [cooperative_coordinator]: Payload goal: x=0.612, y=-0.229, yaw=0.520
[ign gazebo-1] [INFO] [1790611997.322913982] [amir1.gripper_controller]: Received & accepted new action goal
[ign gazebo-1] [INFO] [1790611997.322964459] [amir2.gripper_controller]: Received & accepted new action goal
[ign gazebo-1] [INFO] [1790611997.653800950] [amir1.gripper_controller]: Received & accepted new action goal
[ign gazebo-1] [INFO] [1790611997.653800915] [amir2.gripper_controller]: Received & accepted new action goal
[coordinator-39] [INFO] [1790611997.956585212] [cooperative_coordinator]: Payload goal: x=0.612, y=-0.229, yaw=0.520
[ign gazebo-1] [INFO] [1790611997.971899215] [amir1.gripper_controller]: Received & accepted new action goal
[ign gazebo-1] [INFO] [1790611997.971903952] [amir2.gripper_controller]: Received & accepted new action goal
[ign gazebo-1] [INFO] [1790611998.118885207] [amir1.gripper_controller]: Received & accepted new action goal
[ign gazebo-1] [INFO] [1790611998.118911776] [amir2.gripper_controller]: Received & accepted new action goal
[ign gazebo-1] [INFO] [1790611998.239949999] [amir1.gripper_controller]: Received & accepted new action goal
[ign gazebo-1] [INFO] [1790611998.239960654] [amir2.gripper_controller]: Received & accepted new action goal
[ign gazebo-1] [INFO] [1790611998.469316010] [amir1.gripper_controller]: Received & accepted new action goal
[ign gazebo-1] [INFO] [1790611998.469502199] [amir2.gripper_controller]: Received & accepted new action goal
[ign gazebo-1] [INFO] [1790611998.745759539] [amir2.gripper_controller]: Received & accepted new action goal
[coordinator-39] [INFO] [1790611998.968419992] [cooperative_coordinator]: Payload goal: x=0.623, y=-0.248, yaw=0.520
[ign gazebo-1] [INFO] [1790611999.290754798] [amir1.gripper_controller]: Received & accepted new action goal
[ign gazebo-1] [INFO] [1790611999.290884993] [amir2.gripper_controller]: Received & accepted new action goal
[ign gazebo-1] [INFO] [1790611999.770693440] [amir1.gripper_controller]: Received & accepted new action goal
[ign gazebo-1] [INFO] [1790611999.770815919] [amir2.gripper_controller]: Received & accepted new action goal
[coordinator-39] [INFO] [1790611999.969112677] [cooperative_coordinator]: Payload goal: x=0.626, y=-0.252, yaw=0.520
[ign gazebo-1] [INFO] [1790612000.219245747] [amir2.gripper_controller]: Received & accepted new action goal
[ign gazebo-1] [INFO] [1790612000.487970833] [amir2.gripper_controller]: Received & accepted new action goal
[ign gazebo-1] [INFO] [1790612000.881208792] [amir1.gripper_controller]: Received & accepted new action goal
[ign gazebo-1] [INFO] [1790612000.881650488] [amir2.gripper_controller]: Received & accepted new action goal
[coordinator-39] [INFO] [1790612000.969736676] [cooperative_coordinator]: Payload goal: x=0.626, y=-0.252, yaw=0.520
[ign gazebo-1] [INFO] [1790612001.264714485] [amir1.gripper_controller]: Received & accepted new action goal
[ign gazebo-1] [INFO] [1790612001.264939821] [amir2.gripper_controller]: Received & accepted new action goal
[ign gazebo-1] [INFO] [1790612001.650442146] [amir1.gripper_controller]: Received & accepted new action goal
[coordinator-39] [INFO] [1790612001.980561930] [cooperative_coordinator]: Payload goal: x=0.626, y=-0.252, yaw=0.520
[ign gazebo-1] [INFO] [1790612002.076818285] [amir1.gripper_controller]: Received & accepted new action goal
[ign gazebo-1] [INFO] [1790612002.448944747] [amir2.gripper_controller]: Received & accepted new action goal
[ign gazebo-1] [INFO] [1790612002.448961116] [amir1.gripper_controller]: Received & accepted new action goal
[ign gazebo-1] [INFO] [1790612002.656828262] [amir1.gripper_controller]: Received & accepted new action goal
[ign gazebo-1] [INFO] [1790612002.656908982] [amir2.gripper_controller]: Received & accepted new action goal
[coordinator-39] [INFO] [1790612002.985766346] [cooperative_coordinator]: Payload goal: x=0.626, y=-0.252, yaw=0.520
[ign gazebo-1] [INFO] [1790612003.067831748] [amir1.gripper_controller]: Received & accepted new action goal
[ign gazebo-1] [INFO] [1790612003.067842731] [amir2.gripper_controller]: Received & accepted new action goal
[ign gazebo-1] [INFO] [1790612003.396884694] [amir1.gripper_controller]: Received & accepted new action goal
[ign gazebo-1] [INFO] [1790612003.396920693] [amir2.gripper_controller]: Received & accepted new action goal
[ign gazebo-1] [INFO] [1790612003.538958189] [amir2.gripper_controller]: Received & accepted new action goal
[ign gazebo-1] [INFO] [1790612003.930503464] [amir1.gripper_controller]: Received & accepted new action goal
[ign gazebo-1] [INFO] [1790612003.930594024] [amir2.gripper_controller]: Received & accepted new action goal
[coordinator-39] [INFO] [1790612003.999598351] [cooperative_coordinator]: Payload goal: x=0.629, y=-0.258, yaw=0.520
[ign gazebo-1] [INFO] [1790612004.360637664] [amir1.gripper_controller]: Received & accepted new action goal
[ign gazebo-1] [INFO] [1790612004.360721182] [amir2.gripper_controller]: Received & accepted new action goal
[ign gazebo-1] [INFO] [1790612004.595343114] [amir1.gripper_controller]: Received & accepted new action goal
[ign gazebo-1] [INFO] [1790612004.595502792] [amir2.gripper_controller]: Received & accepted new action goal
[coordinator-39] [INFO] [1790612005.011538343] [cooperative_coordinator]: Payload goal: x=0.630, y=-0.260, yaw=0.520
[ign gazebo-1] [INFO] [1790612005.024155204] [amir1.gripper_controller]: Received & accepted new action goal
[ign gazebo-1] [INFO] [1790612005.024166923] [amir2.gripper_controller]: Received & accepted new action goal
[ign gazebo-1] [INFO] [1790612005.474649601] [amir1.gripper_controller]: Received & accepted new action goal
[ign gazebo-1] [INFO] [1790612005.474796259] [amir2.gripper_controller]: Received & accepted new action goal
[ign gazebo-1] [INFO] [1790612005.670630083] [amir1.gripper_controller]: Received & accepted new action goal
[ign gazebo-1] [INFO] [1790612005.670821619] [amir2.gripper_controller]: Received & accepted new action goal
[coordinator-39] [INFO] [1790612006.043488108] [cooperative_coordinator]: Payload goal: x=0.630, y=-0.260, yaw=0.520
[ign gazebo-1] [INFO] [1790612006.170604463] [amir1.gripper_controller]: Received & accepted new action goal
[ign gazebo-1] [INFO] [1790612006.170703901] [amir2.gripper_controller]: Received & accepted new action goal
[ign gazebo-1] [INFO] [1790612006.547300746] [amir1.gripper_controller]: Received & accepted new action goal
[ign gazebo-1] [INFO] [1790612006.547398503] [amir2.gripper_controller]: Received & accepted new action goal
[ign gazebo-1] [INFO] [1790612006.668892167] [amir2.gripper_controller]: Received & accepted new action goal
[ign gazebo-1] [INFO] [1790612006.668893339] [amir1.gripper_controller]: Received & accepted new action goal
[ign gazebo-1] [INFO] [1790612007.031796688] [amir1.gripper_controller]: Received & accepted new action goal
[ign gazebo-1] [INFO] [1790612007.031890803] [amir2.gripper_controller]: Received & accepted new action goal
[coordinator-39] [INFO] [1790612007.053735988] [cooperative_coordinator]: Payload goal: x=0.630, y=-0.260, yaw=0.520
[ign gazebo-1] [INFO] [1790612007.414986249] [amir1.gripper_controller]: Received & accepted new action goal
[ign gazebo-1] [INFO] [1790612007.415120083] [amir2.gripper_controller]: Received & accepted new action goal
[ign gazebo-1] [INFO] [1790612007.592856819] [amir1.gripper_controller]: Received & accepted new action goal
[ign gazebo-1] [INFO] [1790612007.593001971] [amir2.gripper_controller]: Received & accepted new action goal
[ign gazebo-1] [INFO] [1790612007.971882137] [amir2.gripper_controller]: Received & accepted new action goal
[ign gazebo-1] [INFO] [1790612007.971890181] [amir1.gripper_controller]: Received & accepted new action goal
[coordinator-39] [INFO] [1790612008.067671172] [cooperative_coordinator]: Payload goal: x=0.630, y=-0.260, yaw=0.520
[rotation_controller-6] [INFO] [1790612008.068183194] [cooperative_rotation_controller]: シーケンス終了: 搬送（横方向直進）
[rotation_controller-6] [INFO] [1790612008.068526665] [cooperative_rotation_controller]: シーケンス開始: 搬送完了
[pivot_rotation_controller-7] [INFO] [1790612008.130866457] [pivot_rotation_controller]: Pivot rotation started around amir1 (A)
[coordinator-39] [INFO] [1790612008.131780150] [cooperative_coordinator]: Base command control handed to pivot rotation
[ign gazebo-1] [INFO] [1790612008.342753022] [amir1.gripper_controller]: Received & accepted new action goal
[ign gazebo-1] [INFO] [1790612008.342957766] [amir2.gripper_controller]: Received & accepted new action goal
[ign gazebo-1] [INFO] [1790612008.513790112] [amir1.gripper_controller]: Received & accepted new action goal
[ign gazebo-1] [INFO] [1790612008.513923507] [amir2.gripper_controller]: Received & accepted new action goal
[ign gazebo-1] [INFO] [1790612008.823180638] [amir2.gripper_controller]: Received & accepted new action goal
[ign gazebo-1] [INFO] [1790612009.160984140] [amir1.gripper_controller]: Received & accepted new action goal
[ign gazebo-1] [INFO] [1790612009.161011158] [amir2.gripper_controller]: Received & accepted new action goal
[ign gazebo-1] [INFO] [1790612009.357243825] [amir1.gripper_controller]: Received & accepted new action goal
[ign gazebo-1] [INFO] [1790612009.357355894] [amir2.gripper_controller]: Received & accepted new action goal
[ign gazebo-1] [INFO] [1790612009.689836839] [amir1.gripper_controller]: Received & accepted new action goal
[ign gazebo-1] [INFO] [1790612009.689935837] [amir2.gripper_controller]: Received & accepted new action goal
[ign gazebo-1] [INFO] [1790612010.132143152] [amir1.gripper_controller]: Received & accepted new action goal
[ign gazebo-1] [INFO] [1790612010.132237787] [amir2.gripper_controller]: Received & accepted new action goal
[ign gazebo-1] [INFO] [1790612010.340604511] [amir1.gripper_controller]: Received & accepted new action goal
[ign gazebo-1] [INFO] [1790612010.340649708] [amir2.gripper_controller]: Received & accepted new action goal
[ign gazebo-1] [INFO] [1790612010.752320290] [amir1.gripper_controller]: Received & accepted new action goal
[ign gazebo-1] [INFO] [1790612010.752377809] [amir2.gripper_controller]: Received & accepted new action goal
[ign gazebo-1] [INFO] [1790612011.168677693] [amir1.gripper_controller]: Received & accepted new action goal
[ign gazebo-1] [INFO] [1790612011.168809215] [amir2.gripper_controller]: Received & accepted new action goal
[ign gazebo-1] [INFO] [1790612011.358897980] [amir1.gripper_controller]: Received & accepted new action goal
[ign gazebo-1] [INFO] [1790612011.359019005] [amir2.gripper_controller]: Received & accepted new action goal
[ign gazebo-1] [INFO] [1790612011.800685236] [amir1.gripper_controller]: Received & accepted new action goal
[ign gazebo-1] [INFO] [1790612011.800783322] [amir2.gripper_controller]: Received & accepted new action goal
[ign gazebo-1] [INFO] [1790612012.248995518] [amir1.gripper_controller]: Received & accepted new action goal
[ign gazebo-1] [INFO] [1790612012.249107551] [amir2.gripper_controller]: Received & accepted new action goal
[ign gazebo-1] [INFO] [1790612012.517149453] [amir1.gripper_controller]: Received & accepted new action goal
[ign gazebo-1] [INFO] [1790612012.517178336] [amir2.gripper_controller]: Received & accepted new action goal
[ign gazebo-1] [INFO] [1790612012.957690907] [amir2.gripper_controller]: Received & accepted new action goal
[ign gazebo-1] [INFO] [1790612012.959164456] [amir1.gripper_controller]: Received & accepted new action goal
[ign gazebo-1] [INFO] [1790612013.381851629] [amir1.gripper_controller]: Received & accepted new action goal
[ign gazebo-1] [INFO] [1790612013.381946151] [amir2.gripper_controller]: Received & accepted new action goal
[ign gazebo-1] [INFO] [1790612013.599237366] [amir1.gripper_controller]: Received & accepted new action goal
[ign gazebo-1] [INFO] [1790612013.599280792] [amir2.gripper_controller]: Received & accepted new action goal
[ign gazebo-1] [INFO] [1790612014.020634252] [amir1.gripper_controller]: Received & accepted new action goal
[ign gazebo-1] [INFO] [1790612014.020703054] [amir2.gripper_controller]: Received & accepted new action goal
[ign gazebo-1] [INFO] [1790612014.267764044] [amir1.gripper_controller]: Received & accepted new action goal
[ign gazebo-1] [INFO] [1790612014.267822387] [amir2.gripper_controller]: Received & accepted new action goal
[ign gazebo-1] [INFO] [1790612014.471614298] [amir1.gripper_controller]: Received & accepted new action goal
[ign gazebo-1] [INFO] [1790612014.471698327] [amir2.gripper_controller]: Received & accepted new action goal
[ign gazebo-1] [INFO] [1790612014.839627445] [amir2.gripper_controller]: Received & accepted new action goal
[ign gazebo-1] [INFO] [1790612014.839746927] [amir1.gripper_controller]: Received & accepted new action goal
[ign gazebo-1] [INFO] [1790612015.217696227] [amir1.gripper_controller]: Received & accepted new action goal
[ign gazebo-1] [INFO] [1790612015.217762778] [amir2.gripper_controller]: Received & accepted new action goal
[ign gazebo-1] [INFO] [1790612015.392453242] [amir1.gripper_controller]: Received & accepted new action goal
[ign gazebo-1] [INFO] [1790612015.392563003] [amir2.gripper_controller]: Received & accepted new action goal
[ign gazebo-1] [INFO] [1790612015.807313453] [amir1.gripper_controller]: Received & accepted new action goal
[ign gazebo-1] [INFO] [1790612015.807610744] [amir2.gripper_controller]: Received & accepted new action goal
[ign gazebo-1] [INFO] [1790612016.177888670] [amir1.gripper_controller]: Received & accepted new action goal
[ign gazebo-1] [INFO] [1790612016.177947044] [amir2.gripper_controller]: Received & accepted new action goal
[ign gazebo-1] [INFO] [1790612016.316403721] [amir1.gripper_controller]: Received & accepted new action goal
[ign gazebo-1] [INFO] [1790612016.316558049] [amir2.gripper_controller]: Received & accepted new action goal
[ign gazebo-1] [INFO] [1790612016.594873738] [amir1.gripper_controller]: Received & accepted new action goal
[ign gazebo-1] [INFO] [1790612016.594995856] [amir2.gripper_controller]: Received & accepted new action goal
[ign gazebo-1] [INFO] [1790612017.033475153] [amir1.gripper_controller]: Received & accepted new action goal
[ign gazebo-1] [INFO] [1790612017.033545848] [amir2.gripper_controller]: Received & accepted new action goal
[ign gazebo-1] [INFO] [1790612017.358440388] [amir1.gripper_controller]: Received & accepted new action goal
[ign gazebo-1] [INFO] [1790612017.358740647] [amir2.gripper_controller]: Received & accepted new action goal
[ign gazebo-1] [INFO] [1790612017.837814953] [amir1.gripper_controller]: Received & accepted new action goal
[ign gazebo-1] [INFO] [1790612017.837945624] [amir2.gripper_controller]: Received & accepted new action goal
[ign gazebo-1] [INFO] [1790612018.338649539] [amir1.gripper_controller]: Received & accepted new action goal
[ign gazebo-1] [INFO] [1790612018.338896681] [amir2.gripper_controller]: Received & accepted new action goal
[ign gazebo-1] [INFO] [1790612018.616085199] [amir1.gripper_controller]: Received & accepted new action goal
[ign gazebo-1] [INFO] [1790612018.616221916] [amir2.gripper_controller]: Received & accepted new action goal
[ign gazebo-1] [INFO] [1790612019.099609657] [amir2.gripper_controller]: Received & accepted new action goal
[ign gazebo-1] [INFO] [1790612019.099693222] [amir1.gripper_controller]: Received & accepted new action goal
[ign gazebo-1] [INFO] [1790612019.579631720] [amir1.gripper_controller]: Received & accepted new action goal
[ign gazebo-1] [INFO] [1790612019.579721900] [amir2.gripper_controller]: Received & accepted new action goal
[ign gazebo-1] [INFO] [1790612019.784742510] [amir1.gripper_controller]: Received & accepted new action goal
[ign gazebo-1] [INFO] [1790612019.784845416] [amir2.gripper_controller]: Received & accepted new action goal
[ign gazebo-1] [INFO] [1790612020.193863613] [amir2.gripper_controller]: Received & accepted new action goal
[ign gazebo-1] [INFO] [1790612020.193911386] [amir1.gripper_controller]: Received & accepted new action goal
[ign gazebo-1] [INFO] [1790612020.499744580] [amir2.gripper_controller]: Received & accepted new action goal
[ign gazebo-1] [INFO] [1790612020.688021063] [amir1.gripper_controller]: Received & accepted new action goal
[ign gazebo-1] [INFO] [1790612020.688116955] [amir2.gripper_controller]: Received & accepted new action goal
[ign gazebo-1] [INFO] [1790612021.182965400] [amir1.gripper_controller]: Received & accepted new action goal
[ign gazebo-1] [INFO] [1790612021.183283089] [amir2.gripper_controller]: Received & accepted new action goal
[ign gazebo-1] [INFO] [1790612021.730925857] [amir1.gripper_controller]: Received & accepted new action goal
[ign gazebo-1] [INFO] [1790612021.731003920] [amir2.gripper_controller]: Received & accepted new action goal
[ign gazebo-1] [INFO] [1790612022.028340274] [amir1.gripper_controller]: Received & accepted new action goal
[ign gazebo-1] [INFO] [1790612022.028349857] [amir2.gripper_controller]: Received & accepted new action goal
[ign gazebo-1] [INFO] [1790612022.535591689] [amir1.gripper_controller]: Received & accepted new action goal
[ign gazebo-1] [INFO] [1790612022.535689890] [amir2.gripper_controller]: Received & accepted new action goal
[ign gazebo-1] [INFO] [1790612023.034084175] [amir1.gripper_controller]: Received & accepted new action goal
[ign gazebo-1] [INFO] [1790612023.034184725] [amir2.gripper_controller]: Received & accepted new action goal
[ign gazebo-1] [INFO] [1790612023.239574121] [amir1.gripper_controller]: Received & accepted new action goal
[ign gazebo-1] [INFO] [1790612023.239722043] [amir2.gripper_controller]: Received & accepted new action goal
[ign gazebo-1] [INFO] [1790612023.617113906] [amir2.gripper_controller]: Received & accepted new action goal
[ign gazebo-1] [INFO] [1790612024.617939188] [amir2.gripper_controller]: Received & accepted new action goal
[ign gazebo-1] [INFO] [1790612025.066894864] [amir1.gripper_controller]: Received & accepted new action goal
[ign gazebo-1] [INFO] [1790612025.066975754] [amir2.gripper_controller]: Received & accepted new action goal
[ign gazebo-1] [INFO] [1790612025.285994766] [amir1.gripper_controller]: Received & accepted new action goal
[ign gazebo-1] [INFO] [1790612025.286170825] [amir2.gripper_controller]: Received & accepted new action goal
[ign gazebo-1] [INFO] [1790612025.745775609] [amir1.gripper_controller]: Received & accepted new action goal
[ign gazebo-1] [INFO] [1790612025.745846427] [amir2.gripper_controller]: Received & accepted new action goal
[ign gazebo-1] [INFO] [1790612026.239986527] [amir1.gripper_controller]: Received & accepted new action goal
[ign gazebo-1] [INFO] [1790612026.240034243] [amir2.gripper_controller]: Received & accepted new action goal
[ign gazebo-1] [INFO] [1790612026.478076389] [amir1.gripper_controller]: Received & accepted new action goal
[ign gazebo-1] [INFO] [1790612026.478109872] [amir2.gripper_controller]: Received & accepted new action goal
[ign gazebo-1] [INFO] [1790612027.025744754] [amir1.gripper_controller]: Received & accepted new action goal
[ign gazebo-1] [INFO] [1790612027.025847923] [amir2.gripper_controller]: Received & accepted new action goal
[ign gazebo-1] [INFO] [1790612027.322248983] [amir2.gripper_controller]: Received & accepted new action goal
[ign gazebo-1] [INFO] [1790612027.475324335] [amir2.gripper_controller]: Received & accepted new action goal
[ign gazebo-1] [INFO] [1790612028.263912734] [amir2.gripper_controller]: Received & accepted new action goal
[ign gazebo-1] [INFO] [1790612028.511995095] [amir1.gripper_controller]: Received & accepted new action goal
[ign gazebo-1] [INFO] [1790612028.512067477] [amir2.gripper_controller]: Received & accepted new action goal
[ign gazebo-1] [INFO] [1790612028.893984650] [amir1.gripper_controller]: Received & accepted new action goal
[ign gazebo-1] [INFO] [1790612028.894103331] [amir2.gripper_controller]: Received & accepted new action goal
[ign gazebo-1] [INFO] [1790612029.347019202] [amir2.gripper_controller]: Received & accepted new action goal
[ign gazebo-1] [INFO] [1790612029.652023202] [amir1.gripper_controller]: Received & accepted new action goal
[ign gazebo-1] [INFO] [1790612029.652151269] [amir2.gripper_controller]: Received & accepted new action goal
[ign gazebo-1] [INFO] [1790612029.980694137] [amir1.gripper_controller]: Received & accepted new action goal
[ign gazebo-1] [INFO] [1790612029.980760042] [amir2.gripper_controller]: Received & accepted new action goal
[ign gazebo-1] [INFO] [1790612030.322476258] [amir1.gripper_controller]: Received & accepted new action goal
[ign gazebo-1] [INFO] [1790612030.322533998] [amir2.gripper_controller]: Received & accepted new action goal
[ign gazebo-1] [INFO] [1790612030.513832832] [amir1.gripper_controller]: Received & accepted new action goal
[ign gazebo-1] [INFO] [1790612030.513917439] [amir2.gripper_controller]: Received & accepted new action goal
[ign gazebo-1] [INFO] [1790612030.828536832] [amir2.gripper_controller]: Received & accepted new action goal
[ign gazebo-1] [INFO] [1790612031.134091106] [amir1.gripper_controller]: Received & accepted new action goal
[ign gazebo-1] [INFO] [1790612031.134188344] [amir2.gripper_controller]: Received & accepted new action goal
[ign gazebo-1] [INFO] [1790612031.276627359] [amir1.gripper_controller]: Received & accepted new action goal
[ign gazebo-1] [INFO] [1790612031.276848241] [amir2.gripper_controller]: Received & accepted new action goal
[ign gazebo-1] [INFO] [1790612031.568104011] [amir1.gripper_controller]: Received & accepted new action goal
[ign gazebo-1] [INFO] [1790612031.568260325] [amir2.gripper_controller]: Received & accepted new action goal
[ign gazebo-1] [INFO] [1790612031.926431502] [amir1.gripper_controller]: Received & accepted new action goal
[ign gazebo-1] [INFO] [1790612031.926476467] [amir2.gripper_controller]: Received & accepted new action goal
[ign gazebo-1] [INFO] [1790612032.117255780] [amir1.gripper_controller]: Received & accepted new action goal
[ign gazebo-1] [INFO] [1790612032.117472465] [amir2.gripper_controller]: Received & accepted new action goal
[ign gazebo-1] [INFO] [1790612032.439092933] [amir1.gripper_controller]: Received & accepted new action goal
[ign gazebo-1] [INFO] [1790612032.439331174] [amir2.gripper_controller]: Received & accepted new action goal
[ign gazebo-1] [INFO] [1790612032.727079631] [amir1.gripper_controller]: Received & accepted new action goal
[ign gazebo-1] [INFO] [1790612032.727295940] [amir2.gripper_controller]: Received & accepted new action goal
[ign gazebo-1] [INFO] [1790612032.849460772] [amir1.gripper_controller]: Received & accepted new action goal
[ign gazebo-1] [INFO] [1790612032.849797150] [amir2.gripper_controller]: Received & accepted new action goal
[ign gazebo-1] [INFO] [1790612033.422901468] [amir1.gripper_controller]: Received & accepted new action goal
[friction_grasp_manager-34] [WARN] [1790612033.423215377] [friction_grasp_manager]: amir2 finger force above 26.0 N; backing off.
[ign gazebo-1] [INFO] [1790612033.423382929] [amir2.gripper_controller]: Received & accepted new action goal
[ign gazebo-1] [INFO] [1790612033.586305634] [amir2.gripper_controller]: Received & accepted new action goal
[ign gazebo-1] [INFO] [1790612033.586364875] [amir1.gripper_controller]: Received & accepted new action goal
[ign gazebo-1] [INFO] [1790612034.002955224] [amir1.gripper_controller]: Received & accepted new action goal
[ign gazebo-1] [INFO] [1790612034.002984091] [amir2.gripper_controller]: Received & accepted new action goal
[ign gazebo-1] [INFO] [1790612034.459983827] [amir1.gripper_controller]: Received & accepted new action goal
[ign gazebo-1] [INFO] [1790612034.460174126] [amir2.gripper_controller]: Received & accepted new action goal
[ign gazebo-1] [INFO] [1790612034.725148738] [amir1.gripper_controller]: Received & accepted new action goal
[ign gazebo-1] [INFO] [1790612034.725339928] [amir2.gripper_controller]: Received & accepted new action goal
[ign gazebo-1] [INFO] [1790612035.098576272] [amir2.gripper_controller]: Received & accepted new action goal
[ign gazebo-1] [INFO] [1790612035.394615203] [amir2.gripper_controller]: Received & accepted new action goal
[ign gazebo-1] [INFO] [1790612035.603037557] [amir1.gripper_controller]: Received & accepted new action goal
[ign gazebo-1] [INFO] [1790612035.603133268] [amir2.gripper_controller]: Received & accepted new action goal
[ign gazebo-1] [INFO] [1790612036.017711807] [amir1.gripper_controller]: Received & accepted new action goal
[ign gazebo-1] [INFO] [1790612036.017847958] [amir2.gripper_controller]: Received & accepted new action goal
[ign gazebo-1] [INFO] [1790612036.535202661] [amir1.gripper_controller]: Received & accepted new action goal
[ign gazebo-1] [INFO] [1790612036.535237115] [amir2.gripper_controller]: Received & accepted new action goal
[ign gazebo-1] [INFO] [1790612036.676150879] [amir1.gripper_controller]: Received & accepted new action goal
[ign gazebo-1] [INFO] [1790612036.676235028] [amir2.gripper_controller]: Received & accepted new action goal
[ign gazebo-1] [INFO] [1790612036.917513649] [amir2.gripper_controller]: Received & accepted new action goal
[ign gazebo-1] [INFO] [1790612036.917549623] [amir1.gripper_controller]: Received & accepted new action goal
[ign gazebo-1] [INFO] [1790612037.323524724] [amir2.gripper_controller]: Received & accepted new action goal
[ign gazebo-1] [INFO] [1790612037.323528302] [amir1.gripper_controller]: Received & accepted new action goal
[ign gazebo-1] [INFO] [1790612037.522808000] [amir1.gripper_controller]: Received & accepted new action goal
[ign gazebo-1] [INFO] [1790612037.523364169] [amir2.gripper_controller]: Received & accepted new action goal
[ign gazebo-1] [INFO] [1790612037.667377039] [amir1.gripper_controller]: Received & accepted new action goal
[ign gazebo-1] [INFO] [1790612037.667433888] [amir2.gripper_controller]: Received & accepted new action goal
[friction_grasp_manager-34] [WARN] [1790612037.924660976] [friction_grasp_manager]: amir2 finger force above 26.0 N; backing off.
[ign gazebo-1] [INFO] [1790612037.925183757] [amir2.gripper_controller]: Received & accepted new action goal
[ign gazebo-1] [INFO] [1790612038.261780142] [amir1.gripper_controller]: Received & accepted new action goal
[ign gazebo-1] [INFO] [1790612038.261802391] [amir2.gripper_controller]: Received & accepted new action goal
[ign gazebo-1] [INFO] [1790612038.694092207] [amir1.gripper_controller]: Received & accepted new action goal
[ign gazebo-1] [INFO] [1790612038.694165604] [amir2.gripper_controller]: Received & accepted new action goal
[ign gazebo-1] [INFO] [1790612039.240020292] [amir1.gripper_controller]: Received & accepted new action goal
[ign gazebo-1] [INFO] [1790612039.240051401] [amir2.gripper_controller]: Received & accepted new action goal
[ign gazebo-1] [INFO] [1790612039.502794182] [amir1.gripper_controller]: Received & accepted new action goal
[ign gazebo-1] [INFO] [1790612039.502972983] [amir2.gripper_controller]: Received & accepted new action goal
[ign gazebo-1] [INFO] [1790612039.958082352] [amir1.gripper_controller]: Received & accepted new action goal
[ign gazebo-1] [INFO] [1790612039.958141494] [amir2.gripper_controller]: Received & accepted new action goal
[ign gazebo-1] [INFO] [1790612040.554754434] [amir1.gripper_controller]: Received & accepted new action goal
[ign gazebo-1] [INFO] [1790612040.554965039] [amir2.gripper_controller]: Received & accepted new action goal
[ign gazebo-1] [INFO] [1790612040.872520202] [amir2.gripper_controller]: Received & accepted new action goal
[ign gazebo-1] [INFO] [1790612040.872638273] [amir1.gripper_controller]: Received & accepted new action goal
[ign gazebo-1] [INFO] [1790612041.472580043] [amir1.gripper_controller]: Received & accepted new action goal
[ign gazebo-1] [INFO] [1790612041.472580021] [amir2.gripper_controller]: Received & accepted new action goal
[ign gazebo-1] [INFO] [1790612042.012997463] [amir1.gripper_controller]: Received & accepted new action goal
[ign gazebo-1] [INFO] [1790612042.013071078] [amir2.gripper_controller]: Received & accepted new action goal
[ign gazebo-1] [INFO] [1790612042.273802744] [amir1.gripper_controller]: Received & accepted new action goal
[ign gazebo-1] [INFO] [1790612042.274025780] [amir2.gripper_controller]: Received & accepted new action goal
[ign gazebo-1] [INFO] [1790612042.809494280] [amir2.gripper_controller]: Received & accepted new action goal
[ign gazebo-1] [INFO] [1790612042.809498762] [amir1.gripper_controller]: Received & accepted new action goal
[ign gazebo-1] [INFO] [1790612043.343567864] [amir1.gripper_controller]: Received & accepted new action goal
[ign gazebo-1] [INFO] [1790612043.343620555] [amir2.gripper_controller]: Received & accepted new action goal
[ign gazebo-1] [INFO] [1790612043.616092691] [amir1.gripper_controller]: Received & accepted new action goal
[ign gazebo-1] [INFO] [1790612043.616118741] [amir2.gripper_controller]: Received & accepted new action goal
[ign gazebo-1] [INFO] [1790612044.157501443] [amir1.gripper_controller]: Received & accepted new action goal
[ign gazebo-1] [INFO] [1790612044.157762590] [amir2.gripper_controller]: Received & accepted new action goal
[ign gazebo-1] [INFO] [1790612044.764325304] [amir1.gripper_controller]: Received & accepted new action goal
[ign gazebo-1] [INFO] [1790612044.764350948] [amir2.gripper_controller]: Received & accepted new action goal
[ign gazebo-1] [INFO] [1790612044.955050976] [amir1.gripper_controller]: Received & accepted new action goal
[ign gazebo-1] [INFO] [1790612044.955114355] [amir2.gripper_controller]: Received & accepted new action goal
[ign gazebo-1] [INFO] [1790612045.458155528] [amir2.gripper_controller]: Received & accepted new action goal
[ign gazebo-1] [INFO] [1790612045.458163629] [amir1.gripper_controller]: Received & accepted new action goal
[ign gazebo-1] [INFO] [1790612046.026772578] [amir1.gripper_controller]: Received & accepted new action goal
[ign gazebo-1] [INFO] [1790612046.026791253] [amir2.gripper_controller]: Received & accepted new action goal
[ign gazebo-1] [INFO] [1790612046.338527926] [amir2.gripper_controller]: Received & accepted new action goal
[ign gazebo-1] [INFO] [1790612046.338578496] [amir1.gripper_controller]: Received & accepted new action goal
[ign gazebo-1] [INFO] [1790612046.928597710] [amir1.gripper_controller]: Received & accepted new action goal
[ign gazebo-1] [INFO] [1790612046.928638058] [amir2.gripper_controller]: Received & accepted new action goal
[ign gazebo-1] [INFO] [1790612047.338213150] [amir1.gripper_controller]: Received & accepted new action goal
[ign gazebo-1] [INFO] [1790612047.338245228] [amir2.gripper_controller]: Received & accepted new action goal
[ign gazebo-1] [INFO] [1790612047.555537229] [amir1.gripper_controller]: Received & accepted new action goal
[ign gazebo-1] [INFO] [1790612047.555812828] [amir2.gripper_controller]: Received & accepted new action goal
[ign gazebo-1] [INFO] [1790612048.122224621] [amir1.gripper_controller]: Received & accepted new action goal
[ign gazebo-1] [INFO] [1790612048.122365900] [amir2.gripper_controller]: Received & accepted new action goal
[ign gazebo-1] [INFO] [1790612048.706207299] [amir1.gripper_controller]: Received & accepted new action goal
[ign gazebo-1] [INFO] [1790612048.706219901] [amir2.gripper_controller]: Received & accepted new action goal
[ign gazebo-1] [INFO] [1790612049.021302337] [amir1.gripper_controller]: Received & accepted new action goal
[ign gazebo-1] [INFO] [1790612049.021494675] [amir2.gripper_controller]: Received & accepted new action goal
[ign gazebo-1] [INFO] [1790612049.273029181] [amir1.gripper_controller]: Received & accepted new action goal
[ign gazebo-1] [INFO] [1790612049.273193970] [amir2.gripper_controller]: Received & accepted new action goal
[ign gazebo-1] [INFO] [1790612049.515367172] [amir1.gripper_controller]: Received & accepted new action goal
[ign gazebo-1] [INFO] [1790612049.515399970] [amir2.gripper_controller]: Received & accepted new action goal
[ign gazebo-1] [INFO] [1790612049.656446646] [amir2.gripper_controller]: Received & accepted new action goal
[ign gazebo-1] [INFO] [1790612049.901675375] [amir1.gripper_controller]: Received & accepted new action goal
[ign gazebo-1] [INFO] [1790612049.901756848] [amir2.gripper_controller]: Received & accepted new action goal
[ign gazebo-1] [INFO] [1790612050.140388869] [amir1.gripper_controller]: Received & accepted new action goal
[ign gazebo-1] [INFO] [1790612050.140428611] [amir2.gripper_controller]: Received & accepted new action goal
[ign gazebo-1] [INFO] [1790612050.560098459] [amir2.gripper_controller]: Received & accepted new action goal
[ign gazebo-1] [INFO] [1790612051.070335664] [amir1.gripper_controller]: Received & accepted new action goal
[ign gazebo-1] [INFO] [1790612051.070354564] [amir2.gripper_controller]: Received & accepted new action goal
[ign gazebo-1] [INFO] [1790612051.568590123] [amir2.gripper_controller]: Received & accepted new action goal
[ign gazebo-1] [INFO] [1790612052.120260169] [amir1.gripper_controller]: Received & accepted new action goal
[ign gazebo-1] [INFO] [1790612052.120390796] [amir2.gripper_controller]: Received & accepted new action goal
[ign gazebo-1] [INFO] [1790612052.627831069] [amir1.gripper_controller]: Received & accepted new action goal
[ign gazebo-1] [INFO] [1790612052.627923550] [amir2.gripper_controller]: Received & accepted new action goal
[ign gazebo-1] [INFO] [1790612052.923307203] [amir1.gripper_controller]: Received & accepted new action goal
[friction_grasp_manager-34] [WARN] [1790612052.923571627] [friction_grasp_manager]: amir2 finger force above 26.0 N; backing off.
[ign gazebo-1] [INFO] [1790612052.923773896] [amir2.gripper_controller]: Received & accepted new action goal
[ign gazebo-1] [INFO] [1790612053.243576477] [amir1.gripper_controller]: Received & accepted new action goal
[ign gazebo-1] [INFO] [1790612053.243595059] [amir2.gripper_controller]: Received & accepted new action goal
[ign gazebo-1] [INFO] [1790612053.703668531] [amir1.gripper_controller]: Received & accepted new action goal
[ign gazebo-1] [INFO] [1790612053.703821796] [amir2.gripper_controller]: Received & accepted new action goal
[ign gazebo-1] [INFO] [1790612054.352522884] [amir1.gripper_controller]: Received & accepted new action goal
[ign gazebo-1] [INFO] [1790612054.352609888] [amir2.gripper_controller]: Received & accepted new action goal
[ign gazebo-1] [INFO] [1790612054.919293430] [amir1.gripper_controller]: Received & accepted new action goal
[ign gazebo-1] [INFO] [1790612054.919590733] [amir2.gripper_controller]: Received & accepted new action goal
[ign gazebo-1] [INFO] [1790612055.219902072] [amir1.gripper_controller]: Received & accepted new action goal
[ign gazebo-1] [INFO] [1790612055.219907814] [amir2.gripper_controller]: Received & accepted new action goal
[friction_grasp_manager-34] [WARN] [1790612055.589625123] [friction_grasp_manager]: amir1 finger force above 26.0 N; backing off.
[ign gazebo-1] [INFO] [1790612055.590005068] [amir1.gripper_controller]: Received & accepted new action goal
[ign gazebo-1] [INFO] [1790612055.590104580] [amir2.gripper_controller]: Received & accepted new action goal
[ign gazebo-1] [INFO] [1790612055.926632484] [amir2.gripper_controller]: Received & accepted new action goal
[ign gazebo-1] [INFO] [1790612056.193366945] [amir1.gripper_controller]: Received & accepted new action goal
[ign gazebo-1] [INFO] [1790612056.193371091] [amir2.gripper_controller]: Received & accepted new action goal
[ign gazebo-1] [INFO] [1790612056.562650056] [amir1.gripper_controller]: Received & accepted new action goal
[ign gazebo-1] [INFO] [1790612056.563975099] [amir2.gripper_controller]: Received & accepted new action goal
[ign gazebo-1] [INFO] [1790612057.001004382] [amir1.gripper_controller]: Received & accepted new action goal
[ign gazebo-1] [INFO] [1790612057.001049473] [amir2.gripper_controller]: Received & accepted new action goal
[ign gazebo-1] [INFO] [1790612057.133830980] [amir1.gripper_controller]: Received & accepted new action goal
[ign gazebo-1] [INFO] [1790612057.444396171] [amir1.gripper_controller]: Received & accepted new action goal
[ign gazebo-1] [INFO] [1790612057.444490333] [amir2.gripper_controller]: Received & accepted new action goal
[ign gazebo-1] [INFO] [1790612057.816025657] [amir1.gripper_controller]: Received & accepted new action goal
[ign gazebo-1] [INFO] [1790612057.816135573] [amir2.gripper_controller]: Received & accepted new action goal
[ign gazebo-1] [INFO] [1790612058.023781584] [amir1.gripper_controller]: Received & accepted new action goal
[ign gazebo-1] [INFO] [1790612058.023837326] [amir2.gripper_controller]: Received & accepted new action goal
[ign gazebo-1] [INFO] [1790612058.360863132] [amir2.gripper_controller]: Received & accepted new action goal
[ign gazebo-1] [INFO] [1790612058.360970685] [amir1.gripper_controller]: Received & accepted new action goal
[ign gazebo-1] [INFO] [1790612058.638544567] [amir1.gripper_controller]: Received & accepted new action goal
[ign gazebo-1] [INFO] [1790612058.638564018] [amir2.gripper_controller]: Received & accepted new action goal
[friction_grasp_manager-34] [WARN] [1790612058.918049799] [friction_grasp_manager]: amir2 finger force above 26.0 N; backing off.
[ign gazebo-1] [INFO] [1790612058.918364701] [amir1.gripper_controller]: Received & accepted new action goal
[ign gazebo-1] [INFO] [1790612058.918532449] [amir2.gripper_controller]: Received & accepted new action goal
[ign gazebo-1] [INFO] [1790612059.222029224] [amir1.gripper_controller]: Received & accepted new action goal
[ign gazebo-1] [INFO] [1790612059.222056520] [amir2.gripper_controller]: Received & accepted new action goal
[ign gazebo-1] [INFO] [1790612059.373157710] [amir1.gripper_controller]: Received & accepted new action goal
[ign gazebo-1] [INFO] [1790612059.373279140] [amir2.gripper_controller]: Received & accepted new action goal
[ign gazebo-1] [INFO] [1790612059.643359990] [amir1.gripper_controller]: Received & accepted new action goal
[ign gazebo-1] [INFO] [1790612059.643449211] [amir2.gripper_controller]: Received & accepted new action goal
[ign gazebo-1] [INFO] [1790612060.017491860] [amir1.gripper_controller]: Received & accepted new action goal
[ign gazebo-1] [INFO] [1790612060.017549765] [amir2.gripper_controller]: Received & accepted new action goal
[ign gazebo-1] [INFO] [1790612060.194122559] [amir1.gripper_controller]: Received & accepted new action goal
[ign gazebo-1] [INFO] [1790612060.194167102] [amir2.gripper_controller]: Received & accepted new action goal
[ign gazebo-1] [INFO] [1790612060.623693059] [amir1.gripper_controller]: Received & accepted new action goal
[ign gazebo-1] [INFO] [1790612060.623805607] [amir2.gripper_controller]: Received & accepted new action goal
[ign gazebo-1] [INFO] [1790612060.993365618] [amir1.gripper_controller]: Received & accepted new action goal
[ign gazebo-1] [INFO] [1790612060.993380607] [amir2.gripper_controller]: Received & accepted new action goal
[ign gazebo-1] [INFO] [1790612061.129341435] [amir1.gripper_controller]: Received & accepted new action goal
[ign gazebo-1] [INFO] [1790612061.129576190] [amir2.gripper_controller]: Received & accepted new action goal
[ign gazebo-1] [INFO] [1790612061.471076417] [amir1.gripper_controller]: Received & accepted new action goal
[ign gazebo-1] [INFO] [1790612061.471122381] [amir2.gripper_controller]: Received & accepted new action goal
[ign gazebo-1] [INFO] [1790612061.888227976] [amir1.gripper_controller]: Received & accepted new action goal
[ign gazebo-1] [INFO] [1790612061.888521014] [amir2.gripper_controller]: Received & accepted new action goal
[ign gazebo-1] [INFO] [1790612062.114693127] [amir1.gripper_controller]: Received & accepted new action goal
[ign gazebo-1] [INFO] [1790612062.114697931] [amir2.gripper_controller]: Received & accepted new action goal
[ign gazebo-1] [INFO] [1790612062.534475812] [amir1.gripper_controller]: Received & accepted new action goal
[ign gazebo-1] [INFO] [1790612062.534555972] [amir2.gripper_controller]: Received & accepted new action goal
[ign gazebo-1] [INFO] [1790612062.807208516] [amir1.gripper_controller]: Received & accepted new action goal
[ign gazebo-1] [INFO] [1790612062.807242715] [amir2.gripper_controller]: Received & accepted new action goal
[ign gazebo-1] [INFO] [1790612062.939343599] [amir1.gripper_controller]: Received & accepted new action goal
[ign gazebo-1] [INFO] [1790612062.939451289] [amir2.gripper_controller]: Received & accepted new action goal
[ign gazebo-1] [INFO] [1790612063.415852495] [amir1.gripper_controller]: Received & accepted new action goal
[ign gazebo-1] [INFO] [1790612063.415896825] [amir2.gripper_controller]: Received & accepted new action goal
[ign gazebo-1] [INFO] [1790612063.891582986] [amir1.gripper_controller]: Received & accepted new action goal
[ign gazebo-1] [INFO] [1790612063.892058858] [amir2.gripper_controller]: Received & accepted new action goal
[ign gazebo-1] [INFO] [1790612064.083067880] [amir1.gripper_controller]: Received & accepted new action goal
[ign gazebo-1] [INFO] [1790612064.083093027] [amir2.gripper_controller]: Received & accepted new action goal
[ign gazebo-1] [INFO] [1790612064.492743450] [amir1.gripper_controller]: Received & accepted new action goal
[ign gazebo-1] [INFO] [1790612064.492855189] [amir2.gripper_controller]: Received & accepted new action goal
[ign gazebo-1] [INFO] [1790612064.791880937] [amir1.gripper_controller]: Received & accepted new action goal
[ign gazebo-1] [INFO] [1790612064.791907417] [amir2.gripper_controller]: Received & accepted new action goal
[ign gazebo-1] [INFO] [1790612064.973702360] [amir1.gripper_controller]: Received & accepted new action goal
[ign gazebo-1] [INFO] [1790612064.973715583] [amir2.gripper_controller]: Received & accepted new action goal
[ign gazebo-1] [INFO] [1790612065.408473639] [amir2.gripper_controller]: Received & accepted new action goal
[ign gazebo-1] [INFO] [1790612065.408490745] [amir1.gripper_controller]: Received & accepted new action goal
[ign gazebo-1] [INFO] [1790612065.812991340] [amir1.gripper_controller]: Received & accepted new action goal
[ign gazebo-1] [INFO] [1790612065.813108028] [amir2.gripper_controller]: Received & accepted new action goal
[ign gazebo-1] [INFO] [1790612066.063985053] [amir2.gripper_controller]: Received & accepted new action goal
[ign gazebo-1] [INFO] [1790612066.511271862] [amir1.gripper_controller]: Received & accepted new action goal
[ign gazebo-1] [INFO] [1790612066.511345374] [amir2.gripper_controller]: Received & accepted new action goal
[ign gazebo-1] [INFO] [1790612067.135863612] [amir1.gripper_controller]: Received & accepted new action goal
[friction_grasp_manager-34] [WARN] [1790612067.136250138] [friction_grasp_manager]: amir2 finger force above 26.0 N; backing off.
[ign gazebo-1] [INFO] [1790612067.136576033] [amir2.gripper_controller]: Received & accepted new action goal
[ign gazebo-1] [INFO] [1790612067.308563177] [amir2.gripper_controller]: Received & accepted new action goal
[ign gazebo-1] [INFO] [1790612067.748172056] [amir1.gripper_controller]: Received & accepted new action goal
[ign gazebo-1] [INFO] [1790612067.748253508] [amir2.gripper_controller]: Received & accepted new action goal
[ign gazebo-1] [INFO] [1790612068.104868242] [amir2.gripper_controller]: Received & accepted new action goal
[ign gazebo-1] [INFO] [1790612068.337001722] [amir2.gripper_controller]: Received & accepted new action goal
[ign gazebo-1] [INFO] [1790612068.653346917] [amir2.gripper_controller]: Received & accepted new action goal
[ign gazebo-1] [INFO] [1790612069.139346081] [amir1.gripper_controller]: Received & accepted new action goal
[ign gazebo-1] [INFO] [1790612069.461048239] [amir2.gripper_controller]: Received & accepted new action goal
[ign gazebo-1] [INFO] [1790612069.461070537] [amir1.gripper_controller]: Received & accepted new action goal
[ign gazebo-1] [INFO] [1790612069.901734166] [amir2.gripper_controller]: Received & accepted new action goal
[ign gazebo-1] [INFO] [1790612070.417726482] [amir1.gripper_controller]: Received & accepted new action goal
[ign gazebo-1] [INFO] [1790612070.417753183] [amir2.gripper_controller]: Received & accepted new action goal
[ign gazebo-1] [INFO] [1790612070.539370499] [amir1.gripper_controller]: Received & accepted new action goal
[ign gazebo-1] [INFO] [1790612070.539371083] [amir2.gripper_controller]: Received & accepted new action goal
[ign gazebo-1] [INFO] [1790612070.664256988] [amir2.gripper_controller]: Received & accepted new action goal
[ign gazebo-1] [INFO] [1790612070.664312806] [amir1.gripper_controller]: Received & accepted new action goal
[ign gazebo-1] [INFO] [1790612070.964100266] [amir1.gripper_controller]: Received & accepted new action goal
[friction_grasp_manager-34] [WARN] [1790612070.964552516] [friction_grasp_manager]: amir2 finger force above 26.0 N; backing off.
[ign gazebo-1] [INFO] [1790612070.964877177] [amir2.gripper_controller]: Received & accepted new action goal
[ign gazebo-1] [INFO] [1790612071.091300830] [amir1.gripper_controller]: Received & accepted new action goal
[ign gazebo-1] [INFO] [1790612071.248182592] [amir1.gripper_controller]: Received & accepted new action goal
[ign gazebo-1] [INFO] [1790612071.248341159] [amir2.gripper_controller]: Received & accepted new action goal
[ign gazebo-1] [INFO] [1790612071.526986949] [amir1.gripper_controller]: Received & accepted new action goal
[ign gazebo-1] [INFO] [1790612071.907009446] [amir2.gripper_controller]: Received & accepted new action goal
[ign gazebo-1] [INFO] [1790612072.058619215] [amir2.gripper_controller]: Received & accepted new action goal
[friction_grasp_manager-34] [WARN] [1790612072.331840252] [friction_grasp_manager]: amir2 finger force above 26.0 N; backing off.
[ign gazebo-1] [INFO] [1790612072.332127382] [amir2.gripper_controller]: Received & accepted new action goal
[ign gazebo-1] [INFO] [1790612072.587476662] [amir2.gripper_controller]: Received & accepted new action goal
[ign gazebo-1] [INFO] [1790612072.706388643] [amir2.gripper_controller]: Received & accepted new action goal
[ign gazebo-1] [INFO] [1790612073.131346187] [amir1.gripper_controller]: Received & accepted new action goal
[ign gazebo-1] [INFO] [1790612073.131544680] [amir2.gripper_controller]: Received & accepted new action goal
[ign gazebo-1] [INFO] [1790612073.733912856] [amir1.gripper_controller]: Received & accepted new action goal
[ign gazebo-1] [INFO] [1790612073.734086152] [amir2.gripper_controller]: Received & accepted new action goal
[ign gazebo-1] [INFO] [1790612074.013419539] [amir1.gripper_controller]: Received & accepted new action goal
[ign gazebo-1] [INFO] [1790612074.013606251] [amir2.gripper_controller]: Received & accepted new action goal
[ign gazebo-1] [INFO] [1790612074.634847509] [amir1.gripper_controller]: Received & accepted new action goal
[ign gazebo-1] [INFO] [1790612074.634963498] [amir2.gripper_controller]: Received & accepted new action goal
[ign gazebo-1] [INFO] [1790612075.098511484] [amir2.gripper_controller]: Received & accepted new action goal
[ign gazebo-1] [INFO] [1790612075.098541346] [amir1.gripper_controller]: Received & accepted new action goal
[ign gazebo-1] [INFO] [1790612075.363439326] [amir2.gripper_controller]: Received & accepted new action goal
[ign gazebo-1] [INFO] [1790612075.363553900] [amir1.gripper_controller]: Received & accepted new action goal
[ign gazebo-1] [INFO] [1790612075.911570168] [amir1.gripper_controller]: Received & accepted new action goal
[ign gazebo-1] [INFO] [1790612075.911586645] [amir2.gripper_controller]: Received & accepted new action goal
[ign gazebo-1] [INFO] [1790612076.531872385] [amir2.gripper_controller]: Received & accepted new action goal
[ign gazebo-1] [INFO] [1790612076.531898235] [amir1.gripper_controller]: Received & accepted new action goal
[ign gazebo-1] [INFO] [1790612076.802345341] [amir1.gripper_controller]: Received & accepted new action goal
[ign gazebo-1] [INFO] [1790612076.802660605] [amir2.gripper_controller]: Received & accepted new action goal
[ign gazebo-1] [INFO] [1790612077.347686467] [amir1.gripper_controller]: Received & accepted new action goal
[ign gazebo-1] [INFO] [1790612077.347783291] [amir2.gripper_controller]: Received & accepted new action goal
[ign gazebo-1] [INFO] [1790612077.827103641] [amir1.gripper_controller]: Received & accepted new action goal
[ign gazebo-1] [INFO] [1790612077.827240444] [amir2.gripper_controller]: Received & accepted new action goal
[ign gazebo-1] [INFO] [1790612077.968241131] [amir1.gripper_controller]: Received & accepted new action goal
[ign gazebo-1] [INFO] [1790612078.308159440] [amir2.gripper_controller]: Received & accepted new action goal
[ign gazebo-1] [INFO] [1790612078.308213089] [amir1.gripper_controller]: Received & accepted new action goal
[ign gazebo-1] [INFO] [1790612078.599897043] [amir1.gripper_controller]: Received & accepted new action goal
[friction_grasp_manager-34] [WARN] [1790612078.600206608] [friction_grasp_manager]: amir2 finger force above 26.0 N; backing off.
[ign gazebo-1] [INFO] [1790612078.600379319] [amir2.gripper_controller]: Received & accepted new action goal
[ign gazebo-1] [INFO] [1790612078.720644933] [amir1.gripper_controller]: Received & accepted new action goal
[ign gazebo-1] [INFO] [1790612078.720796638] [amir2.gripper_controller]: Received & accepted new action goal
[ign gazebo-1] [INFO] [1790612079.188759380] [amir1.gripper_controller]: Received & accepted new action goal
[ign gazebo-1] [INFO] [1790612079.188871363] [amir2.gripper_controller]: Received & accepted new action goal
[ign gazebo-1] [INFO] [1790612079.707553038] [amir1.gripper_controller]: Received & accepted new action goal
[ign gazebo-1] [INFO] [1790612079.707619997] [amir2.gripper_controller]: Received & accepted new action goal
[ign gazebo-1] [INFO] [1790612079.988195324] [amir1.gripper_controller]: Received & accepted new action goal
[ign gazebo-1] [INFO] [1790612079.988267152] [amir2.gripper_controller]: Received & accepted new action goal
[ign gazebo-1] [INFO] [1790612080.569849626] [amir1.gripper_controller]: Received & accepted new action goal
[ign gazebo-1] [INFO] [1790612080.570041666] [amir2.gripper_controller]: Received & accepted new action goal
[ign gazebo-1] [INFO] [1790612080.962680666] [amir1.gripper_controller]: Received & accepted new action goal
[ign gazebo-1] [INFO] [1790612080.962755288] [amir2.gripper_controller]: Received & accepted new action goal
[ign gazebo-1] [INFO] [1790612081.578657902] [amir1.gripper_controller]: Received & accepted new action goal
[ign gazebo-1] [INFO] [1790612081.578684152] [amir2.gripper_controller]: Received & accepted new action goal
[ign gazebo-1] [INFO] [1790612082.112226082] [amir1.gripper_controller]: Received & accepted new action goal
[ign gazebo-1] [INFO] [1790612082.112328142] [amir2.gripper_controller]: Received & accepted new action goal
[ign gazebo-1] [INFO] [1790612082.361375380] [amir1.gripper_controller]: Received & accepted new action goal
[ign gazebo-1] [INFO] [1790612082.361562125] [amir2.gripper_controller]: Received & accepted new action goal
[ign gazebo-1] [INFO] [1790612082.894784056] [amir2.gripper_controller]: Received & accepted new action goal
[ign gazebo-1] [INFO] [1790612082.894907130] [amir1.gripper_controller]: Received & accepted new action goal
[ign gazebo-1] [INFO] [1790612083.185123283] [amir2.gripper_controller]: Received & accepted new action goal
[ign gazebo-1] [INFO] [1790612083.364344006] [amir2.gripper_controller]: Received & accepted new action goal
[ign gazebo-1] [INFO] [1790612083.777394357] [amir1.gripper_controller]: Received & accepted new action goal
[ign gazebo-1] [INFO] [1790612083.777628248] [amir2.gripper_controller]: Received & accepted new action goal
[ign gazebo-1] [INFO] [1790612084.189356666] [amir1.gripper_controller]: Received & accepted new action goal
[ign gazebo-1] [INFO] [1790612084.189459049] [amir2.gripper_controller]: Received & accepted new action goal
[ign gazebo-1] [INFO] [1790612084.508831921] [amir1.gripper_controller]: Received & accepted new action goal
[ign gazebo-1] [INFO] [1790612084.508904611] [amir2.gripper_controller]: Received & accepted new action goal
[ign gazebo-1] [INFO] [1790612085.038083318] [amir2.gripper_controller]: Received & accepted new action goal
[ign gazebo-1] [INFO] [1790612085.388769826] [amir1.gripper_controller]: Received & accepted new action goal
[ign gazebo-1] [INFO] [1790612085.388872191] [amir2.gripper_controller]: Received & accepted new action goal
[ign gazebo-1] [INFO] [1790612085.670269730] [amir1.gripper_controller]: Received & accepted new action goal
[ign gazebo-1] [INFO] [1790612085.670547410] [amir2.gripper_controller]: Received & accepted new action goal
[ign gazebo-1] [INFO] [1790612086.346577227] [amir1.gripper_controller]: Received & accepted new action goal
[ign gazebo-1] [INFO] [1790612086.346671447] [amir2.gripper_controller]: Received & accepted new action goal
[ign gazebo-1] [INFO] [1790612086.879938147] [amir1.gripper_controller]: Received & accepted new action goal
[ign gazebo-1] [INFO] [1790612086.880030722] [amir2.gripper_controller]: Received & accepted new action goal
[ign gazebo-1] [INFO] [1790612087.210619766] [amir1.gripper_controller]: Received & accepted new action goal
[ign gazebo-1] [INFO] [1790612087.210629923] [amir2.gripper_controller]: Received & accepted new action goal
[ign gazebo-1] [INFO] [1790612087.544253122] [amir1.gripper_controller]: Received & accepted new action goal
[ign gazebo-1] [INFO] [1790612087.544377378] [amir2.gripper_controller]: Received & accepted new action goal
[ign gazebo-1] [INFO] [1790612088.138046758] [amir2.gripper_controller]: Received & accepted new action goal
[ign gazebo-1] [INFO] [1790612088.388961129] [amir1.gripper_controller]: Received & accepted new action goal
[ign gazebo-1] [INFO] [1790612088.389117480] [amir2.gripper_controller]: Received & accepted new action goal
[ign gazebo-1] [INFO] [1790612088.652577890] [amir1.gripper_controller]: Received & accepted new action goal
[ign gazebo-1] [INFO] [1790612088.652635700] [amir2.gripper_controller]: Received & accepted new action goal
[ign gazebo-1] [INFO] [1790612089.080816429] [amir1.gripper_controller]: Received & accepted new action goal
[ign gazebo-1] [INFO] [1790612089.231420528] [amir1.gripper_controller]: Received & accepted new action goal
[ign gazebo-1] [INFO] [1790612089.231561326] [amir2.gripper_controller]: Received & accepted new action goal
[ign gazebo-1] [INFO] [1790612089.598315949] [amir2.gripper_controller]: Received & accepted new action goal
[ign gazebo-1] [INFO] [1790612089.598497099] [amir1.gripper_controller]: Received & accepted new action goal
[ign gazebo-1] [INFO] [1790612090.006468251] [amir1.gripper_controller]: Received & accepted new action goal
[ign gazebo-1] [INFO] [1790612090.006610756] [amir2.gripper_controller]: Received & accepted new action goal
[ign gazebo-1] [INFO] [1790612090.221726002] [amir1.gripper_controller]: Received & accepted new action goal
[ign gazebo-1] [INFO] [1790612090.221960131] [amir2.gripper_controller]: Received & accepted new action goal
[ign gazebo-1] [INFO] [1790612090.735731174] [amir1.gripper_controller]: Received & accepted new action goal
[ign gazebo-1] [INFO] [1790612090.736076105] [amir2.gripper_controller]: Received & accepted new action goal
[ign gazebo-1] [INFO] [1790612091.235507111] [amir1.gripper_controller]: Received & accepted new action goal
[ign gazebo-1] [INFO] [1790612091.235596817] [amir2.gripper_controller]: Received & accepted new action goal
[friction_grasp_manager-34] [WARN] [1790612091.390812767] [friction_grasp_manager]: amir1 finger force above 26.0 N; backing off.
[ign gazebo-1] [INFO] [1790612091.391005947] [amir1.gripper_controller]: Received & accepted new action goal
[ign gazebo-1] [INFO] [1790612091.391088277] [amir2.gripper_controller]: Received & accepted new action goal
[ign gazebo-1] [INFO] [1790612091.624751807] [amir1.gripper_controller]: Received & accepted new action goal
[ign gazebo-1] [INFO] [1790612091.624806608] [amir2.gripper_controller]: Received & accepted new action goal
[ign gazebo-1] [INFO] [1790612092.007561224] [amir1.gripper_controller]: Received & accepted new action goal
[ign gazebo-1] [INFO] [1790612092.007581778] [amir2.gripper_controller]: Received & accepted new action goal
[ign gazebo-1] [INFO] [1790612092.192408279] [amir1.gripper_controller]: Received & accepted new action goal
[ign gazebo-1] [INFO] [1790612092.192561382] [amir2.gripper_controller]: Received & accepted new action goal
[ign gazebo-1] [INFO] [1790612092.535813778] [amir2.gripper_controller]: Received & accepted new action goal
[ign gazebo-1] [INFO] [1790612092.982268041] [amir1.gripper_controller]: Received & accepted new action goal
[ign gazebo-1] [INFO] [1790612092.982391432] [amir2.gripper_controller]: Received & accepted new action goal
[ign gazebo-1] [INFO] [1790612093.201574878] [amir2.gripper_controller]: Received & accepted new action goal
[ign gazebo-1] [INFO] [1790612093.201608927] [amir1.gripper_controller]: Received & accepted new action goal
[ign gazebo-1] [INFO] [1790612093.666471847] [amir1.gripper_controller]: Received & accepted new action goal
[friction_grasp_manager-34] [WARN] [1790612093.666750114] [friction_grasp_manager]: amir2 finger force above 26.0 N; backing off.
[ign gazebo-1] [INFO] [1790612093.666966461] [amir2.gripper_controller]: Received & accepted new action goal
[ign gazebo-1] [INFO] [1790612094.048777975] [amir2.gripper_controller]: Received & accepted new action goal
[ign gazebo-1] [INFO] [1790612094.049379612] [amir1.gripper_controller]: Received & accepted new action goal
[ign gazebo-1] [INFO] [1790612094.251942368] [amir1.gripper_controller]: Received & accepted new action goal
[ign gazebo-1] [INFO] [1790612094.252079571] [amir2.gripper_controller]: Received & accepted new action goal
[ign gazebo-1] [INFO] [1790612094.569172724] [amir1.gripper_controller]: Received & accepted new action goal
[ign gazebo-1] [INFO] [1790612094.569311742] [amir2.gripper_controller]: Received & accepted new action goal
[ign gazebo-1] [INFO] [1790612094.998217666] [amir1.gripper_controller]: Received & accepted new action goal
[ign gazebo-1] [INFO] [1790612094.998419664] [amir2.gripper_controller]: Received & accepted new action goal
[ign gazebo-1] [INFO] [1790612095.277342044] [amir1.gripper_controller]: Received & accepted new action goal
[ign gazebo-1] [INFO] [1790612095.277433708] [amir2.gripper_controller]: Received & accepted new action goal
[ign gazebo-1] [INFO] [1790612095.749823553] [amir1.gripper_controller]: Received & accepted new action goal
[ign gazebo-1] [INFO] [1790612095.749939093] [amir2.gripper_controller]: Received & accepted new action goal
[ign gazebo-1] [INFO] [1790612096.203317668] [amir1.gripper_controller]: Received & accepted new action goal
[ign gazebo-1] [INFO] [1790612096.203844776] [amir2.gripper_controller]: Received & accepted new action goal
[ign gazebo-1] [INFO] [1790612096.418303312] [amir1.gripper_controller]: Received & accepted new action goal
[ign gazebo-1] [INFO] [1790612096.418340475] [amir2.gripper_controller]: Received & accepted new action goal
[ign gazebo-1] [INFO] [1790612096.737871226] [amir1.gripper_controller]: Received & accepted new action goal
[ign gazebo-1] [INFO] [1790612096.738014480] [amir2.gripper_controller]: Received & accepted new action goal
[ign gazebo-1] [INFO] [1790612096.869455850] [amir1.gripper_controller]: Received & accepted new action goal
[ign gazebo-1] [INFO] [1790612096.869845090] [amir2.gripper_controller]: Received & accepted new action goal
[friction_grasp_manager-34] [WARN] [1790612097.227055524] [friction_grasp_manager]: amir2 finger force above 26.0 N; backing off.
[ign gazebo-1] [INFO] [1790612097.227384911] [amir2.gripper_controller]: Received & accepted new action goal
[ign gazebo-1] [INFO] [1790612097.531243574] [amir1.gripper_controller]: Received & accepted new action goal
[ign gazebo-1] [INFO] [1790612097.531607021] [amir2.gripper_controller]: Received & accepted new action goal
[ign gazebo-1] [INFO] [1790612097.708595805] [amir1.gripper_controller]: Received & accepted new action goal
[ign gazebo-1] [INFO] [1790612097.708811998] [amir2.gripper_controller]: Received & accepted new action goal
[ign gazebo-1] [INFO] [1790612098.029966662] [amir2.gripper_controller]: Received & accepted new action goal
[pivot_rotation_controller-7] [INFO] [1790612098.092826328] [pivot_rotation_controller]: Pivot rotation complete; both robots stopped
[ign gazebo-1] [INFO] [1790612098.322716944] [amir2.gripper_controller]: Received & accepted new action goal
[ign gazebo-1] [INFO] [1790612098.468849357] [amir1.gripper_controller]: Received & accepted new action goal
[friction_grasp_manager-34] [WARN] [1790612098.469168313] [friction_grasp_manager]: amir2 finger force above 26.0 N; backing off.
[ign gazebo-1] [INFO] [1790612098.469309343] [amir2.gripper_controller]: Received & accepted new action goal
[ign gazebo-1] [INFO] [1790612098.755036017] [amir1.gripper_controller]: Received & accepted new action goal
[ign gazebo-1] [INFO] [1790612098.755108859] [amir2.gripper_controller]: Received & accepted new action goal
[ign gazebo-1] [INFO] [1790612099.114030660] [amir2.gripper_controller]: Received & accepted new action goal
[ign gazebo-1] [INFO] [1790612099.271679913] [amir2.gripper_controller]: Received & accepted new action goal
[ign gazebo-1] [INFO] [1790612099.564703763] [amir1.gripper_controller]: Received & accepted new action goal
[ign gazebo-1] [INFO] [1790612099.564773664] [amir2.gripper_controller]: Received & accepted new action goal
[ign gazebo-1] [INFO] [1790612099.875333031] [amir2.gripper_controller]: Received & accepted new action goal
[ign gazebo-1] [INFO] [1790612100.051934741] [amir2.gripper_controller]: Received & accepted new action goal
[ign gazebo-1] [INFO] [1790612100.320580788] [amir1.gripper_controller]: Received & accepted new action goal
[ign gazebo-1] [INFO] [1790612100.320643268] [amir2.gripper_controller]: Received & accepted new action goal
[ign gazebo-1] [INFO] [1790612100.715587930] [amir1.gripper_controller]: Received & accepted new action goal
[ign gazebo-1] [INFO] [1790612100.715588509] [amir2.gripper_controller]: Received & accepted new action goal
[ign gazebo-1] [INFO] [1790612100.850186300] [amir1.gripper_controller]: Received & accepted new action goal
[ign gazebo-1] [INFO] [1790612100.850287485] [amir2.gripper_controller]: Received & accepted new action goal
[ign gazebo-1] [INFO] [1790612101.173110117] [amir1.gripper_controller]: Received & accepted new action goal
[friction_grasp_manager-34] [WARN] [1790612101.173464480] [friction_grasp_manager]: amir2 finger force above 26.0 N; backing off.
[ign gazebo-1] [INFO] [1790612101.173677372] [amir2.gripper_controller]: Received & accepted new action goal
[ign gazebo-1] [INFO] [1790612101.674158955] [amir2.gripper_controller]: Received & accepted new action goal
[ign gazebo-1] [INFO] [1790612101.973548823] [amir2.gripper_controller]: Received & accepted new action goal
[ign gazebo-1] [INFO] [1790612102.234662835] [amir1.gripper_controller]: Received & accepted new action goal
[ign gazebo-1] [INFO] [1790612102.234707046] [amir2.gripper_controller]: Received & accepted new action goal
[ign gazebo-1] [INFO] [1790612102.403597744] [amir1.gripper_controller]: Received & accepted new action goal
[ign gazebo-1] [INFO] [1790612102.403662021] [amir2.gripper_controller]: Received & accepted new action goal
[ign gazebo-1] [INFO] [1790612102.746729588] [amir1.gripper_controller]: Received & accepted new action goal
[ign gazebo-1] [INFO] [1790612102.746754703] [amir2.gripper_controller]: Received & accepted new action goal
[ign gazebo-1] [INFO] [1790612103.038525871] [amir2.gripper_controller]: Received & accepted new action goal
[ign gazebo-1] [INFO] [1790612103.152058718] [amir1.gripper_controller]: Received & accepted new action goal
[ign gazebo-1] [INFO] [1790612103.152150373] [amir2.gripper_controller]: Received & accepted new action goal
[ign gazebo-1] [INFO] [1790612103.816382950] [amir1.gripper_controller]: Received & accepted new action goal
[ign gazebo-1] [INFO] [1790612103.816819056] [amir2.gripper_controller]: Received & accepted new action goal
[ign gazebo-1] [INFO] [1790612103.965106908] [amir1.gripper_controller]: Received & accepted new action goal
[ign gazebo-1] [INFO] [1790612103.965156147] [amir2.gripper_controller]: Received & accepted new action goal
[ign gazebo-1] [INFO] [1790612104.323766261] [amir1.gripper_controller]: Received & accepted new action goal
[ign gazebo-1] [INFO] [1790612104.323777651] [amir2.gripper_controller]: Received & accepted new action goal
[ign gazebo-1] [INFO] [1790612104.624055363] [amir1.gripper_controller]: Received & accepted new action goal
[ign gazebo-1] [INFO] [1790612104.624183964] [amir2.gripper_controller]: Received & accepted new action goal
[ign gazebo-1] [INFO] [1790612105.100562836] [amir1.gripper_controller]: Received & accepted new action goal
[ign gazebo-1] [INFO] [1790612105.100661109] [amir2.gripper_controller]: Received & accepted new action goal
[ign gazebo-1] [INFO] [1790612105.435822738] [amir1.gripper_controller]: Received & accepted new action goal
[ign gazebo-1] [INFO] [1790612105.435994708] [amir2.gripper_controller]: Received & accepted new action goal
[ign gazebo-1] [INFO] [1790612105.555605619] [amir1.gripper_controller]: Received & accepted new action goal
[ign gazebo-1] [INFO] [1790612105.555749315] [amir2.gripper_controller]: Received & accepted new action goal
[ign gazebo-1] [INFO] [1790612105.794531571] [amir1.gripper_controller]: Received & accepted new action goal
[ign gazebo-1] [INFO] [1790612105.794580062] [amir2.gripper_controller]: Received & accepted new action goal
[ign gazebo-1] [INFO] [1790612105.923822160] [amir1.gripper_controller]: Received & accepted new action goal
[ign gazebo-1] [INFO] [1790612105.924010246] [amir2.gripper_controller]: Received & accepted new action goal
[ign gazebo-1] [INFO] [1790612106.171918702] [amir1.gripper_controller]: Received & accepted new action goal
[ign gazebo-1] [INFO] [1790612106.172060799] [amir2.gripper_controller]: Received & accepted new action goal
[ign gazebo-1] [INFO] [1790612106.482005450] [amir1.gripper_controller]: Received & accepted new action goal
[ign gazebo-1] [INFO] [1790612106.482255333] [amir2.gripper_controller]: Received & accepted new action goal
[WARNING] [launch]: user interrupted with ctrl-c (SIGINT)
[transport_pose_filter-3] [INFO] [1790612106.762929845] [rclcpp]: signal_handler(SIGINT/SIGTERM)
[robot_state_publisher-8] [INFO] [1790612106.762903842] [rclcpp]: signal_handler(SIGINT/SIGTERM)
[parameter_bridge-11] [INFO] [1790612106.762922909] [rclcpp]: signal_handler(SIGINT/SIGTERM)
[finger_contact_aggregator-4] [INFO] [1790612106.762939034] [rclcpp]: signal_handler(SIGINT/SIGTERM)
[robot_state_publisher-21] [INFO] [1790612106.763072336] [rclcpp]: signal_handler(SIGINT/SIGTERM)
[parameter_bridge-24] [INFO] [1790612106.763099240] [rclcpp]: signal_handler(SIGINT/SIGTERM)
[INFO] [dual_base_approach-42]: sending signal 'SIGINT' to process[dual_base_approach-42]
[INFO] [slip_monitor-41]: sending signal 'SIGINT' to process[slip_monitor-41]
[INFO] [safety_monitor-40]: sending signal 'SIGINT' to process[safety_monitor-40]
[ERROR] [dual_base_approach-42]: process has died [pid 71461, exit code -2, cmd '/home/dars5070/ros2_humble_ws/install/cooperative_transport_control/lib/cooperative_transport_control/dual_base_approach --ros-args -p use_sim_time:=True -p use_sim_time:=True --params-file /tmp/launch_params_eflgp5w4'].
[ERROR] [rover_twist_relay_ign.py-13]: process has died [pid 70411, exit code -2, cmd '/home/dars5070/ros2_humble_ws/install/mecanumrover_description/lib/mecanumrover_description/rover_twist_relay_ign.py --ros-args -r __node:=rover_twist_relay_ign -r __ns:=/amir1 -p use_sim_time:=True --params-file /tmp/launch_params_04hbt4st'].
[ERROR] [slip_monitor-41]: process has died [pid 71459, exit code -2, cmd '/home/dars5070/ros2_humble_ws/install/cooperative_transport_control/lib/cooperative_transport_control/slip_monitor --ros-args -p use_sim_time:=True -p use_sim_time:=True --params-file /home/dars5070/ros2_humble_ws/install/cooperative_transport_control/share/cooperative_transport_control/config/friction_transport.yaml --params-file /tmp/launch_params_aut2pip7 --params-file /tmp/launch_params_r0xfz99g --params-file /tmp/launch_params_hsf_3q_1'].
[ERROR] [rover_twist_relay_ign.py-26]: process has died [pid 70886, exit code -2, cmd '/home/dars5070/ros2_humble_ws/install/mecanumrover_description/lib/mecanumrover_description/rover_twist_relay_ign.py --ros-args -r __node:=rover_twist_relay_ign -r __ns:=/amir2 -p use_sim_time:=True -p use_sim_time:=True --params-file /tmp/launch_params_7faonync'].
[INFO] [coordinator-39]: sending signal 'SIGINT' to process[coordinator-39]
[ERROR] [safety_monitor-40]: process has died [pid 71457, exit code -2, cmd '/home/dars5070/ros2_humble_ws/install/cooperative_transport_control/lib/cooperative_transport_control/safety_monitor --ros-args -p use_sim_time:=True -p use_sim_time:=True --params-file /home/dars5070/ros2_humble_ws/install/cooperative_transport_control/share/cooperative_transport_control/config/friction_transport.yaml --params-file /tmp/launch_params_iufxcj54 --params-file /tmp/launch_params_4c6lzx_a'].
[INFO] [grasp_support_remover-38]: sending signal 'SIGINT' to process[grasp_support_remover-38]
[INFO] [arm_home_positioner-35]: sending signal 'SIGINT' to process[arm_home_positioner-35]
[ERROR] [coordinator-39]: process has died [pid 71455, exit code -2, cmd '/home/dars5070/ros2_humble_ws/install/cooperative_transport_control/lib/cooperative_transport_control/coordinator --ros-args -p use_sim_time:=True -p use_sim_time:=True --params-file /home/dars5070/ros2_humble_ws/install/cooperative_transport_control/share/cooperative_transport_control/config/friction_transport.yaml --params-file /tmp/launch_params_3c7egs5x --params-file /tmp/launch_params_c5r1v9tc --params-file /tmp/launch_params_60l4wyim'].
[INFO] [friction_grasp_manager-34]: sending signal 'SIGINT' to process[friction_grasp_manager-34]
[ERROR] [grasp_support_remover-38]: process has died [pid 71453, exit code -2, cmd '/home/dars5070/ros2_humble_ws/install/cooperative_transport_control/lib/cooperative_transport_control/grasp_support_remover --ros-args -p use_sim_time:=True -p use_sim_time:=True --params-file /home/dars5070/ros2_humble_ws/install/cooperative_transport_control/share/cooperative_transport_control/config/friction_transport.yaml --params-file /tmp/launch_params_b_aifutq'].
[ERROR] [arm_home_positioner-35]: process has died [pid 71319, exit code -2, cmd '/home/dars5070/ros2_humble_ws/install/coop_transport_controller/lib/coop_transport_controller/arm_home_positioner --ros-args -p use_sim_time:=True -p use_sim_time:=True --params-file /tmp/launch_params_flep9hig'].
[INFO] [parameter_bridge-25]: sending signal 'SIGINT' to process[parameter_bridge-25]
[INFO] [parameter_bridge-24]: sending signal 'SIGINT' to process[parameter_bridge-24]
[ERROR] [friction_grasp_manager-34]: process has died [pid 71317, exit code -2, cmd '/home/dars5070/ros2_humble_ws/install/cooperative_transport_control/lib/cooperative_transport_control/friction_grasp_manager --ros-args -p use_sim_time:=True -p use_sim_time:=True --params-file /home/dars5070/ros2_humble_ws/install/cooperative_transport_control/share/cooperative_transport_control/config/friction_transport.yaml --params-file /tmp/launch_params_8r1mgpbc --params-file /tmp/launch_params_098lagrg'].
[INFO] [parameter_bridge-23]: sending signal 'SIGINT' to process[parameter_bridge-23]
[INFO] [robot_state_publisher-21]: sending signal 'SIGINT' to process[robot_state_publisher-21]
[INFO] [parameter_bridge-12]: sending signal 'SIGINT' to process[parameter_bridge-12]
[ERROR] [robot_state_publisher-21]: process has died [pid 70876, exit code -2, cmd '/opt/ros/humble/lib/robot_state_publisher/robot_state_publisher --ros-args -r __node:=robot_state_publisher -r __ns:=/amir2 -p use_sim_time:=True -p use_sim_time:=True --params-file /tmp/launch_params_sla_pvy_ -r /tf:=tf -r /tf_static:=tf_static'].
[INFO] [parameter_bridge-11]: sending signal 'SIGINT' to process[parameter_bridge-11]
[INFO] [parameter_bridge-2]: process has finished cleanly [pid 70184]
[INFO] [parameter_bridge-24]: process has finished cleanly [pid 70882]
[INFO] [parameter_bridge-11]: process has finished cleanly [pid 70407]
[INFO] [parameter_bridge-25]: process has finished cleanly [pid 70884]
[INFO] [parameter_bridge-10]: process has finished cleanly [pid 70405]
[INFO] [parameter_bridge-23]: process has finished cleanly [pid 70880]
[INFO] [parameter_bridge-12]: process has finished cleanly [pid 70409]
[INFO] [robot_state_publisher-8]: process has finished cleanly [pid 70401]
[INFO] [transport_pose_filter-3]: process has finished cleanly [pid 70186]
[INFO] [pivot_rotation_controller-7]: sending signal 'SIGINT' to process[pivot_rotation_controller-7]
[INFO] [rotation_controller-6]: sending signal 'SIGINT' to process[rotation_controller-6]
[INFO] [finger_contact_aggregator-4]: process has finished cleanly [pid 70188]
[ERROR] [pivot_rotation_controller-7]: process has died [pid 70194, exit code -2, cmd '/home/dars5070/ros2_humble_ws/install/cooperative_transport_control/lib/cooperative_transport_control/pivot_rotation_controller --ros-args --params-file /tmp/launch_params_yz3k3ppt'].
[ERROR] [rotation_controller-6]: process has died [pid 70192, exit code -2, cmd '/home/dars5070/ros2_humble_ws/install/cooperative_rotation/lib/cooperative_rotation/rotation_controller --ros-args --params-file /home/dars5070/ros2_humble_ws/install/cooperative_rotation/share/cooperative_rotation/config/rotation_params.yaml --params-file /tmp/launch_params_qsem920b'].
[INFO] [ign gazebo-1]: sending signal 'SIGINT' to process[ign gazebo-1]
[parameter_bridge-12] [INFO] [1790612106.763106977] [rclcpp]: signal_handler(SIGINT/SIGTERM)
[parameter_bridge-2] [INFO] [1790612106.763140864] [rclcpp]: signal_handler(SIGINT/SIGTERM)
[rover_twist_relay_ign.py-26] Traceback (most recent call last):
[rover_twist_relay_ign.py-26]   File "/home/dars5070/ros2_humble_ws/install/mecanumrover_description/lib/mecanumrover_description/rover_twist_relay_ign.py", line 36, in <module>
[rover_twist_relay_ign.py-26]     main()
[rover_twist_relay_ign.py-26]   File "/home/dars5070/ros2_humble_ws/install/mecanumrover_description/lib/mecanumrover_description/rover_twist_relay_ign.py", line 31, in main
[rover_twist_relay_ign.py-26]     rclpy.spin(RoverTwistRelayIgn())
[rover_twist_relay_ign.py-26]   File "/opt/ros/humble/local/lib/python3.10/dist-packages/rclpy/__init__.py", line 229, in spin
[rover_twist_relay_ign.py-26]     executor.spin_once()
[rover_twist_relay_ign.py-26]   File "/opt/ros/humble/local/lib/python3.10/dist-packages/rclpy/executors.py", line 776, in spin_once
[rover_twist_relay_ign.py-26]     self._spin_once_impl(timeout_sec)
[rover_twist_relay_ign.py-26]   File "/opt/ros/humble/local/lib/python3.10/dist-packages/rclpy/executors.py", line 765, in _spin_once_impl
[rover_twist_relay_ign.py-26]     handler, entity, node = self.wait_for_ready_callbacks(timeout_sec=timeout_sec)
[rover_twist_relay_ign.py-26]   File "/opt/ros/humble/local/lib/python3.10/dist-packages/rclpy/executors.py", line 748, in wait_for_ready_callbacks
[rover_twist_relay_ign.py-13] Traceback (most recent call last):
[rover_twist_relay_ign.py-13]   File "/home/dars5070/ros2_humble_ws/install/mecanumrover_description/lib/mecanumrover_description/rover_twist_relay_ign.py", line 36, in <module>
[rover_twist_relay_ign.py-13]     main()
[rover_twist_relay_ign.py-13]   File "/home/dars5070/ros2_humble_ws/install/mecanumrover_description/lib/mecanumrover_description/rover_twist_relay_ign.py", line 31, in main
[rover_twist_relay_ign.py-13]     rclpy.spin(RoverTwistRelayIgn())
[rover_twist_relay_ign.py-13]   File "/opt/ros/humble/local/lib/python3.10/dist-packages/rclpy/__init__.py", line 229, in spin
[rover_twist_relay_ign.py-13]     executor.spin_once()
[rover_twist_relay_ign.py-13]   File "/opt/ros/humble/local/lib/python3.10/dist-packages/rclpy/executors.py", line 776, in spin_once
[rover_twist_relay_ign.py-13]     self._spin_once_impl(timeout_sec)
[rover_twist_relay_ign.py-13]   File "/opt/ros/humble/local/lib/python3.10/dist-packages/rclpy/executors.py", line 765, in _spin_once_impl
[parameter_bridge-25] [INFO] [1790612106.763326408] [rclcpp]: signal_handler(SIGINT/SIGTERM)
[ign gazebo-1] [INFO] [1790612106.763494705] [rclcpp]: signal_handler(SIGINT/SIGTERM)
[ign gazebo-1] [INFO] [1790612106.763546295] [amir2.controller_manager]: Shutdown request received....
[ign gazebo-1] [INFO] [1790612106.763599881] [amir2.controller_manager]: Shutting down all controllers in the controller manager.
[ign gazebo-1] [INFO] [1790612106.763622839] [amir2.controller_manager]: Deactivating controller 'joint_state_broadcaster'
[ign gazebo-1] [INFO] [1790612106.763677248] [amir2.controller_manager]: Shutting down controller 'joint_state_broadcaster'
[ign gazebo-1] [INFO] [1790612106.763702122] [amir2.controller_manager]: Deactivating controller 'arm_controller'
[ign gazebo-1] [INFO] [1790612106.763727467] [amir2.controller_manager]: Shutting down controller 'arm_controller'
[ign gazebo-1] [INFO] [1790612106.763738960] [amir2.controller_manager]: Deactivating controller 'gripper_controller'
[ign gazebo-1] [INFO] [1790612106.763754191] [amir2.controller_manager]: Shutting down controller 'gripper_controller'
[ign gazebo-1] [INFO] [1790612106.763765565] [amir2.controller_manager]: Deactivating controller 'mecanum_drive_controller'
[ign gazebo-1] [INFO] [1790612106.763780508] [amir2.controller_manager]: Shutting down controller 'mecanum_drive_controller'
[ign gazebo-1] [INFO] [1790612106.763802221] [resource_manager]: 'deactivate' hardware 'AmirGazeboSystem' 
[ign gazebo-1] [INFO] [1790612106.763816454] [resource_manager]: Successful 'deactivate' of hardware 'AmirGazeboSystem'
[ign gazebo-1] [INFO] [1790612106.763819349] [resource_manager]: 'shutdown' hardware 'AmirGazeboSystem' 
[ign gazebo-1] [INFO] [1790612106.763823000] [resource_manager]: Successful 'shutdown' of hardware 'AmirGazeboSystem'
[ign gazebo-1] [INFO] [1790612106.763826728] [resource_manager]: 'deactivate' hardware 'MecanumSystem' 
[ign gazebo-1] [INFO] [1790612106.763830026] [resource_manager]: Successful 'deactivate' of hardware 'MecanumSystem'
[ign gazebo-1] [INFO] [1790612106.763832453] [resource_manager]: 'shutdown' hardware 'MecanumSystem' 
[ign gazebo-1] [INFO] [1790612106.763835829] [resource_manager]: Successful 'shutdown' of hardware 'MecanumSystem'
[ign gazebo-1] [INFO] [1790612106.763839139] [amir2.controller_manager]: Shutting down the controller manager.
[ign gazebo-1] [INFO] [1790612106.763845513] [amir1.controller_manager]: Shutdown request received....
[ign gazebo-1] [INFO] [1790612106.763860791] [amir1.controller_manager]: Shutting down all controllers in the controller manager.
[ign gazebo-1] [INFO] [1790612106.763870672] [amir1.controller_manager]: Deactivating controller 'joint_state_broadcaster'
[ign gazebo-1] [INFO] [1790612106.763887219] [amir1.controller_manager]: Shutting down controller 'joint_state_broadcaster'
[ign gazebo-1] [INFO] [1790612106.763898847] [amir1.controller_manager]: Deactivating controller 'arm_controller'
[ign gazebo-1] [INFO] [1790612106.763915880] [amir1.controller_manager]: Shutting down controller 'arm_controller'
[ign gazebo-1] [INFO] [1790612106.763927121] [amir1.controller_manager]: Deactivating controller 'gripper_controller'
[ign gazebo-1] [INFO] [1790612106.763938865] [amir1.controller_manager]: Shutting down controller 'gripper_controller'
[ign gazebo-1] [INFO] [1790612106.763968103] [amir1.controller_manager]: Deactivating controller 'mecanum_drive_controller'
[ign gazebo-1] [INFO] [1790612106.763982336] [amir1.controller_manager]: Shutting down controller 'mecanum_drive_controller'
[ign gazebo-1] [INFO] [1790612106.763995324] [resource_manager]: 'deactivate' hardware 'AmirGazeboSystem' 
[ign gazebo-1] [INFO] [1790612106.763999575] [resource_manager]: Successful 'deactivate' of hardware 'AmirGazeboSystem'
[ign gazebo-1] [INFO] [1790612106.764002721] [resource_manager]: 'shutdown' hardware 'AmirGazeboSystem' 
[ign gazebo-1] [INFO] [1790612106.764006691] [resource_manager]: Successful 'shutdown' of hardware 'AmirGazeboSystem'
[ign gazebo-1] [INFO] [1790612106.764010513] [resource_manager]: 'deactivate' hardware 'MecanumSystem' 
[ign gazebo-1] [INFO] [1790612106.764013930] [resource_manager]: Successful 'deactivate' of hardware 'MecanumSystem'
[ign gazebo-1] [INFO] [1790612106.764016516] [resource_manager]: 'shutdown' hardware 'MecanumSystem' 
[ign gazebo-1] [INFO] [1790612106.764019825] [resource_manager]: Successful 'shutdown' of hardware 'MecanumSystem'
[ign gazebo-1] [INFO] [1790612106.764022820] [amir1.controller_manager]: Shutting down the controller manager.
[rover_twist_relay_ign.py-26]     return next(self._cb_iter)
[rover_twist_relay_ign.py-26]   File "/opt/ros/humble/local/lib/python3.10/dist-packages/rclpy/executors.py", line 645, in _wait_for_ready_callbacks
[rover_twist_relay_ign.py-26]     wait_set.wait(timeout_nsec)
[rover_twist_relay_ign.py-26] KeyboardInterrupt
[rover_twist_relay_ign.py-13]     handler, entity, node = self.wait_for_ready_callbacks(timeout_sec=timeout_sec)
[rover_twist_relay_ign.py-13]   File "/opt/ros/humble/local/lib/python3.10/dist-packages/rclpy/executors.py", line 748, in wait_for_ready_callbacks
[rover_twist_relay_ign.py-13]     return next(self._cb_iter)
[rover_twist_relay_ign.py-13]   File "/opt/ros/humble/local/lib/python3.10/dist-packages/rclpy/executors.py", line 645, in _wait_for_ready_callbacks
[rover_twist_relay_ign.py-13]     wait_set.wait(timeout_nsec)
[rover_twist_relay_ign.py-13] KeyboardInterrupt
[parameter_bridge-10] [INFO] [1790612106.765843340] [rclcpp]: signal_handler(SIGINT/SIGTERM)
[parameter_bridge-23] [INFO] [1790612106.765843247] [rclcpp]: signal_handler(SIGINT/SIGTERM)
[parameter_bridge-25] [INFO] [1790612106.858335447] [rclcpp]: signal_handler(SIGINT/SIGTERM)
[parameter_bridge-24] [INFO] [1790612106.862711604] [rclcpp]: signal_handler(SIGINT/SIGTERM)
[parameter_bridge-23] [INFO] [1790612106.866946301] [rclcpp]: signal_handler(SIGINT/SIGTERM)
[parameter_bridge-12] [INFO] [1790612106.880874213] [rclcpp]: signal_handler(SIGINT/SIGTERM)
[ERROR] [ign gazebo-1]: process has died [pid 70181, exit code -2, cmd 'ruby /usr/bin/ign gazebo -s -r -v 1 /home/dars5070/ros2_humble_ws/install/cooperative_transport_gazebo/share/cooperative_transport_gazebo/worlds/cooperative_transport_contact.sdf --force-version 6'].
[INFO] [launch]: process[ign gazebo-1] was required: shutting down launched system
