[INFO] [launch]: All log files can be found below /home/dars5070/.ros/log/2026-09-28-22-31-55-707731-dars5070-Katana-15-HX-B14WGK-21277
[INFO] [launch]: Default logging verbosity is set to INFO
[INFO] [ign gazebo-1]: process started with pid [21288]
[INFO] [parameter_bridge-2]: process started with pid [21290]
[parameter_bridge-2] [INFO] [1790602315.990945907] [cooperative_transport_friction_bridge]: Creating GZ->ROS Bridge: [/clock (gz.msgs.Clock) -> /clock (rosgraph_msgs/msg/Clock)] (Lazy 0)
[parameter_bridge-2] [INFO] [1790602315.991576098] [cooperative_transport_friction_bridge]: Creating GZ->ROS Bridge: [/world/cooperative_transport_friction/pose/info (gz.msgs.Pose_V) -> /world/cooperative_transport_friction/pose/info (tf2_msgs/msg/TFMessage)] (Lazy 0)
[INFO] [robot_state_publisher-3]: process started with pid [21406]
[INFO] [create-4]: process started with pid [21408]
[INFO] [parameter_bridge-5]: process started with pid [21410]
[INFO] [parameter_bridge-6]: process started with pid [21412]
[INFO] [parameter_bridge-7]: process started with pid [21414]
[INFO] [rover_twist_relay_ign.py-8]: process started with pid [21416]
[create-4] [INFO] [1790602318.211755483] [amir1.ros_gz_sim]: Requesting list of world names.
[robot_state_publisher-3] [INFO] [1790602318.222053086] [amir1.robot_state_publisher]: got segment back_left_arm
[robot_state_publisher-3] [INFO] [1790602318.222148953] [amir1.robot_state_publisher]: got segment back_left_wheel_1
[robot_state_publisher-3] [INFO] [1790602318.222153595] [amir1.robot_state_publisher]: got segment back_right_arm
[robot_state_publisher-3] [INFO] [1790602318.222156264] [amir1.robot_state_publisher]: got segment back_right_wheel_1
[robot_state_publisher-3] [INFO] [1790602318.222158538] [amir1.robot_state_publisher]: got segment base_footprint
[robot_state_publisher-3] [INFO] [1790602318.222160719] [amir1.robot_state_publisher]: got segment base_link
[robot_state_publisher-3] [INFO] [1790602318.222162901] [amir1.robot_state_publisher]: got segment finger_left_1
[robot_state_publisher-3] [INFO] [1790602318.222165140] [amir1.robot_state_publisher]: got segment finger_right_1
[robot_state_publisher-3] [INFO] [1790602318.222167265] [amir1.robot_state_publisher]: got segment front_left_arm
[robot_state_publisher-3] [INFO] [1790602318.222169339] [amir1.robot_state_publisher]: got segment front_left_wheel_1
[robot_state_publisher-3] [INFO] [1790602318.222171489] [amir1.robot_state_publisher]: got segment front_lrf_link
[robot_state_publisher-3] [INFO] [1790602318.222173598] [amir1.robot_state_publisher]: got segment front_right_arm
[robot_state_publisher-3] [INFO] [1790602318.222175716] [amir1.robot_state_publisher]: got segment front_right_wheel_1
[robot_state_publisher-3] [INFO] [1790602318.222177931] [amir1.robot_state_publisher]: got segment gripper_base_1
[robot_state_publisher-3] [INFO] [1790602318.222180083] [amir1.robot_state_publisher]: got segment inner_link_left_1
[robot_state_publisher-3] [INFO] [1790602318.222182245] [amir1.robot_state_publisher]: got segment inner_link_right_1
[robot_state_publisher-3] [INFO] [1790602318.222184357] [amir1.robot_state_publisher]: got segment link0_1
[robot_state_publisher-3] [INFO] [1790602318.222186414] [amir1.robot_state_publisher]: got segment link1_1
[robot_state_publisher-3] [INFO] [1790602318.222188677] [amir1.robot_state_publisher]: got segment link2_1
[robot_state_publisher-3] [INFO] [1790602318.222198900] [amir1.robot_state_publisher]: got segment link3_1
[robot_state_publisher-3] [INFO] [1790602318.222201193] [amir1.robot_state_publisher]: got segment link4_1
[robot_state_publisher-3] [INFO] [1790602318.222203643] [amir1.robot_state_publisher]: got segment outer_link_left_1
[robot_state_publisher-3] [INFO] [1790602318.222206074] [amir1.robot_state_publisher]: got segment outer_link_right_1
[robot_state_publisher-3] [INFO] [1790602318.222208470] [amir1.robot_state_publisher]: got segment tcp_link
[parameter_bridge-7] [INFO] [1790602318.231721483] [amir1.finger_contact_bridge]: Creating GZ->ROS Bridge: [/world/cooperative_transport_friction/model/amir1/link/finger_left_1/sensor/finger_left_contact_sensor/contact (gz.msgs.Contacts) -> /world/cooperative_transport_friction/model/amir1/link/finger_left_1/sensor/finger_left_contact_sensor/contact (ros_gz_interfaces/msg/Contacts)] (Lazy 0)
[parameter_bridge-6] [INFO] [1790602318.232951831] [amir1.finger_ft_bridge]: Creating GZ->ROS Bridge: [/amir1/finger_left_wrench (gz.msgs.Wrench) -> /amir1/finger_left_wrench (geometry_msgs/msg/WrenchStamped)] (Lazy 0)
[parameter_bridge-6] [INFO] [1790602318.233904222] [amir1.finger_ft_bridge]: Creating GZ->ROS Bridge: [/amir1/finger_right_wrench (gz.msgs.Wrench) -> /amir1/finger_right_wrench (geometry_msgs/msg/WrenchStamped)] (Lazy 0)
[parameter_bridge-7] [INFO] [1790602318.233976998] [amir1.finger_contact_bridge]: Creating GZ->ROS Bridge: [/world/cooperative_transport_friction/model/amir1/link/finger_left_1/sensor/finger_left_contact_sensor_1/contact (gz.msgs.Contacts) -> /world/cooperative_transport_friction/model/amir1/link/finger_left_1/sensor/finger_left_contact_sensor_1/contact (ros_gz_interfaces/msg/Contacts)] (Lazy 0)
[parameter_bridge-7] [INFO] [1790602318.234387417] [amir1.finger_contact_bridge]: Creating GZ->ROS Bridge: [/world/cooperative_transport_friction/model/amir1/link/finger_left_1/sensor/finger_left_contact_sensor_2/contact (gz.msgs.Contacts) -> /world/cooperative_transport_friction/model/amir1/link/finger_left_1/sensor/finger_left_contact_sensor_2/contact (ros_gz_interfaces/msg/Contacts)] (Lazy 0)
[parameter_bridge-7] [INFO] [1790602318.234716624] [amir1.finger_contact_bridge]: Creating GZ->ROS Bridge: [/world/cooperative_transport_friction/model/amir1/link/finger_left_1/sensor/finger_left_contact_sensor_3/contact (gz.msgs.Contacts) -> /world/cooperative_transport_friction/model/amir1/link/finger_left_1/sensor/finger_left_contact_sensor_3/contact (ros_gz_interfaces/msg/Contacts)] (Lazy 0)
[parameter_bridge-7] [INFO] [1790602318.235113654] [amir1.finger_contact_bridge]: Creating GZ->ROS Bridge: [/world/cooperative_transport_friction/model/amir1/link/finger_left_1/sensor/finger_left_contact_sensor_4/contact (gz.msgs.Contacts) -> /world/cooperative_transport_friction/model/amir1/link/finger_left_1/sensor/finger_left_contact_sensor_4/contact (ros_gz_interfaces/msg/Contacts)] (Lazy 0)
[parameter_bridge-7] [INFO] [1790602318.235441050] [amir1.finger_contact_bridge]: Creating GZ->ROS Bridge: [/world/cooperative_transport_friction/model/amir1/link/finger_left_1/sensor/finger_left_contact_sensor_5/contact (gz.msgs.Contacts) -> /world/cooperative_transport_friction/model/amir1/link/finger_left_1/sensor/finger_left_contact_sensor_5/contact (ros_gz_interfaces/msg/Contacts)] (Lazy 0)
[parameter_bridge-7] [INFO] [1790602318.236018316] [amir1.finger_contact_bridge]: Creating GZ->ROS Bridge: [/world/cooperative_transport_friction/model/amir1/link/finger_left_1/sensor/finger_left_contact_sensor_6/contact (gz.msgs.Contacts) -> /world/cooperative_transport_friction/model/amir1/link/finger_left_1/sensor/finger_left_contact_sensor_6/contact (ros_gz_interfaces/msg/Contacts)] (Lazy 0)
[parameter_bridge-7] [INFO] [1790602318.236368344] [amir1.finger_contact_bridge]: Creating GZ->ROS Bridge: [/world/cooperative_transport_friction/model/amir1/link/finger_left_1/sensor/finger_left_contact_sensor_7/contact (gz.msgs.Contacts) -> /world/cooperative_transport_friction/model/amir1/link/finger_left_1/sensor/finger_left_contact_sensor_7/contact (ros_gz_interfaces/msg/Contacts)] (Lazy 0)
[parameter_bridge-7] [INFO] [1790602318.236689832] [amir1.finger_contact_bridge]: Creating GZ->ROS Bridge: [/world/cooperative_transport_friction/model/amir1/link/finger_left_1/sensor/finger_left_contact_sensor_8/contact (gz.msgs.Contacts) -> /world/cooperative_transport_friction/model/amir1/link/finger_left_1/sensor/finger_left_contact_sensor_8/contact (ros_gz_interfaces/msg/Contacts)] (Lazy 0)
[parameter_bridge-7] [INFO] [1790602318.237016087] [amir1.finger_contact_bridge]: Creating GZ->ROS Bridge: [/world/cooperative_transport_friction/model/amir1/link/finger_right_1/sensor/finger_right_contact_sensor/contact (gz.msgs.Contacts) -> /world/cooperative_transport_friction/model/amir1/link/finger_right_1/sensor/finger_right_contact_sensor/contact (ros_gz_interfaces/msg/Contacts)] (Lazy 0)
[parameter_bridge-7] [INFO] [1790602318.237455621] [amir1.finger_contact_bridge]: Creating GZ->ROS Bridge: [/world/cooperative_transport_friction/model/amir1/link/finger_right_1/sensor/finger_right_contact_sensor_1/contact (gz.msgs.Contacts) -> /world/cooperative_transport_friction/model/amir1/link/finger_right_1/sensor/finger_right_contact_sensor_1/contact (ros_gz_interfaces/msg/Contacts)] (Lazy 0)
[parameter_bridge-7] [INFO] [1790602318.237810125] [amir1.finger_contact_bridge]: Creating GZ->ROS Bridge: [/world/cooperative_transport_friction/model/amir1/link/finger_right_1/sensor/finger_right_contact_sensor_2/contact (gz.msgs.Contacts) -> /world/cooperative_transport_friction/model/amir1/link/finger_right_1/sensor/finger_right_contact_sensor_2/contact (ros_gz_interfaces/msg/Contacts)] (Lazy 0)
[parameter_bridge-7] [INFO] [1790602318.238149261] [amir1.finger_contact_bridge]: Creating GZ->ROS Bridge: [/world/cooperative_transport_friction/model/amir1/link/finger_right_1/sensor/finger_right_contact_sensor_3/contact (gz.msgs.Contacts) -> /world/cooperative_transport_friction/model/amir1/link/finger_right_1/sensor/finger_right_contact_sensor_3/contact (ros_gz_interfaces/msg/Contacts)] (Lazy 0)
[parameter_bridge-7] [INFO] [1790602318.238472056] [amir1.finger_contact_bridge]: Creating GZ->ROS Bridge: [/world/cooperative_transport_friction/model/amir1/link/finger_right_1/sensor/finger_right_contact_sensor_4/contact (gz.msgs.Contacts) -> /world/cooperative_transport_friction/model/amir1/link/finger_right_1/sensor/finger_right_contact_sensor_4/contact (ros_gz_interfaces/msg/Contacts)] (Lazy 0)
[parameter_bridge-7] [INFO] [1790602318.238788404] [amir1.finger_contact_bridge]: Creating GZ->ROS Bridge: [/world/cooperative_transport_friction/model/amir1/link/finger_right_1/sensor/finger_right_contact_sensor_5/contact (gz.msgs.Contacts) -> /world/cooperative_transport_friction/model/amir1/link/finger_right_1/sensor/finger_right_contact_sensor_5/contact (ros_gz_interfaces/msg/Contacts)] (Lazy 0)
[parameter_bridge-7] [INFO] [1790602318.239117611] [amir1.finger_contact_bridge]: Creating GZ->ROS Bridge: [/world/cooperative_transport_friction/model/amir1/link/finger_right_1/sensor/finger_right_contact_sensor_6/contact (gz.msgs.Contacts) -> /world/cooperative_transport_friction/model/amir1/link/finger_right_1/sensor/finger_right_contact_sensor_6/contact (ros_gz_interfaces/msg/Contacts)] (Lazy 0)
[parameter_bridge-7] [INFO] [1790602318.239465500] [amir1.finger_contact_bridge]: Creating GZ->ROS Bridge: [/world/cooperative_transport_friction/model/amir1/link/finger_right_1/sensor/finger_right_contact_sensor_7/contact (gz.msgs.Contacts) -> /world/cooperative_transport_friction/model/amir1/link/finger_right_1/sensor/finger_right_contact_sensor_7/contact (ros_gz_interfaces/msg/Contacts)] (Lazy 0)
[parameter_bridge-7] [INFO] [1790602318.239764578] [amir1.finger_contact_bridge]: Creating GZ->ROS Bridge: [/world/cooperative_transport_friction/model/amir1/link/finger_right_1/sensor/finger_right_contact_sensor_8/contact (gz.msgs.Contacts) -> /world/cooperative_transport_friction/model/amir1/link/finger_right_1/sensor/finger_right_contact_sensor_8/contact (ros_gz_interfaces/msg/Contacts)] (Lazy 0)
[parameter_bridge-5] [INFO] [1790602318.243657660] [amir1.odom_bridge]: Creating GZ->ROS Bridge: [/amir1/odom (gz.msgs.Odometry) -> /amir1/odom (nav_msgs/msg/Odometry)] (Lazy 0)
[parameter_bridge-5] [INFO] [1790602318.245683996] [amir1.odom_bridge]: Creating GZ->ROS Bridge: [/amir1/odom/tf (gz.msgs.Pose_V) -> /amir1/odom/tf (tf2_msgs/msg/TFMessage)] (Lazy 0)
[rover_twist_relay_ign.py-8] [INFO] [1790602318.388056619] [amir1.rover_twist_relay_ign]: rover_twist_relay_ign: /rover_twist → /mecanum_drive_controller/reference_unstamped
[create-4] [INFO] [1790602318.472489898] [amir1.ros_gz_sim]: Requested creation of entity.
[create-4] [INFO] [1790602318.472518557] [amir1.ros_gz_sim]: OK creation of entity.
[ign gazebo-1] [INFO] [1790602318.554920503] [GazeboSimROS2ControlPlugin]: robot_param_node is robot_state_publisher
[ign gazebo-1] [INFO] [1790602318.554939376] [GazeboSimROS2ControlPlugin]: robot_param_node is robot_description
[ign gazebo-1] [INFO] [1790602318.567956397] [amir1.gz_ros2_control]: connected to service!! /amir1/robot_state_publisher asking for robot_description
[ign gazebo-1] [INFO] [1790602318.568399563] [amir1.gz_ros2_control]: Received URDF from param server
[ign gazebo-1] [INFO] [1790602318.572922545] [amir1.gz_ros2_control]: The position_proportional_gain has been set to: 0.1
[ign gazebo-1] [INFO] [1790602318.572965887] [amir1.gz_ros2_control]: Loading joint: front_left_joint
[ign gazebo-1] [INFO] [1790602318.572972621] [amir1.gz_ros2_control]: 	State:
[ign gazebo-1] [INFO] [1790602318.572976244] [amir1.gz_ros2_control]: 		 position
[ign gazebo-1] [INFO] [1790602318.572979878] [amir1.gz_ros2_control]: 		 velocity
[ign gazebo-1] [INFO] [1790602318.572982674] [amir1.gz_ros2_control]: 	Command:
[ign gazebo-1] [INFO] [1790602318.572985364] [amir1.gz_ros2_control]: 		 velocity
[ign gazebo-1] [INFO] [1790602318.573007544] [amir1.gz_ros2_control]: Loading joint: front_right_joint
[ign gazebo-1] [INFO] [1790602318.573011325] [amir1.gz_ros2_control]: 	State:
[ign gazebo-1] [INFO] [1790602318.573014001] [amir1.gz_ros2_control]: 		 position
[ign gazebo-1] [INFO] [1790602318.573017502] [amir1.gz_ros2_control]: 		 velocity
[ign gazebo-1] [INFO] [1790602318.573022021] [amir1.gz_ros2_control]: 	Command:
[ign gazebo-1] [INFO] [1790602318.573025399] [amir1.gz_ros2_control]: 		 velocity
[ign gazebo-1] [INFO] [1790602318.573037909] [amir1.gz_ros2_control]: Loading joint: back_left_joint
[ign gazebo-1] [INFO] [1790602318.573041336] [amir1.gz_ros2_control]: 	State:
[ign gazebo-1] [INFO] [1790602318.573046299] [amir1.gz_ros2_control]: 		 position
[ign gazebo-1] [INFO] [1790602318.573049547] [amir1.gz_ros2_control]: 		 velocity
[ign gazebo-1] [INFO] [1790602318.573052115] [amir1.gz_ros2_control]: 	Command:
[ign gazebo-1] [INFO] [1790602318.573054665] [amir1.gz_ros2_control]: 		 velocity
[ign gazebo-1] [INFO] [1790602318.573069842] [amir1.gz_ros2_control]: Loading joint: back_right_joint
[ign gazebo-1] [INFO] [1790602318.573073297] [amir1.gz_ros2_control]: 	State:
[ign gazebo-1] [INFO] [1790602318.573075984] [amir1.gz_ros2_control]: 		 position
[ign gazebo-1] [INFO] [1790602318.573078774] [amir1.gz_ros2_control]: 		 velocity
[ign gazebo-1] [INFO] [1790602318.573081381] [amir1.gz_ros2_control]: 	Command:
[ign gazebo-1] [INFO] [1790602318.573083949] [amir1.gz_ros2_control]: 		 velocity
[ign gazebo-1] [INFO] [1790602318.573160826] [amir1.gz_ros2_control]: Loading sensor: finger_right_force_sensor
[ign gazebo-1] [INFO] [1790602318.573165127] [amir1.gz_ros2_control]: 	State:
[ign gazebo-1] [WARN] [1790602318.573168515] [amir1.gz_ros2_control]: ForceTorque sensor 'finger_right_force_sensor' not found in hardware_info, skipping.
[ign gazebo-1] [INFO] [1790602318.573172186] [amir1.gz_ros2_control]: Loading sensor: finger_left_force_sensor
[ign gazebo-1] [INFO] [1790602318.573175012] [amir1.gz_ros2_control]: 	State:
[ign gazebo-1] [WARN] [1790602318.573177794] [amir1.gz_ros2_control]: ForceTorque sensor 'finger_left_force_sensor' not found in hardware_info, skipping.
[ign gazebo-1] [INFO] [1790602318.573186599] [resource_manager]: Initialize hardware 'MecanumSystem' 
[ign gazebo-1] [INFO] [1790602318.573223675] [resource_manager]: Successful initialization of hardware 'MecanumSystem'
[ign gazebo-1] [INFO] [1790602318.573251319] [resource_manager]: 'configure' hardware 'MecanumSystem' 
[ign gazebo-1] [INFO] [1790602318.573253608] [amir1.gz_ros2_control]: System Successfully configured!
[ign gazebo-1] [INFO] [1790602318.573258956] [resource_manager]: Successful 'configure' of hardware 'MecanumSystem'
[ign gazebo-1] [INFO] [1790602318.573262882] [resource_manager]: 'activate' hardware 'MecanumSystem' 
[ign gazebo-1] [INFO] [1790602318.573267074] [resource_manager]: Successful 'activate' of hardware 'MecanumSystem'
[ign gazebo-1] [INFO] [1790602318.573326853] [amir1.gz_ros2_control]: The position_proportional_gain has been set to: 0.1
[ign gazebo-1] [INFO] [1790602318.573338010] [amir1.gz_ros2_control]: Loading joint: Joint_1
[ign gazebo-1] [INFO] [1790602318.573341396] [amir1.gz_ros2_control]: 	State:
[ign gazebo-1] [INFO] [1790602318.573344261] [amir1.gz_ros2_control]: 		 position
[ign gazebo-1] [INFO] [1790602318.573352587] [amir1.gz_ros2_control]: 			 found initial value: 0.000000
[ign gazebo-1] [INFO] [1790602318.573356207] [amir1.gz_ros2_control]: 		 velocity
[ign gazebo-1] [INFO] [1790602318.573358791] [amir1.gz_ros2_control]: 	Command:
[ign gazebo-1] [INFO] [1790602318.573361239] [amir1.gz_ros2_control]: 		 position
[ign gazebo-1] [INFO] [1790602318.573374674] [amir1.gz_ros2_control]: Loading joint: Joint_2
[ign gazebo-1] [INFO] [1790602318.573379170] [amir1.gz_ros2_control]: 	State:
[ign gazebo-1] [INFO] [1790602318.573382405] [amir1.gz_ros2_control]: 		 position
[ign gazebo-1] [INFO] [1790602318.573387674] [amir1.gz_ros2_control]: 			 found initial value: 1.400000
[ign gazebo-1] [INFO] [1790602318.573409096] [amir1.gz_ros2_control]: 		 velocity
[ign gazebo-1] [INFO] [1790602318.573412873] [amir1.gz_ros2_control]: 	Command:
[ign gazebo-1] [INFO] [1790602318.573419639] [amir1.gz_ros2_control]: 		 position
[ign gazebo-1] [INFO] [1790602318.573430824] [amir1.gz_ros2_control]: Loading joint: Joint_3
[ign gazebo-1] [INFO] [1790602318.573433679] [amir1.gz_ros2_control]: 	State:
[ign gazebo-1] [INFO] [1790602318.573436225] [amir1.gz_ros2_control]: 		 position
[ign gazebo-1] [INFO] [1790602318.573438650] [amir1.gz_ros2_control]: 			 found initial value: -1.600000
[ign gazebo-1] [INFO] [1790602318.573441502] [amir1.gz_ros2_control]: 		 velocity
[ign gazebo-1] [INFO] [1790602318.573443772] [amir1.gz_ros2_control]: 	Command:
[ign gazebo-1] [INFO] [1790602318.573446031] [amir1.gz_ros2_control]: 		 position
[ign gazebo-1] [INFO] [1790602318.573455680] [amir1.gz_ros2_control]: Loading joint: Joint_4
[ign gazebo-1] [INFO] [1790602318.573458107] [amir1.gz_ros2_control]: 	State:
[ign gazebo-1] [INFO] [1790602318.573460416] [amir1.gz_ros2_control]: 		 position
[ign gazebo-1] [INFO] [1790602318.573463054] [amir1.gz_ros2_control]: 			 found initial value: 0.200000
[ign gazebo-1] [INFO] [1790602318.573468353] [amir1.gz_ros2_control]: 		 velocity
[ign gazebo-1] [INFO] [1790602318.573470761] [amir1.gz_ros2_control]: 	Command:
[ign gazebo-1] [INFO] [1790602318.573473065] [amir1.gz_ros2_control]: 		 position
[ign gazebo-1] [INFO] [1790602318.573489281] [amir1.gz_ros2_control]: Loading joint: Joint_5
[ign gazebo-1] [INFO] [1790602318.573493775] [amir1.gz_ros2_control]: 	State:
[ign gazebo-1] [INFO] [1790602318.573497256] [amir1.gz_ros2_control]: 		 position
[ign gazebo-1] [INFO] [1790602318.573502780] [amir1.gz_ros2_control]: 			 found initial value: 1.570796
[ign gazebo-1] [INFO] [1790602318.573505912] [amir1.gz_ros2_control]: 		 velocity
[ign gazebo-1] [INFO] [1790602318.573508375] [amir1.gz_ros2_control]: 	Command:
[ign gazebo-1] [INFO] [1790602318.573510946] [amir1.gz_ros2_control]: 		 position
[ign gazebo-1] [INFO] [1790602318.573521147] [amir1.gz_ros2_control]: Loading joint: Gripper
[ign gazebo-1] [INFO] [1790602318.573524333] [amir1.gz_ros2_control]: 	State:
[ign gazebo-1] [INFO] [1790602318.573526797] [amir1.gz_ros2_control]: 		 position
[ign gazebo-1] [INFO] [1790602318.573529319] [amir1.gz_ros2_control]: 			 found initial value: -1.000000
[ign gazebo-1] [INFO] [1790602318.573532389] [amir1.gz_ros2_control]: 		 velocity
[ign gazebo-1] [INFO] [1790602318.573534756] [amir1.gz_ros2_control]: 	Command:
[ign gazebo-1] [INFO] [1790602318.573537452] [amir1.gz_ros2_control]: 		 position
[ign gazebo-1] [INFO] [1790602318.573549409] [amir1.gz_ros2_control]: Loading joint: left_inner_back_joint
[ign gazebo-1] [INFO] [1790602318.573554860] [amir1.gz_ros2_control]: Joint 'left_inner_back_joint'is mimicking joint 'Gripper' with multiplier: 1
[ign gazebo-1] [INFO] [1790602318.573558385] [amir1.gz_ros2_control]: 	State:
[ign gazebo-1] [INFO] [1790602318.573570273] [amir1.gz_ros2_control]: 		 position
[ign gazebo-1] [INFO] [1790602318.573574349] [amir1.gz_ros2_control]: 		 velocity
[ign gazebo-1] [INFO] [1790602318.573577050] [amir1.gz_ros2_control]: 	Command:
[ign gazebo-1] [INFO] [1790602318.573579626] [amir1.gz_ros2_control]: 		 position
[ign gazebo-1] [INFO] [1790602318.573591754] [amir1.gz_ros2_control]: Loading joint: right_outer_back_joint
[ign gazebo-1] [INFO] [1790602318.573595916] [amir1.gz_ros2_control]: Joint 'right_outer_back_joint'is mimicking joint 'Gripper' with multiplier: 1
[ign gazebo-1] [INFO] [1790602318.573598832] [amir1.gz_ros2_control]: 	State:
[ign gazebo-1] [INFO] [1790602318.573601491] [amir1.gz_ros2_control]: 		 position
[ign gazebo-1] [INFO] [1790602318.573604108] [amir1.gz_ros2_control]: 		 velocity
[ign gazebo-1] [INFO] [1790602318.573606647] [amir1.gz_ros2_control]: 	Command:
[ign gazebo-1] [INFO] [1790602318.573609106] [amir1.gz_ros2_control]: 		 position
[ign gazebo-1] [INFO] [1790602318.573618561] [amir1.gz_ros2_control]: Loading joint: left_outer_back_joint
[ign gazebo-1] [INFO] [1790602318.573622294] [amir1.gz_ros2_control]: Joint 'left_outer_back_joint'is mimicking joint 'Gripper' with multiplier: 1
[ign gazebo-1] [INFO] [1790602318.573625080] [amir1.gz_ros2_control]: 	State:
[ign gazebo-1] [INFO] [1790602318.573627680] [amir1.gz_ros2_control]: 		 position
[ign gazebo-1] [INFO] [1790602318.573631424] [amir1.gz_ros2_control]: 		 velocity
[ign gazebo-1] [INFO] [1790602318.573637470] [amir1.gz_ros2_control]: 	Command:
[ign gazebo-1] [INFO] [1790602318.573642846] [amir1.gz_ros2_control]: 		 position
[ign gazebo-1] [INFO] [1790602318.573667742] [amir1.gz_ros2_control]: Loading joint: right_inner_front_joint
[ign gazebo-1] [INFO] [1790602318.573672221] [amir1.gz_ros2_control]: Joint 'right_inner_front_joint'is mimicking joint 'Gripper' with multiplier: 1
[ign gazebo-1] [INFO] [1790602318.573679826] [amir1.gz_ros2_control]: 	State:
[ign gazebo-1] [INFO] [1790602318.573686992] [amir1.gz_ros2_control]: 		 position
[ign gazebo-1] [INFO] [1790602318.573692032] [amir1.gz_ros2_control]: 		 velocity
[ign gazebo-1] [INFO] [1790602318.573694730] [amir1.gz_ros2_control]: 	Command:
[ign gazebo-1] [INFO] [1790602318.573697324] [amir1.gz_ros2_control]: 		 position
[ign gazebo-1] [INFO] [1790602318.573707695] [amir1.gz_ros2_control]: Loading joint: left_inner_front_joint
[ign gazebo-1] [INFO] [1790602318.573711289] [amir1.gz_ros2_control]: Joint 'left_inner_front_joint'is mimicking joint 'Gripper' with multiplier: 1
[ign gazebo-1] [INFO] [1790602318.573714136] [amir1.gz_ros2_control]: 	State:
[ign gazebo-1] [INFO] [1790602318.573716853] [amir1.gz_ros2_control]: 		 position
[ign gazebo-1] [INFO] [1790602318.573719689] [amir1.gz_ros2_control]: 		 velocity
[ign gazebo-1] [INFO] [1790602318.573722697] [amir1.gz_ros2_control]: 	Command:
[ign gazebo-1] [INFO] [1790602318.573727264] [amir1.gz_ros2_control]: 		 position
[ign gazebo-1] [INFO] [1790602318.573740608] [amir1.gz_ros2_control]: Loading sensor: finger_right_force_sensor
[ign gazebo-1] [INFO] [1790602318.573747566] [amir1.gz_ros2_control]: 	State:
[ign gazebo-1] [WARN] [1790602318.573751811] [amir1.gz_ros2_control]: ForceTorque sensor 'finger_right_force_sensor' not found in hardware_info, skipping.
[ign gazebo-1] [INFO] [1790602318.573755229] [amir1.gz_ros2_control]: Loading sensor: finger_left_force_sensor
[ign gazebo-1] [INFO] [1790602318.573758328] [amir1.gz_ros2_control]: 	State:
[ign gazebo-1] [WARN] [1790602318.573761063] [amir1.gz_ros2_control]: ForceTorque sensor 'finger_left_force_sensor' not found in hardware_info, skipping.
[ign gazebo-1] [INFO] [1790602318.573764430] [resource_manager]: Initialize hardware 'AmirGazeboSystem' 
[ign gazebo-1] [INFO] [1790602318.573778109] [resource_manager]: Successful initialization of hardware 'AmirGazeboSystem'
[ign gazebo-1] [INFO] [1790602318.573793734] [resource_manager]: 'configure' hardware 'AmirGazeboSystem' 
[ign gazebo-1] [INFO] [1790602318.573795814] [amir1.gz_ros2_control]: System Successfully configured!
[ign gazebo-1] [INFO] [1790602318.573800335] [resource_manager]: Successful 'configure' of hardware 'AmirGazeboSystem'
[ign gazebo-1] [INFO] [1790602318.573805862] [resource_manager]: 'activate' hardware 'AmirGazeboSystem' 
[ign gazebo-1] [INFO] [1790602318.573808681] [resource_manager]: Successful 'activate' of hardware 'AmirGazeboSystem'
[ign gazebo-1] [INFO] [1790602318.573810927] [amir1.gz_ros2_control]: Loading controller_manager
[INFO] [create-4]: process has finished cleanly [pid 21408]
[ign gazebo-1] [WARN] [1790602318.665168188] [amir1.gz_ros2_control]:  Desired controller update period (0.004 s) is slower than the gazebo simulation period (0.002 s).
[INFO] [spawner-9]: process started with pid [21639]
[ign gazebo-1] [INFO] [1790602320.949969353] [amir1.controller_manager]: Loading controller 'joint_state_broadcaster'
[spawner-9] [INFO] [1790602320.999252365] [amir1.spawner_joint_state_broadcaster]: [94mLoaded [1mjoint_state_broadcaster[0m
[ign gazebo-1] [INFO] [1790602321.000393135] [amir1.controller_manager]: Configuring controller 'joint_state_broadcaster'
[ign gazebo-1] [INFO] [1790602321.000514240] [amir1.joint_state_broadcaster]: 'joints' or 'interfaces' parameter is empty. All available state interfaces will be published
[spawner-9] [INFO] [1790602321.013972006] [amir1.spawner_joint_state_broadcaster]: [92mConfigured and activated [1mjoint_state_broadcaster[0m
[INFO] [spawner-9]: process has finished cleanly [pid 21639]
[INFO] [spawner-10]: process started with pid [21678]
[spawner-10] [INFO] [1790602321.387900244] [amir1.spawner_arm_controller]: waiting for service /amir1/controller_manager/list_controllers to become available...
[spawner-10] [INFO] [1790602321.644075988] [amir1.spawner_arm_controller]: [96mSetting controller param "type" to "joint_trajectory_controller/JointTrajectoryController" for [1marm_controller[0m
[spawner-10] [INFO] [1790602321.653832722] [amir1.spawner_arm_controller]: [96mSetting controller param "params_file" to "['/home/dars5070/ros2_humble_ws/install/amir_gazebo/share/amir_gazebo/config/arm_controllers.yaml']" for [1marm_controller[0m
[ign gazebo-1] [INFO] [1790602321.659884794] [amir1.controller_manager]: Loading controller 'arm_controller'
[ign gazebo-1] [WARN] [1790602321.668015517] [amir1.arm_controller]: [Deprecated]: "allow_nonzero_velocity_at_trajectory_end" is set to true. The default behavior will change to false.
[spawner-10] [INFO] [1790602321.669904741] [amir1.spawner_arm_controller]: [94mLoaded [1marm_controller[0m
[ign gazebo-1] [INFO] [1790602321.670724760] [amir1.controller_manager]: Configuring controller 'arm_controller'
[ign gazebo-1] [INFO] [1790602321.670884514] [amir1.arm_controller]: No specific joint names are used for command interfaces. Using 'joints' parameter.
[ign gazebo-1] [INFO] [1790602321.670908811] [amir1.arm_controller]: Command interfaces are [position] and state interfaces are [position velocity].
[ign gazebo-1] [INFO] [1790602321.670935586] [amir1.arm_controller]: Using 'splines' interpolation method.
[ign gazebo-1] [INFO] [1790602321.671718577] [amir1.arm_controller]: Controller state will be published at 100.00 Hz.
[ign gazebo-1] [INFO] [1790602321.673254304] [amir1.arm_controller]: Goals with partial set of joints are allowed
[ign gazebo-1] [INFO] [1790602321.673279707] [amir1.arm_controller]: Action status changes will be monitored at 20.00 Hz.
[spawner-10] [INFO] [1790602321.685210513] [amir1.spawner_arm_controller]: [92mConfigured and activated [1marm_controller[0m
[INFO] [spawner-10]: process has finished cleanly [pid 21678]
[INFO] [spawner-11]: process started with pid [21716]
[spawner-11] [INFO] [1790602322.099209037] [amir1.spawner_mecanum_drive_controller]: waiting for service /amir1/controller_manager/list_controllers to become available...
[ign gazebo-1] [INFO] [1790602322.894530158] [amir1.controller_manager]: Loading controller 'mecanum_drive_controller'
[spawner-11] [INFO] [1790602322.920031278] [amir1.spawner_mecanum_drive_controller]: [94mLoaded [1mmecanum_drive_controller[0m
[ign gazebo-1] [INFO] [1790602322.920962689] [amir1.controller_manager]: Configuring controller 'mecanum_drive_controller'
[ign gazebo-1] [INFO] [1790602322.925663407] [amir1.mecanum_drive_controller]: MecanumDriveController configured successfully
[spawner-11] [INFO] [1790602322.937883453] [amir1.spawner_mecanum_drive_controller]: [92mConfigured and activated [1mmecanum_drive_controller[0m
[INFO] [spawner-11]: process has finished cleanly [pid 21716]
[INFO] [spawner-12]: process started with pid [21757]
[spawner-12] [INFO] [1790602323.631025650] [amir1.spawner_gripper_controller]: [96mSetting controller param "type" to "position_controllers/GripperActionController" for [1mgripper_controller[0m
[spawner-12] [INFO] [1790602323.635629358] [amir1.spawner_gripper_controller]: [96mSetting controller param "params_file" to "['/home/dars5070/ros2_humble_ws/install/amir_gazebo/share/amir_gazebo/config/arm_controllers.yaml']" for [1mgripper_controller[0m
[ign gazebo-1] [INFO] [1790602323.639536579] [amir1.controller_manager]: Loading controller 'gripper_controller'
[spawner-12] [INFO] [1790602323.649445029] [amir1.spawner_gripper_controller]: [94mLoaded [1mgripper_controller[0m
[ign gazebo-1] [INFO] [1790602323.650016632] [amir1.controller_manager]: Configuring controller 'gripper_controller'
[ign gazebo-1] [INFO] [1790602323.650074270] [amir1.gripper_controller]: Action status changes will be monitored at 20.000000 Hz.
[spawner-12] [INFO] [1790602323.661738574] [amir1.spawner_gripper_controller]: [92mConfigured and activated [1mgripper_controller[0m
[INFO] [spawner-12]: process has finished cleanly [pid 21757]
[INFO] [robot_state_publisher-13]: process started with pid [21796]
[INFO] [create-14]: process started with pid [21798]
[INFO] [parameter_bridge-15]: process started with pid [21800]
[INFO] [parameter_bridge-16]: process started with pid [21802]
[INFO] [parameter_bridge-17]: process started with pid [21804]
[INFO] [rover_twist_relay_ign.py-18]: process started with pid [21806]
[create-14] [INFO] [1790602325.269963197] [amir2.ros_gz_sim]: Requesting list of world names.
[parameter_bridge-16] [INFO] [1790602325.278707935] [amir2.finger_ft_bridge]: Creating GZ->ROS Bridge: [/amir2/finger_left_wrench (gz.msgs.Wrench) -> /amir2/finger_left_wrench (geometry_msgs/msg/WrenchStamped)] (Lazy 0)
[parameter_bridge-16] [INFO] [1790602325.280740851] [amir2.finger_ft_bridge]: Creating GZ->ROS Bridge: [/amir2/finger_right_wrench (gz.msgs.Wrench) -> /amir2/finger_right_wrench (geometry_msgs/msg/WrenchStamped)] (Lazy 0)
[parameter_bridge-15] [INFO] [1790602325.280976478] [amir2.odom_bridge]: Creating GZ->ROS Bridge: [/amir2/odom (gz.msgs.Odometry) -> /amir2/odom (nav_msgs/msg/Odometry)] (Lazy 0)
[parameter_bridge-15] [INFO] [1790602325.282765640] [amir2.odom_bridge]: Creating GZ->ROS Bridge: [/amir2/odom/tf (gz.msgs.Pose_V) -> /amir2/odom/tf (tf2_msgs/msg/TFMessage)] (Lazy 0)
[robot_state_publisher-13] [INFO] [1790602325.287666713] [amir2.robot_state_publisher]: got segment back_left_arm
[robot_state_publisher-13] [INFO] [1790602325.287765634] [amir2.robot_state_publisher]: got segment back_left_wheel_1
[robot_state_publisher-13] [INFO] [1790602325.287773479] [amir2.robot_state_publisher]: got segment back_right_arm
[robot_state_publisher-13] [INFO] [1790602325.287778465] [amir2.robot_state_publisher]: got segment back_right_wheel_1
[robot_state_publisher-13] [INFO] [1790602325.287783159] [amir2.robot_state_publisher]: got segment base_footprint
[robot_state_publisher-13] [INFO] [1790602325.287788133] [amir2.robot_state_publisher]: got segment base_link
[robot_state_publisher-13] [INFO] [1790602325.287792733] [amir2.robot_state_publisher]: got segment finger_left_1
[robot_state_publisher-13] [INFO] [1790602325.287797702] [amir2.robot_state_publisher]: got segment finger_right_1
[robot_state_publisher-13] [INFO] [1790602325.287802450] [amir2.robot_state_publisher]: got segment front_left_arm
[robot_state_publisher-13] [INFO] [1790602325.287806854] [amir2.robot_state_publisher]: got segment front_left_wheel_1
[robot_state_publisher-13] [INFO] [1790602325.287811030] [amir2.robot_state_publisher]: got segment front_lrf_link
[robot_state_publisher-13] [INFO] [1790602325.287814790] [amir2.robot_state_publisher]: got segment front_right_arm
[robot_state_publisher-13] [INFO] [1790602325.287818921] [amir2.robot_state_publisher]: got segment front_right_wheel_1
[robot_state_publisher-13] [INFO] [1790602325.287823511] [amir2.robot_state_publisher]: got segment gripper_base_1
[robot_state_publisher-13] [INFO] [1790602325.287828289] [amir2.robot_state_publisher]: got segment inner_link_left_1
[robot_state_publisher-13] [INFO] [1790602325.287832231] [amir2.robot_state_publisher]: got segment inner_link_right_1
[robot_state_publisher-13] [INFO] [1790602325.287835916] [amir2.robot_state_publisher]: got segment link0_1
[robot_state_publisher-13] [INFO] [1790602325.287840075] [amir2.robot_state_publisher]: got segment link1_1
[robot_state_publisher-13] [INFO] [1790602325.287844211] [amir2.robot_state_publisher]: got segment link2_1
[robot_state_publisher-13] [INFO] [1790602325.287848150] [amir2.robot_state_publisher]: got segment link3_1
[robot_state_publisher-13] [INFO] [1790602325.287852009] [amir2.robot_state_publisher]: got segment link4_1
[robot_state_publisher-13] [INFO] [1790602325.287855644] [amir2.robot_state_publisher]: got segment outer_link_left_1
[robot_state_publisher-13] [INFO] [1790602325.287859850] [amir2.robot_state_publisher]: got segment outer_link_right_1
[robot_state_publisher-13] [INFO] [1790602325.287863936] [amir2.robot_state_publisher]: got segment tcp_link
[parameter_bridge-17] [INFO] [1790602325.296263767] [amir2.finger_contact_bridge]: Creating GZ->ROS Bridge: [/world/cooperative_transport_friction/model/amir2/link/finger_left_1/sensor/finger_left_contact_sensor/contact (gz.msgs.Contacts) -> /world/cooperative_transport_friction/model/amir2/link/finger_left_1/sensor/finger_left_contact_sensor/contact (ros_gz_interfaces/msg/Contacts)] (Lazy 0)
[parameter_bridge-17] [INFO] [1790602325.298107691] [amir2.finger_contact_bridge]: Creating GZ->ROS Bridge: [/world/cooperative_transport_friction/model/amir2/link/finger_left_1/sensor/finger_left_contact_sensor_1/contact (gz.msgs.Contacts) -> /world/cooperative_transport_friction/model/amir2/link/finger_left_1/sensor/finger_left_contact_sensor_1/contact (ros_gz_interfaces/msg/Contacts)] (Lazy 0)
[parameter_bridge-17] [INFO] [1790602325.298574526] [amir2.finger_contact_bridge]: Creating GZ->ROS Bridge: [/world/cooperative_transport_friction/model/amir2/link/finger_left_1/sensor/finger_left_contact_sensor_2/contact (gz.msgs.Contacts) -> /world/cooperative_transport_friction/model/amir2/link/finger_left_1/sensor/finger_left_contact_sensor_2/contact (ros_gz_interfaces/msg/Contacts)] (Lazy 0)
[parameter_bridge-17] [INFO] [1790602325.299054275] [amir2.finger_contact_bridge]: Creating GZ->ROS Bridge: [/world/cooperative_transport_friction/model/amir2/link/finger_left_1/sensor/finger_left_contact_sensor_3/contact (gz.msgs.Contacts) -> /world/cooperative_transport_friction/model/amir2/link/finger_left_1/sensor/finger_left_contact_sensor_3/contact (ros_gz_interfaces/msg/Contacts)] (Lazy 0)
[parameter_bridge-17] [INFO] [1790602325.299637793] [amir2.finger_contact_bridge]: Creating GZ->ROS Bridge: [/world/cooperative_transport_friction/model/amir2/link/finger_left_1/sensor/finger_left_contact_sensor_4/contact (gz.msgs.Contacts) -> /world/cooperative_transport_friction/model/amir2/link/finger_left_1/sensor/finger_left_contact_sensor_4/contact (ros_gz_interfaces/msg/Contacts)] (Lazy 0)
[parameter_bridge-17] [INFO] [1790602325.300111534] [amir2.finger_contact_bridge]: Creating GZ->ROS Bridge: [/world/cooperative_transport_friction/model/amir2/link/finger_left_1/sensor/finger_left_contact_sensor_5/contact (gz.msgs.Contacts) -> /world/cooperative_transport_friction/model/amir2/link/finger_left_1/sensor/finger_left_contact_sensor_5/contact (ros_gz_interfaces/msg/Contacts)] (Lazy 0)
[parameter_bridge-17] [INFO] [1790602325.300524087] [amir2.finger_contact_bridge]: Creating GZ->ROS Bridge: [/world/cooperative_transport_friction/model/amir2/link/finger_left_1/sensor/finger_left_contact_sensor_6/contact (gz.msgs.Contacts) -> /world/cooperative_transport_friction/model/amir2/link/finger_left_1/sensor/finger_left_contact_sensor_6/contact (ros_gz_interfaces/msg/Contacts)] (Lazy 0)
[parameter_bridge-17] [INFO] [1790602325.300892894] [amir2.finger_contact_bridge]: Creating GZ->ROS Bridge: [/world/cooperative_transport_friction/model/amir2/link/finger_left_1/sensor/finger_left_contact_sensor_7/contact (gz.msgs.Contacts) -> /world/cooperative_transport_friction/model/amir2/link/finger_left_1/sensor/finger_left_contact_sensor_7/contact (ros_gz_interfaces/msg/Contacts)] (Lazy 0)
[parameter_bridge-17] [INFO] [1790602325.301205607] [amir2.finger_contact_bridge]: Creating GZ->ROS Bridge: [/world/cooperative_transport_friction/model/amir2/link/finger_left_1/sensor/finger_left_contact_sensor_8/contact (gz.msgs.Contacts) -> /world/cooperative_transport_friction/model/amir2/link/finger_left_1/sensor/finger_left_contact_sensor_8/contact (ros_gz_interfaces/msg/Contacts)] (Lazy 0)
[parameter_bridge-17] [INFO] [1790602325.301598429] [amir2.finger_contact_bridge]: Creating GZ->ROS Bridge: [/world/cooperative_transport_friction/model/amir2/link/finger_right_1/sensor/finger_right_contact_sensor/contact (gz.msgs.Contacts) -> /world/cooperative_transport_friction/model/amir2/link/finger_right_1/sensor/finger_right_contact_sensor/contact (ros_gz_interfaces/msg/Contacts)] (Lazy 0)
[parameter_bridge-17] [INFO] [1790602325.302168524] [amir2.finger_contact_bridge]: Creating GZ->ROS Bridge: [/world/cooperative_transport_friction/model/amir2/link/finger_right_1/sensor/finger_right_contact_sensor_1/contact (gz.msgs.Contacts) -> /world/cooperative_transport_friction/model/amir2/link/finger_right_1/sensor/finger_right_contact_sensor_1/contact (ros_gz_interfaces/msg/Contacts)] (Lazy 0)
[parameter_bridge-17] [INFO] [1790602325.302531867] [amir2.finger_contact_bridge]: Creating GZ->ROS Bridge: [/world/cooperative_transport_friction/model/amir2/link/finger_right_1/sensor/finger_right_contact_sensor_2/contact (gz.msgs.Contacts) -> /world/cooperative_transport_friction/model/amir2/link/finger_right_1/sensor/finger_right_contact_sensor_2/contact (ros_gz_interfaces/msg/Contacts)] (Lazy 0)
[parameter_bridge-17] [INFO] [1790602325.302866759] [amir2.finger_contact_bridge]: Creating GZ->ROS Bridge: [/world/cooperative_transport_friction/model/amir2/link/finger_right_1/sensor/finger_right_contact_sensor_3/contact (gz.msgs.Contacts) -> /world/cooperative_transport_friction/model/amir2/link/finger_right_1/sensor/finger_right_contact_sensor_3/contact (ros_gz_interfaces/msg/Contacts)] (Lazy 0)
[parameter_bridge-17] [INFO] [1790602325.303197712] [amir2.finger_contact_bridge]: Creating GZ->ROS Bridge: [/world/cooperative_transport_friction/model/amir2/link/finger_right_1/sensor/finger_right_contact_sensor_4/contact (gz.msgs.Contacts) -> /world/cooperative_transport_friction/model/amir2/link/finger_right_1/sensor/finger_right_contact_sensor_4/contact (ros_gz_interfaces/msg/Contacts)] (Lazy 0)
[parameter_bridge-17] [INFO] [1790602325.303540636] [amir2.finger_contact_bridge]: Creating GZ->ROS Bridge: [/world/cooperative_transport_friction/model/amir2/link/finger_right_1/sensor/finger_right_contact_sensor_5/contact (gz.msgs.Contacts) -> /world/cooperative_transport_friction/model/amir2/link/finger_right_1/sensor/finger_right_contact_sensor_5/contact (ros_gz_interfaces/msg/Contacts)] (Lazy 0)
[parameter_bridge-17] [INFO] [1790602325.303840920] [amir2.finger_contact_bridge]: Creating GZ->ROS Bridge: [/world/cooperative_transport_friction/model/amir2/link/finger_right_1/sensor/finger_right_contact_sensor_6/contact (gz.msgs.Contacts) -> /world/cooperative_transport_friction/model/amir2/link/finger_right_1/sensor/finger_right_contact_sensor_6/contact (ros_gz_interfaces/msg/Contacts)] (Lazy 0)
[parameter_bridge-17] [INFO] [1790602325.304137913] [amir2.finger_contact_bridge]: Creating GZ->ROS Bridge: [/world/cooperative_transport_friction/model/amir2/link/finger_right_1/sensor/finger_right_contact_sensor_7/contact (gz.msgs.Contacts) -> /world/cooperative_transport_friction/model/amir2/link/finger_right_1/sensor/finger_right_contact_sensor_7/contact (ros_gz_interfaces/msg/Contacts)] (Lazy 0)
[parameter_bridge-17] [INFO] [1790602325.304446655] [amir2.finger_contact_bridge]: Creating GZ->ROS Bridge: [/world/cooperative_transport_friction/model/amir2/link/finger_right_1/sensor/finger_right_contact_sensor_8/contact (gz.msgs.Contacts) -> /world/cooperative_transport_friction/model/amir2/link/finger_right_1/sensor/finger_right_contact_sensor_8/contact (ros_gz_interfaces/msg/Contacts)] (Lazy 0)
[rover_twist_relay_ign.py-18] [INFO] [1790602325.463373864] [amir2.rover_twist_relay_ign]: rover_twist_relay_ign: /rover_twist → /mecanum_drive_controller/reference_unstamped
[create-14] [INFO] [1790602325.476964681] [amir2.ros_gz_sim]: Requested creation of entity.
[create-14] [INFO] [1790602325.477002078] [amir2.ros_gz_sim]: OK creation of entity.
[ign gazebo-1] [INFO] [1790602325.564654426] [GazeboSimROS2ControlPlugin]: robot_param_node is robot_state_publisher
[ign gazebo-1] [INFO] [1790602325.564673724] [GazeboSimROS2ControlPlugin]: robot_param_node is robot_description
[ign gazebo-1] [INFO] [1790602325.570676888] [amir2.gz_ros2_control]: connected to service!! /amir2/robot_state_publisher asking for robot_description
[ign gazebo-1] [INFO] [1790602325.571146251] [amir2.gz_ros2_control]: Received URDF from param server
[ign gazebo-1] [INFO] [1790602325.574592947] [amir2.gz_ros2_control]: The position_proportional_gain has been set to: 0.1
[ign gazebo-1] [INFO] [1790602325.574639076] [amir2.gz_ros2_control]: Loading joint: front_left_joint
[ign gazebo-1] [INFO] [1790602325.574643919] [amir2.gz_ros2_control]: 	State:
[ign gazebo-1] [INFO] [1790602325.574648678] [amir2.gz_ros2_control]: 		 position
[ign gazebo-1] [INFO] [1790602325.574653391] [amir2.gz_ros2_control]: 		 velocity
[ign gazebo-1] [INFO] [1790602325.574657348] [amir2.gz_ros2_control]: 	Command:
[ign gazebo-1] [INFO] [1790602325.574661127] [amir2.gz_ros2_control]: 		 velocity
[ign gazebo-1] [INFO] [1790602325.574697412] [amir2.gz_ros2_control]: Loading joint: front_right_joint
[ign gazebo-1] [INFO] [1790602325.574702373] [amir2.gz_ros2_control]: 	State:
[ign gazebo-1] [INFO] [1790602325.574705174] [amir2.gz_ros2_control]: 		 position
[ign gazebo-1] [INFO] [1790602325.574708282] [amir2.gz_ros2_control]: 		 velocity
[ign gazebo-1] [INFO] [1790602325.574711256] [amir2.gz_ros2_control]: 	Command:
[ign gazebo-1] [INFO] [1790602325.574714025] [amir2.gz_ros2_control]: 		 velocity
[ign gazebo-1] [INFO] [1790602325.574731245] [amir2.gz_ros2_control]: Loading joint: back_left_joint
[ign gazebo-1] [INFO] [1790602325.574735131] [amir2.gz_ros2_control]: 	State:
[ign gazebo-1] [INFO] [1790602325.574739623] [amir2.gz_ros2_control]: 		 position
[ign gazebo-1] [INFO] [1790602325.574744174] [amir2.gz_ros2_control]: 		 velocity
[ign gazebo-1] [INFO] [1790602325.574746920] [amir2.gz_ros2_control]: 	Command:
[ign gazebo-1] [INFO] [1790602325.574755007] [amir2.gz_ros2_control]: 		 velocity
[ign gazebo-1] [INFO] [1790602325.574768881] [amir2.gz_ros2_control]: Loading joint: back_right_joint
[ign gazebo-1] [INFO] [1790602325.574772271] [amir2.gz_ros2_control]: 	State:
[ign gazebo-1] [INFO] [1790602325.574775226] [amir2.gz_ros2_control]: 		 position
[ign gazebo-1] [INFO] [1790602325.574778161] [amir2.gz_ros2_control]: 		 velocity
[ign gazebo-1] [INFO] [1790602325.574780999] [amir2.gz_ros2_control]: 	Command:
[ign gazebo-1] [INFO] [1790602325.574783943] [amir2.gz_ros2_control]: 		 velocity
[ign gazebo-1] [INFO] [1790602325.574794065] [amir2.gz_ros2_control]: Loading sensor: finger_right_force_sensor
[ign gazebo-1] [INFO] [1790602325.574798083] [amir2.gz_ros2_control]: Topic name: /amir1/finger_right_wrench
[ign gazebo-1] [INFO] [1790602325.574801056] [amir2.gz_ros2_control]: 	State:
[ign gazebo-1] [WARN] [1790602325.574804626] [amir2.gz_ros2_control]: ForceTorque sensor 'finger_right_force_sensor' not found in hardware_info, skipping.
[ign gazebo-1] [INFO] [1790602325.574808785] [amir2.gz_ros2_control]: Loading sensor: finger_left_force_sensor
[ign gazebo-1] [INFO] [1790602325.574812747] [amir2.gz_ros2_control]: Topic name: /amir1/finger_left_wrench
[ign gazebo-1] [INFO] [1790602325.574815558] [amir2.gz_ros2_control]: 	State:
[ign gazebo-1] [WARN] [1790602325.574818389] [amir2.gz_ros2_control]: ForceTorque sensor 'finger_left_force_sensor' not found in hardware_info, skipping.
[ign gazebo-1] [INFO] [1790602325.574821458] [amir2.gz_ros2_control]: Loading sensor: finger_right_force_sensor
[ign gazebo-1] [INFO] [1790602325.574824226] [amir2.gz_ros2_control]: 	State:
[ign gazebo-1] [WARN] [1790602325.574827091] [amir2.gz_ros2_control]: ForceTorque sensor 'finger_right_force_sensor' not found in hardware_info, skipping.
[ign gazebo-1] [INFO] [1790602325.574830090] [amir2.gz_ros2_control]: Loading sensor: finger_left_force_sensor
[ign gazebo-1] [INFO] [1790602325.574832910] [amir2.gz_ros2_control]: 	State:
[ign gazebo-1] [WARN] [1790602325.574835850] [amir2.gz_ros2_control]: ForceTorque sensor 'finger_left_force_sensor' not found in hardware_info, skipping.
[ign gazebo-1] [INFO] [1790602325.574840347] [resource_manager]: Initialize hardware 'MecanumSystem' 
[ign gazebo-1] [INFO] [1790602325.574857731] [resource_manager]: Successful initialization of hardware 'MecanumSystem'
[ign gazebo-1] [INFO] [1790602325.574871045] [resource_manager]: 'configure' hardware 'MecanumSystem' 
[ign gazebo-1] [INFO] [1790602325.574891122] [amir2.gz_ros2_control]: System Successfully configured!
[ign gazebo-1] [INFO] [1790602325.574895878] [resource_manager]: Successful 'configure' of hardware 'MecanumSystem'
[ign gazebo-1] [INFO] [1790602325.574899489] [resource_manager]: 'activate' hardware 'MecanumSystem' 
[ign gazebo-1] [INFO] [1790602325.574902644] [resource_manager]: Successful 'activate' of hardware 'MecanumSystem'
[ign gazebo-1] [INFO] [1790602325.574948028] [amir2.gz_ros2_control]: The position_proportional_gain has been set to: 0.1
[ign gazebo-1] [INFO] [1790602325.574959243] [amir2.gz_ros2_control]: Loading joint: Joint_1
[ign gazebo-1] [INFO] [1790602325.574963067] [amir2.gz_ros2_control]: 	State:
[ign gazebo-1] [INFO] [1790602325.574966162] [amir2.gz_ros2_control]: 		 position
[ign gazebo-1] [INFO] [1790602325.574969539] [amir2.gz_ros2_control]: 			 found initial value: 0.000000
[ign gazebo-1] [INFO] [1790602325.574973556] [amir2.gz_ros2_control]: 		 velocity
[ign gazebo-1] [INFO] [1790602325.574976778] [amir2.gz_ros2_control]: 	Command:
[ign gazebo-1] [INFO] [1790602325.574979674] [amir2.gz_ros2_control]: 		 position
[ign gazebo-1] [INFO] [1790602325.574994768] [amir2.gz_ros2_control]: Loading joint: Joint_2
[ign gazebo-1] [INFO] [1790602325.574998287] [amir2.gz_ros2_control]: 	State:
[ign gazebo-1] [INFO] [1790602325.575001072] [amir2.gz_ros2_control]: 		 position
[ign gazebo-1] [INFO] [1790602325.575004334] [amir2.gz_ros2_control]: 			 found initial value: 1.400000
[ign gazebo-1] [INFO] [1790602325.575007833] [amir2.gz_ros2_control]: 		 velocity
[ign gazebo-1] [INFO] [1790602325.575010707] [amir2.gz_ros2_control]: 	Command:
[ign gazebo-1] [INFO] [1790602325.575013533] [amir2.gz_ros2_control]: 		 position
[ign gazebo-1] [INFO] [1790602325.575028080] [amir2.gz_ros2_control]: Loading joint: Joint_3
[ign gazebo-1] [INFO] [1790602325.575034053] [amir2.gz_ros2_control]: 	State:
[ign gazebo-1] [INFO] [1790602325.575038160] [amir2.gz_ros2_control]: 		 position
[ign gazebo-1] [INFO] [1790602325.575041293] [amir2.gz_ros2_control]: 			 found initial value: -1.600000
[ign gazebo-1] [INFO] [1790602325.575044572] [amir2.gz_ros2_control]: 		 velocity
[ign gazebo-1] [INFO] [1790602325.575047308] [amir2.gz_ros2_control]: 	Command:
[ign gazebo-1] [INFO] [1790602325.575053459] [amir2.gz_ros2_control]: 		 position
[ign gazebo-1] [INFO] [1790602325.575073565] [amir2.gz_ros2_control]: Loading joint: Joint_4
[ign gazebo-1] [INFO] [1790602325.575077102] [amir2.gz_ros2_control]: 	State:
[ign gazebo-1] [INFO] [1790602325.575079985] [amir2.gz_ros2_control]: 		 position
[ign gazebo-1] [INFO] [1790602325.575082822] [amir2.gz_ros2_control]: 			 found initial value: 0.200000
[ign gazebo-1] [INFO] [1790602325.575086560] [amir2.gz_ros2_control]: 		 velocity
[ign gazebo-1] [INFO] [1790602325.575089310] [amir2.gz_ros2_control]: 	Command:
[ign gazebo-1] [INFO] [1790602325.575092030] [amir2.gz_ros2_control]: 		 position
[ign gazebo-1] [INFO] [1790602325.575104671] [amir2.gz_ros2_control]: Loading joint: Joint_5
[ign gazebo-1] [INFO] [1790602325.575108005] [amir2.gz_ros2_control]: 	State:
[ign gazebo-1] [INFO] [1790602325.575110703] [amir2.gz_ros2_control]: 		 position
[ign gazebo-1] [INFO] [1790602325.575116709] [amir2.gz_ros2_control]: 			 found initial value: 1.570796
[ign gazebo-1] [INFO] [1790602325.575120336] [amir2.gz_ros2_control]: 		 velocity
[ign gazebo-1] [INFO] [1790602325.575123111] [amir2.gz_ros2_control]: 	Command:
[ign gazebo-1] [INFO] [1790602325.575125912] [amir2.gz_ros2_control]: 		 position
[ign gazebo-1] [INFO] [1790602325.575137930] [amir2.gz_ros2_control]: Loading joint: Gripper
[ign gazebo-1] [INFO] [1790602325.575141260] [amir2.gz_ros2_control]: 	State:
[ign gazebo-1] [INFO] [1790602325.575144344] [amir2.gz_ros2_control]: 		 position
[ign gazebo-1] [INFO] [1790602325.575147145] [amir2.gz_ros2_control]: 			 found initial value: -1.000000
[ign gazebo-1] [INFO] [1790602325.575150440] [amir2.gz_ros2_control]: 		 velocity
[ign gazebo-1] [INFO] [1790602325.575153227] [amir2.gz_ros2_control]: 	Command:
[ign gazebo-1] [INFO] [1790602325.575155873] [amir2.gz_ros2_control]: 		 position
[ign gazebo-1] [INFO] [1790602325.575166522] [amir2.gz_ros2_control]: Loading joint: left_inner_back_joint
[ign gazebo-1] [INFO] [1790602325.575171749] [amir2.gz_ros2_control]: Joint 'left_inner_back_joint'is mimicking joint 'Gripper' with multiplier: 1
[ign gazebo-1] [INFO] [1790602325.575175389] [amir2.gz_ros2_control]: 	State:
[ign gazebo-1] [INFO] [1790602325.575182779] [amir2.gz_ros2_control]: 		 position
[ign gazebo-1] [INFO] [1790602325.575186478] [amir2.gz_ros2_control]: 		 velocity
[ign gazebo-1] [INFO] [1790602325.575189256] [amir2.gz_ros2_control]: 	Command:
[ign gazebo-1] [INFO] [1790602325.575192273] [amir2.gz_ros2_control]: 		 position
[ign gazebo-1] [INFO] [1790602325.575205339] [amir2.gz_ros2_control]: Loading joint: right_outer_back_joint
[ign gazebo-1] [INFO] [1790602325.575215748] [amir2.gz_ros2_control]: Joint 'right_outer_back_joint'is mimicking joint 'Gripper' with multiplier: 1
[ign gazebo-1] [INFO] [1790602325.575218949] [amir2.gz_ros2_control]: 	State:
[ign gazebo-1] [INFO] [1790602325.575221707] [amir2.gz_ros2_control]: 		 position
[ign gazebo-1] [INFO] [1790602325.575224631] [amir2.gz_ros2_control]: 		 velocity
[ign gazebo-1] [INFO] [1790602325.575227500] [amir2.gz_ros2_control]: 	Command:
[ign gazebo-1] [INFO] [1790602325.575230174] [amir2.gz_ros2_control]: 		 position
[ign gazebo-1] [INFO] [1790602325.575240670] [amir2.gz_ros2_control]: Loading joint: left_outer_back_joint
[ign gazebo-1] [INFO] [1790602325.575244658] [amir2.gz_ros2_control]: Joint 'left_outer_back_joint'is mimicking joint 'Gripper' with multiplier: 1
[ign gazebo-1] [INFO] [1790602325.575248707] [amir2.gz_ros2_control]: 	State:
[ign gazebo-1] [INFO] [1790602325.575253268] [amir2.gz_ros2_control]: 		 position
[ign gazebo-1] [INFO] [1790602325.575256832] [amir2.gz_ros2_control]: 		 velocity
[ign gazebo-1] [INFO] [1790602325.575260127] [amir2.gz_ros2_control]: 	Command:
[ign gazebo-1] [INFO] [1790602325.575262742] [amir2.gz_ros2_control]: 		 position
[ign gazebo-1] [INFO] [1790602325.575276993] [amir2.gz_ros2_control]: Loading joint: right_inner_front_joint
[ign gazebo-1] [INFO] [1790602325.575281178] [amir2.gz_ros2_control]: Joint 'right_inner_front_joint'is mimicking joint 'Gripper' with multiplier: 1
[ign gazebo-1] [INFO] [1790602325.575284177] [amir2.gz_ros2_control]: 	State:
[ign gazebo-1] [INFO] [1790602325.575286957] [amir2.gz_ros2_control]: 		 position
[ign gazebo-1] [INFO] [1790602325.575289768] [amir2.gz_ros2_control]: 		 velocity
[ign gazebo-1] [INFO] [1790602325.575292445] [amir2.gz_ros2_control]: 	Command:
[ign gazebo-1] [INFO] [1790602325.575295055] [amir2.gz_ros2_control]: 		 position
[ign gazebo-1] [INFO] [1790602325.575306327] [amir2.gz_ros2_control]: Loading joint: left_inner_front_joint
[ign gazebo-1] [INFO] [1790602325.575310183] [amir2.gz_ros2_control]: Joint 'left_inner_front_joint'is mimicking joint 'Gripper' with multiplier: 1
[ign gazebo-1] [INFO] [1790602325.575313972] [amir2.gz_ros2_control]: 	State:
[ign gazebo-1] [INFO] [1790602325.575316650] [amir2.gz_ros2_control]: 		 position
[ign gazebo-1] [INFO] [1790602325.575319356] [amir2.gz_ros2_control]: 		 velocity
[ign gazebo-1] [INFO] [1790602325.575322040] [amir2.gz_ros2_control]: 	Command:
[ign gazebo-1] [INFO] [1790602325.575324637] [amir2.gz_ros2_control]: 		 position
[ign gazebo-1] [INFO] [1790602325.575330663] [amir2.gz_ros2_control]: Loading sensor: finger_right_force_sensor
[ign gazebo-1] [INFO] [1790602325.575334070] [amir2.gz_ros2_control]: Topic name: /amir1/finger_right_wrench
[ign gazebo-1] [INFO] [1790602325.575336891] [amir2.gz_ros2_control]: 	State:
[ign gazebo-1] [WARN] [1790602325.575341520] [amir2.gz_ros2_control]: ForceTorque sensor 'finger_right_force_sensor' not found in hardware_info, skipping.
[ign gazebo-1] [INFO] [1790602325.575345905] [amir2.gz_ros2_control]: Loading sensor: finger_left_force_sensor
[ign gazebo-1] [INFO] [1790602325.575350572] [amir2.gz_ros2_control]: Topic name: /amir1/finger_left_wrench
[ign gazebo-1] [INFO] [1790602325.575354370] [amir2.gz_ros2_control]: 	State:
[ign gazebo-1] [WARN] [1790602325.575358740] [amir2.gz_ros2_control]: ForceTorque sensor 'finger_left_force_sensor' not found in hardware_info, skipping.
[ign gazebo-1] [INFO] [1790602325.575363702] [amir2.gz_ros2_control]: Loading sensor: finger_right_force_sensor
[ign gazebo-1] [INFO] [1790602325.575368273] [amir2.gz_ros2_control]: 	State:
[ign gazebo-1] [WARN] [1790602325.575372381] [amir2.gz_ros2_control]: ForceTorque sensor 'finger_right_force_sensor' not found in hardware_info, skipping.
[ign gazebo-1] [INFO] [1790602325.575376683] [amir2.gz_ros2_control]: Loading sensor: finger_left_force_sensor
[ign gazebo-1] [INFO] [1790602325.575381385] [amir2.gz_ros2_control]: 	State:
[ign gazebo-1] [WARN] [1790602325.575385803] [amir2.gz_ros2_control]: ForceTorque sensor 'finger_left_force_sensor' not found in hardware_info, skipping.
[ign gazebo-1] [INFO] [1790602325.575390873] [resource_manager]: Initialize hardware 'AmirGazeboSystem' 
[ign gazebo-1] [INFO] [1790602325.575401624] [resource_manager]: Successful initialization of hardware 'AmirGazeboSystem'
[ign gazebo-1] [INFO] [1790602325.575419668] [resource_manager]: 'configure' hardware 'AmirGazeboSystem' 
[ign gazebo-1] [INFO] [1790602325.575421722] [amir2.gz_ros2_control]: System Successfully configured!
[ign gazebo-1] [INFO] [1790602325.575426116] [resource_manager]: Successful 'configure' of hardware 'AmirGazeboSystem'
[ign gazebo-1] [INFO] [1790602325.575431323] [resource_manager]: 'activate' hardware 'AmirGazeboSystem' 
[ign gazebo-1] [INFO] [1790602325.575436471] [resource_manager]: Successful 'activate' of hardware 'AmirGazeboSystem'
[ign gazebo-1] [INFO] [1790602325.575438751] [amir2.gz_ros2_control]: Loading controller_manager
[INFO] [create-14]: process has finished cleanly [pid 21798]
[ign gazebo-1] [WARN] [1790602325.614819911] [amir2.gz_ros2_control]:  Desired controller update period (0.004 s) is slower than the gazebo simulation period (0.002 s).
[INFO] [spawner-19]: process started with pid [21955]
[ign gazebo-1] [INFO] [1790602328.885005303] [amir2.controller_manager]: Loading controller 'joint_state_broadcaster'
[spawner-19] [INFO] [1790602328.911085382] [amir2.spawner_joint_state_broadcaster]: [94mLoaded [1mjoint_state_broadcaster[0m
[ign gazebo-1] [INFO] [1790602328.912244928] [amir2.controller_manager]: Configuring controller 'joint_state_broadcaster'
[ign gazebo-1] [INFO] [1790602328.912347316] [amir2.joint_state_broadcaster]: 'joints' or 'interfaces' parameter is empty. All available state interfaces will be published
[spawner-19] [INFO] [1790602328.924113581] [amir2.spawner_joint_state_broadcaster]: [92mConfigured and activated [1mjoint_state_broadcaster[0m
[INFO] [spawner-19]: process has finished cleanly [pid 21955]
[INFO] [spawner-20]: process started with pid [22010]
[spawner-20] [INFO] [1790602330.355680346] [amir2.spawner_arm_controller]: [96mSetting controller param "type" to "joint_trajectory_controller/JointTrajectoryController" for [1marm_controller[0m
[spawner-20] [INFO] [1790602330.363211355] [amir2.spawner_arm_controller]: [96mSetting controller param "params_file" to "['/home/dars5070/ros2_humble_ws/install/amir_gazebo/share/amir_gazebo/config/arm_controllers.yaml']" for [1marm_controller[0m
[ign gazebo-1] [INFO] [1790602330.369040477] [amir2.controller_manager]: Loading controller 'arm_controller'
[ign gazebo-1] [WARN] [1790602330.402555267] [amir2.arm_controller]: [Deprecated]: "allow_nonzero_velocity_at_trajectory_end" is set to true. The default behavior will change to false.
[spawner-20] [INFO] [1790602330.407926018] [amir2.spawner_arm_controller]: [94mLoaded [1marm_controller[0m
[ign gazebo-1] [INFO] [1790602330.409754382] [amir2.controller_manager]: Configuring controller 'arm_controller'
[ign gazebo-1] [INFO] [1790602330.410249017] [amir2.arm_controller]: No specific joint names are used for command interfaces. Using 'joints' parameter.
[ign gazebo-1] [INFO] [1790602330.410319497] [amir2.arm_controller]: Command interfaces are [position] and state interfaces are [position velocity].
[ign gazebo-1] [INFO] [1790602330.410366833] [amir2.arm_controller]: Using 'splines' interpolation method.
[ign gazebo-1] [INFO] [1790602330.411600287] [amir2.arm_controller]: Controller state will be published at 100.00 Hz.
[ign gazebo-1] [INFO] [1790602330.413759052] [amir2.arm_controller]: Goals with partial set of joints are allowed
[ign gazebo-1] [INFO] [1790602330.413797814] [amir2.arm_controller]: Action status changes will be monitored at 20.00 Hz.
[spawner-20] [INFO] [1790602330.431158089] [amir2.spawner_arm_controller]: [92mConfigured and activated [1marm_controller[0m
[INFO] [spawner-20]: process has finished cleanly [pid 22010]
[INFO] [spawner-21]: process started with pid [22050]
[spawner-21] [INFO] [1790602330.847778796] [amir2.spawner_mecanum_drive_controller]: waiting for service /amir2/controller_manager/list_controllers to become available...
[INFO] [friction_grasp_manager-22]: process started with pid [22085]
[friction_grasp_manager-22] [INFO] [1790602331.330894287] [friction_grasp_manager]: Friction grasp manager ready; no detachable joint will be used.
[ign gazebo-1] [INFO] [1790602331.351965045] [amir2.controller_manager]: Loading controller 'mecanum_drive_controller'
[spawner-21] [INFO] [1790602331.363381095] [amir2.spawner_mecanum_drive_controller]: [94mLoaded [1mmecanum_drive_controller[0m
[ign gazebo-1] [INFO] [1790602331.365243194] [amir2.controller_manager]: Configuring controller 'mecanum_drive_controller'
[ign gazebo-1] [INFO] [1790602331.368369280] [amir2.mecanum_drive_controller]: MecanumDriveController configured successfully
[spawner-21] [INFO] [1790602331.378771991] [amir2.spawner_mecanum_drive_controller]: [92mConfigured and activated [1mmecanum_drive_controller[0m
[INFO] [arm_home_positioner-23]: process started with pid [22125]
[INFO] [spawner-21]: process has finished cleanly [pid 22050]
[INFO] [spawner-24]: process started with pid [22127]
[spawner-24] [INFO] [1790602331.825020841] [amir2.spawner_gripper_controller]: waiting for service /amir2/controller_manager/list_controllers to become available...
[arm_home_positioner-23] [INFO] [1790602331.871903890] [arm_home_positioner]: Waiting to move all ('amir1', 'amir2') to Q_HOME=[0.0, 1.4, -1.6, 0.2, 1.570796] rad
[ign gazebo-1] [INFO] [1790602331.873825999] [amir1.arm_controller]: Received new action goal
[ign gazebo-1] [INFO] [1790602331.873842163] [amir2.arm_controller]: Received new action goal
[ign gazebo-1] [INFO] [1790602331.873865217] [amir1.arm_controller]: Accepted new action goal
[ign gazebo-1] [INFO] [1790602331.873871808] [amir2.arm_controller]: Accepted new action goal
[arm_home_positioner-23] [INFO] [1790602331.874050585] [arm_home_positioner]: Sent Q_HOME=[0.0, 1.4, -1.6, 0.2, 1.570796] rad goals to all arm controllers
[arm_home_positioner-23] [INFO] [1790602331.910212557] [arm_home_positioner]: All AMIR arm controllers accepted Q_HOME
[spawner-24] [INFO] [1790602334.333025739] [amir2.spawner_gripper_controller]: [96mSetting controller param "type" to "position_controllers/GripperActionController" for [1mgripper_controller[0m
[spawner-24] [INFO] [1790602334.346655086] [amir2.spawner_gripper_controller]: [96mSetting controller param "params_file" to "['/home/dars5070/ros2_humble_ws/install/amir_gazebo/share/amir_gazebo/config/arm_controllers.yaml']" for [1mgripper_controller[0m
[ign gazebo-1] [INFO] [1790602334.361129078] [amir2.controller_manager]: Loading controller 'gripper_controller'
[spawner-24] [INFO] [1790602334.390190000] [amir2.spawner_gripper_controller]: [94mLoaded [1mgripper_controller[0m
[ign gazebo-1] [INFO] [1790602334.392616045] [amir2.controller_manager]: Configuring controller 'gripper_controller'
[ign gazebo-1] [INFO] [1790602334.392684804] [amir2.gripper_controller]: Action status changes will be monitored at 20.000000 Hz.
[spawner-24] [INFO] [1790602334.403517707] [amir2.spawner_gripper_controller]: [92mConfigured and activated [1mgripper_controller[0m
[ign gazebo-1] [INFO] [1790602334.410050640] [amir1.gripper_controller]: Received & accepted new action goal
[ign gazebo-1] [INFO] [1790602334.410173910] [amir2.gripper_controller]: Received & accepted new action goal
[friction_grasp_manager-22] [INFO] [1790602334.410751424] [friction_grasp_manager]: Friction grasp state: OPENING_GRIPPERS
[INFO] [spawner-24]: process has finished cleanly [pid 22127]
[friction_grasp_manager-22] [INFO] [1790602336.662532506] [friction_grasp_manager]: Friction grasp state: READY_TO_GRASP
[INFO] [rotation_controller-25]: process started with pid [22202]
[rotation_controller-25] [INFO] [1790602337.888045464] [cooperative_rotation_controller]: Rotation controller ready: target=30.0 deg, axis=[0.0, 0.0, 1.0]
[ign gazebo-1] [INFO] [1790602341.114189130] [amir2.arm_controller]: Goal reached, success!
[ign gazebo-1] [INFO] [1790602341.114230241] [amir1.arm_controller]: Goal reached, success!
[arm_home_positioner-23] [INFO] [1790602341.149602401] [arm_home_positioner]: All AMIR arms reached Q_HOME
[INFO] [create-26]: process started with pid [22244]
[create-26] [INFO] [1790602344.230703221] [spawn_friction_payload]: Requested creation of entity.
[create-26] [INFO] [1790602344.230949210] [spawn_friction_payload]: OK creation of entity.
[INFO] [create-26]: process has finished cleanly [pid 22244]
[INFO] [grasp_support_remover-27]: process started with pid [22264]
[INFO] [coordinator-28]: process started with pid [22266]
[INFO] [safety_monitor-29]: process started with pid [22268]
[INFO] [slip_monitor-30]: process started with pid [22270]
[INFO] [dual_base_approach-31]: process started with pid [22272]
[grasp_support_remover-27] [INFO] [1790602345.255575935] [grasp_support_remover]: Temporary grasp support will be removed after both configured grasp conditions have been satisfied.
[coordinator-28] [INFO] [1790602345.393126978] [cooperative_coordinator]: Coordinator ready: /amir1/rover_twist and /amir2/rover_twist
[safety_monitor-29] [INFO] [1790602345.426245812] [safety_monitor]: Safety monitor ready; emergency stop affects both robots.
[slip_monitor-30] [INFO] [1790602345.467077751] [slip_monitor]: Payload slip monitor ready.
[dual_base_approach-31] [INFO] [1790602345.508526938] [dual_base_approach]: Waiting for the payload, opening both grippers to their safe maximum, then moving both AMIR bases 0.110 m toward it
[INFO] [pivot_rotation_controller-32]: process started with pid [22417]
[ign gazebo-1] [INFO] [1790602346.330873276] [amir1.gripper_controller]: Received & accepted new action goal
[ign gazebo-1] [INFO] [1790602346.330924676] [amir2.gripper_controller]: Received & accepted new action goal
[dual_base_approach-31] [INFO] [1790602346.331200921] [dual_base_approach]: Opening both grippers to the safe maximum (-1.000000 rad) before base approach
[pivot_rotation_controller-32] [INFO] [1790602346.348306408] [pivot_rotation_controller]: Waiting for grasp; pivot=amir1, follower=amir2, target=30.0 deg
[dual_base_approach-31] [INFO] [1790602346.382991844] [dual_base_approach]: Both grippers are at their safe-open position. Payload detached at base positions: amir1=-1.174999, amir2=1.174999; approaching targets: amir2=1.064999, amir1=-1.064999
[dual_base_approach-31] [INFO] [1790602366.909984395] [dual_base_approach]: Both AMIR bases completed the 0.110 m payload approach
[friction_grasp_manager-22] [INFO] [1790602366.954564770] [friction_grasp_manager]: Friction grasp state: CLOSING_GRIPPERS
[dual_base_approach-31] [INFO] [1790602366.955963412] [dual_base_approach]: Both bases reached the payload; gripper-close sequence requested. Holding both bases stopped during grasp.
[ign gazebo-1] [INFO] [1790602367.039727875] [amir1.gripper_controller]: Received & accepted new action goal
[ign gazebo-1] [INFO] [1790602367.039797406] [amir2.gripper_controller]: Received & accepted new action goal
[ign gazebo-1] [INFO] [1790602367.150086543] [amir1.gripper_controller]: Received & accepted new action goal
[ign gazebo-1] [INFO] [1790602367.150134211] [amir2.gripper_controller]: Received & accepted new action goal
[ign gazebo-1] [INFO] [1790602367.367345733] [amir1.gripper_controller]: Received & accepted new action goal
[ign gazebo-1] [INFO] [1790602367.367459130] [amir2.gripper_controller]: Received & accepted new action goal
[ign gazebo-1] [INFO] [1790602367.475651736] [amir1.gripper_controller]: Received & accepted new action goal
[ign gazebo-1] [INFO] [1790602367.475722823] [amir2.gripper_controller]: Received & accepted new action goal
[ign gazebo-1] [INFO] [1790602367.581491076] [amir1.gripper_controller]: Received & accepted new action goal
[ign gazebo-1] [INFO] [1790602367.581634344] [amir2.gripper_controller]: Received & accepted new action goal
[ign gazebo-1] [INFO] [1790602367.689015308] [amir1.gripper_controller]: Received & accepted new action goal
[ign gazebo-1] [INFO] [1790602367.689184396] [amir2.gripper_controller]: Received & accepted new action goal
[ign gazebo-1] [INFO] [1790602367.899175899] [amir1.gripper_controller]: Received & accepted new action goal
[ign gazebo-1] [INFO] [1790602367.899340548] [amir2.gripper_controller]: Received & accepted new action goal
[ign gazebo-1] [INFO] [1790602368.022140120] [amir1.gripper_controller]: Received & accepted new action goal
[ign gazebo-1] [INFO] [1790602368.022168393] [amir2.gripper_controller]: Received & accepted new action goal
[ign gazebo-1] [INFO] [1790602368.139373811] [amir1.gripper_controller]: Received & accepted new action goal
[ign gazebo-1] [INFO] [1790602368.139508008] [amir2.gripper_controller]: Received & accepted new action goal
[ign gazebo-1] [INFO] [1790602368.249299489] [amir1.gripper_controller]: Received & accepted new action goal
[ign gazebo-1] [INFO] [1790602368.249515357] [amir2.gripper_controller]: Received & accepted new action goal
[ign gazebo-1] [INFO] [1790602368.466498836] [amir1.gripper_controller]: Received & accepted new action goal
[ign gazebo-1] [INFO] [1790602368.466592015] [amir2.gripper_controller]: Received & accepted new action goal
[ign gazebo-1] [INFO] [1790602368.574427399] [amir1.gripper_controller]: Received & accepted new action goal
[ign gazebo-1] [INFO] [1790602368.574681633] [amir2.gripper_controller]: Received & accepted new action goal
[ign gazebo-1] [INFO] [1790602368.689708480] [amir1.gripper_controller]: Received & accepted new action goal
[ign gazebo-1] [INFO] [1790602368.689783675] [amir2.gripper_controller]: Received & accepted new action goal
[ign gazebo-1] [INFO] [1790602368.805365680] [amir1.gripper_controller]: Received & accepted new action goal
[ign gazebo-1] [INFO] [1790602368.805696047] [amir2.gripper_controller]: Received & accepted new action goal
[ign gazebo-1] [INFO] [1790602369.021808525] [amir1.gripper_controller]: Received & accepted new action goal
[ign gazebo-1] [INFO] [1790602369.021864819] [amir2.gripper_controller]: Received & accepted new action goal
[ign gazebo-1] [INFO] [1790602369.146780158] [amir1.gripper_controller]: Received & accepted new action goal
[ign gazebo-1] [INFO] [1790602369.146893527] [amir2.gripper_controller]: Received & accepted new action goal
[ign gazebo-1] [INFO] [1790602369.258275656] [amir1.gripper_controller]: Received & accepted new action goal
[ign gazebo-1] [INFO] [1790602369.258432270] [amir2.gripper_controller]: Received & accepted new action goal
[ign gazebo-1] [INFO] [1790602369.361229418] [amir1.gripper_controller]: Received & accepted new action goal
[ign gazebo-1] [INFO] [1790602369.361328593] [amir2.gripper_controller]: Received & accepted new action goal
[ign gazebo-1] [INFO] [1790602369.587040261] [amir1.gripper_controller]: Received & accepted new action goal
[ign gazebo-1] [INFO] [1790602369.587211124] [amir2.gripper_controller]: Received & accepted new action goal
[ign gazebo-1] [INFO] [1790602369.697389473] [amir1.gripper_controller]: Received & accepted new action goal
[ign gazebo-1] [INFO] [1790602369.697684575] [amir2.gripper_controller]: Received & accepted new action goal
[ign gazebo-1] [INFO] [1790602369.809763885] [amir1.gripper_controller]: Received & accepted new action goal
[ign gazebo-1] [INFO] [1790602369.810003514] [amir2.gripper_controller]: Received & accepted new action goal
[ign gazebo-1] [INFO] [1790602369.928260029] [amir1.gripper_controller]: Received & accepted new action goal
[ign gazebo-1] [INFO] [1790602369.928518029] [amir2.gripper_controller]: Received & accepted new action goal
[ign gazebo-1] [INFO] [1790602370.148835324] [amir1.gripper_controller]: Received & accepted new action goal
[ign gazebo-1] [INFO] [1790602370.149102886] [amir2.gripper_controller]: Received & accepted new action goal
[ign gazebo-1] [INFO] [1790602370.253711028] [amir1.gripper_controller]: Received & accepted new action goal
[ign gazebo-1] [INFO] [1790602370.254088787] [amir2.gripper_controller]: Received & accepted new action goal
[ign gazebo-1] [INFO] [1790602370.361185420] [amir1.gripper_controller]: Received & accepted new action goal
[ign gazebo-1] [INFO] [1790602370.361343167] [amir2.gripper_controller]: Received & accepted new action goal
[ign gazebo-1] [INFO] [1790602370.477747402] [amir1.gripper_controller]: Received & accepted new action goal
[ign gazebo-1] [INFO] [1790602370.477932146] [amir2.gripper_controller]: Received & accepted new action goal
[ign gazebo-1] [INFO] [1790602370.696158688] [amir1.gripper_controller]: Received & accepted new action goal
[ign gazebo-1] [INFO] [1790602370.696387869] [amir2.gripper_controller]: Received & accepted new action goal
[ign gazebo-1] [INFO] [1790602370.806356387] [amir1.gripper_controller]: Received & accepted new action goal
[ign gazebo-1] [INFO] [1790602370.806526477] [amir2.gripper_controller]: Received & accepted new action goal
[ign gazebo-1] [INFO] [1790602370.946261356] [amir1.gripper_controller]: Received & accepted new action goal
[ign gazebo-1] [INFO] [1790602370.946563409] [amir2.gripper_controller]: Received & accepted new action goal
[ign gazebo-1] [INFO] [1790602371.061261800] [amir1.gripper_controller]: Received & accepted new action goal
[ign gazebo-1] [INFO] [1790602371.061458590] [amir2.gripper_controller]: Received & accepted new action goal
[ign gazebo-1] [INFO] [1790602371.288583479] [amir1.gripper_controller]: Received & accepted new action goal
[ign gazebo-1] [INFO] [1790602371.288637416] [amir2.gripper_controller]: Received & accepted new action goal
[ign gazebo-1] [INFO] [1790602371.400597490] [amir1.gripper_controller]: Received & accepted new action goal
[ign gazebo-1] [INFO] [1790602371.400729549] [amir2.gripper_controller]: Received & accepted new action goal
[ign gazebo-1] [INFO] [1790602371.515720405] [amir1.gripper_controller]: Received & accepted new action goal
[ign gazebo-1] [INFO] [1790602371.515995832] [amir2.gripper_controller]: Received & accepted new action goal
[ign gazebo-1] [INFO] [1790602371.625192136] [amir1.gripper_controller]: Received & accepted new action goal
[ign gazebo-1] [INFO] [1790602371.625357757] [amir2.gripper_controller]: Received & accepted new action goal
[ign gazebo-1] [INFO] [1790602371.866351996] [amir1.gripper_controller]: Received & accepted new action goal
[ign gazebo-1] [INFO] [1790602371.866642423] [amir2.gripper_controller]: Received & accepted new action goal
[ign gazebo-1] [INFO] [1790602371.974379280] [amir1.gripper_controller]: Received & accepted new action goal
[ign gazebo-1] [INFO] [1790602371.974546013] [amir2.gripper_controller]: Received & accepted new action goal
[ign gazebo-1] [INFO] [1790602372.110020939] [amir1.gripper_controller]: Received & accepted new action goal
[ign gazebo-1] [INFO] [1790602372.110367365] [amir2.gripper_controller]: Received & accepted new action goal
[ign gazebo-1] [INFO] [1790602372.221282533] [amir1.gripper_controller]: Received & accepted new action goal
[ign gazebo-1] [INFO] [1790602372.221448478] [amir2.gripper_controller]: Received & accepted new action goal
[ign gazebo-1] [INFO] [1790602372.442615389] [amir1.gripper_controller]: Received & accepted new action goal
[ign gazebo-1] [INFO] [1790602372.442656649] [amir2.gripper_controller]: Received & accepted new action goal
[ign gazebo-1] [INFO] [1790602372.557030898] [amir1.gripper_controller]: Received & accepted new action goal
[ign gazebo-1] [INFO] [1790602372.557075419] [amir2.gripper_controller]: Received & accepted new action goal
[ign gazebo-1] [INFO] [1790602372.664354070] [amir1.gripper_controller]: Received & accepted new action goal
[ign gazebo-1] [INFO] [1790602372.664438724] [amir2.gripper_controller]: Received & accepted new action goal
[ign gazebo-1] [INFO] [1790602372.776271073] [amir1.gripper_controller]: Received & accepted new action goal
[ign gazebo-1] [INFO] [1790602372.777565037] [amir2.gripper_controller]: Received & accepted new action goal
[ign gazebo-1] [INFO] [1790602372.996481759] [amir1.gripper_controller]: Received & accepted new action goal
[ign gazebo-1] [INFO] [1790602372.996568827] [amir2.gripper_controller]: Received & accepted new action goal
[ign gazebo-1] [INFO] [1790602373.119683411] [amir1.gripper_controller]: Received & accepted new action goal
[ign gazebo-1] [INFO] [1790602373.119944115] [amir2.gripper_controller]: Received & accepted new action goal
[ign gazebo-1] [INFO] [1790602373.236418925] [amir1.gripper_controller]: Received & accepted new action goal
[ign gazebo-1] [INFO] [1790602373.236575009] [amir2.gripper_controller]: Received & accepted new action goal
[ign gazebo-1] [INFO] [1790602373.341269990] [amir1.gripper_controller]: Received & accepted new action goal
[ign gazebo-1] [INFO] [1790602373.341470590] [amir2.gripper_controller]: Received & accepted new action goal
[ign gazebo-1] [INFO] [1790602373.566273228] [amir1.gripper_controller]: Received & accepted new action goal
[ign gazebo-1] [INFO] [1790602373.566405223] [amir2.gripper_controller]: Received & accepted new action goal
[ign gazebo-1] [INFO] [1790602373.678382288] [amir1.gripper_controller]: Received & accepted new action goal
[ign gazebo-1] [INFO] [1790602373.678396575] [amir2.gripper_controller]: Received & accepted new action goal
[ign gazebo-1] [INFO] [1790602373.806251228] [amir1.gripper_controller]: Received & accepted new action goal
[ign gazebo-1] [INFO] [1790602373.806334519] [amir2.gripper_controller]: Received & accepted new action goal
[ign gazebo-1] [INFO] [1790602373.928579160] [amir1.gripper_controller]: Received & accepted new action goal
[ign gazebo-1] [INFO] [1790602373.928801338] [amir2.gripper_controller]: Received & accepted new action goal
[ign gazebo-1] [INFO] [1790602374.152180347] [amir1.gripper_controller]: Received & accepted new action goal
[ign gazebo-1] [INFO] [1790602374.152543986] [amir2.gripper_controller]: Received & accepted new action goal
[ign gazebo-1] [INFO] [1790602374.265817088] [amir1.gripper_controller]: Received & accepted new action goal
[ign gazebo-1] [INFO] [1790602374.265938883] [amir2.gripper_controller]: Received & accepted new action goal
[ign gazebo-1] [INFO] [1790602374.394617752] [amir1.gripper_controller]: Received & accepted new action goal
[ign gazebo-1] [INFO] [1790602374.394672327] [amir2.gripper_controller]: Received & accepted new action goal
[ign gazebo-1] [INFO] [1790602374.536591202] [amir1.gripper_controller]: Received & accepted new action goal
[ign gazebo-1] [INFO] [1790602374.536705506] [amir2.gripper_controller]: Received & accepted new action goal
[ign gazebo-1] [INFO] [1790602374.937383541] [amir1.gripper_controller]: Received & accepted new action goal
[ign gazebo-1] [INFO] [1790602374.937455481] [amir2.gripper_controller]: Received & accepted new action goal
[ign gazebo-1] [INFO] [1790602375.076532379] [amir1.gripper_controller]: Received & accepted new action goal
[ign gazebo-1] [INFO] [1790602375.076627062] [amir2.gripper_controller]: Received & accepted new action goal
[ign gazebo-1] [INFO] [1790602375.226468749] [amir1.gripper_controller]: Received & accepted new action goal
[ign gazebo-1] [INFO] [1790602375.226586706] [amir2.gripper_controller]: Received & accepted new action goal
[ign gazebo-1] [INFO] [1790602375.375016401] [amir1.gripper_controller]: Received & accepted new action goal
[ign gazebo-1] [INFO] [1790602375.375113749] [amir2.gripper_controller]: Received & accepted new action goal
[ign gazebo-1] [INFO] [1790602375.726006552] [amir1.gripper_controller]: Received & accepted new action goal
[ign gazebo-1] [INFO] [1790602375.726157856] [amir2.gripper_controller]: Received & accepted new action goal
[ign gazebo-1] [INFO] [1790602375.890001523] [amir1.gripper_controller]: Received & accepted new action goal
[ign gazebo-1] [INFO] [1790602375.890070018] [amir2.gripper_controller]: Received & accepted new action goal
[ign gazebo-1] [INFO] [1790602376.025140270] [amir1.gripper_controller]: Received & accepted new action goal
[ign gazebo-1] [INFO] [1790602376.025215102] [amir2.gripper_controller]: Received & accepted new action goal
[ign gazebo-1] [INFO] [1790602376.157258955] [amir1.gripper_controller]: Received & accepted new action goal
[ign gazebo-1] [INFO] [1790602376.157314745] [amir2.gripper_controller]: Received & accepted new action goal
[ign gazebo-1] [INFO] [1790602376.532985535] [amir1.gripper_controller]: Received & accepted new action goal
[ign gazebo-1] [INFO] [1790602376.533106739] [amir2.gripper_controller]: Received & accepted new action goal
[ign gazebo-1] [INFO] [1790602376.667531497] [amir1.gripper_controller]: Received & accepted new action goal
[ign gazebo-1] [INFO] [1790602376.667546304] [amir2.gripper_controller]: Received & accepted new action goal
[ign gazebo-1] [INFO] [1790602376.830556353] [amir1.gripper_controller]: Received & accepted new action goal
[ign gazebo-1] [INFO] [1790602376.830630503] [amir2.gripper_controller]: Received & accepted new action goal
[ign gazebo-1] [INFO] [1790602376.971023041] [amir1.gripper_controller]: Received & accepted new action goal
[ign gazebo-1] [INFO] [1790602376.971176669] [amir2.gripper_controller]: Received & accepted new action goal
[ign gazebo-1] [INFO] [1790602377.333472860] [amir1.gripper_controller]: Received & accepted new action goal
[ign gazebo-1] [INFO] [1790602377.333624667] [amir2.gripper_controller]: Received & accepted new action goal
[ign gazebo-1] [INFO] [1790602377.488880428] [amir1.gripper_controller]: Received & accepted new action goal
[ign gazebo-1] [INFO] [1790602377.489295141] [amir2.gripper_controller]: Received & accepted new action goal
[ign gazebo-1] [INFO] [1790602377.655045525] [amir1.gripper_controller]: Received & accepted new action goal
[ign gazebo-1] [INFO] [1790602377.655244612] [amir2.gripper_controller]: Received & accepted new action goal
[ign gazebo-1] [INFO] [1790602377.810711389] [amir1.gripper_controller]: Received & accepted new action goal
[ign gazebo-1] [INFO] [1790602377.810844209] [amir2.gripper_controller]: Received & accepted new action goal
[ign gazebo-1] [INFO] [1790602378.153288749] [amir1.gripper_controller]: Received & accepted new action goal
[ign gazebo-1] [INFO] [1790602378.153341909] [amir2.gripper_controller]: Received & accepted new action goal
[ign gazebo-1] [INFO] [1790602378.311287013] [amir1.gripper_controller]: Received & accepted new action goal
[ign gazebo-1] [INFO] [1790602378.311446231] [amir2.gripper_controller]: Received & accepted new action goal
[ign gazebo-1] [INFO] [1790602378.433462890] [amir1.gripper_controller]: Received & accepted new action goal
[ign gazebo-1] [INFO] [1790602378.433527510] [amir2.gripper_controller]: Received & accepted new action goal
[ign gazebo-1] [INFO] [1790602378.573047079] [amir1.gripper_controller]: Received & accepted new action goal
[ign gazebo-1] [INFO] [1790602378.573131685] [amir2.gripper_controller]: Received & accepted new action goal
[ign gazebo-1] [INFO] [1790602378.929644898] [amir1.gripper_controller]: Received & accepted new action goal
[ign gazebo-1] [INFO] [1790602378.929764053] [amir2.gripper_controller]: Received & accepted new action goal
[ign gazebo-1] [INFO] [1790602379.100839108] [amir1.gripper_controller]: Received & accepted new action goal
[ign gazebo-1] [INFO] [1790602379.100925340] [amir2.gripper_controller]: Received & accepted new action goal
[ign gazebo-1] [INFO] [1790602379.253640235] [amir1.gripper_controller]: Received & accepted new action goal
[ign gazebo-1] [INFO] [1790602379.253947972] [amir2.gripper_controller]: Received & accepted new action goal
[ign gazebo-1] [INFO] [1790602379.398832299] [amir1.gripper_controller]: Received & accepted new action goal
[ign gazebo-1] [INFO] [1790602379.398904027] [amir2.gripper_controller]: Received & accepted new action goal
[ign gazebo-1] [INFO] [1790602379.745836861] [amir1.gripper_controller]: Received & accepted new action goal
[ign gazebo-1] [INFO] [1790602379.745923145] [amir2.gripper_controller]: Received & accepted new action goal
[ign gazebo-1] [INFO] [1790602379.869986526] [amir1.gripper_controller]: Received & accepted new action goal
[ign gazebo-1] [INFO] [1790602379.870065460] [amir2.gripper_controller]: Received & accepted new action goal
[ign gazebo-1] [INFO] [1790602379.997687584] [amir1.gripper_controller]: Received & accepted new action goal
[ign gazebo-1] [INFO] [1790602379.997904848] [amir2.gripper_controller]: Received & accepted new action goal
[ign gazebo-1] [INFO] [1790602380.121023215] [amir1.gripper_controller]: Received & accepted new action goal
[ign gazebo-1] [INFO] [1790602380.121099151] [amir2.gripper_controller]: Received & accepted new action goal
[ign gazebo-1] [INFO] [1790602380.422545073] [amir1.gripper_controller]: Received & accepted new action goal
[ign gazebo-1] [INFO] [1790602380.422663438] [amir2.gripper_controller]: Received & accepted new action goal
[ign gazebo-1] [INFO] [1790602380.576329777] [amir1.gripper_controller]: Received & accepted new action goal
[ign gazebo-1] [INFO] [1790602380.576605823] [amir2.gripper_controller]: Received & accepted new action goal
[ign gazebo-1] [INFO] [1790602380.742377402] [amir1.gripper_controller]: Received & accepted new action goal
[ign gazebo-1] [INFO] [1790602380.742507009] [amir2.gripper_controller]: Received & accepted new action goal
[ign gazebo-1] [INFO] [1790602380.881153929] [amir1.gripper_controller]: Received & accepted new action goal
[ign gazebo-1] [INFO] [1790602380.881204836] [amir2.gripper_controller]: Received & accepted new action goal
[ign gazebo-1] [INFO] [1790602381.249306122] [amir1.gripper_controller]: Received & accepted new action goal
[ign gazebo-1] [INFO] [1790602381.249451489] [amir2.gripper_controller]: Received & accepted new action goal
[ign gazebo-1] [INFO] [1790602381.385734848] [amir1.gripper_controller]: Received & accepted new action goal
[ign gazebo-1] [INFO] [1790602381.385881956] [amir2.gripper_controller]: Received & accepted new action goal
[ign gazebo-1] [INFO] [1790602381.515290935] [amir1.gripper_controller]: Received & accepted new action goal
[ign gazebo-1] [INFO] [1790602381.515426649] [amir2.gripper_controller]: Received & accepted new action goal
[ign gazebo-1] [INFO] [1790602381.660885134] [amir1.gripper_controller]: Received & accepted new action goal
[ign gazebo-1] [INFO] [1790602381.661093190] [amir2.gripper_controller]: Received & accepted new action goal
[ign gazebo-1] [INFO] [1790602382.062609439] [amir1.gripper_controller]: Received & accepted new action goal
[ign gazebo-1] [INFO] [1790602382.062715029] [amir2.gripper_controller]: Received & accepted new action goal
[ign gazebo-1] [INFO] [1790602382.226179156] [amir1.gripper_controller]: Received & accepted new action goal
[ign gazebo-1] [INFO] [1790602382.226235836] [amir2.gripper_controller]: Received & accepted new action goal
[ign gazebo-1] [INFO] [1790602382.376660218] [amir1.gripper_controller]: Received & accepted new action goal
[ign gazebo-1] [INFO] [1790602382.376730462] [amir2.gripper_controller]: Received & accepted new action goal
[ign gazebo-1] [INFO] [1790602382.543152809] [amir1.gripper_controller]: Received & accepted new action goal
[ign gazebo-1] [INFO] [1790602382.543271334] [amir2.gripper_controller]: Received & accepted new action goal
[ign gazebo-1] [INFO] [1790602382.902059096] [amir1.gripper_controller]: Received & accepted new action goal
[ign gazebo-1] [INFO] [1790602382.902275323] [amir2.gripper_controller]: Received & accepted new action goal
[ign gazebo-1] [INFO] [1790602383.046435709] [amir1.gripper_controller]: Received & accepted new action goal
[ign gazebo-1] [INFO] [1790602383.046676290] [amir2.gripper_controller]: Received & accepted new action goal
[ign gazebo-1] [INFO] [1790602383.196452632] [amir1.gripper_controller]: Received & accepted new action goal
[ign gazebo-1] [INFO] [1790602383.196575630] [amir2.gripper_controller]: Received & accepted new action goal
[ign gazebo-1] [INFO] [1790602383.346910839] [amir1.gripper_controller]: Received & accepted new action goal
[ign gazebo-1] [INFO] [1790602383.346986125] [amir2.gripper_controller]: Received & accepted new action goal
[ign gazebo-1] [INFO] [1790602383.679680661] [amir1.gripper_controller]: Received & accepted new action goal
[ign gazebo-1] [INFO] [1790602383.679810727] [amir2.gripper_controller]: Received & accepted new action goal
[ign gazebo-1] [INFO] [1790602383.857186920] [amir1.gripper_controller]: Received & accepted new action goal
[ign gazebo-1] [INFO] [1790602383.857314277] [amir2.gripper_controller]: Received & accepted new action goal
[ign gazebo-1] [INFO] [1790602384.025378382] [amir1.gripper_controller]: Received & accepted new action goal
[ign gazebo-1] [INFO] [1790602384.025535125] [amir2.gripper_controller]: Received & accepted new action goal
[ign gazebo-1] [INFO] [1790602384.171420859] [amir1.gripper_controller]: Received & accepted new action goal
[ign gazebo-1] [INFO] [1790602384.171532590] [amir2.gripper_controller]: Received & accepted new action goal
[ign gazebo-1] [INFO] [1790602384.497036432] [amir1.gripper_controller]: Received & accepted new action goal
[ign gazebo-1] [INFO] [1790602384.497183621] [amir2.gripper_controller]: Received & accepted new action goal
[ign gazebo-1] [INFO] [1790602384.671279185] [amir1.gripper_controller]: Received & accepted new action goal
[ign gazebo-1] [INFO] [1790602384.671380816] [amir2.gripper_controller]: Received & accepted new action goal
[ign gazebo-1] [INFO] [1790602384.823998857] [amir1.gripper_controller]: Received & accepted new action goal
[ign gazebo-1] [INFO] [1790602384.824058577] [amir2.gripper_controller]: Received & accepted new action goal
[ign gazebo-1] [INFO] [1790602384.986522932] [amir1.gripper_controller]: Received & accepted new action goal
[ign gazebo-1] [INFO] [1790602384.986651417] [amir2.gripper_controller]: Received & accepted new action goal
[ign gazebo-1] [INFO] [1790602385.360117067] [amir1.gripper_controller]: Received & accepted new action goal
[ign gazebo-1] [INFO] [1790602385.360199996] [amir2.gripper_controller]: Received & accepted new action goal
[ign gazebo-1] [INFO] [1790602385.522902846] [amir1.gripper_controller]: Received & accepted new action goal
[ign gazebo-1] [INFO] [1790602385.522980561] [amir2.gripper_controller]: Received & accepted new action goal
[ign gazebo-1] [INFO] [1790602385.687429063] [amir1.gripper_controller]: Received & accepted new action goal
[ign gazebo-1] [INFO] [1790602385.687474358] [amir2.gripper_controller]: Received & accepted new action goal
[ign gazebo-1] [INFO] [1790602385.841555226] [amir1.gripper_controller]: Received & accepted new action goal
[ign gazebo-1] [INFO] [1790602385.841636465] [amir2.gripper_controller]: Received & accepted new action goal
[ign gazebo-1] [INFO] [1790602386.227440898] [amir1.gripper_controller]: Received & accepted new action goal
[ign gazebo-1] [INFO] [1790602386.227471241] [amir2.gripper_controller]: Received & accepted new action goal
[ign gazebo-1] [INFO] [1790602386.370073512] [amir1.gripper_controller]: Received & accepted new action goal
[ign gazebo-1] [INFO] [1790602386.370122034] [amir2.gripper_controller]: Received & accepted new action goal
[ign gazebo-1] [INFO] [1790602386.530675009] [amir1.gripper_controller]: Received & accepted new action goal
[ign gazebo-1] [INFO] [1790602386.530870569] [amir2.gripper_controller]: Received & accepted new action goal
[ign gazebo-1] [INFO] [1790602386.655241875] [amir1.gripper_controller]: Received & accepted new action goal
[ign gazebo-1] [INFO] [1790602386.655318327] [amir2.gripper_controller]: Received & accepted new action goal
[ign gazebo-1] [INFO] [1790602386.994025562] [amir1.gripper_controller]: Received & accepted new action goal
[ign gazebo-1] [INFO] [1790602386.994099639] [amir2.gripper_controller]: Received & accepted new action goal
[ign gazebo-1] [INFO] [1790602387.146767561] [amir1.gripper_controller]: Received & accepted new action goal
[ign gazebo-1] [INFO] [1790602387.147056148] [amir2.gripper_controller]: Received & accepted new action goal
[ign gazebo-1] [INFO] [1790602387.276061921] [amir1.gripper_controller]: Received & accepted new action goal
[ign gazebo-1] [INFO] [1790602387.276133164] [amir2.gripper_controller]: Received & accepted new action goal
[ign gazebo-1] [INFO] [1790602387.431764550] [amir1.gripper_controller]: Received & accepted new action goal
[ign gazebo-1] [INFO] [1790602387.431838667] [amir2.gripper_controller]: Received & accepted new action goal
[ign gazebo-1] [INFO] [1790602387.765204859] [amir1.gripper_controller]: Received & accepted new action goal
[ign gazebo-1] [INFO] [1790602387.765352785] [amir2.gripper_controller]: Received & accepted new action goal
[ign gazebo-1] [INFO] [1790602387.919358470] [amir1.gripper_controller]: Received & accepted new action goal
[ign gazebo-1] [INFO] [1790602387.919515395] [amir2.gripper_controller]: Received & accepted new action goal
[ign gazebo-1] [INFO] [1790602388.063312681] [amir1.gripper_controller]: Received & accepted new action goal
[ign gazebo-1] [INFO] [1790602388.063380295] [amir2.gripper_controller]: Received & accepted new action goal
[ign gazebo-1] [INFO] [1790602388.213801852] [amir1.gripper_controller]: Received & accepted new action goal
[ign gazebo-1] [INFO] [1790602388.213860141] [amir2.gripper_controller]: Received & accepted new action goal
[ign gazebo-1] [INFO] [1790602388.358505284] [amir1.gripper_controller]: Received & accepted new action goal
[ign gazebo-1] [INFO] [1790602388.358636017] [amir2.gripper_controller]: Received & accepted new action goal
[ign gazebo-1] [INFO] [1790602388.689980898] [amir1.gripper_controller]: Received & accepted new action goal
[ign gazebo-1] [INFO] [1790602388.690006580] [amir2.gripper_controller]: Received & accepted new action goal
[ign gazebo-1] [INFO] [1790602388.836066103] [amir1.gripper_controller]: Received & accepted new action goal
[ign gazebo-1] [INFO] [1790602388.836260102] [amir2.gripper_controller]: Received & accepted new action goal
[ign gazebo-1] [INFO] [1790602388.967322880] [amir1.gripper_controller]: Received & accepted new action goal
[ign gazebo-1] [INFO] [1790602388.967441928] [amir2.gripper_controller]: Received & accepted new action goal
[ign gazebo-1] [INFO] [1790602389.099084354] [amir1.gripper_controller]: Received & accepted new action goal
[ign gazebo-1] [INFO] [1790602389.099336578] [amir2.gripper_controller]: Received & accepted new action goal
[ign gazebo-1] [INFO] [1790602389.448859539] [amir1.gripper_controller]: Received & accepted new action goal
[ign gazebo-1] [INFO] [1790602389.449702016] [amir2.gripper_controller]: Received & accepted new action goal
[ign gazebo-1] [INFO] [1790602389.604682862] [amir1.gripper_controller]: Received & accepted new action goal
[ign gazebo-1] [INFO] [1790602389.604736630] [amir2.gripper_controller]: Received & accepted new action goal
[ign gazebo-1] [INFO] [1790602389.749076223] [amir1.gripper_controller]: Received & accepted new action goal
[ign gazebo-1] [INFO] [1790602389.749104462] [amir2.gripper_controller]: Received & accepted new action goal
[ign gazebo-1] [INFO] [1790602389.904767134] [amir1.gripper_controller]: Received & accepted new action goal
[ign gazebo-1] [INFO] [1790602389.904866450] [amir2.gripper_controller]: Received & accepted new action goal
[ign gazebo-1] [INFO] [1790602390.260300205] [amir1.gripper_controller]: Received & accepted new action goal
[ign gazebo-1] [INFO] [1790602390.260389689] [amir2.gripper_controller]: Received & accepted new action goal
[ign gazebo-1] [INFO] [1790602390.403491919] [amir1.gripper_controller]: Received & accepted new action goal
[ign gazebo-1] [INFO] [1790602390.403576974] [amir2.gripper_controller]: Received & accepted new action goal
[ign gazebo-1] [INFO] [1790602390.570588061] [amir1.gripper_controller]: Received & accepted new action goal
[ign gazebo-1] [INFO] [1790602390.570659775] [amir2.gripper_controller]: Received & accepted new action goal
[ign gazebo-1] [INFO] [1790602390.702698372] [amir1.gripper_controller]: Received & accepted new action goal
[ign gazebo-1] [INFO] [1790602390.702782649] [amir2.gripper_controller]: Received & accepted new action goal
[ign gazebo-1] [INFO] [1790602391.044584179] [amir1.gripper_controller]: Received & accepted new action goal
[ign gazebo-1] [INFO] [1790602391.044746230] [amir2.gripper_controller]: Received & accepted new action goal
[ign gazebo-1] [INFO] [1790602391.176726610] [amir1.gripper_controller]: Received & accepted new action goal
[ign gazebo-1] [INFO] [1790602391.176802004] [amir2.gripper_controller]: Received & accepted new action goal
[ign gazebo-1] [INFO] [1790602391.320018101] [amir1.gripper_controller]: Received & accepted new action goal
[ign gazebo-1] [INFO] [1790602391.320090528] [amir2.gripper_controller]: Received & accepted new action goal
[ign gazebo-1] [INFO] [1790602391.501644333] [amir1.gripper_controller]: Received & accepted new action goal
[ign gazebo-1] [INFO] [1790602391.502109118] [amir2.gripper_controller]: Received & accepted new action goal
[ign gazebo-1] [INFO] [1790602391.864589628] [amir1.gripper_controller]: Received & accepted new action goal
[ign gazebo-1] [INFO] [1790602391.864707299] [amir2.gripper_controller]: Received & accepted new action goal
[ign gazebo-1] [INFO] [1790602392.010308766] [amir1.gripper_controller]: Received & accepted new action goal
[ign gazebo-1] [INFO] [1790602392.010429727] [amir2.gripper_controller]: Received & accepted new action goal
[ign gazebo-1] [INFO] [1790602392.174517260] [amir1.gripper_controller]: Received & accepted new action goal
[ign gazebo-1] [INFO] [1790602392.174567596] [amir2.gripper_controller]: Received & accepted new action goal
[ign gazebo-1] [INFO] [1790602392.335090002] [amir1.gripper_controller]: Received & accepted new action goal
[ign gazebo-1] [INFO] [1790602392.335522635] [amir2.gripper_controller]: Received & accepted new action goal
[ign gazebo-1] [INFO] [1790602392.688371347] [amir1.gripper_controller]: Received & accepted new action goal
[ign gazebo-1] [INFO] [1790602392.688451683] [amir2.gripper_controller]: Received & accepted new action goal
[ign gazebo-1] [INFO] [1790602392.820594387] [amir1.gripper_controller]: Received & accepted new action goal
[ign gazebo-1] [INFO] [1790602392.820768146] [amir2.gripper_controller]: Received & accepted new action goal
[ign gazebo-1] [INFO] [1790602392.972095191] [amir1.gripper_controller]: Received & accepted new action goal
[ign gazebo-1] [INFO] [1790602392.972184029] [amir2.gripper_controller]: Received & accepted new action goal
[ign gazebo-1] [INFO] [1790602393.122352362] [amir1.gripper_controller]: Received & accepted new action goal
[ign gazebo-1] [INFO] [1790602393.122420830] [amir2.gripper_controller]: Received & accepted new action goal
[ign gazebo-1] [INFO] [1790602393.460428110] [amir1.gripper_controller]: Received & accepted new action goal
[ign gazebo-1] [INFO] [1790602393.460505710] [amir2.gripper_controller]: Received & accepted new action goal
[ign gazebo-1] [INFO] [1790602393.621049096] [amir1.gripper_controller]: Received & accepted new action goal
[ign gazebo-1] [INFO] [1790602393.621110144] [amir2.gripper_controller]: Received & accepted new action goal
[ign gazebo-1] [INFO] [1790602393.766894701] [amir1.gripper_controller]: Received & accepted new action goal
[ign gazebo-1] [INFO] [1790602393.767069148] [amir2.gripper_controller]: Received & accepted new action goal
[ign gazebo-1] [INFO] [1790602393.898641053] [amir1.gripper_controller]: Received & accepted new action goal
[ign gazebo-1] [INFO] [1790602393.898819195] [amir2.gripper_controller]: Received & accepted new action goal
[ign gazebo-1] [INFO] [1790602394.245743754] [amir1.gripper_controller]: Received & accepted new action goal
[ign gazebo-1] [INFO] [1790602394.245799299] [amir2.gripper_controller]: Received & accepted new action goal
[ign gazebo-1] [INFO] [1790602394.370447207] [amir2.gripper_controller]: Received & accepted new action goal
[ign gazebo-1] [INFO] [1790602394.370455319] [amir1.gripper_controller]: Received & accepted new action goal
[ign gazebo-1] [INFO] [1790602394.516118743] [amir1.gripper_controller]: Received & accepted new action goal
[ign gazebo-1] [INFO] [1790602394.516269406] [amir2.gripper_controller]: Received & accepted new action goal
[ign gazebo-1] [INFO] [1790602394.692385497] [amir1.gripper_controller]: Received & accepted new action goal
[ign gazebo-1] [INFO] [1790602394.692463116] [amir2.gripper_controller]: Received & accepted new action goal
[ign gazebo-1] [INFO] [1790602395.072557300] [amir1.gripper_controller]: Received & accepted new action goal
[ign gazebo-1] [INFO] [1790602395.072704695] [amir2.gripper_controller]: Received & accepted new action goal
[ign gazebo-1] [INFO] [1790602395.237554706] [amir1.gripper_controller]: Received & accepted new action goal
[ign gazebo-1] [INFO] [1790602395.237613496] [amir2.gripper_controller]: Received & accepted new action goal
[ign gazebo-1] [INFO] [1790602395.392498595] [amir1.gripper_controller]: Received & accepted new action goal
[ign gazebo-1] [INFO] [1790602395.392625807] [amir2.gripper_controller]: Received & accepted new action goal
[ign gazebo-1] [INFO] [1790602395.549756033] [amir1.gripper_controller]: Received & accepted new action goal
[ign gazebo-1] [INFO] [1790602395.549875929] [amir2.gripper_controller]: Received & accepted new action goal
[ign gazebo-1] [INFO] [1790602395.924203212] [amir1.gripper_controller]: Received & accepted new action goal
[ign gazebo-1] [INFO] [1790602395.924463458] [amir2.gripper_controller]: Received & accepted new action goal
[ign gazebo-1] [INFO] [1790602396.066294619] [amir1.gripper_controller]: Received & accepted new action goal
[ign gazebo-1] [INFO] [1790602396.066383193] [amir2.gripper_controller]: Received & accepted new action goal
[ign gazebo-1] [INFO] [1790602396.231337500] [amir1.gripper_controller]: Received & accepted new action goal
[ign gazebo-1] [INFO] [1790602396.231417706] [amir2.gripper_controller]: Received & accepted new action goal
[ign gazebo-1] [INFO] [1790602396.375195447] [amir1.gripper_controller]: Received & accepted new action goal
[ign gazebo-1] [INFO] [1790602396.375281342] [amir2.gripper_controller]: Received & accepted new action goal
[ign gazebo-1] [INFO] [1790602396.723828983] [amir1.gripper_controller]: Received & accepted new action goal
[ign gazebo-1] [INFO] [1790602396.723905262] [amir2.gripper_controller]: Received & accepted new action goal
[ign gazebo-1] [INFO] [1790602396.865837495] [amir1.gripper_controller]: Received & accepted new action goal
[ign gazebo-1] [INFO] [1790602396.865990564] [amir2.gripper_controller]: Received & accepted new action goal
[ign gazebo-1] [INFO] [1790602397.009618351] [amir1.gripper_controller]: Received & accepted new action goal
[ign gazebo-1] [INFO] [1790602397.009724102] [amir2.gripper_controller]: Received & accepted new action goal
[ign gazebo-1] [INFO] [1790602397.152804103] [amir1.gripper_controller]: Received & accepted new action goal
[ign gazebo-1] [INFO] [1790602397.152997123] [amir2.gripper_controller]: Received & accepted new action goal
[ign gazebo-1] [INFO] [1790602397.546387670] [amir1.gripper_controller]: Received & accepted new action goal
[ign gazebo-1] [INFO] [1790602397.546765066] [amir2.gripper_controller]: Received & accepted new action goal
[ign gazebo-1] [INFO] [1790602397.700784888] [amir1.gripper_controller]: Received & accepted new action goal
[ign gazebo-1] [INFO] [1790602397.700902205] [amir2.gripper_controller]: Received & accepted new action goal
[ign gazebo-1] [INFO] [1790602397.826282956] [amir1.gripper_controller]: Received & accepted new action goal
[ign gazebo-1] [INFO] [1790602397.826352910] [amir2.gripper_controller]: Received & accepted new action goal
[ign gazebo-1] [INFO] [1790602397.991362956] [amir1.gripper_controller]: Received & accepted new action goal
[ign gazebo-1] [INFO] [1790602397.991496186] [amir2.gripper_controller]: Received & accepted new action goal
[ign gazebo-1] [INFO] [1790602398.362643343] [amir1.gripper_controller]: Received & accepted new action goal
[ign gazebo-1] [INFO] [1790602398.363193634] [amir2.gripper_controller]: Received & accepted new action goal
[ign gazebo-1] [INFO] [1790602398.541162632] [amir1.gripper_controller]: Received & accepted new action goal
[ign gazebo-1] [INFO] [1790602398.541313092] [amir2.gripper_controller]: Received & accepted new action goal
[ign gazebo-1] [INFO] [1790602398.706230487] [amir1.gripper_controller]: Received & accepted new action goal
[ign gazebo-1] [INFO] [1790602398.706412132] [amir2.gripper_controller]: Received & accepted new action goal
[ign gazebo-1] [INFO] [1790602399.019853248] [amir1.gripper_controller]: Received & accepted new action goal
[ign gazebo-1] [INFO] [1790602399.019985806] [amir2.gripper_controller]: Received & accepted new action goal
[ign gazebo-1] [INFO] [1790602399.411850265] [amir1.gripper_controller]: Received & accepted new action goal
[ign gazebo-1] [INFO] [1790602399.412082979] [amir2.gripper_controller]: Received & accepted new action goal
[ign gazebo-1] [INFO] [1790602399.587799268] [amir1.gripper_controller]: Received & accepted new action goal
[ign gazebo-1] [INFO] [1790602399.587968299] [amir2.gripper_controller]: Received & accepted new action goal
[ign gazebo-1] [INFO] [1790602399.970190821] [amir1.gripper_controller]: Received & accepted new action goal
[ign gazebo-1] [INFO] [1790602399.970221845] [amir2.gripper_controller]: Received & accepted new action goal
[ign gazebo-1] [INFO] [1790602400.318886824] [amir1.gripper_controller]: Received & accepted new action goal
[ign gazebo-1] [INFO] [1790602400.319102515] [amir2.gripper_controller]: Received & accepted new action goal
[ign gazebo-1] [INFO] [1790602400.778889669] [amir1.gripper_controller]: Received & accepted new action goal
[ign gazebo-1] [INFO] [1790602400.778943542] [amir2.gripper_controller]: Received & accepted new action goal
[friction_grasp_manager-22] [INFO] [1790602402.508410079] [friction_grasp_manager]: Finger wrench bias captured: amir1/left=19.6N, amir1/right=22.5N, amir2/left=19.6N, amir2/right=22.5N
[friction_grasp_manager-22] [INFO] [1790602402.508603648] [friction_grasp_manager]: Friction grasp state: HOLDING
[slip_monitor-30] [INFO] [1790602402.510719631] [slip_monitor]: Captured friction-grasp payload baseline: x=0.000, y=-0.000, z=0.657
[ign gazebo-1] [INFO] [1790602402.924124853] [amir1.gripper_controller]: Received & accepted new action goal
[ign gazebo-1] [INFO] [1790602402.924195807] [amir2.gripper_controller]: Received & accepted new action goal
[ign gazebo-1] [INFO] [1790602403.745807213] [amir1.gripper_controller]: Received & accepted new action goal
[ign gazebo-1] [INFO] [1790602403.745938785] [amir2.gripper_controller]: Received & accepted new action goal
[ign gazebo-1] [INFO] [1790602404.598723217] [amir1.gripper_controller]: Received & accepted new action goal
[ign gazebo-1] [INFO] [1790602404.598768753] [amir2.gripper_controller]: Received & accepted new action goal
[ign gazebo-1] [INFO] [1790602404.989107498] [amir1.gripper_controller]: Received & accepted new action goal
[ign gazebo-1] [INFO] [1790602404.989153436] [amir2.gripper_controller]: Received & accepted new action goal
[ign gazebo-1] [INFO] [1790602405.746012027] [amir1.gripper_controller]: Received & accepted new action goal
[ign gazebo-1] [INFO] [1790602405.746126852] [amir2.gripper_controller]: Received & accepted new action goal
[ign gazebo-1] [INFO] [1790602406.212830242] [amir1.gripper_controller]: Received & accepted new action goal
[ign gazebo-1] [INFO] [1790602406.212833291] [amir2.gripper_controller]: Received & accepted new action goal
[ign gazebo-1] [INFO] [1790602406.945227383] [amir1.gripper_controller]: Received & accepted new action goal
[ign gazebo-1] [INFO] [1790602406.945312554] [amir2.gripper_controller]: Received & accepted new action goal
[ign gazebo-1] [INFO] [1790602408.591872272] [amir1.gripper_controller]: Received & accepted new action goal
[ign gazebo-1] [INFO] [1790602408.591943695] [amir2.gripper_controller]: Received & accepted new action goal
[ign gazebo-1] [INFO] [1790602408.959688945] [amir1.gripper_controller]: Received & accepted new action goal
[ign gazebo-1] [INFO] [1790602408.959746116] [amir2.gripper_controller]: Received & accepted new action goal
[ign gazebo-1] [INFO] [1790602409.807188310] [amir1.gripper_controller]: Received & accepted new action goal
[ign gazebo-1] [INFO] [1790602409.807267490] [amir2.gripper_controller]: Received & accepted new action goal
[ign gazebo-1] [INFO] [1790602410.671127455] [amir1.gripper_controller]: Received & accepted new action goal
[ign gazebo-1] [INFO] [1790602410.671137891] [amir2.gripper_controller]: Received & accepted new action goal
[ign gazebo-1] [INFO] [1790602411.066524269] [amir1.gripper_controller]: Received & accepted new action goal
[ign gazebo-1] [INFO] [1790602411.066553293] [amir2.gripper_controller]: Received & accepted new action goal
[grasp_support_remover-27] [INFO] [1790602411.584321989] [grasp_support_remover]: Removed temporary support model "grasp_support"; transport may start.
[ign gazebo-1] [INFO] [1790602411.954616501] [amir1.gripper_controller]: Received & accepted new action goal
[ign gazebo-1] [INFO] [1790602411.954656616] [amir2.gripper_controller]: Received & accepted new action goal
[ign gazebo-1] [INFO] [1790602412.422470768] [amir1.gripper_controller]: Received & accepted new action goal
[ign gazebo-1] [INFO] [1790602412.422611764] [amir2.gripper_controller]: Received & accepted new action goal
[ign gazebo-1] [INFO] [1790602413.060448092] [amir1.gripper_controller]: Received & accepted new action goal
[ign gazebo-1] [INFO] [1790602413.060589693] [amir2.gripper_controller]: Received & accepted new action goal
[rotation_controller-25] [INFO] [1790602413.684853779] [cooperative_rotation_controller]: シーケンス開始: 搬送（直進） （0.500 m）
[coordinator-28] [INFO] [1790602413.724026562] [cooperative_coordinator]: Payload goal: x=0.000, y=0.000, yaw=-0.000
[coordinator-28] [INFO] [1790602413.724561807] [cooperative_coordinator]: Formation-distance reference captured: 2.1340 m
[ign gazebo-1] [INFO] [1790602413.877526570] [amir2.gripper_controller]: Received & accepted new action goal
[ign gazebo-1] [INFO] [1790602413.877557716] [amir1.gripper_controller]: Received & accepted new action goal
[coordinator-28] [INFO] [1790602414.731046148] [cooperative_coordinator]: Payload goal: x=0.001, y=0.000, yaw=-0.000
[ign gazebo-1] [INFO] [1790602414.731331916] [amir1.gripper_controller]: Received & accepted new action goal
[ign gazebo-1] [INFO] [1790602414.731398148] [amir2.gripper_controller]: Received & accepted new action goal
[ign gazebo-1] [INFO] [1790602415.192658985] [amir1.gripper_controller]: Received & accepted new action goal
[ign gazebo-1] [INFO] [1790602415.192748127] [amir2.gripper_controller]: Received & accepted new action goal
[coordinator-28] [INFO] [1790602415.740060799] [cooperative_coordinator]: Payload goal: x=0.003, y=0.000, yaw=-0.000
[ign gazebo-1] [INFO] [1790602415.919953233] [amir1.gripper_controller]: Received & accepted new action goal
[ign gazebo-1] [INFO] [1790602415.920108321] [amir2.gripper_controller]: Received & accepted new action goal
[ign gazebo-1] [INFO] [1790602416.641243421] [amir1.gripper_controller]: Received & accepted new action goal
[ign gazebo-1] [INFO] [1790602416.641335943] [amir2.gripper_controller]: Received & accepted new action goal
[coordinator-28] [INFO] [1790602416.752524310] [cooperative_coordinator]: Payload goal: x=0.008, y=0.000, yaw=-0.000
[ign gazebo-1] [INFO] [1790602417.450754819] [amir1.gripper_controller]: Received & accepted new action goal
[ign gazebo-1] [INFO] [1790602417.450805646] [amir2.gripper_controller]: Received & accepted new action goal
[ign gazebo-1] [INFO] [1790602417.692331732] [amir1.gripper_controller]: Received & accepted new action goal
[ign gazebo-1] [INFO] [1790602417.692516412] [amir2.gripper_controller]: Received & accepted new action goal
[coordinator-28] [INFO] [1790602417.758187842] [cooperative_coordinator]: Payload goal: x=0.014, y=0.000, yaw=-0.000
[coordinator-28] [INFO] [1790602418.782274535] [cooperative_coordinator]: Payload goal: x=0.021, y=0.000, yaw=-0.000
[ign gazebo-1] [INFO] [1790602419.452337955] [amir1.gripper_controller]: Received & accepted new action goal
[ign gazebo-1] [INFO] [1790602419.452388466] [amir2.gripper_controller]: Received & accepted new action goal
[coordinator-28] [INFO] [1790602419.812448517] [cooperative_coordinator]: Payload goal: x=0.029, y=0.000, yaw=-0.000
[ign gazebo-1] [INFO] [1790602419.973986670] [amir1.gripper_controller]: Received & accepted new action goal
[ign gazebo-1] [INFO] [1790602419.974152055] [amir2.gripper_controller]: Received & accepted new action goal
[coordinator-28] [INFO] [1790602420.870032770] [cooperative_coordinator]: Payload goal: x=0.038, y=0.000, yaw=-0.000
[ign gazebo-1] [INFO] [1790602420.908443587] [amir1.gripper_controller]: Received & accepted new action goal
[ign gazebo-1] [INFO] [1790602420.908536746] [amir2.gripper_controller]: Received & accepted new action goal
[ign gazebo-1] [INFO] [1790602421.589968866] [amir1.gripper_controller]: Received & accepted new action goal
[coordinator-28] [INFO] [1790602421.915760809] [cooperative_coordinator]: Payload goal: x=0.045, y=-0.000, yaw=-0.000
[ign gazebo-1] [INFO] [1790602421.954992963] [amir1.gripper_controller]: Received & accepted new action goal
[coordinator-28] [INFO] [1790602422.915705328] [cooperative_coordinator]: Payload goal: x=0.045, y=-0.000, yaw=-0.000
[ign gazebo-1] [INFO] [1790602422.962262641] [amir1.gripper_controller]: Received & accepted new action goal
[ign gazebo-1] [INFO] [1790602422.962350183] [amir2.gripper_controller]: Received & accepted new action goal
[ign gazebo-1] [INFO] [1790602423.927567887] [amir1.gripper_controller]: Received & accepted new action goal
[ign gazebo-1] [INFO] [1790602423.927712043] [amir2.gripper_controller]: Received & accepted new action goal
[coordinator-28] [INFO] [1790602423.930282358] [cooperative_coordinator]: Payload goal: x=0.045, y=-0.000, yaw=-0.000
[ign gazebo-1] [INFO] [1790602424.181647478] [amir1.gripper_controller]: Received & accepted new action goal
[ign gazebo-1] [INFO] [1790602424.803534630] [amir1.gripper_controller]: Received & accepted new action goal
[ign gazebo-1] [INFO] [1790602424.803610583] [amir2.gripper_controller]: Received & accepted new action goal
[coordinator-28] [INFO] [1790602424.931051479] [cooperative_coordinator]: Payload goal: x=0.045, y=-0.000, yaw=-0.000
[ign gazebo-1] [INFO] [1790602425.239951529] [amir2.gripper_controller]: Received & accepted new action goal
[ign gazebo-1] [INFO] [1790602425.658899248] [amir1.gripper_controller]: Received & accepted new action goal
[ign gazebo-1] [INFO] [1790602425.659024467] [amir2.gripper_controller]: Received & accepted new action goal
[coordinator-28] [INFO] [1790602425.947115829] [cooperative_coordinator]: Payload goal: x=0.045, y=-0.000, yaw=-0.000
[ign gazebo-1] [INFO] [1790602426.576520196] [amir1.gripper_controller]: Received & accepted new action goal
[ign gazebo-1] [INFO] [1790602426.576570637] [amir2.gripper_controller]: Received & accepted new action goal
[coordinator-28] [INFO] [1790602426.947099791] [cooperative_coordinator]: Payload goal: x=0.045, y=-0.000, yaw=-0.000
[ign gazebo-1] [INFO] [1790602427.502250636] [amir1.gripper_controller]: Received & accepted new action goal
[ign gazebo-1] [INFO] [1790602427.502386964] [amir2.gripper_controller]: Received & accepted new action goal
[coordinator-28] [INFO] [1790602427.993823919] [cooperative_coordinator]: Payload goal: x=0.045, y=-0.000, yaw=-0.000
[ign gazebo-1] [INFO] [1790602428.029395206] [amir1.gripper_controller]: Received & accepted new action goal
[ign gazebo-1] [INFO] [1790602428.029517894] [amir2.gripper_controller]: Received & accepted new action goal
[coordinator-28] [INFO] [1790602428.997466759] [cooperative_coordinator]: Payload goal: x=0.045, y=-0.000, yaw=-0.000
[ign gazebo-1] [INFO] [1790602429.085260296] [amir1.gripper_controller]: Received & accepted new action goal
[ign gazebo-1] [INFO] [1790602429.085320642] [amir2.gripper_controller]: Received & accepted new action goal
[ign gazebo-1] [INFO] [1790602429.788606834] [amir1.gripper_controller]: Received & accepted new action goal
[ign gazebo-1] [INFO] [1790602429.788703001] [amir2.gripper_controller]: Received & accepted new action goal
[coordinator-28] [INFO] [1790602430.009864869] [cooperative_coordinator]: Payload goal: x=0.045, y=-0.000, yaw=-0.000
[coordinator-28] [INFO] [1790602431.025827545] [cooperative_coordinator]: Payload goal: x=0.045, y=-0.000, yaw=-0.000
[ign gazebo-1] [INFO] [1790602431.070587495] [amir1.gripper_controller]: Received & accepted new action goal
[ign gazebo-1] [INFO] [1790602431.070668508] [amir2.gripper_controller]: Received & accepted new action goal
[ign gazebo-1] [INFO] [1790602431.646431500] [amir1.gripper_controller]: Received & accepted new action goal
[ign gazebo-1] [INFO] [1790602431.646499366] [amir2.gripper_controller]: Received & accepted new action goal
[ign gazebo-1] [INFO] [1790602432.043798350] [amir1.gripper_controller]: Received & accepted new action goal
[ign gazebo-1] [INFO] [1790602432.043923180] [amir2.gripper_controller]: Received & accepted new action goal
[coordinator-28] [INFO] [1790602432.047978808] [cooperative_coordinator]: Payload goal: x=0.047, y=-0.000, yaw=-0.000
[ign gazebo-1] [INFO] [1790602433.032652704] [amir1.gripper_controller]: Received & accepted new action goal
[ign gazebo-1] [INFO] [1790602433.032742475] [amir2.gripper_controller]: Received & accepted new action goal
[coordinator-28] [INFO] [1790602433.100838013] [cooperative_coordinator]: Payload goal: x=0.058, y=-0.000, yaw=-0.000
[ign gazebo-1] [INFO] [1790602434.037404616] [amir1.gripper_controller]: Received & accepted new action goal
[ign gazebo-1] [INFO] [1790602434.037587303] [amir2.gripper_controller]: Received & accepted new action goal
[coordinator-28] [INFO] [1790602434.115754088] [cooperative_coordinator]: Payload goal: x=0.068, y=-0.000, yaw=-0.000
[friction_grasp_manager-22] [WARN] [1790602434.334019052] [friction_grasp_manager]: amir2 finger force above 26.0 N; backing off.
[ign gazebo-1] [INFO] [1790602434.334220438] [amir2.gripper_controller]: Received & accepted new action goal
[ign gazebo-1] [INFO] [1790602435.041472728] [amir1.gripper_controller]: Received & accepted new action goal
[ign gazebo-1] [INFO] [1790602435.041632172] [amir2.gripper_controller]: Received & accepted new action goal
[coordinator-28] [INFO] [1790602435.137080373] [cooperative_coordinator]: Payload goal: x=0.069, y=-0.000, yaw=-0.000
[ign gazebo-1] [INFO] [1790602435.608465303] [amir1.gripper_controller]: Received & accepted new action goal
[ign gazebo-1] [INFO] [1790602435.609246853] [amir2.gripper_controller]: Received & accepted new action goal
[ign gazebo-1] [INFO] [1790602436.050177865] [amir1.gripper_controller]: Received & accepted new action goal
[ign gazebo-1] [INFO] [1790602436.050266734] [amir2.gripper_controller]: Received & accepted new action goal
[coordinator-28] [INFO] [1790602436.141259424] [cooperative_coordinator]: Payload goal: x=0.069, y=-0.000, yaw=-0.000
[ign gazebo-1] [INFO] [1790602436.889428466] [amir1.gripper_controller]: Received & accepted new action goal
[ign gazebo-1] [INFO] [1790602436.889503129] [amir2.gripper_controller]: Received & accepted new action goal
[coordinator-28] [INFO] [1790602437.173230453] [cooperative_coordinator]: Payload goal: x=0.069, y=-0.000, yaw=-0.000
[ign gazebo-1] [INFO] [1790602437.594878981] [amir1.gripper_controller]: Received & accepted new action goal
[ign gazebo-1] [INFO] [1790602437.594944215] [amir2.gripper_controller]: Received & accepted new action goal
[ign gazebo-1] [INFO] [1790602437.977554999] [amir1.gripper_controller]: Received & accepted new action goal
[ign gazebo-1] [INFO] [1790602437.977659216] [amir2.gripper_controller]: Received & accepted new action goal
[coordinator-28] [INFO] [1790602438.190888975] [cooperative_coordinator]: Payload goal: x=0.069, y=-0.000, yaw=-0.000
[ign gazebo-1] [INFO] [1790602438.663070265] [amir1.gripper_controller]: Received & accepted new action goal
[ign gazebo-1] [INFO] [1790602438.663326518] [amir2.gripper_controller]: Received & accepted new action goal
[coordinator-28] [INFO] [1790602439.199499006] [cooperative_coordinator]: Payload goal: x=0.069, y=-0.000, yaw=-0.000
[ign gazebo-1] [INFO] [1790602439.397177442] [amir1.gripper_controller]: Received & accepted new action goal
[ign gazebo-1] [INFO] [1790602439.397353540] [amir2.gripper_controller]: Received & accepted new action goal
[ign gazebo-1] [INFO] [1790602439.544059602] [amir1.gripper_controller]: Received & accepted new action goal
[ign gazebo-1] [INFO] [1790602439.544185761] [amir2.gripper_controller]: Received & accepted new action goal
[coordinator-28] [INFO] [1790602440.206053744] [cooperative_coordinator]: Payload goal: x=0.069, y=-0.000, yaw=-0.000
[coordinator-28] [INFO] [1790602441.212513099] [cooperative_coordinator]: Payload goal: x=0.069, y=-0.000, yaw=-0.000
[ign gazebo-1] [INFO] [1790602442.055616968] [amir1.gripper_controller]: Received & accepted new action goal
[ign gazebo-1] [INFO] [1790602442.055695145] [amir2.gripper_controller]: Received & accepted new action goal
[coordinator-28] [INFO] [1790602442.243296980] [cooperative_coordinator]: Payload goal: x=0.069, y=-0.000, yaw=-0.000
[ign gazebo-1] [INFO] [1790602442.760058542] [amir1.gripper_controller]: Received & accepted new action goal
[ign gazebo-1] [INFO] [1790602442.760211147] [amir2.gripper_controller]: Received & accepted new action goal
[ign gazebo-1] [INFO] [1790602443.100985251] [amir1.gripper_controller]: Received & accepted new action goal
[ign gazebo-1] [INFO] [1790602443.101069799] [amir2.gripper_controller]: Received & accepted new action goal
[coordinator-28] [INFO] [1790602443.245869604] [cooperative_coordinator]: Payload goal: x=0.069, y=-0.000, yaw=-0.000
[ign gazebo-1] [INFO] [1790602443.825353567] [amir1.gripper_controller]: Received & accepted new action goal
[ign gazebo-1] [INFO] [1790602443.825414230] [amir2.gripper_controller]: Received & accepted new action goal
[coordinator-28] [INFO] [1790602444.255224508] [cooperative_coordinator]: Payload goal: x=0.080, y=-0.000, yaw=-0.000
[ign gazebo-1] [INFO] [1790602444.600484418] [amir1.gripper_controller]: Received & accepted new action goal
[ign gazebo-1] [INFO] [1790602444.600725300] [amir2.gripper_controller]: Received & accepted new action goal
[ign gazebo-1] [INFO] [1790602444.958429708] [amir1.gripper_controller]: Received & accepted new action goal
[ign gazebo-1] [INFO] [1790602444.958638667] [amir2.gripper_controller]: Received & accepted new action goal
[coordinator-28] [INFO] [1790602445.261280644] [cooperative_coordinator]: Payload goal: x=0.093, y=-0.000, yaw=-0.000
[ign gazebo-1] [INFO] [1790602445.501672764] [amir2.gripper_controller]: Received & accepted new action goal
[coordinator-28] [INFO] [1790602446.272043696] [cooperative_coordinator]: Payload goal: x=0.093, y=-0.000, yaw=-0.000
[ign gazebo-1] [INFO] [1790602446.543926707] [amir2.gripper_controller]: Received & accepted new action goal
[ign gazebo-1] [INFO] [1790602447.265292073] [amir1.gripper_controller]: Received & accepted new action goal
[ign gazebo-1] [INFO] [1790602447.265499940] [amir2.gripper_controller]: Received & accepted new action goal
[coordinator-28] [INFO] [1790602447.290354604] [cooperative_coordinator]: Payload goal: x=0.093, y=-0.000, yaw=-0.000
[ign gazebo-1] [INFO] [1790602447.795977445] [amir1.gripper_controller]: Received & accepted new action goal
[ign gazebo-1] [INFO] [1790602447.796093326] [amir2.gripper_controller]: Received & accepted new action goal
[ign gazebo-1] [INFO] [1790602448.026313488] [amir1.gripper_controller]: Received & accepted new action goal
[coordinator-28] [INFO] [1790602448.310499979] [cooperative_coordinator]: Payload goal: x=0.093, y=-0.000, yaw=-0.000
[ign gazebo-1] [INFO] [1790602448.774215351] [amir1.gripper_controller]: Received & accepted new action goal
[ign gazebo-1] [INFO] [1790602448.774418123] [amir2.gripper_controller]: Received & accepted new action goal
[coordinator-28] [INFO] [1790602449.357013678] [cooperative_coordinator]: Payload goal: x=0.093, y=-0.000, yaw=-0.000
[ign gazebo-1] [INFO] [1790602449.605624847] [amir1.gripper_controller]: Received & accepted new action goal
[ign gazebo-1] [INFO] [1790602449.605820106] [amir2.gripper_controller]: Received & accepted new action goal
[ign gazebo-1] [INFO] [1790602449.955331566] [amir1.gripper_controller]: Received & accepted new action goal
[ign gazebo-1] [INFO] [1790602449.955541568] [amir2.gripper_controller]: Received & accepted new action goal
[coordinator-28] [INFO] [1790602450.362268204] [cooperative_coordinator]: Payload goal: x=0.093, y=-0.000, yaw=-0.000
[ign gazebo-1] [INFO] [1790602450.521746793] [amir2.gripper_controller]: Received & accepted new action goal
[ign gazebo-1] [INFO] [1790602451.266141186] [amir2.gripper_controller]: Received & accepted new action goal
[ign gazebo-1] [INFO] [1790602451.266141678] [amir1.gripper_controller]: Received & accepted new action goal
[coordinator-28] [INFO] [1790602451.376836724] [cooperative_coordinator]: Payload goal: x=0.093, y=-0.000, yaw=-0.000
[ign gazebo-1] [INFO] [1790602451.467394893] [amir1.gripper_controller]: Received & accepted new action goal
[ign gazebo-1] [INFO] [1790602452.001625795] [amir2.gripper_controller]: Received & accepted new action goal
[coordinator-28] [INFO] [1790602452.400367806] [cooperative_coordinator]: Payload goal: x=0.093, y=-0.000, yaw=-0.000
[ign gazebo-1] [INFO] [1790602452.537033280] [amir1.gripper_controller]: Received & accepted new action goal
[ign gazebo-1] [INFO] [1790602452.537113396] [amir2.gripper_controller]: Received & accepted new action goal
[ign gazebo-1] [INFO] [1790602452.764097872] [amir2.gripper_controller]: Received & accepted new action goal
[ign gazebo-1] [INFO] [1790602452.764118600] [amir1.gripper_controller]: Received & accepted new action goal
[ign gazebo-1] [INFO] [1790602453.295565537] [amir2.gripper_controller]: Received & accepted new action goal
[coordinator-28] [INFO] [1790602453.414766343] [cooperative_coordinator]: Payload goal: x=0.098, y=-0.000, yaw=-0.000
[friction_grasp_manager-22] [WARN] [1790602453.743621273] [friction_grasp_manager]: amir1 finger force above 26.0 N; backing off.
[ign gazebo-1] [INFO] [1790602453.743816054] [amir1.gripper_controller]: Received & accepted new action goal
[ign gazebo-1] [INFO] [1790602453.955894730] [amir1.gripper_controller]: Received & accepted new action goal
[ign gazebo-1] [INFO] [1790602453.956006994] [amir2.gripper_controller]: Received & accepted new action goal
[ign gazebo-1] [INFO] [1790602454.202962339] [amir1.gripper_controller]: Received & accepted new action goal
[ign gazebo-1] [INFO] [1790602454.203010977] [amir2.gripper_controller]: Received & accepted new action goal
[coordinator-28] [INFO] [1790602454.426952497] [cooperative_coordinator]: Payload goal: x=0.117, y=-0.000, yaw=-0.000
[ign gazebo-1] [INFO] [1790602454.599668066] [amir1.gripper_controller]: Received & accepted new action goal
[ign gazebo-1] [INFO] [1790602454.844959855] [amir1.gripper_controller]: Received & accepted new action goal
[ign gazebo-1] [INFO] [1790602454.845028767] [amir2.gripper_controller]: Received & accepted new action goal
[ign gazebo-1] [INFO] [1790602455.268787100] [amir1.gripper_controller]: Received & accepted new action goal
[ign gazebo-1] [INFO] [1790602455.268860371] [amir2.gripper_controller]: Received & accepted new action goal
[coordinator-28] [INFO] [1790602455.434604175] [cooperative_coordinator]: Payload goal: x=0.117, y=-0.000, yaw=-0.000
[ign gazebo-1] [INFO] [1790602455.721254365] [amir1.gripper_controller]: Received & accepted new action goal
[ign gazebo-1] [INFO] [1790602455.900575550] [amir1.gripper_controller]: Received & accepted new action goal
[ign gazebo-1] [INFO] [1790602455.900624916] [amir2.gripper_controller]: Received & accepted new action goal
[ign gazebo-1] [INFO] [1790602456.286986622] [amir1.gripper_controller]: Received & accepted new action goal
[ign gazebo-1] [INFO] [1790602456.287049593] [amir2.gripper_controller]: Received & accepted new action goal
[coordinator-28] [INFO] [1790602456.446318366] [cooperative_coordinator]: Payload goal: x=0.117, y=-0.000, yaw=-0.000
[ign gazebo-1] [INFO] [1790602456.721523991] [amir2.gripper_controller]: Received & accepted new action goal
[ign gazebo-1] [INFO] [1790602456.721625929] [amir1.gripper_controller]: Received & accepted new action goal
[ign gazebo-1] [INFO] [1790602456.895696172] [amir1.gripper_controller]: Received & accepted new action goal
[ign gazebo-1] [INFO] [1790602456.895697040] [amir2.gripper_controller]: Received & accepted new action goal
[ign gazebo-1] [INFO] [1790602457.365757361] [amir1.gripper_controller]: Received & accepted new action goal
[ign gazebo-1] [INFO] [1790602457.365819512] [amir2.gripper_controller]: Received & accepted new action goal
[coordinator-28] [INFO] [1790602457.472435189] [cooperative_coordinator]: Payload goal: x=0.117, y=-0.000, yaw=-0.000
[ign gazebo-1] [INFO] [1790602457.845741718] [amir1.gripper_controller]: Received & accepted new action goal
[ign gazebo-1] [INFO] [1790602457.845923769] [amir2.gripper_controller]: Received & accepted new action goal
[ign gazebo-1] [INFO] [1790602458.055661689] [amir2.gripper_controller]: Received & accepted new action goal
[ign gazebo-1] [INFO] [1790602458.055840243] [amir1.gripper_controller]: Received & accepted new action goal
[ign gazebo-1] [INFO] [1790602458.437628928] [amir1.gripper_controller]: Received & accepted new action goal
[coordinator-28] [INFO] [1790602458.480604931] [cooperative_coordinator]: Payload goal: x=0.117, y=-0.000, yaw=-0.000
[ign gazebo-1] [INFO] [1790602458.897504006] [amir1.gripper_controller]: Received & accepted new action goal
[ign gazebo-1] [INFO] [1790602458.897647225] [amir2.gripper_controller]: Received & accepted new action goal
[ign gazebo-1] [INFO] [1790602459.068876152] [amir1.gripper_controller]: Received & accepted new action goal
[ign gazebo-1] [INFO] [1790602459.068944197] [amir2.gripper_controller]: Received & accepted new action goal
[coordinator-28] [INFO] [1790602459.514895880] [cooperative_coordinator]: Payload goal: x=0.117, y=-0.000, yaw=-0.000
[ign gazebo-1] [INFO] [1790602459.600400028] [amir1.gripper_controller]: Received & accepted new action goal
[ign gazebo-1] [INFO] [1790602459.600493505] [amir2.gripper_controller]: Received & accepted new action goal
[ign gazebo-1] [INFO] [1790602460.085308603] [amir1.gripper_controller]: Received & accepted new action goal
[ign gazebo-1] [INFO] [1790602460.085542940] [amir2.gripper_controller]: Received & accepted new action goal
[ign gazebo-1] [INFO] [1790602460.344230672] [amir2.gripper_controller]: Received & accepted new action goal
[ign gazebo-1] [INFO] [1790602460.344289839] [amir1.gripper_controller]: Received & accepted new action goal
[coordinator-28] [INFO] [1790602460.520368694] [cooperative_coordinator]: Payload goal: x=0.135, y=-0.000, yaw=-0.000
[ign gazebo-1] [INFO] [1790602460.796801074] [amir1.gripper_controller]: Received & accepted new action goal
[friction_grasp_manager-22] [WARN] [1790602461.211987825] [friction_grasp_manager]: amir2 finger force above 26.0 N; backing off.
[ign gazebo-1] [INFO] [1790602461.212194397] [amir2.gripper_controller]: Received & accepted new action goal
[ign gazebo-1] [INFO] [1790602461.402367126] [amir2.gripper_controller]: Received & accepted new action goal
[coordinator-28] [INFO] [1790602461.532828567] [cooperative_coordinator]: Payload goal: x=0.141, y=-0.000, yaw=-0.000
[ign gazebo-1] [INFO] [1790602461.928251854] [amir1.gripper_controller]: Received & accepted new action goal
[ign gazebo-1] [INFO] [1790602461.928593601] [amir2.gripper_controller]: Received & accepted new action goal
[coordinator-28] [INFO] [1790602462.564516525] [cooperative_coordinator]: Payload goal: x=0.141, y=-0.000, yaw=-0.000
[ign gazebo-1] [INFO] [1790602462.664375561] [amir2.gripper_controller]: Received & accepted new action goal
[ign gazebo-1] [INFO] [1790602462.983433724] [amir1.gripper_controller]: Received & accepted new action goal
[ign gazebo-1] [INFO] [1790602462.983503123] [amir2.gripper_controller]: Received & accepted new action goal
[ign gazebo-1] [INFO] [1790602463.452024536] [amir1.gripper_controller]: Received & accepted new action goal
[ign gazebo-1] [INFO] [1790602463.452077769] [amir2.gripper_controller]: Received & accepted new action goal
[coordinator-28] [INFO] [1790602463.572413622] [cooperative_coordinator]: Payload goal: x=0.141, y=-0.000, yaw=-0.000
[ign gazebo-1] [INFO] [1790602463.918984374] [amir1.gripper_controller]: Received & accepted new action goal
[ign gazebo-1] [INFO] [1790602463.919110521] [amir2.gripper_controller]: Received & accepted new action goal
[ign gazebo-1] [INFO] [1790602464.202689547] [amir2.gripper_controller]: Received & accepted new action goal
[coordinator-28] [INFO] [1790602464.573261223] [cooperative_coordinator]: Payload goal: x=0.141, y=-0.000, yaw=-0.000
[ign gazebo-1] [INFO] [1790602464.906209964] [amir2.gripper_controller]: Received & accepted new action goal
[ign gazebo-1] [INFO] [1790602465.352831152] [amir1.gripper_controller]: Received & accepted new action goal
[ign gazebo-1] [INFO] [1790602465.352898551] [amir2.gripper_controller]: Received & accepted new action goal
[coordinator-28] [INFO] [1790602465.577320769] [cooperative_coordinator]: Payload goal: x=0.141, y=-0.000, yaw=-0.000
[ign gazebo-1] [INFO] [1790602465.596039712] [amir1.gripper_controller]: Received & accepted new action goal
[ign gazebo-1] [INFO] [1790602465.596142292] [amir2.gripper_controller]: Received & accepted new action goal
[ign gazebo-1] [INFO] [1790602466.090527897] [amir2.gripper_controller]: Received & accepted new action goal
[ign gazebo-1] [INFO] [1790602466.544449398] [amir2.gripper_controller]: Received & accepted new action goal
[coordinator-28] [INFO] [1790602466.594133058] [cooperative_coordinator]: Payload goal: x=0.141, y=-0.000, yaw=-0.000
[ign gazebo-1] [INFO] [1790602467.525926042] [amir1.gripper_controller]: Received & accepted new action goal
[ign gazebo-1] [INFO] [1790602467.526081227] [amir2.gripper_controller]: Received & accepted new action goal
[coordinator-28] [INFO] [1790602467.601471575] [cooperative_coordinator]: Payload goal: x=0.141, y=-0.000, yaw=-0.000
[ign gazebo-1] [INFO] [1790602468.039831956] [amir1.gripper_controller]: Received & accepted new action goal
[ign gazebo-1] [INFO] [1790602468.039843364] [amir2.gripper_controller]: Received & accepted new action goal
[ign gazebo-1] [INFO] [1790602468.371890742] [amir1.gripper_controller]: Received & accepted new action goal
[coordinator-28] [INFO] [1790602468.627533510] [cooperative_coordinator]: Payload goal: x=0.157, y=-0.000, yaw=-0.000
[friction_grasp_manager-22] [WARN] [1790602468.968082228] [friction_grasp_manager]: amir1 finger force above 26.0 N; backing off.
[ign gazebo-1] [INFO] [1790602468.968619453] [amir1.gripper_controller]: Received & accepted new action goal
[ign gazebo-1] [INFO] [1790602468.968893305] [amir2.gripper_controller]: Received & accepted new action goal
[ign gazebo-1] [INFO] [1790602469.398753780] [amir1.gripper_controller]: Received & accepted new action goal
[ign gazebo-1] [INFO] [1790602469.398872246] [amir2.gripper_controller]: Received & accepted new action goal
[ign gazebo-1] [INFO] [1790602469.562975374] [amir1.gripper_controller]: Received & accepted new action goal
[coordinator-28] [INFO] [1790602469.636631363] [cooperative_coordinator]: Payload goal: x=0.165, y=-0.000, yaw=-0.000
[ign gazebo-1] [INFO] [1790602469.955555489] [amir1.gripper_controller]: Received & accepted new action goal
[ign gazebo-1] [INFO] [1790602469.955794688] [amir2.gripper_controller]: Received & accepted new action goal
[ign gazebo-1] [INFO] [1790602470.321258878] [amir1.gripper_controller]: Received & accepted new action goal
[ign gazebo-1] [INFO] [1790602470.321270954] [amir2.gripper_controller]: Received & accepted new action goal
[ign gazebo-1] [INFO] [1790602470.518015278] [amir1.gripper_controller]: Received & accepted new action goal
[ign gazebo-1] [INFO] [1790602470.518119299] [amir2.gripper_controller]: Received & accepted new action goal
[coordinator-28] [INFO] [1790602470.648148633] [cooperative_coordinator]: Payload goal: x=0.165, y=-0.000, yaw=-0.000
[ign gazebo-1] [INFO] [1790602471.021792686] [amir1.gripper_controller]: Received & accepted new action goal
[ign gazebo-1] [INFO] [1790602471.652919694] [amir1.gripper_controller]: Received & accepted new action goal
[coordinator-28] [INFO] [1790602471.652983531] [cooperative_coordinator]: Payload goal: x=0.165, y=-0.000, yaw=-0.000
[ign gazebo-1] [INFO] [1790602472.387639056] [amir1.gripper_controller]: Received & accepted new action goal
[coordinator-28] [INFO] [1790602472.661824651] [cooperative_coordinator]: Payload goal: x=0.165, y=-0.000, yaw=-0.000
[ign gazebo-1] [INFO] [1790602473.062853856] [amir2.gripper_controller]: Received & accepted new action goal
[ign gazebo-1] [INFO] [1790602473.062924482] [amir1.gripper_controller]: Received & accepted new action goal
[ign gazebo-1] [INFO] [1790602473.431762985] [amir1.gripper_controller]: Received & accepted new action goal
[ign gazebo-1] [INFO] [1790602473.432016253] [amir2.gripper_controller]: Received & accepted new action goal
[coordinator-28] [INFO] [1790602473.666177124] [cooperative_coordinator]: Payload goal: x=0.165, y=-0.000, yaw=-0.000
[ign gazebo-1] [INFO] [1790602474.035098721] [amir2.gripper_controller]: Received & accepted new action goal
[ign gazebo-1] [INFO] [1790602474.602593088] [amir2.gripper_controller]: Received & accepted new action goal
[ign gazebo-1] [INFO] [1790602474.602604315] [amir1.gripper_controller]: Received & accepted new action goal
[coordinator-28] [INFO] [1790602474.668234645] [cooperative_coordinator]: Payload goal: x=0.165, y=-0.000, yaw=-0.000
[ign gazebo-1] [INFO] [1790602474.810619548] [amir1.gripper_controller]: Received & accepted new action goal
[ign gazebo-1] [INFO] [1790602474.810642938] [amir2.gripper_controller]: Received & accepted new action goal
[ign gazebo-1] [INFO] [1790602475.309333918] [amir1.gripper_controller]: Received & accepted new action goal
[ign gazebo-1] [INFO] [1790602475.309364409] [amir2.gripper_controller]: Received & accepted new action goal
[coordinator-28] [INFO] [1790602475.700271323] [cooperative_coordinator]: Payload goal: x=0.165, y=-0.000, yaw=-0.000
[ign gazebo-1] [INFO] [1790602476.047240980] [amir2.gripper_controller]: Received & accepted new action goal
[ign gazebo-1] [INFO] [1790602476.047293417] [amir1.gripper_controller]: Received & accepted new action goal
[ign gazebo-1] [INFO] [1790602476.399807657] [amir1.gripper_controller]: Received & accepted new action goal
[ign gazebo-1] [INFO] [1790602476.399881709] [amir2.gripper_controller]: Received & accepted new action goal
[coordinator-28] [INFO] [1790602476.719102868] [cooperative_coordinator]: Payload goal: x=0.177, y=-0.000, yaw=-0.000
[ign gazebo-1] [INFO] [1790602476.816047525] [amir1.gripper_controller]: Received & accepted new action goal
[ign gazebo-1] [INFO] [1790602477.376103138] [amir2.gripper_controller]: Received & accepted new action goal
[ign gazebo-1] [INFO] [1790602477.558929878] [amir2.gripper_controller]: Received & accepted new action goal
[coordinator-28] [INFO] [1790602477.740172424] [cooperative_coordinator]: Payload goal: x=0.189, y=-0.000, yaw=-0.000
[ign gazebo-1] [INFO] [1790602478.101766325] [amir2.gripper_controller]: Received & accepted new action goal
[ign gazebo-1] [INFO] [1790602478.633517547] [amir1.gripper_controller]: Received & accepted new action goal
[coordinator-28] [INFO] [1790602478.774464283] [cooperative_coordinator]: Payload goal: x=0.189, y=-0.000, yaw=-0.000
[ign gazebo-1] [INFO] [1790602479.041837739] [amir1.gripper_controller]: Received & accepted new action goal
[ign gazebo-1] [INFO] [1790602479.041855556] [amir2.gripper_controller]: Received & accepted new action goal
[ign gazebo-1] [INFO] [1790602479.777992500] [amir1.gripper_controller]: Received & accepted new action goal
[ign gazebo-1] [INFO] [1790602479.778011367] [amir2.gripper_controller]: Received & accepted new action goal
[coordinator-28] [INFO] [1790602479.779320564] [cooperative_coordinator]: Payload goal: x=0.189, y=-0.000, yaw=-0.000
[ign gazebo-1] [INFO] [1790602480.514936668] [amir1.gripper_controller]: Received & accepted new action goal
[ign gazebo-1] [INFO] [1790602480.514943032] [amir2.gripper_controller]: Received & accepted new action goal
[coordinator-28] [INFO] [1790602480.791726340] [cooperative_coordinator]: Payload goal: x=0.189, y=-0.000, yaw=-0.000
[ign gazebo-1] [INFO] [1790602480.862397168] [amir1.gripper_controller]: Received & accepted new action goal
[ign gazebo-1] [INFO] [1790602480.862466110] [amir2.gripper_controller]: Received & accepted new action goal
[ign gazebo-1] [INFO] [1790602481.185186564] [amir1.gripper_controller]: Received & accepted new action goal
[ign gazebo-1] [INFO] [1790602481.185322445] [amir2.gripper_controller]: Received & accepted new action goal
[ign gazebo-1] [INFO] [1790602481.812346771] [amir1.gripper_controller]: Received & accepted new action goal
[ign gazebo-1] [INFO] [1790602481.812407011] [amir2.gripper_controller]: Received & accepted new action goal
[coordinator-28] [INFO] [1790602481.814292958] [cooperative_coordinator]: Payload goal: x=0.189, y=-0.000, yaw=-0.000
[ign gazebo-1] [INFO] [1790602482.188978801] [amir1.gripper_controller]: Received & accepted new action goal
[ign gazebo-1] [INFO] [1790602482.189026863] [amir2.gripper_controller]: Received & accepted new action goal
[coordinator-28] [INFO] [1790602482.843608235] [cooperative_coordinator]: Payload goal: x=0.189, y=-0.000, yaw=-0.000
[ign gazebo-1] [INFO] [1790602482.955891498] [amir1.gripper_controller]: Received & accepted new action goal
[ign gazebo-1] [INFO] [1790602482.955948313] [amir2.gripper_controller]: Received & accepted new action goal
[ign gazebo-1] [INFO] [1790602483.701041623] [amir1.gripper_controller]: Received & accepted new action goal
[ign gazebo-1] [INFO] [1790602483.701184622] [amir2.gripper_controller]: Received & accepted new action goal
[coordinator-28] [INFO] [1790602483.845543019] [cooperative_coordinator]: Payload goal: x=0.189, y=-0.000, yaw=-0.000
[ign gazebo-1] [INFO] [1790602484.047623161] [amir2.gripper_controller]: Received & accepted new action goal
[ign gazebo-1] [INFO] [1790602484.047724577] [amir1.gripper_controller]: Received & accepted new action goal
[ign gazebo-1] [INFO] [1790602484.366756379] [amir1.gripper_controller]: Received & accepted new action goal
[ign gazebo-1] [INFO] [1790602484.366798855] [amir2.gripper_controller]: Received & accepted new action goal
[coordinator-28] [INFO] [1790602484.854315725] [cooperative_coordinator]: Payload goal: x=0.189, y=-0.000, yaw=-0.000
[ign gazebo-1] [INFO] [1790602484.879469026] [amir1.gripper_controller]: Received & accepted new action goal
[ign gazebo-1] [INFO] [1790602485.251532670] [amir1.gripper_controller]: Received & accepted new action goal
[ign gazebo-1] [INFO] [1790602485.251656699] [amir2.gripper_controller]: Received & accepted new action goal
[coordinator-28] [INFO] [1790602485.883456817] [cooperative_coordinator]: Payload goal: x=0.198, y=-0.000, yaw=-0.000
[ign gazebo-1] [INFO] [1790602485.948771296] [amir1.gripper_controller]: Received & accepted new action goal
[ign gazebo-1] [INFO] [1790602485.948845061] [amir2.gripper_controller]: Received & accepted new action goal
[ign gazebo-1] [INFO] [1790602486.778568817] [amir1.gripper_controller]: Received & accepted new action goal
[ign gazebo-1] [INFO] [1790602486.778695982] [amir2.gripper_controller]: Received & accepted new action goal
[coordinator-28] [INFO] [1790602486.909927806] [cooperative_coordinator]: Payload goal: x=0.211, y=-0.000, yaw=-0.000
[ign gazebo-1] [INFO] [1790602487.016721852] [amir1.gripper_controller]: Received & accepted new action goal
[ign gazebo-1] [INFO] [1790602487.016942295] [amir2.gripper_controller]: Received & accepted new action goal
[ign gazebo-1] [INFO] [1790602487.735181284] [amir1.gripper_controller]: Received & accepted new action goal
[ign gazebo-1] [INFO] [1790602487.735201693] [amir2.gripper_controller]: Received & accepted new action goal
[coordinator-28] [INFO] [1790602487.924016543] [cooperative_coordinator]: Payload goal: x=0.213, y=-0.000, yaw=-0.000
[ign gazebo-1] [INFO] [1790602488.258166076] [amir1.gripper_controller]: Received & accepted new action goal
[ign gazebo-1] [INFO] [1790602488.258236796] [amir2.gripper_controller]: Received & accepted new action goal
[ign gazebo-1] [INFO] [1790602488.437831972] [amir1.gripper_controller]: Received & accepted new action goal
[ign gazebo-1] [INFO] [1790602488.437888737] [amir2.gripper_controller]: Received & accepted new action goal
[friction_grasp_manager-22] [WARN] [1790602488.762901907] [friction_grasp_manager]: amir1 finger force above 26.0 N; backing off.
[ign gazebo-1] [INFO] [1790602488.763091391] [amir1.gripper_controller]: Received & accepted new action goal
[coordinator-28] [INFO] [1790602488.936194914] [cooperative_coordinator]: Payload goal: x=0.213, y=-0.000, yaw=-0.000
[ign gazebo-1] [INFO] [1790602489.258990089] [amir1.gripper_controller]: Received & accepted new action goal
[ign gazebo-1] [INFO] [1790602489.259093674] [amir2.gripper_controller]: Received & accepted new action goal
[ign gazebo-1] [INFO] [1790602489.499353956] [amir1.gripper_controller]: Received & accepted new action goal
[coordinator-28] [INFO] [1790602489.953496852] [cooperative_coordinator]: Payload goal: x=0.213, y=-0.000, yaw=-0.000
[ign gazebo-1] [INFO] [1790602490.449591313] [amir1.gripper_controller]: Received & accepted new action goal
[friction_grasp_manager-22] [WARN] [1790602490.450093431] [friction_grasp_manager]: amir2 finger force above 26.0 N; backing off.
[ign gazebo-1] [INFO] [1790602490.450392777] [amir2.gripper_controller]: Received & accepted new action goal
[coordinator-28] [INFO] [1790602490.988091697] [cooperative_coordinator]: Payload goal: x=0.213, y=-0.000, yaw=-0.000
[ign gazebo-1] [INFO] [1790602491.301459809] [amir1.gripper_controller]: Received & accepted new action goal
[ign gazebo-1] [INFO] [1790602491.301543195] [amir2.gripper_controller]: Received & accepted new action goal
[ign gazebo-1] [INFO] [1790602491.599453785] [amir1.gripper_controller]: Received & accepted new action goal
[ign gazebo-1] [INFO] [1790602491.599579762] [amir2.gripper_controller]: Received & accepted new action goal
[coordinator-28] [INFO] [1790602491.988030637] [cooperative_coordinator]: Payload goal: x=0.213, y=-0.000, yaw=-0.000
[friction_grasp_manager-22] [WARN] [1790602492.420564567] [friction_grasp_manager]: amir1 finger force above 26.0 N; backing off.
[ign gazebo-1] [INFO] [1790602492.420853096] [amir1.gripper_controller]: Received & accepted new action goal
[ign gazebo-1] [INFO] [1790602492.420897035] [amir2.gripper_controller]: Received & accepted new action goal
[ign gazebo-1] [INFO] [1790602492.834890331] [amir1.gripper_controller]: Received & accepted new action goal
[coordinator-28] [INFO] [1790602492.997369670] [cooperative_coordinator]: Payload goal: x=0.213, y=-0.000, yaw=-0.000
[ign gazebo-1] [INFO] [1790602493.197500297] [amir1.gripper_controller]: Received & accepted new action goal
[ign gazebo-1] [INFO] [1790602493.197575261] [amir2.gripper_controller]: Received & accepted new action goal
[coordinator-28] [INFO] [1790602494.013212212] [cooperative_coordinator]: Payload goal: x=0.213, y=-0.000, yaw=-0.000
[ign gazebo-1] [INFO] [1790602494.106886780] [amir1.gripper_controller]: Received & accepted new action goal
[ign gazebo-1] [INFO] [1790602494.106973872] [amir2.gripper_controller]: Received & accepted new action goal
[coordinator-28] [INFO] [1790602495.038518970] [cooperative_coordinator]: Payload goal: x=0.213, y=-0.000, yaw=-0.000
[ign gazebo-1] [INFO] [1790602495.137543363] [amir1.gripper_controller]: Received & accepted new action goal
[friction_grasp_manager-22] [WARN] [1790602495.137776315] [friction_grasp_manager]: amir2 finger force above 26.0 N; backing off.
[ign gazebo-1] [INFO] [1790602495.137928531] [amir2.gripper_controller]: Received & accepted new action goal
[ign gazebo-1] [INFO] [1790602495.528318144] [amir1.gripper_controller]: Received & accepted new action goal
[ign gazebo-1] [INFO] [1790602495.528351269] [amir2.gripper_controller]: Received & accepted new action goal
[coordinator-28] [INFO] [1790602496.053325567] [cooperative_coordinator]: Payload goal: x=0.220, y=-0.000, yaw=-0.000
[WARNING] [launch]: user interrupted with ctrl-c (SIGINT)
[parameter_bridge-15] [INFO] [1790602496.139814554] [rclcpp]: signal_handler(SIGINT/SIGTERM)
[robot_state_publisher-13] [INFO] [1790602496.139814850] [rclcpp]: signal_handler(SIGINT/SIGTERM)
[INFO] [pivot_rotation_controller-32]: sending signal 'SIGINT' to process[pivot_rotation_controller-32]
[INFO] [dual_base_approach-31]: sending signal 'SIGINT' to process[dual_base_approach-31]
[INFO] [slip_monitor-30]: sending signal 'SIGINT' to process[slip_monitor-30]
[INFO] [safety_monitor-29]: sending signal 'SIGINT' to process[safety_monitor-29]
[INFO] [coordinator-28]: sending signal 'SIGINT' to process[coordinator-28]
[INFO] [grasp_support_remover-27]: sending signal 'SIGINT' to process[grasp_support_remover-27]
[ERROR] [slip_monitor-30]: process has died [pid 22270, exit code -2, cmd '/home/dars5070/ros2_humble_ws/install/cooperative_transport_control/lib/cooperative_transport_control/slip_monitor --ros-args -p use_sim_time:=True -p use_sim_time:=True --params-file /home/dars5070/ros2_humble_ws/install/cooperative_transport_control/share/cooperative_transport_control/config/friction_transport.yaml --params-file /tmp/launch_params_xmnr31le --params-file /tmp/launch_params_ognk3yr1'].
[ERROR] [safety_monitor-29]: process has died [pid 22268, exit code -2, cmd '/home/dars5070/ros2_humble_ws/install/cooperative_transport_control/lib/cooperative_transport_control/safety_monitor --ros-args -p use_sim_time:=True -p use_sim_time:=True --params-file /home/dars5070/ros2_humble_ws/install/cooperative_transport_control/share/cooperative_transport_control/config/friction_transport.yaml --params-file /tmp/launch_params_vws6p4na --params-file /tmp/launch_params_5nifd57a'].
[INFO] [rotation_controller-25]: sending signal 'SIGINT' to process[rotation_controller-25]
[ERROR] [coordinator-28]: process has died [pid 22266, exit code -2, cmd '/home/dars5070/ros2_humble_ws/install/cooperative_transport_control/lib/cooperative_transport_control/coordinator --ros-args -p use_sim_time:=True -p use_sim_time:=True --params-file /home/dars5070/ros2_humble_ws/install/cooperative_transport_control/share/cooperative_transport_control/config/friction_transport.yaml --params-file /tmp/launch_params_75yhiwlz --params-file /tmp/launch_params_2r0is4f9'].
[ERROR] [grasp_support_remover-27]: process has died [pid 22264, exit code -2, cmd '/home/dars5070/ros2_humble_ws/install/cooperative_transport_control/lib/cooperative_transport_control/grasp_support_remover --ros-args -p use_sim_time:=True -p use_sim_time:=True --params-file /home/dars5070/ros2_humble_ws/install/cooperative_transport_control/share/cooperative_transport_control/config/friction_transport.yaml --params-file /tmp/launch_params_asbbpsgs'].
[INFO] [arm_home_positioner-23]: sending signal 'SIGINT' to process[arm_home_positioner-23]
[INFO] [friction_grasp_manager-22]: sending signal 'SIGINT' to process[friction_grasp_manager-22]
[ERROR] [rover_twist_relay_ign.py-8]: process has died [pid 21416, exit code -2, cmd '/home/dars5070/ros2_humble_ws/install/mecanumrover_description/lib/mecanumrover_description/rover_twist_relay_ign.py --ros-args -r __node:=rover_twist_relay_ign -r __ns:=/amir1 -p use_sim_time:=True --params-file /tmp/launch_params_pqw9yhmt'].
[INFO] [rover_twist_relay_ign.py-18]: sending signal 'SIGINT' to process[rover_twist_relay_ign.py-18]
[ERROR] [rotation_controller-25]: process has died [pid 22202, exit code -2, cmd '/home/dars5070/ros2_humble_ws/install/cooperative_rotation/lib/cooperative_rotation/rotation_controller --ros-args -p use_sim_time:=True -p use_sim_time:=True --params-file /home/dars5070/ros2_humble_ws/install/cooperative_rotation/share/cooperative_rotation/config/rotation_params.yaml --params-file /tmp/launch_params_64pdgkpf'].
[INFO] [parameter_bridge-17]: sending signal 'SIGINT' to process[parameter_bridge-17]
[ERROR] [arm_home_positioner-23]: process has died [pid 22125, exit code -2, cmd '/home/dars5070/ros2_humble_ws/install/coop_transport_controller/lib/coop_transport_controller/arm_home_positioner --ros-args -p use_sim_time:=True -p use_sim_time:=True --params-file /tmp/launch_params_6dz58vvk'].
[ERROR] [rover_twist_relay_ign.py-18]: process has died [pid 21806, exit code -2, cmd '/home/dars5070/ros2_humble_ws/install/mecanumrover_description/lib/mecanumrover_description/rover_twist_relay_ign.py --ros-args -r __node:=rover_twist_relay_ign -r __ns:=/amir2 -p use_sim_time:=True -p use_sim_time:=True --params-file /tmp/launch_params_rsttwiel'].
[ERROR] [pivot_rotation_controller-32]: process has died [pid 22417, exit code -2, cmd '/home/dars5070/ros2_humble_ws/install/cooperative_transport_control/lib/cooperative_transport_control/pivot_rotation_controller --ros-args -p use_sim_time:=True -p use_sim_time:=True --params-file /tmp/launch_params_kg3ifbsa'].
[INFO] [parameter_bridge-16]: sending signal 'SIGINT' to process[parameter_bridge-16]
[ERROR] [friction_grasp_manager-22]: process has died [pid 22085, exit code -2, cmd '/home/dars5070/ros2_humble_ws/install/cooperative_transport_control/lib/cooperative_transport_control/friction_grasp_manager --ros-args -p use_sim_time:=True -p use_sim_time:=True --params-file /home/dars5070/ros2_humble_ws/install/cooperative_transport_control/share/cooperative_transport_control/config/friction_transport.yaml --params-file /tmp/launch_params_tdjh4nga --params-file /tmp/launch_params_k8ajqnrm'].
[INFO] [parameter_bridge-15]: sending signal 'SIGINT' to process[parameter_bridge-15]
[INFO] [robot_state_publisher-13]: sending signal 'SIGINT' to process[robot_state_publisher-13]
[INFO] [parameter_bridge-7]: sending signal 'SIGINT' to process[parameter_bridge-7]
[INFO] [parameter_bridge-6]: sending signal 'SIGINT' to process[parameter_bridge-6]
[ERROR] [robot_state_publisher-13]: process has died [pid 21796, exit code -2, cmd '/opt/ros/humble/lib/robot_state_publisher/robot_state_publisher --ros-args -r __node:=robot_state_publisher -r __ns:=/amir2 -p use_sim_time:=True -p use_sim_time:=True --params-file /tmp/launch_params_rzg2akqo -r /tf:=tf -r /tf_static:=tf_static'].
[INFO] [parameter_bridge-5]: sending signal 'SIGINT' to process[parameter_bridge-5]
[INFO] [robot_state_publisher-3]: sending signal 'SIGINT' to process[robot_state_publisher-3]
[INFO] [parameter_bridge-2]: sending signal 'SIGINT' to process[parameter_bridge-2]
[INFO] [ign gazebo-1]: sending signal 'SIGINT' to process[ign gazebo-1]
[parameter_bridge-6] [INFO] [1790602496.139824820] [rclcpp]: signal_handler(SIGINT/SIGTERM)
[ERROR] [robot_state_publisher-3]: process has died [pid 21406, exit code -2, cmd '/opt/ros/humble/lib/robot_state_publisher/robot_state_publisher --ros-args -r __node:=robot_state_publisher -r __ns:=/amir1 -p use_sim_time:=True --params-file /tmp/launch_params_5eisaeat -r /tf:=tf -r /tf_static:=tf_static'].
[parameter_bridge-17] [INFO] [1790602496.139849139] [rclcpp]: signal_handler(SIGINT/SIGTERM)
[rover_twist_relay_ign.py-18] Traceback (most recent call last):
[rover_twist_relay_ign.py-18]   File "/home/dars5070/ros2_humble_ws/install/mecanumrover_description/lib/mecanumrover_description/rover_twist_relay_ign.py", line 36, in <module>
[rover_twist_relay_ign.py-18]     main()
[rover_twist_relay_ign.py-18]   File "/home/dars5070/ros2_humble_ws/install/mecanumrover_description/lib/mecanumrover_description/rover_twist_relay_ign.py", line 31, in main
[rover_twist_relay_ign.py-18]     rclpy.spin(RoverTwistRelayIgn())
[rover_twist_relay_ign.py-18]   File "/opt/ros/humble/local/lib/python3.10/dist-packages/rclpy/__init__.py", line 229, in spin
[rover_twist_relay_ign.py-18]     executor.spin_once()
[rover_twist_relay_ign.py-18]   File "/opt/ros/humble/local/lib/python3.10/dist-packages/rclpy/executors.py", line 776, in spin_once
[rover_twist_relay_ign.py-18]     self._spin_once_impl(timeout_sec)
[rover_twist_relay_ign.py-18]   File "/opt/ros/humble/local/lib/python3.10/dist-packages/rclpy/executors.py", line 765, in _spin_once_impl
[rover_twist_relay_ign.py-18]     handler, entity, node = self.wait_for_ready_callbacks(timeout_sec=timeout_sec)
[rover_twist_relay_ign.py-18]   File "/opt/ros/humble/local/lib/python3.10/dist-packages/rclpy/executors.py", line 748, in wait_for_ready_callbacks
[rover_twist_relay_ign.py-18]     return next(self._cb_iter)
[rover_twist_relay_ign.py-18]   File "/opt/ros/humble/local/lib/python3.10/dist-packages/rclpy/executors.py", line 645, in _wait_for_ready_callbacks
[rover_twist_relay_ign.py-18]     wait_set.wait(timeout_nsec)
[rover_twist_relay_ign.py-18] KeyboardInterrupt
[rover_twist_relay_ign.py-8] Traceback (most recent call last):
[rover_twist_relay_ign.py-8]   File "/home/dars5070/ros2_humble_ws/install/mecanumrover_description/lib/mecanumrover_description/rover_twist_relay_ign.py", line 36, in <module>
[rover_twist_relay_ign.py-8]     main()
[rover_twist_relay_ign.py-8]   File "/home/dars5070/ros2_humble_ws/install/mecanumrover_description/lib/mecanumrover_description/rover_twist_relay_ign.py", line 31, in main
[rover_twist_relay_ign.py-8]     rclpy.spin(RoverTwistRelayIgn())
[rover_twist_relay_ign.py-8]   File "/opt/ros/humble/local/lib/python3.10/dist-packages/rclpy/__init__.py", line 229, in spin
[rover_twist_relay_ign.py-8]     executor.spin_once()
[rover_twist_relay_ign.py-8]   File "/opt/ros/humble/local/lib/python3.10/dist-packages/rclpy/executors.py", line 776, in spin_once
[rover_twist_relay_ign.py-8]     self._spin_once_impl(timeout_sec)
[rover_twist_relay_ign.py-8]   File "/opt/ros/humble/local/lib/python3.10/dist-packages/rclpy/executors.py", line 765, in _spin_once_impl
[rover_twist_relay_ign.py-8]     handler, entity, node = self.wait_for_ready_callbacks(timeout_sec=timeout_sec)
[rover_twist_relay_ign.py-8]   File "/opt/ros/humble/local/lib/python3.10/dist-packages/rclpy/executors.py", line 748, in wait_for_ready_callbacks
[rover_twist_relay_ign.py-8]     return next(self._cb_iter)
[rover_twist_relay_ign.py-8]   File "/opt/ros/humble/local/lib/python3.10/dist-packages/rclpy/executors.py", line 645, in _wait_for_ready_callbacks
[rover_twist_relay_ign.py-8]     wait_set.wait(timeout_nsec)
[rover_twist_relay_ign.py-8] KeyboardInterrupt
[parameter_bridge-2] [INFO] [1790602496.140119973] [rclcpp]: signal_handler(SIGINT/SIGTERM)
[parameter_bridge-16] [INFO] [1790602496.140145258] [rclcpp]: signal_handler(SIGINT/SIGTERM)
[parameter_bridge-7] [INFO] [1790602496.140149645] [rclcpp]: signal_handler(SIGINT/SIGTERM)
[robot_state_publisher-3] [INFO] [1790602496.140383075] [rclcpp]: signal_handler(SIGINT/SIGTERM)
[parameter_bridge-5] [INFO] [1790602496.143519252] [rclcpp]: signal_handler(SIGINT/SIGTERM)
[pivot_rotation_controller-32] Traceback (most recent call last):
[pivot_rotation_controller-32]   File "/home/dars5070/ros2_humble_ws/install/cooperative_transport_control/lib/cooperative_transport_control/pivot_rotation_controller", line 33, in <module>
[pivot_rotation_controller-32]     sys.exit(load_entry_point('cooperative-transport-control', 'console_scripts', 'pivot_rotation_controller')())
[pivot_rotation_controller-32]   File "/home/dars5070/ros2_humble_ws/build/cooperative_transport_control/cooperative_transport_control/pivot_rotation_controller.py", line 235, in main
[pivot_rotation_controller-32]     node.destroy_node()
[pivot_rotation_controller-32]   File "/opt/ros/humble/local/lib/python3.10/dist-packages/rclpy/node.py", line 1696, in destroy_node
[pivot_rotation_controller-32]     self.__node.destroy_when_not_in_use()
[pivot_rotation_controller-32] KeyboardInterrupt
[dual_base_approach-31] Traceback (most recent call last):
[dual_base_approach-31]   File "/home/dars5070/ros2_humble_ws/install/cooperative_transport_control/lib/cooperative_transport_control/dual_base_approach", line 33, in <module>
[dual_base_approach-31]     sys.exit(load_entry_point('cooperative-transport-control', 'console_scripts', 'dual_base_approach')())
[dual_base_approach-31]   File "/home/dars5070/ros2_humble_ws/build/cooperative_transport_control/cooperative_transport_control/dual_base_approach.py", line 367, in main
[dual_base_approach-31]     rclpy.shutdown()
[dual_base_approach-31]   File "/opt/ros/humble/local/lib/python3.10/dist-packages/rclpy/__init__.py", line 130, in shutdown
[dual_base_approach-31]     _shutdown(context=context)
[dual_base_approach-31]   File "/opt/ros/humble/local/lib/python3.10/dist-packages/rclpy/utilities.py", line 58, in shutdown
[dual_base_approach-31]     return context.shutdown()
[dual_base_approach-31]   File "/opt/ros/humble/local/lib/python3.10/dist-packages/rclpy/context.py", line 102, in shutdown
[dual_base_approach-31]     self.__context.shutdown()
[dual_base_approach-31] rclpy._rclpy_pybind11.RCLError: failed to shutdown: rcl_shutdown already called on the given context, at ./src/rcl/init.c:241
[dual_base_approach-31] Error in sys.excepthook:
[dual_base_approach-31] Traceback (most recent call last):
[dual_base_approach-31]   File "/usr/lib/python3/dist-packages/apport_python_hook.py", line 55, in apport_excepthook
[dual_base_approach-31]     import apt_pkg
[dual_base_approach-31]   File "<frozen importlib._bootstrap>", line 1027, in _find_and_load
[dual_base_approach-31]   File "<frozen importlib._bootstrap>", line 1006, in _find_and_load_unlocked
[dual_base_approach-31]   File "<frozen importlib._bootstrap>", line 674, in _load_unlocked
[dual_base_approach-31]   File "<frozen importlib._bootstrap>", line 577, in module_from_spec
[dual_base_approach-31]   File "<frozen importlib._bootstrap>", line 541, in _init_module_attrs
[dual_base_approach-31] KeyboardInterrupt
[dual_base_approach-31] 
[dual_base_approach-31] Original exception was:
[dual_base_approach-31] Traceback (most recent call last):
[dual_base_approach-31]   File "/home/dars5070/ros2_humble_ws/install/cooperative_transport_control/lib/cooperative_transport_control/dual_base_approach", line 33, in <module>
[dual_base_approach-31]     sys.exit(load_entry_point('cooperative-transport-control', 'console_scripts', 'dual_base_approach')())
[dual_base_approach-31]   File "/home/dars5070/ros2_humble_ws/build/cooperative_transport_control/cooperative_transport_control/dual_base_approach.py", line 367, in main
[dual_base_approach-31]     rclpy.shutdown()
[dual_base_approach-31]   File "/opt/ros/humble/local/lib/python3.10/dist-packages/rclpy/__init__.py", line 130, in shutdown
[dual_base_approach-31]     _shutdown(context=context)
[dual_base_approach-31]   File "/opt/ros/humble/local/lib/python3.10/dist-packages/rclpy/utilities.py", line 58, in shutdown
[dual_base_approach-31]     return context.shutdown()
[dual_base_approach-31]   File "/opt/ros/humble/local/lib/python3.10/dist-packages/rclpy/context.py", line 102, in shutdown
[dual_base_approach-31]     self.__context.shutdown()
[dual_base_approach-31] rclpy._rclpy_pybind11.RCLError: failed to shutdown: rcl_shutdown already called on the given context, at ./src/rcl/init.c:241
[parameter_bridge-17] [INFO] [1790602496.197856177] [rclcpp]: signal_handler(SIGINT/SIGTERM)
[parameter_bridge-16] [INFO] [1790602496.200940425] [rclcpp]: signal_handler(SIGINT/SIGTERM)
[parameter_bridge-15] [INFO] [1790602496.203609673] [rclcpp]: signal_handler(SIGINT/SIGTERM)
[parameter_bridge-7] [INFO] [1790602496.212438490] [rclcpp]: signal_handler(SIGINT/SIGTERM)
[parameter_bridge-6] [INFO] [1790602496.215580919] [rclcpp]: signal_handler(SIGINT/SIGTERM)
[parameter_bridge-5] [INFO] [1790602496.218807918] [rclcpp]: signal_handler(SIGINT/SIGTERM)
[parameter_bridge-2] [INFO] [1790602496.224045828] [rclcpp]: signal_handler(SIGINT/SIGTERM)
[INFO] [parameter_bridge-2]: process has finished cleanly [pid 21290]
[INFO] [parameter_bridge-16]: process has finished cleanly [pid 21802]
[INFO] [parameter_bridge-15]: process has finished cleanly [pid 21800]
[INFO] [parameter_bridge-6]: process has finished cleanly [pid 21412]
[INFO] [parameter_bridge-7]: process has finished cleanly [pid 21414]
[INFO] [parameter_bridge-17]: process has finished cleanly [pid 21804]
[INFO] [parameter_bridge-5]: process has finished cleanly [pid 21410]
[ERROR] [dual_base_approach-31]: process has died [pid 22272, exit code 1, cmd '/home/dars5070/ros2_humble_ws/install/cooperative_transport_control/lib/cooperative_transport_control/dual_base_approach --ros-args -p use_sim_time:=True -p use_sim_time:=True --params-file /tmp/launch_params_nw3xrkbg'].
[ign gazebo-1] [INFO] [1790602496.318531385] [rclcpp]: signal_handler(SIGINT/SIGTERM)
[ign gazebo-1] [INFO] [1790602496.318592285] [amir2.controller_manager]: Shutdown request received....
[ign gazebo-1] [INFO] [1790602496.318655124] [amir2.controller_manager]: Shutting down all controllers in the controller manager.
[ign gazebo-1] [INFO] [1790602496.318682028] [amir2.controller_manager]: Deactivating controller 'joint_state_broadcaster'
[ign gazebo-1] [INFO] [1790602496.318730154] [amir2.controller_manager]: Shutting down controller 'joint_state_broadcaster'
[ign gazebo-1] [INFO] [1790602496.318770779] [amir2.controller_manager]: Deactivating controller 'arm_controller'
[ign gazebo-1] [INFO] [1790602496.318806851] [amir2.controller_manager]: Shutting down controller 'arm_controller'
[ign gazebo-1] [INFO] [1790602496.318824283] [amir2.controller_manager]: Deactivating controller 'gripper_controller'
[ign gazebo-1] [INFO] [1790602496.318847528] [amir2.controller_manager]: Shutting down controller 'gripper_controller'
[ign gazebo-1] [INFO] [1790602496.318869072] [amir2.controller_manager]: Deactivating controller 'mecanum_drive_controller'
[ign gazebo-1] [INFO] [1790602496.318891124] [amir2.controller_manager]: Shutting down controller 'mecanum_drive_controller'
[ign gazebo-1] [INFO] [1790602496.318923059] [resource_manager]: 'deactivate' hardware 'AmirGazeboSystem' 
[ign gazebo-1] [INFO] [1790602496.318940685] [resource_manager]: Successful 'deactivate' of hardware 'AmirGazeboSystem'
[ign gazebo-1] [INFO] [1790602496.318945485] [resource_manager]: 'shutdown' hardware 'AmirGazeboSystem' 
[ign gazebo-1] [INFO] [1790602496.318950248] [resource_manager]: Successful 'shutdown' of hardware 'AmirGazeboSystem'
[ign gazebo-1] [INFO] [1790602496.318955176] [resource_manager]: 'deactivate' hardware 'MecanumSystem' 
[ign gazebo-1] [INFO] [1790602496.318960017] [resource_manager]: Successful 'deactivate' of hardware 'MecanumSystem'
[ign gazebo-1] [INFO] [1790602496.318963698] [resource_manager]: 'shutdown' hardware 'MecanumSystem' 
[ign gazebo-1] [INFO] [1790602496.318969908] [resource_manager]: Successful 'shutdown' of hardware 'MecanumSystem'
[ign gazebo-1] [INFO] [1790602496.318973864] [amir2.controller_manager]: Shutting down the controller manager.
[ign gazebo-1] [INFO] [1790602496.318985623] [amir1.controller_manager]: Shutdown request received....
[ign gazebo-1] [INFO] [1790602496.319010450] [amir1.controller_manager]: Shutting down all controllers in the controller manager.
[ign gazebo-1] [INFO] [1790602496.319027986] [amir1.controller_manager]: Deactivating controller 'joint_state_broadcaster'
[ign gazebo-1] [INFO] [1790602496.319050496] [amir1.controller_manager]: Shutting down controller 'joint_state_broadcaster'
[ign gazebo-1] [INFO] [1790602496.319074787] [amir1.controller_manager]: Deactivating controller 'arm_controller'
[ign gazebo-1] [INFO] [1790602496.319112310] [amir1.controller_manager]: Shutting down controller 'arm_controller'
[ign gazebo-1] [INFO] [1790602496.319139842] [amir1.controller_manager]: Deactivating controller 'gripper_controller'
[ign gazebo-1] [INFO] [1790602496.319165094] [amir1.controller_manager]: Shutting down controller 'gripper_controller'
[ign gazebo-1] [INFO] [1790602496.319183450] [amir1.controller_manager]: Deactivating controller 'mecanum_drive_controller'
[ign gazebo-1] [INFO] [1790602496.319204354] [amir1.controller_manager]: Shutting down controller 'mecanum_drive_controller'
[ign gazebo-1] [INFO] [1790602496.319232601] [resource_manager]: 'deactivate' hardware 'AmirGazeboSystem' 
[ign gazebo-1] [INFO] [1790602496.319238604] [resource_manager]: Successful 'deactivate' of hardware 'AmirGazeboSystem'
[ign gazebo-1] [INFO] [1790602496.319242675] [resource_manager]: 'shutdown' hardware 'AmirGazeboSystem' 
[ign gazebo-1] [INFO] [1790602496.319247490] [resource_manager]: Successful 'shutdown' of hardware 'AmirGazeboSystem'
[ign gazebo-1] [INFO] [1790602496.319252864] [resource_manager]: 'deactivate' hardware 'MecanumSystem' 
[ign gazebo-1] [INFO] [1790602496.319257728] [resource_manager]: Successful 'deactivate' of hardware 'MecanumSystem'
[ign gazebo-1] [INFO] [1790602496.319297302] [resource_manager]: 'shutdown' hardware 'MecanumSystem' 
[ign gazebo-1] [INFO] [1790602496.319303693] [resource_manager]: Successful 'shutdown' of hardware 'MecanumSystem'
[ign gazebo-1] [INFO] [1790602496.319308265] [amir1.controller_manager]: Shutting down the controller manager.
[ERROR] [ign gazebo-1]: process has died [pid 21288, exit code -2, cmd 'ruby /usr/bin/ign gazebo -r -v 1 /home/dars5070/ros2_humble_ws/install/cooperative_transport_gazebo/share/cooperative_transport_gazebo/worlds/cooperative_transport_contact.sdf --force-version 6'].
[INFO] [launch]: process[ign gazebo-1] was required: shutting down launched system
