[INFO] [launch]: All log files can be found below /home/dars5070/.ros/log/2026-09-28-23-48-19-304934-dars5070-Katana-15-HX-B14WGK-53510
[INFO] [launch]: Default logging verbosity is set to INFO
[INFO] [ign gazebo-1]: process started with pid [53523]
[INFO] [parameter_bridge-2]: process started with pid [53525]
[INFO] [transport_pose_filter-3]: process started with pid [53528]
[INFO] [finger_contact_aggregator-4]: process started with pid [53530]
[INFO] [simulation_startup_gate-5]: process started with pid [53532]
[INFO] [rotation_controller-6]: process started with pid [53534]
[INFO] [pivot_rotation_controller-7]: process started with pid [53536]
[transport_pose_filter-3] [INFO] [1790606899.563988584] [transport_pose_filter]: Filtering /world/cooperative_transport_friction/pose/info -> /cooperative_transport/model_poses (3 models)
[parameter_bridge-2] [INFO] [1790606899.588894541] [cooperative_transport_friction_bridge]: Creating GZ->ROS Bridge: [/clock (gz.msgs.Clock) -> /clock (rosgraph_msgs/msg/Clock)] (Lazy 0)
[parameter_bridge-2] [INFO] [1790606899.592570607] [cooperative_transport_friction_bridge]: Creating GZ->ROS Bridge: [/world/cooperative_transport_friction/pose/info (gz.msgs.Pose_V) -> /world/cooperative_transport_friction/pose/info (tf2_msgs/msg/TFMessage)] (Lazy 0)
[simulation_startup_gate-5] [INFO] [1790606900.166754507] [startup_world_ready]: Waiting for world: ['amir1']
[pivot_rotation_controller-7] [INFO] [1790606900.167402527] [pivot_rotation_controller]: Waiting for grasp; pivot=amir1, follower=amir2, target=30.0 deg
[rotation_controller-6] [INFO] [1790606900.186111755] [cooperative_rotation_controller]: Rotation controller ready: target=30.0 deg, axis=[0.0, 0.0, 1.0]
[simulation_startup_gate-5] [INFO] [1790606902.359683934] [startup_world_ready]: Ready: world_ready
[INFO] [simulation_startup_gate-5]: process has finished cleanly [pid 53532]
[INFO] [robot_state_publisher-8]: process started with pid [53741]
[INFO] [simulation_startup_gate-9]: process started with pid [53743]
[INFO] [parameter_bridge-10]: process started with pid [53745]
[INFO] [parameter_bridge-11]: process started with pid [53747]
[INFO] [parameter_bridge-12]: process started with pid [53749]
[INFO] [rover_twist_relay_ign.py-13]: process started with pid [53751]
[INFO] [simulation_startup_gate-14]: process started with pid [53753]
[robot_state_publisher-8] [INFO] [1790606902.758015907] [amir1.robot_state_publisher]: got segment back_left_arm
[robot_state_publisher-8] [INFO] [1790606902.758116924] [amir1.robot_state_publisher]: got segment back_left_wheel_1
[robot_state_publisher-8] [INFO] [1790606902.758123345] [amir1.robot_state_publisher]: got segment back_right_arm
[robot_state_publisher-8] [INFO] [1790606902.758126287] [amir1.robot_state_publisher]: got segment back_right_wheel_1
[robot_state_publisher-8] [INFO] [1790606902.758128898] [amir1.robot_state_publisher]: got segment base_footprint
[robot_state_publisher-8] [INFO] [1790606902.758131471] [amir1.robot_state_publisher]: got segment base_link
[robot_state_publisher-8] [INFO] [1790606902.758134024] [amir1.robot_state_publisher]: got segment finger_left_1
[robot_state_publisher-8] [INFO] [1790606902.758136646] [amir1.robot_state_publisher]: got segment finger_right_1
[robot_state_publisher-8] [INFO] [1790606902.758139050] [amir1.robot_state_publisher]: got segment front_left_arm
[robot_state_publisher-8] [INFO] [1790606902.758141437] [amir1.robot_state_publisher]: got segment front_left_wheel_1
[robot_state_publisher-8] [INFO] [1790606902.758144959] [amir1.robot_state_publisher]: got segment front_lrf_link
[robot_state_publisher-8] [INFO] [1790606902.758148748] [amir1.robot_state_publisher]: got segment front_right_arm
[robot_state_publisher-8] [INFO] [1790606902.758152982] [amir1.robot_state_publisher]: got segment front_right_wheel_1
[robot_state_publisher-8] [INFO] [1790606902.758156422] [amir1.robot_state_publisher]: got segment gripper_base_1
[robot_state_publisher-8] [INFO] [1790606902.758160111] [amir1.robot_state_publisher]: got segment inner_link_left_1
[robot_state_publisher-8] [INFO] [1790606902.758164130] [amir1.robot_state_publisher]: got segment inner_link_right_1
[robot_state_publisher-8] [INFO] [1790606902.758168376] [amir1.robot_state_publisher]: got segment link0_1
[robot_state_publisher-8] [INFO] [1790606902.758172213] [amir1.robot_state_publisher]: got segment link1_1
[robot_state_publisher-8] [INFO] [1790606902.758176116] [amir1.robot_state_publisher]: got segment link2_1
[robot_state_publisher-8] [INFO] [1790606902.758180379] [amir1.robot_state_publisher]: got segment link3_1
[robot_state_publisher-8] [INFO] [1790606902.758184317] [amir1.robot_state_publisher]: got segment link4_1
[robot_state_publisher-8] [INFO] [1790606902.758188504] [amir1.robot_state_publisher]: got segment outer_link_left_1
[robot_state_publisher-8] [INFO] [1790606902.758192851] [amir1.robot_state_publisher]: got segment outer_link_right_1
[robot_state_publisher-8] [INFO] [1790606902.758197144] [amir1.robot_state_publisher]: got segment tcp_link
[parameter_bridge-11] [INFO] [1790606902.765796471] [amir1.finger_ft_bridge]: Creating GZ->ROS Bridge: [/amir1/finger_left_wrench (gz.msgs.Wrench) -> /amir1/finger_left_wrench (geometry_msgs/msg/WrenchStamped)] (Lazy 0)
[parameter_bridge-11] [INFO] [1790606902.767122875] [amir1.finger_ft_bridge]: Creating GZ->ROS Bridge: [/amir1/finger_right_wrench (gz.msgs.Wrench) -> /amir1/finger_right_wrench (geometry_msgs/msg/WrenchStamped)] (Lazy 0)
[parameter_bridge-10] [INFO] [1790606902.769578857] [amir1.odom_bridge]: Creating GZ->ROS Bridge: [/amir1/odom (gz.msgs.Odometry) -> /amir1/odom (nav_msgs/msg/Odometry)] (Lazy 0)
[parameter_bridge-10] [INFO] [1790606902.771406262] [amir1.odom_bridge]: Creating GZ->ROS Bridge: [/amir1/odom/tf (gz.msgs.Pose_V) -> /amir1/odom/tf (tf2_msgs/msg/TFMessage)] (Lazy 0)
[parameter_bridge-12] [INFO] [1790606902.773539021] [amir1.finger_contact_bridge]: Creating GZ->ROS Bridge: [/world/cooperative_transport_friction/model/amir1/link/finger_left_1/sensor/finger_left_contact_sensor/contact (gz.msgs.Contacts) -> /world/cooperative_transport_friction/model/amir1/link/finger_left_1/sensor/finger_left_contact_sensor/contact (ros_gz_interfaces/msg/Contacts)] (Lazy 0)
[parameter_bridge-12] [INFO] [1790606902.775176858] [amir1.finger_contact_bridge]: Creating GZ->ROS Bridge: [/world/cooperative_transport_friction/model/amir1/link/finger_left_1/sensor/finger_left_contact_sensor_1/contact (gz.msgs.Contacts) -> /world/cooperative_transport_friction/model/amir1/link/finger_left_1/sensor/finger_left_contact_sensor_1/contact (ros_gz_interfaces/msg/Contacts)] (Lazy 0)
[parameter_bridge-12] [INFO] [1790606902.775624487] [amir1.finger_contact_bridge]: Creating GZ->ROS Bridge: [/world/cooperative_transport_friction/model/amir1/link/finger_left_1/sensor/finger_left_contact_sensor_2/contact (gz.msgs.Contacts) -> /world/cooperative_transport_friction/model/amir1/link/finger_left_1/sensor/finger_left_contact_sensor_2/contact (ros_gz_interfaces/msg/Contacts)] (Lazy 0)
[parameter_bridge-12] [INFO] [1790606902.776037597] [amir1.finger_contact_bridge]: Creating GZ->ROS Bridge: [/world/cooperative_transport_friction/model/amir1/link/finger_left_1/sensor/finger_left_contact_sensor_3/contact (gz.msgs.Contacts) -> /world/cooperative_transport_friction/model/amir1/link/finger_left_1/sensor/finger_left_contact_sensor_3/contact (ros_gz_interfaces/msg/Contacts)] (Lazy 0)
[parameter_bridge-12] [INFO] [1790606902.776446277] [amir1.finger_contact_bridge]: Creating GZ->ROS Bridge: [/world/cooperative_transport_friction/model/amir1/link/finger_left_1/sensor/finger_left_contact_sensor_4/contact (gz.msgs.Contacts) -> /world/cooperative_transport_friction/model/amir1/link/finger_left_1/sensor/finger_left_contact_sensor_4/contact (ros_gz_interfaces/msg/Contacts)] (Lazy 0)
[parameter_bridge-12] [INFO] [1790606902.776829038] [amir1.finger_contact_bridge]: Creating GZ->ROS Bridge: [/world/cooperative_transport_friction/model/amir1/link/finger_left_1/sensor/finger_left_contact_sensor_5/contact (gz.msgs.Contacts) -> /world/cooperative_transport_friction/model/amir1/link/finger_left_1/sensor/finger_left_contact_sensor_5/contact (ros_gz_interfaces/msg/Contacts)] (Lazy 0)
[parameter_bridge-12] [INFO] [1790606902.777198863] [amir1.finger_contact_bridge]: Creating GZ->ROS Bridge: [/world/cooperative_transport_friction/model/amir1/link/finger_left_1/sensor/finger_left_contact_sensor_6/contact (gz.msgs.Contacts) -> /world/cooperative_transport_friction/model/amir1/link/finger_left_1/sensor/finger_left_contact_sensor_6/contact (ros_gz_interfaces/msg/Contacts)] (Lazy 0)
[parameter_bridge-12] [INFO] [1790606902.777569238] [amir1.finger_contact_bridge]: Creating GZ->ROS Bridge: [/world/cooperative_transport_friction/model/amir1/link/finger_left_1/sensor/finger_left_contact_sensor_7/contact (gz.msgs.Contacts) -> /world/cooperative_transport_friction/model/amir1/link/finger_left_1/sensor/finger_left_contact_sensor_7/contact (ros_gz_interfaces/msg/Contacts)] (Lazy 0)
[parameter_bridge-12] [INFO] [1790606902.777936656] [amir1.finger_contact_bridge]: Creating GZ->ROS Bridge: [/world/cooperative_transport_friction/model/amir1/link/finger_left_1/sensor/finger_left_contact_sensor_8/contact (gz.msgs.Contacts) -> /world/cooperative_transport_friction/model/amir1/link/finger_left_1/sensor/finger_left_contact_sensor_8/contact (ros_gz_interfaces/msg/Contacts)] (Lazy 0)
[parameter_bridge-12] [INFO] [1790606902.778312913] [amir1.finger_contact_bridge]: Creating GZ->ROS Bridge: [/world/cooperative_transport_friction/model/amir1/link/finger_right_1/sensor/finger_right_contact_sensor/contact (gz.msgs.Contacts) -> /world/cooperative_transport_friction/model/amir1/link/finger_right_1/sensor/finger_right_contact_sensor/contact (ros_gz_interfaces/msg/Contacts)] (Lazy 0)
[parameter_bridge-12] [INFO] [1790606902.778690455] [amir1.finger_contact_bridge]: Creating GZ->ROS Bridge: [/world/cooperative_transport_friction/model/amir1/link/finger_right_1/sensor/finger_right_contact_sensor_1/contact (gz.msgs.Contacts) -> /world/cooperative_transport_friction/model/amir1/link/finger_right_1/sensor/finger_right_contact_sensor_1/contact (ros_gz_interfaces/msg/Contacts)] (Lazy 0)
[parameter_bridge-12] [INFO] [1790606902.779085473] [amir1.finger_contact_bridge]: Creating GZ->ROS Bridge: [/world/cooperative_transport_friction/model/amir1/link/finger_right_1/sensor/finger_right_contact_sensor_2/contact (gz.msgs.Contacts) -> /world/cooperative_transport_friction/model/amir1/link/finger_right_1/sensor/finger_right_contact_sensor_2/contact (ros_gz_interfaces/msg/Contacts)] (Lazy 0)
[parameter_bridge-12] [INFO] [1790606902.779357425] [amir1.finger_contact_bridge]: Creating GZ->ROS Bridge: [/world/cooperative_transport_friction/model/amir1/link/finger_right_1/sensor/finger_right_contact_sensor_3/contact (gz.msgs.Contacts) -> /world/cooperative_transport_friction/model/amir1/link/finger_right_1/sensor/finger_right_contact_sensor_3/contact (ros_gz_interfaces/msg/Contacts)] (Lazy 0)
[parameter_bridge-12] [INFO] [1790606902.779618879] [amir1.finger_contact_bridge]: Creating GZ->ROS Bridge: [/world/cooperative_transport_friction/model/amir1/link/finger_right_1/sensor/finger_right_contact_sensor_4/contact (gz.msgs.Contacts) -> /world/cooperative_transport_friction/model/amir1/link/finger_right_1/sensor/finger_right_contact_sensor_4/contact (ros_gz_interfaces/msg/Contacts)] (Lazy 0)
[parameter_bridge-12] [INFO] [1790606902.780503693] [amir1.finger_contact_bridge]: Creating GZ->ROS Bridge: [/world/cooperative_transport_friction/model/amir1/link/finger_right_1/sensor/finger_right_contact_sensor_5/contact (gz.msgs.Contacts) -> /world/cooperative_transport_friction/model/amir1/link/finger_right_1/sensor/finger_right_contact_sensor_5/contact (ros_gz_interfaces/msg/Contacts)] (Lazy 0)
[parameter_bridge-12] [INFO] [1790606902.780924587] [amir1.finger_contact_bridge]: Creating GZ->ROS Bridge: [/world/cooperative_transport_friction/model/amir1/link/finger_right_1/sensor/finger_right_contact_sensor_6/contact (gz.msgs.Contacts) -> /world/cooperative_transport_friction/model/amir1/link/finger_right_1/sensor/finger_right_contact_sensor_6/contact (ros_gz_interfaces/msg/Contacts)] (Lazy 0)
[parameter_bridge-12] [INFO] [1790606902.781328843] [amir1.finger_contact_bridge]: Creating GZ->ROS Bridge: [/world/cooperative_transport_friction/model/amir1/link/finger_right_1/sensor/finger_right_contact_sensor_7/contact (gz.msgs.Contacts) -> /world/cooperative_transport_friction/model/amir1/link/finger_right_1/sensor/finger_right_contact_sensor_7/contact (ros_gz_interfaces/msg/Contacts)] (Lazy 0)
[parameter_bridge-12] [INFO] [1790606902.781721957] [amir1.finger_contact_bridge]: Creating GZ->ROS Bridge: [/world/cooperative_transport_friction/model/amir1/link/finger_right_1/sensor/finger_right_contact_sensor_8/contact (gz.msgs.Contacts) -> /world/cooperative_transport_friction/model/amir1/link/finger_right_1/sensor/finger_right_contact_sensor_8/contact (ros_gz_interfaces/msg/Contacts)] (Lazy 0)
[rover_twist_relay_ign.py-13] [INFO] [1790606903.015019783] [amir1.rover_twist_relay_ign]: rover_twist_relay_ign: /rover_twist → /mecanum_drive_controller/reference_unstamped
[simulation_startup_gate-9] [INFO] [1790606903.072699693] [amir1.description_ready]: Waiting for description: ['amir1']
[simulation_startup_gate-14] [INFO] [1790606903.107535622] [startup_amir1_controllers_ready]: Waiting for controllers: ['amir1']
[simulation_startup_gate-9] [INFO] [1790606904.064662025] [amir1.description_ready]: Ready: amir1_description_ready
[INFO] [simulation_startup_gate-9]: process has finished cleanly [pid 53743]
[INFO] [create-15]: process started with pid [53919]
[create-15] [INFO] [1790606904.252023278] [amir1.ros_gz_sim]: Requesting list of world names.
[create-15] [INFO] [1790606904.456628840] [amir1.ros_gz_sim]: Requested creation of entity.
[create-15] [INFO] [1790606904.456738852] [amir1.ros_gz_sim]: OK creation of entity.
[ign gazebo-1] [INFO] [1790606904.554277971] [GazeboSimROS2ControlPlugin]: robot_param_node is robot_state_publisher
[ign gazebo-1] [INFO] [1790606904.554298516] [GazeboSimROS2ControlPlugin]: robot_param_node is robot_description
[INFO] [create-15]: process has finished cleanly [pid 53919]
[INFO] [simulation_startup_gate-16]: process started with pid [53951]
[simulation_startup_gate-16] [INFO] [1790606904.860763718] [amir1.manager_ready]: Waiting for manager: ['amir1']
[ign gazebo-1] [INFO] [1790606904.948131685] [amir1.gz_ros2_control]: connected to service!! /amir1/robot_state_publisher asking for robot_description
[ign gazebo-1] [INFO] [1790606905.648008401] [amir1.gz_ros2_control]: Received URDF from param server
[ign gazebo-1] [INFO] [1790606905.665923509] [amir1.gz_ros2_control]: The position_proportional_gain has been set to: 0.1
[ign gazebo-1] [INFO] [1790606905.666029150] [amir1.gz_ros2_control]: Loading joint: front_left_joint
[ign gazebo-1] [INFO] [1790606905.666048628] [amir1.gz_ros2_control]: 	State:
[ign gazebo-1] [INFO] [1790606905.666080748] [amir1.gz_ros2_control]: 		 position
[ign gazebo-1] [INFO] [1790606905.666096808] [amir1.gz_ros2_control]: 		 velocity
[ign gazebo-1] [INFO] [1790606905.666108959] [amir1.gz_ros2_control]: 	Command:
[ign gazebo-1] [INFO] [1790606905.666120944] [amir1.gz_ros2_control]: 		 velocity
[ign gazebo-1] [INFO] [1790606905.666185509] [amir1.gz_ros2_control]: Loading joint: front_right_joint
[ign gazebo-1] [INFO] [1790606905.666200014] [amir1.gz_ros2_control]: 	State:
[ign gazebo-1] [INFO] [1790606905.666211550] [amir1.gz_ros2_control]: 		 position
[ign gazebo-1] [INFO] [1790606905.666224493] [amir1.gz_ros2_control]: 		 velocity
[ign gazebo-1] [INFO] [1790606905.666239081] [amir1.gz_ros2_control]: 	Command:
[ign gazebo-1] [INFO] [1790606905.666246691] [amir1.gz_ros2_control]: 		 velocity
[ign gazebo-1] [INFO] [1790606905.666282347] [amir1.gz_ros2_control]: Loading joint: back_left_joint
[ign gazebo-1] [INFO] [1790606905.666291479] [amir1.gz_ros2_control]: 	State:
[ign gazebo-1] [INFO] [1790606905.666298829] [amir1.gz_ros2_control]: 		 position
[ign gazebo-1] [INFO] [1790606905.666306785] [amir1.gz_ros2_control]: 		 velocity
[ign gazebo-1] [INFO] [1790606905.666313904] [amir1.gz_ros2_control]: 	Command:
[ign gazebo-1] [INFO] [1790606905.666320776] [amir1.gz_ros2_control]: 		 velocity
[ign gazebo-1] [INFO] [1790606905.666349300] [amir1.gz_ros2_control]: Loading joint: back_right_joint
[ign gazebo-1] [INFO] [1790606905.666357778] [amir1.gz_ros2_control]: 	State:
[ign gazebo-1] [INFO] [1790606905.666364875] [amir1.gz_ros2_control]: 		 position
[ign gazebo-1] [INFO] [1790606905.666372022] [amir1.gz_ros2_control]: 		 velocity
[ign gazebo-1] [INFO] [1790606905.666378920] [amir1.gz_ros2_control]: 	Command:
[ign gazebo-1] [INFO] [1790606905.666385925] [amir1.gz_ros2_control]: 		 velocity
[ign gazebo-1] [INFO] [1790606905.666559358] [amir1.gz_ros2_control]: Loading sensor: finger_right_force_sensor
[ign gazebo-1] [INFO] [1790606905.666569883] [amir1.gz_ros2_control]: 	State:
[ign gazebo-1] [WARN] [1790606905.666578832] [amir1.gz_ros2_control]: ForceTorque sensor 'finger_right_force_sensor' not found in hardware_info, skipping.
[ign gazebo-1] [INFO] [1790606905.666588482] [amir1.gz_ros2_control]: Loading sensor: finger_left_force_sensor
[ign gazebo-1] [INFO] [1790606905.666596225] [amir1.gz_ros2_control]: 	State:
[ign gazebo-1] [WARN] [1790606905.666603660] [amir1.gz_ros2_control]: ForceTorque sensor 'finger_left_force_sensor' not found in hardware_info, skipping.
[ign gazebo-1] [INFO] [1790606905.666625576] [resource_manager]: Initialize hardware 'MecanumSystem' 
[ign gazebo-1] [INFO] [1790606905.666715319] [resource_manager]: Successful initialization of hardware 'MecanumSystem'
[ign gazebo-1] [INFO] [1790606905.666766450] [resource_manager]: 'configure' hardware 'MecanumSystem' 
[ign gazebo-1] [INFO] [1790606905.666772743] [amir1.gz_ros2_control]: System Successfully configured!
[ign gazebo-1] [INFO] [1790606905.666785669] [resource_manager]: Successful 'configure' of hardware 'MecanumSystem'
[ign gazebo-1] [INFO] [1790606905.666794832] [resource_manager]: 'activate' hardware 'MecanumSystem' 
[ign gazebo-1] [INFO] [1790606905.666809060] [resource_manager]: Successful 'activate' of hardware 'MecanumSystem'
[ign gazebo-1] [INFO] [1790606905.666953740] [amir1.gz_ros2_control]: The position_proportional_gain has been set to: 0.1
[ign gazebo-1] [INFO] [1790606905.666981433] [amir1.gz_ros2_control]: Loading joint: Joint_1
[ign gazebo-1] [INFO] [1790606905.666990046] [amir1.gz_ros2_control]: 	State:
[ign gazebo-1] [INFO] [1790606905.666997220] [amir1.gz_ros2_control]: 		 position
[ign gazebo-1] [INFO] [1790606905.667006849] [amir1.gz_ros2_control]: 			 found initial value: 0.000000
[ign gazebo-1] [INFO] [1790606905.667017428] [amir1.gz_ros2_control]: 		 velocity
[ign gazebo-1] [INFO] [1790606905.667024889] [amir1.gz_ros2_control]: 	Command:
[ign gazebo-1] [INFO] [1790606905.667035606] [amir1.gz_ros2_control]: 		 position
[ign gazebo-1] [INFO] [1790606905.667080586] [amir1.gz_ros2_control]: Loading joint: Joint_2
[ign gazebo-1] [INFO] [1790606905.667091196] [amir1.gz_ros2_control]: 	State:
[ign gazebo-1] [INFO] [1790606905.667098035] [amir1.gz_ros2_control]: 		 position
[ign gazebo-1] [INFO] [1790606905.667105739] [amir1.gz_ros2_control]: 			 found initial value: 1.400000
[ign gazebo-1] [INFO] [1790606905.667147537] [amir1.gz_ros2_control]: 		 velocity
[ign gazebo-1] [INFO] [1790606905.667155712] [amir1.gz_ros2_control]: 	Command:
[ign gazebo-1] [INFO] [1790606905.667162412] [amir1.gz_ros2_control]: 		 position
[ign gazebo-1] [INFO] [1790606905.667190151] [amir1.gz_ros2_control]: Loading joint: Joint_3
[ign gazebo-1] [INFO] [1790606905.667197498] [amir1.gz_ros2_control]: 	State:
[ign gazebo-1] [INFO] [1790606905.667204024] [amir1.gz_ros2_control]: 		 position
[ign gazebo-1] [INFO] [1790606905.667210619] [amir1.gz_ros2_control]: 			 found initial value: -1.600000
[ign gazebo-1] [INFO] [1790606905.667218660] [amir1.gz_ros2_control]: 		 velocity
[ign gazebo-1] [INFO] [1790606905.667225177] [amir1.gz_ros2_control]: 	Command:
[ign gazebo-1] [INFO] [1790606905.667231441] [amir1.gz_ros2_control]: 		 position
[ign gazebo-1] [INFO] [1790606905.667255621] [amir1.gz_ros2_control]: Loading joint: Joint_4
[ign gazebo-1] [INFO] [1790606905.667262592] [amir1.gz_ros2_control]: 	State:
[ign gazebo-1] [INFO] [1790606905.667268978] [amir1.gz_ros2_control]: 		 position
[ign gazebo-1] [INFO] [1790606905.667276061] [amir1.gz_ros2_control]: 			 found initial value: 0.200000
[ign gazebo-1] [INFO] [1790606905.667285615] [amir1.gz_ros2_control]: 		 velocity
[ign gazebo-1] [INFO] [1790606905.667292382] [amir1.gz_ros2_control]: 	Command:
[ign gazebo-1] [INFO] [1790606905.667298692] [amir1.gz_ros2_control]: 		 position
[ign gazebo-1] [INFO] [1790606905.667322806] [amir1.gz_ros2_control]: Loading joint: Joint_5
[ign gazebo-1] [INFO] [1790606905.667331075] [amir1.gz_ros2_control]: 	State:
[ign gazebo-1] [INFO] [1790606905.667337644] [amir1.gz_ros2_control]: 		 position
[ign gazebo-1] [INFO] [1790606905.667351945] [amir1.gz_ros2_control]: 			 found initial value: 1.570796
[ign gazebo-1] [INFO] [1790606905.667360440] [amir1.gz_ros2_control]: 		 velocity
[ign gazebo-1] [INFO] [1790606905.667367008] [amir1.gz_ros2_control]: 	Command:
[ign gazebo-1] [INFO] [1790606905.667373626] [amir1.gz_ros2_control]: 		 position
[ign gazebo-1] [INFO] [1790606905.667396030] [amir1.gz_ros2_control]: Loading joint: Gripper
[ign gazebo-1] [INFO] [1790606905.667403534] [amir1.gz_ros2_control]: 	State:
[ign gazebo-1] [INFO] [1790606905.667410023] [amir1.gz_ros2_control]: 		 position
[ign gazebo-1] [INFO] [1790606905.667416648] [amir1.gz_ros2_control]: 			 found initial value: -1.000000
[ign gazebo-1] [INFO] [1790606905.667424239] [amir1.gz_ros2_control]: 		 velocity
[ign gazebo-1] [INFO] [1790606905.667430639] [amir1.gz_ros2_control]: 	Command:
[ign gazebo-1] [INFO] [1790606905.667437075] [amir1.gz_ros2_control]: 		 position
[ign gazebo-1] [INFO] [1790606905.667460779] [amir1.gz_ros2_control]: Loading joint: left_inner_back_joint
[ign gazebo-1] [INFO] [1790606905.667473801] [amir1.gz_ros2_control]: Joint 'left_inner_back_joint'is mimicking joint 'Gripper' with multiplier: 1
[ign gazebo-1] [INFO] [1790606905.667482395] [amir1.gz_ros2_control]: 	State:
[ign gazebo-1] [INFO] [1790606905.667488837] [amir1.gz_ros2_control]: 		 position
[ign gazebo-1] [INFO] [1790606905.667495746] [amir1.gz_ros2_control]: 		 velocity
[ign gazebo-1] [INFO] [1790606905.667502573] [amir1.gz_ros2_control]: 	Command:
[ign gazebo-1] [INFO] [1790606905.667508914] [amir1.gz_ros2_control]: 		 position
[ign gazebo-1] [INFO] [1790606905.667539732] [amir1.gz_ros2_control]: Loading joint: right_outer_back_joint
[ign gazebo-1] [INFO] [1790606905.667549667] [amir1.gz_ros2_control]: Joint 'right_outer_back_joint'is mimicking joint 'Gripper' with multiplier: 1
[ign gazebo-1] [INFO] [1790606905.667557193] [amir1.gz_ros2_control]: 	State:
[ign gazebo-1] [INFO] [1790606905.667564257] [amir1.gz_ros2_control]: 		 position
[ign gazebo-1] [INFO] [1790606905.667570938] [amir1.gz_ros2_control]: 		 velocity
[ign gazebo-1] [INFO] [1790606905.667577714] [amir1.gz_ros2_control]: 	Command:
[ign gazebo-1] [INFO] [1790606905.667584347] [amir1.gz_ros2_control]: 		 position
[ign gazebo-1] [INFO] [1790606905.667612377] [amir1.gz_ros2_control]: Loading joint: left_outer_back_joint
[ign gazebo-1] [INFO] [1790606905.667623942] [amir1.gz_ros2_control]: Joint 'left_outer_back_joint'is mimicking joint 'Gripper' with multiplier: 1
[ign gazebo-1] [INFO] [1790606905.667650180] [amir1.gz_ros2_control]: 	State:
[ign gazebo-1] [INFO] [1790606905.667658165] [amir1.gz_ros2_control]: 		 position
[ign gazebo-1] [INFO] [1790606905.667672944] [amir1.gz_ros2_control]: 		 velocity
[ign gazebo-1] [INFO] [1790606905.667679902] [amir1.gz_ros2_control]: 	Command:
[ign gazebo-1] [INFO] [1790606905.667686442] [amir1.gz_ros2_control]: 		 position
[ign gazebo-1] [INFO] [1790606905.667718556] [amir1.gz_ros2_control]: Loading joint: right_inner_front_joint
[ign gazebo-1] [INFO] [1790606905.667727927] [amir1.gz_ros2_control]: Joint 'right_inner_front_joint'is mimicking joint 'Gripper' with multiplier: 1
[ign gazebo-1] [INFO] [1790606905.667743469] [amir1.gz_ros2_control]: 	State:
[ign gazebo-1] [INFO] [1790606905.667752394] [amir1.gz_ros2_control]: 		 position
[ign gazebo-1] [INFO] [1790606905.667770615] [amir1.gz_ros2_control]: 		 velocity
[ign gazebo-1] [INFO] [1790606905.667777562] [amir1.gz_ros2_control]: 	Command:
[ign gazebo-1] [INFO] [1790606905.667783950] [amir1.gz_ros2_control]: 		 position
[ign gazebo-1] [INFO] [1790606905.667809719] [amir1.gz_ros2_control]: Loading joint: left_inner_front_joint
[ign gazebo-1] [INFO] [1790606905.667818846] [amir1.gz_ros2_control]: Joint 'left_inner_front_joint'is mimicking joint 'Gripper' with multiplier: 1
[ign gazebo-1] [INFO] [1790606905.667826124] [amir1.gz_ros2_control]: 	State:
[ign gazebo-1] [INFO] [1790606905.667832632] [amir1.gz_ros2_control]: 		 position
[ign gazebo-1] [INFO] [1790606905.667839694] [amir1.gz_ros2_control]: 		 velocity
[ign gazebo-1] [INFO] [1790606905.667846437] [amir1.gz_ros2_control]: 	Command:
[ign gazebo-1] [INFO] [1790606905.667852841] [amir1.gz_ros2_control]: 		 position
[ign gazebo-1] [INFO] [1790606905.667873121] [amir1.gz_ros2_control]: Loading sensor: finger_right_force_sensor
[ign gazebo-1] [INFO] [1790606905.667881781] [amir1.gz_ros2_control]: 	State:
[ign gazebo-1] [WARN] [1790606905.667889146] [amir1.gz_ros2_control]: ForceTorque sensor 'finger_right_force_sensor' not found in hardware_info, skipping.
[ign gazebo-1] [INFO] [1790606905.667896988] [amir1.gz_ros2_control]: Loading sensor: finger_left_force_sensor
[ign gazebo-1] [INFO] [1790606905.667905784] [amir1.gz_ros2_control]: 	State:
[ign gazebo-1] [WARN] [1790606905.667912716] [amir1.gz_ros2_control]: ForceTorque sensor 'finger_left_force_sensor' not found in hardware_info, skipping.
[ign gazebo-1] [INFO] [1790606905.667920231] [resource_manager]: Initialize hardware 'AmirGazeboSystem' 
[ign gazebo-1] [INFO] [1790606905.667945011] [resource_manager]: Successful initialization of hardware 'AmirGazeboSystem'
[ign gazebo-1] [INFO] [1790606905.667980864] [resource_manager]: 'configure' hardware 'AmirGazeboSystem' 
[ign gazebo-1] [INFO] [1790606905.667985691] [amir1.gz_ros2_control]: System Successfully configured!
[ign gazebo-1] [INFO] [1790606905.667995358] [resource_manager]: Successful 'configure' of hardware 'AmirGazeboSystem'
[ign gazebo-1] [INFO] [1790606905.668008932] [resource_manager]: 'activate' hardware 'AmirGazeboSystem' 
[ign gazebo-1] [INFO] [1790606905.668015461] [resource_manager]: Successful 'activate' of hardware 'AmirGazeboSystem'
[ign gazebo-1] [INFO] [1790606905.668020970] [amir1.gz_ros2_control]: Loading controller_manager
[simulation_startup_gate-16] [INFO] [1790606906.653054052] [amir1.manager_ready]: Ready: amir1_manager_ready
[INFO] [simulation_startup_gate-16]: process has finished cleanly [pid 53951]
[INFO] [spawner-17]: process started with pid [54026]
[spawner-17] [INFO] [1790606907.026737623] [amir1.spawner_joint_state_broadcaster]: waiting for service /amir1/controller_manager/list_controllers to become available...
[ign gazebo-1] [INFO] [1790606907.780602253] [amir1.controller_manager]: Loading controller 'joint_state_broadcaster'
[spawner-17] [INFO] [1790606907.798302143] [amir1.spawner_joint_state_broadcaster]: [94mLoaded [1mjoint_state_broadcaster[0m
[ign gazebo-1] [INFO] [1790606907.799717970] [amir1.controller_manager]: Configuring controller 'joint_state_broadcaster'
[ign gazebo-1] [INFO] [1790606907.799884376] [amir1.joint_state_broadcaster]: 'joints' or 'interfaces' parameter is empty. All available state interfaces will be published
[spawner-17] [INFO] [1790606907.818405593] [amir1.spawner_joint_state_broadcaster]: [92mConfigured and activated [1mjoint_state_broadcaster[0m
[INFO] [spawner-17]: process has finished cleanly [pid 54026]
[INFO] [spawner-18]: process started with pid [54067]
[spawner-18] [INFO] [1790606908.197841101] [amir1.spawner_arm_controller]: waiting for service /amir1/controller_manager/list_controllers to become available...
[spawner-18] [INFO] [1790606909.221761351] [amir1.spawner_arm_controller]: [96mSetting controller param "type" to "joint_trajectory_controller/JointTrajectoryController" for [1marm_controller[0m
[spawner-18] [INFO] [1790606909.233732873] [amir1.spawner_arm_controller]: [96mSetting controller param "params_file" to "['/home/dars5070/ros2_humble_ws/install/amir_gazebo/share/amir_gazebo/config/arm_controllers.yaml']" for [1marm_controller[0m
[ign gazebo-1] [INFO] [1790606909.241086637] [amir1.controller_manager]: Loading controller 'arm_controller'
[ign gazebo-1] [WARN] [1790606909.250216066] [amir1.arm_controller]: [Deprecated]: "allow_nonzero_velocity_at_trajectory_end" is set to true. The default behavior will change to false.
[spawner-18] [INFO] [1790606909.254289947] [amir1.spawner_arm_controller]: [94mLoaded [1marm_controller[0m
[ign gazebo-1] [INFO] [1790606909.255730927] [amir1.controller_manager]: Configuring controller 'arm_controller'
[ign gazebo-1] [INFO] [1790606909.255929791] [amir1.arm_controller]: No specific joint names are used for command interfaces. Using 'joints' parameter.
[ign gazebo-1] [INFO] [1790606909.255954084] [amir1.arm_controller]: Command interfaces are [position] and state interfaces are [position velocity].
[ign gazebo-1] [INFO] [1790606909.255981070] [amir1.arm_controller]: Using 'splines' interpolation method.
[ign gazebo-1] [INFO] [1790606909.256980023] [amir1.arm_controller]: Controller state will be published at 100.00 Hz.
[ign gazebo-1] [INFO] [1790606909.259296988] [amir1.arm_controller]: Goals with partial set of joints are allowed
[ign gazebo-1] [INFO] [1790606909.259340163] [amir1.arm_controller]: Action status changes will be monitored at 20.00 Hz.
[spawner-18] [INFO] [1790606909.277389788] [amir1.spawner_arm_controller]: [92mConfigured and activated [1marm_controller[0m
[INFO] [spawner-18]: process has finished cleanly [pid 54067]
[INFO] [spawner-19]: process started with pid [54108]
[spawner-19] [INFO] [1790606909.622140874] [amir1.spawner_mecanum_drive_controller]: waiting for service /amir1/controller_manager/list_controllers to become available...
[ign gazebo-1] [INFO] [1790606911.628022114] [amir1.controller_manager]: Loading controller 'mecanum_drive_controller'
[spawner-19] [INFO] [1790606911.646126240] [amir1.spawner_mecanum_drive_controller]: [94mLoaded [1mmecanum_drive_controller[0m
[ign gazebo-1] [INFO] [1790606911.646837242] [amir1.controller_manager]: Configuring controller 'mecanum_drive_controller'
[ign gazebo-1] [INFO] [1790606911.650933437] [amir1.mecanum_drive_controller]: MecanumDriveController configured successfully
[spawner-19] [INFO] [1790606911.660229854] [amir1.spawner_mecanum_drive_controller]: [92mConfigured and activated [1mmecanum_drive_controller[0m
[INFO] [spawner-19]: process has finished cleanly [pid 54108]
[INFO] [spawner-20]: process started with pid [54156]
[spawner-20] [INFO] [1790606912.350902082] [amir1.spawner_gripper_controller]: waiting for service /amir1/controller_manager/list_controllers to become available...
[spawner-20] [INFO] [1790606912.853703789] [amir1.spawner_gripper_controller]: [96mSetting controller param "type" to "position_controllers/GripperActionController" for [1mgripper_controller[0m
[spawner-20] [INFO] [1790606912.858363225] [amir1.spawner_gripper_controller]: [96mSetting controller param "params_file" to "['/home/dars5070/ros2_humble_ws/install/amir_gazebo/share/amir_gazebo/config/arm_controllers.yaml']" for [1mgripper_controller[0m
[ign gazebo-1] [INFO] [1790606912.861851429] [amir1.controller_manager]: Loading controller 'gripper_controller'
[spawner-20] [INFO] [1790606912.871796596] [amir1.spawner_gripper_controller]: [94mLoaded [1mgripper_controller[0m
[ign gazebo-1] [INFO] [1790606912.872460164] [amir1.controller_manager]: Configuring controller 'gripper_controller'
[ign gazebo-1] [INFO] [1790606912.872538062] [amir1.gripper_controller]: Action status changes will be monitored at 20.000000 Hz.
[spawner-20] [INFO] [1790606912.883648678] [amir1.spawner_gripper_controller]: [92mConfigured and activated [1mgripper_controller[0m
[INFO] [spawner-20]: process has finished cleanly [pid 54156]
[simulation_startup_gate-14] [INFO] [1790606913.698786106] [startup_amir1_controllers_ready]: Ready: amir1_controllers_ready
[INFO] [simulation_startup_gate-14]: process has finished cleanly [pid 53753]
[INFO] [robot_state_publisher-21]: process started with pid [54199]
[INFO] [simulation_startup_gate-22]: process started with pid [54201]
[INFO] [parameter_bridge-23]: process started with pid [54203]
[INFO] [parameter_bridge-24]: process started with pid [54205]
[INFO] [parameter_bridge-25]: process started with pid [54207]
[INFO] [rover_twist_relay_ign.py-26]: process started with pid [54209]
[INFO] [simulation_startup_gate-27]: process started with pid [54221]
[robot_state_publisher-21] [INFO] [1790606914.135950009] [amir2.robot_state_publisher]: got segment back_left_arm
[robot_state_publisher-21] [INFO] [1790606914.136069870] [amir2.robot_state_publisher]: got segment back_left_wheel_1
[robot_state_publisher-21] [INFO] [1790606914.136079686] [amir2.robot_state_publisher]: got segment back_right_arm
[robot_state_publisher-21] [INFO] [1790606914.136084092] [amir2.robot_state_publisher]: got segment back_right_wheel_1
[robot_state_publisher-21] [INFO] [1790606914.136088285] [amir2.robot_state_publisher]: got segment base_footprint
[robot_state_publisher-21] [INFO] [1790606914.136092472] [amir2.robot_state_publisher]: got segment base_link
[robot_state_publisher-21] [INFO] [1790606914.136096167] [amir2.robot_state_publisher]: got segment finger_left_1
[robot_state_publisher-21] [INFO] [1790606914.136100163] [amir2.robot_state_publisher]: got segment finger_right_1
[robot_state_publisher-21] [INFO] [1790606914.136104372] [amir2.robot_state_publisher]: got segment front_left_arm
[robot_state_publisher-21] [INFO] [1790606914.136108836] [amir2.robot_state_publisher]: got segment front_left_wheel_1
[robot_state_publisher-21] [INFO] [1790606914.136113551] [amir2.robot_state_publisher]: got segment front_lrf_link
[robot_state_publisher-21] [INFO] [1790606914.136118226] [amir2.robot_state_publisher]: got segment front_right_arm
[robot_state_publisher-21] [INFO] [1790606914.136123014] [amir2.robot_state_publisher]: got segment front_right_wheel_1
[robot_state_publisher-21] [INFO] [1790606914.136127699] [amir2.robot_state_publisher]: got segment gripper_base_1
[robot_state_publisher-21] [INFO] [1790606914.136131853] [amir2.robot_state_publisher]: got segment inner_link_left_1
[robot_state_publisher-21] [INFO] [1790606914.136135760] [amir2.robot_state_publisher]: got segment inner_link_right_1
[robot_state_publisher-21] [INFO] [1790606914.136139517] [amir2.robot_state_publisher]: got segment link0_1
[robot_state_publisher-21] [INFO] [1790606914.136143540] [amir2.robot_state_publisher]: got segment link1_1
[robot_state_publisher-21] [INFO] [1790606914.136147382] [amir2.robot_state_publisher]: got segment link2_1
[robot_state_publisher-21] [INFO] [1790606914.136150941] [amir2.robot_state_publisher]: got segment link3_1
[robot_state_publisher-21] [INFO] [1790606914.136154691] [amir2.robot_state_publisher]: got segment link4_1
[robot_state_publisher-21] [INFO] [1790606914.136158375] [amir2.robot_state_publisher]: got segment outer_link_left_1
[robot_state_publisher-21] [INFO] [1790606914.136162530] [amir2.robot_state_publisher]: got segment outer_link_right_1
[robot_state_publisher-21] [INFO] [1790606914.136166524] [amir2.robot_state_publisher]: got segment tcp_link
[parameter_bridge-24] [INFO] [1790606914.138052908] [amir2.finger_ft_bridge]: Creating GZ->ROS Bridge: [/amir2/finger_left_wrench (gz.msgs.Wrench) -> /amir2/finger_left_wrench (geometry_msgs/msg/WrenchStamped)] (Lazy 0)
[parameter_bridge-25] [INFO] [1790606914.138328397] [amir2.finger_contact_bridge]: Creating GZ->ROS Bridge: [/world/cooperative_transport_friction/model/amir2/link/finger_left_1/sensor/finger_left_contact_sensor/contact (gz.msgs.Contacts) -> /world/cooperative_transport_friction/model/amir2/link/finger_left_1/sensor/finger_left_contact_sensor/contact (ros_gz_interfaces/msg/Contacts)] (Lazy 0)
[parameter_bridge-23] [INFO] [1790606914.139032929] [amir2.odom_bridge]: Creating GZ->ROS Bridge: [/amir2/odom (gz.msgs.Odometry) -> /amir2/odom (nav_msgs/msg/Odometry)] (Lazy 0)
[parameter_bridge-24] [INFO] [1790606914.139395597] [amir2.finger_ft_bridge]: Creating GZ->ROS Bridge: [/amir2/finger_right_wrench (gz.msgs.Wrench) -> /amir2/finger_right_wrench (geometry_msgs/msg/WrenchStamped)] (Lazy 0)
[parameter_bridge-25] [INFO] [1790606914.140330159] [amir2.finger_contact_bridge]: Creating GZ->ROS Bridge: [/world/cooperative_transport_friction/model/amir2/link/finger_left_1/sensor/finger_left_contact_sensor_1/contact (gz.msgs.Contacts) -> /world/cooperative_transport_friction/model/amir2/link/finger_left_1/sensor/finger_left_contact_sensor_1/contact (ros_gz_interfaces/msg/Contacts)] (Lazy 0)
[parameter_bridge-23] [INFO] [1790606914.140587175] [amir2.odom_bridge]: Creating GZ->ROS Bridge: [/amir2/odom/tf (gz.msgs.Pose_V) -> /amir2/odom/tf (tf2_msgs/msg/TFMessage)] (Lazy 0)
[parameter_bridge-25] [INFO] [1790606914.140728180] [amir2.finger_contact_bridge]: Creating GZ->ROS Bridge: [/world/cooperative_transport_friction/model/amir2/link/finger_left_1/sensor/finger_left_contact_sensor_2/contact (gz.msgs.Contacts) -> /world/cooperative_transport_friction/model/amir2/link/finger_left_1/sensor/finger_left_contact_sensor_2/contact (ros_gz_interfaces/msg/Contacts)] (Lazy 0)
[parameter_bridge-25] [INFO] [1790606914.141060193] [amir2.finger_contact_bridge]: Creating GZ->ROS Bridge: [/world/cooperative_transport_friction/model/amir2/link/finger_left_1/sensor/finger_left_contact_sensor_3/contact (gz.msgs.Contacts) -> /world/cooperative_transport_friction/model/amir2/link/finger_left_1/sensor/finger_left_contact_sensor_3/contact (ros_gz_interfaces/msg/Contacts)] (Lazy 0)
[parameter_bridge-25] [INFO] [1790606914.141403749] [amir2.finger_contact_bridge]: Creating GZ->ROS Bridge: [/world/cooperative_transport_friction/model/amir2/link/finger_left_1/sensor/finger_left_contact_sensor_4/contact (gz.msgs.Contacts) -> /world/cooperative_transport_friction/model/amir2/link/finger_left_1/sensor/finger_left_contact_sensor_4/contact (ros_gz_interfaces/msg/Contacts)] (Lazy 0)
[parameter_bridge-25] [INFO] [1790606914.142152449] [amir2.finger_contact_bridge]: Creating GZ->ROS Bridge: [/world/cooperative_transport_friction/model/amir2/link/finger_left_1/sensor/finger_left_contact_sensor_5/contact (gz.msgs.Contacts) -> /world/cooperative_transport_friction/model/amir2/link/finger_left_1/sensor/finger_left_contact_sensor_5/contact (ros_gz_interfaces/msg/Contacts)] (Lazy 0)
[parameter_bridge-25] [INFO] [1790606914.142818936] [amir2.finger_contact_bridge]: Creating GZ->ROS Bridge: [/world/cooperative_transport_friction/model/amir2/link/finger_left_1/sensor/finger_left_contact_sensor_6/contact (gz.msgs.Contacts) -> /world/cooperative_transport_friction/model/amir2/link/finger_left_1/sensor/finger_left_contact_sensor_6/contact (ros_gz_interfaces/msg/Contacts)] (Lazy 0)
[parameter_bridge-25] [INFO] [1790606914.144587433] [amir2.finger_contact_bridge]: Creating GZ->ROS Bridge: [/world/cooperative_transport_friction/model/amir2/link/finger_left_1/sensor/finger_left_contact_sensor_7/contact (gz.msgs.Contacts) -> /world/cooperative_transport_friction/model/amir2/link/finger_left_1/sensor/finger_left_contact_sensor_7/contact (ros_gz_interfaces/msg/Contacts)] (Lazy 0)
[parameter_bridge-25] [INFO] [1790606914.145113473] [amir2.finger_contact_bridge]: Creating GZ->ROS Bridge: [/world/cooperative_transport_friction/model/amir2/link/finger_left_1/sensor/finger_left_contact_sensor_8/contact (gz.msgs.Contacts) -> /world/cooperative_transport_friction/model/amir2/link/finger_left_1/sensor/finger_left_contact_sensor_8/contact (ros_gz_interfaces/msg/Contacts)] (Lazy 0)
[parameter_bridge-25] [INFO] [1790606914.145514494] [amir2.finger_contact_bridge]: Creating GZ->ROS Bridge: [/world/cooperative_transport_friction/model/amir2/link/finger_right_1/sensor/finger_right_contact_sensor/contact (gz.msgs.Contacts) -> /world/cooperative_transport_friction/model/amir2/link/finger_right_1/sensor/finger_right_contact_sensor/contact (ros_gz_interfaces/msg/Contacts)] (Lazy 0)
[parameter_bridge-25] [INFO] [1790606914.145863244] [amir2.finger_contact_bridge]: Creating GZ->ROS Bridge: [/world/cooperative_transport_friction/model/amir2/link/finger_right_1/sensor/finger_right_contact_sensor_1/contact (gz.msgs.Contacts) -> /world/cooperative_transport_friction/model/amir2/link/finger_right_1/sensor/finger_right_contact_sensor_1/contact (ros_gz_interfaces/msg/Contacts)] (Lazy 0)
[parameter_bridge-25] [INFO] [1790606914.146250128] [amir2.finger_contact_bridge]: Creating GZ->ROS Bridge: [/world/cooperative_transport_friction/model/amir2/link/finger_right_1/sensor/finger_right_contact_sensor_2/contact (gz.msgs.Contacts) -> /world/cooperative_transport_friction/model/amir2/link/finger_right_1/sensor/finger_right_contact_sensor_2/contact (ros_gz_interfaces/msg/Contacts)] (Lazy 0)
[parameter_bridge-25] [INFO] [1790606914.146629392] [amir2.finger_contact_bridge]: Creating GZ->ROS Bridge: [/world/cooperative_transport_friction/model/amir2/link/finger_right_1/sensor/finger_right_contact_sensor_3/contact (gz.msgs.Contacts) -> /world/cooperative_transport_friction/model/amir2/link/finger_right_1/sensor/finger_right_contact_sensor_3/contact (ros_gz_interfaces/msg/Contacts)] (Lazy 0)
[parameter_bridge-25] [INFO] [1790606914.147024563] [amir2.finger_contact_bridge]: Creating GZ->ROS Bridge: [/world/cooperative_transport_friction/model/amir2/link/finger_right_1/sensor/finger_right_contact_sensor_4/contact (gz.msgs.Contacts) -> /world/cooperative_transport_friction/model/amir2/link/finger_right_1/sensor/finger_right_contact_sensor_4/contact (ros_gz_interfaces/msg/Contacts)] (Lazy 0)
[parameter_bridge-25] [INFO] [1790606914.148104524] [amir2.finger_contact_bridge]: Creating GZ->ROS Bridge: [/world/cooperative_transport_friction/model/amir2/link/finger_right_1/sensor/finger_right_contact_sensor_5/contact (gz.msgs.Contacts) -> /world/cooperative_transport_friction/model/amir2/link/finger_right_1/sensor/finger_right_contact_sensor_5/contact (ros_gz_interfaces/msg/Contacts)] (Lazy 0)
[parameter_bridge-25] [INFO] [1790606914.148698124] [amir2.finger_contact_bridge]: Creating GZ->ROS Bridge: [/world/cooperative_transport_friction/model/amir2/link/finger_right_1/sensor/finger_right_contact_sensor_6/contact (gz.msgs.Contacts) -> /world/cooperative_transport_friction/model/amir2/link/finger_right_1/sensor/finger_right_contact_sensor_6/contact (ros_gz_interfaces/msg/Contacts)] (Lazy 0)
[parameter_bridge-25] [INFO] [1790606914.149281748] [amir2.finger_contact_bridge]: Creating GZ->ROS Bridge: [/world/cooperative_transport_friction/model/amir2/link/finger_right_1/sensor/finger_right_contact_sensor_7/contact (gz.msgs.Contacts) -> /world/cooperative_transport_friction/model/amir2/link/finger_right_1/sensor/finger_right_contact_sensor_7/contact (ros_gz_interfaces/msg/Contacts)] (Lazy 0)
[parameter_bridge-25] [INFO] [1790606914.150212482] [amir2.finger_contact_bridge]: Creating GZ->ROS Bridge: [/world/cooperative_transport_friction/model/amir2/link/finger_right_1/sensor/finger_right_contact_sensor_8/contact (gz.msgs.Contacts) -> /world/cooperative_transport_friction/model/amir2/link/finger_right_1/sensor/finger_right_contact_sensor_8/contact (ros_gz_interfaces/msg/Contacts)] (Lazy 0)
[rover_twist_relay_ign.py-26] [INFO] [1790606914.400848483] [amir2.rover_twist_relay_ign]: rover_twist_relay_ign: /rover_twist → /mecanum_drive_controller/reference_unstamped
[simulation_startup_gate-22] [INFO] [1790606914.490460949] [amir2.description_ready]: Waiting for description: ['amir2']
[simulation_startup_gate-27] [INFO] [1790606914.522387764] [startup_robots_ready]: Waiting for controllers: ['amir2']
[simulation_startup_gate-22] [INFO] [1790606915.480432247] [amir2.description_ready]: Ready: amir2_description_ready
[INFO] [simulation_startup_gate-22]: process has finished cleanly [pid 54201]
[INFO] [create-28]: process started with pid [54377]
[create-28] [INFO] [1790606915.671317745] [amir2.ros_gz_sim]: Requesting list of world names.
[create-28] [INFO] [1790606915.874769694] [amir2.ros_gz_sim]: Requested creation of entity.
[create-28] [INFO] [1790606915.874873672] [amir2.ros_gz_sim]: OK creation of entity.
[ign gazebo-1] [INFO] [1790606915.968443392] [GazeboSimROS2ControlPlugin]: robot_param_node is robot_state_publisher
[ign gazebo-1] [INFO] [1790606915.968467051] [GazeboSimROS2ControlPlugin]: robot_param_node is robot_description
[ign gazebo-1] [INFO] [1790606915.975466035] [amir2.gz_ros2_control]: connected to service!! /amir2/robot_state_publisher asking for robot_description
[ign gazebo-1] [INFO] [1790606915.975735216] [amir2.gz_ros2_control]: Received URDF from param server
[ign gazebo-1] [INFO] [1790606915.978850633] [amir2.gz_ros2_control]: The position_proportional_gain has been set to: 0.1
[ign gazebo-1] [INFO] [1790606915.978890548] [amir2.gz_ros2_control]: Loading joint: front_left_joint
[ign gazebo-1] [INFO] [1790606915.978895570] [amir2.gz_ros2_control]: 	State:
[ign gazebo-1] [INFO] [1790606915.978898720] [amir2.gz_ros2_control]: 		 position
[ign gazebo-1] [INFO] [1790606915.978901977] [amir2.gz_ros2_control]: 		 velocity
[ign gazebo-1] [INFO] [1790606915.978904583] [amir2.gz_ros2_control]: 	Command:
[ign gazebo-1] [INFO] [1790606915.978906956] [amir2.gz_ros2_control]: 		 velocity
[ign gazebo-1] [INFO] [1790606915.978940275] [amir2.gz_ros2_control]: Loading joint: front_right_joint
[ign gazebo-1] [INFO] [1790606915.978944046] [amir2.gz_ros2_control]: 	State:
[ign gazebo-1] [INFO] [1790606915.978947063] [amir2.gz_ros2_control]: 		 position
[ign gazebo-1] [INFO] [1790606915.978950105] [amir2.gz_ros2_control]: 		 velocity
[ign gazebo-1] [INFO] [1790606915.978953153] [amir2.gz_ros2_control]: 	Command:
[ign gazebo-1] [INFO] [1790606915.978955597] [amir2.gz_ros2_control]: 		 velocity
[ign gazebo-1] [INFO] [1790606915.978972712] [amir2.gz_ros2_control]: Loading joint: back_left_joint
[ign gazebo-1] [INFO] [1790606915.978976028] [amir2.gz_ros2_control]: 	State:
[ign gazebo-1] [INFO] [1790606915.978978728] [amir2.gz_ros2_control]: 		 position
[ign gazebo-1] [INFO] [1790606915.978981646] [amir2.gz_ros2_control]: 		 velocity
[ign gazebo-1] [INFO] [1790606915.978984248] [amir2.gz_ros2_control]: 	Command:
[ign gazebo-1] [INFO] [1790606915.978986805] [amir2.gz_ros2_control]: 		 velocity
[ign gazebo-1] [INFO] [1790606915.979003550] [amir2.gz_ros2_control]: Loading joint: back_right_joint
[ign gazebo-1] [INFO] [1790606915.979008369] [amir2.gz_ros2_control]: 	State:
[ign gazebo-1] [INFO] [1790606915.979012930] [amir2.gz_ros2_control]: 		 position
[ign gazebo-1] [INFO] [1790606915.979016900] [amir2.gz_ros2_control]: 		 velocity
[ign gazebo-1] [INFO] [1790606915.979021178] [amir2.gz_ros2_control]: 	Command:
[ign gazebo-1] [INFO] [1790606915.979025393] [amir2.gz_ros2_control]: 		 velocity
[ign gazebo-1] [INFO] [1790606915.979040452] [amir2.gz_ros2_control]: Loading sensor: finger_right_force_sensor
[ign gazebo-1] [INFO] [1790606915.979046507] [amir2.gz_ros2_control]: Topic name: /amir1/finger_right_wrench
[ign gazebo-1] [INFO] [1790606915.979051039] [amir2.gz_ros2_control]: 	State:
[ign gazebo-1] [WARN] [1790606915.979054742] [amir2.gz_ros2_control]: ForceTorque sensor 'finger_right_force_sensor' not found in hardware_info, skipping.
[ign gazebo-1] [INFO] [1790606915.979058494] [amir2.gz_ros2_control]: Loading sensor: finger_left_force_sensor
[ign gazebo-1] [INFO] [1790606915.979065898] [amir2.gz_ros2_control]: Topic name: /amir1/finger_left_wrench
[ign gazebo-1] [INFO] [1790606915.979068831] [amir2.gz_ros2_control]: 	State:
[ign gazebo-1] [WARN] [1790606915.979071560] [amir2.gz_ros2_control]: ForceTorque sensor 'finger_left_force_sensor' not found in hardware_info, skipping.
[ign gazebo-1] [INFO] [1790606915.979075131] [amir2.gz_ros2_control]: Loading sensor: finger_right_force_sensor
[ign gazebo-1] [INFO] [1790606915.979077893] [amir2.gz_ros2_control]: 	State:
[ign gazebo-1] [WARN] [1790606915.979080679] [amir2.gz_ros2_control]: ForceTorque sensor 'finger_right_force_sensor' not found in hardware_info, skipping.
[ign gazebo-1] [INFO] [1790606915.979083678] [amir2.gz_ros2_control]: Loading sensor: finger_left_force_sensor
[ign gazebo-1] [INFO] [1790606915.979086409] [amir2.gz_ros2_control]: 	State:
[ign gazebo-1] [WARN] [1790606915.979089362] [amir2.gz_ros2_control]: ForceTorque sensor 'finger_left_force_sensor' not found in hardware_info, skipping.
[ign gazebo-1] [INFO] [1790606915.979093262] [resource_manager]: Initialize hardware 'MecanumSystem' 
[ign gazebo-1] [INFO] [1790606915.979105781] [resource_manager]: Successful initialization of hardware 'MecanumSystem'
[ign gazebo-1] [INFO] [1790606915.979116626] [resource_manager]: 'configure' hardware 'MecanumSystem' 
[ign gazebo-1] [INFO] [1790606915.979118895] [amir2.gz_ros2_control]: System Successfully configured!
[ign gazebo-1] [INFO] [1790606915.979123101] [resource_manager]: Successful 'configure' of hardware 'MecanumSystem'
[ign gazebo-1] [INFO] [1790606915.979126610] [resource_manager]: 'activate' hardware 'MecanumSystem' 
[ign gazebo-1] [INFO] [1790606915.979152649] [resource_manager]: Successful 'activate' of hardware 'MecanumSystem'
[ign gazebo-1] [INFO] [1790606915.979198365] [amir2.gz_ros2_control]: The position_proportional_gain has been set to: 0.1
[ign gazebo-1] [INFO] [1790606915.979212450] [amir2.gz_ros2_control]: Loading joint: Joint_1
[ign gazebo-1] [INFO] [1790606915.979216390] [amir2.gz_ros2_control]: 	State:
[ign gazebo-1] [INFO] [1790606915.979219321] [amir2.gz_ros2_control]: 		 position
[ign gazebo-1] [INFO] [1790606915.979222581] [amir2.gz_ros2_control]: 			 found initial value: 0.000000
[ign gazebo-1] [INFO] [1790606915.979226675] [amir2.gz_ros2_control]: 		 velocity
[ign gazebo-1] [INFO] [1790606915.979229925] [amir2.gz_ros2_control]: 	Command:
[ign gazebo-1] [INFO] [1790606915.979235713] [amir2.gz_ros2_control]: 		 position
[ign gazebo-1] [INFO] [1790606915.979255282] [amir2.gz_ros2_control]: Loading joint: Joint_2
[ign gazebo-1] [INFO] [1790606915.979259171] [amir2.gz_ros2_control]: 	State:
[ign gazebo-1] [INFO] [1790606915.979261923] [amir2.gz_ros2_control]: 		 position
[ign gazebo-1] [INFO] [1790606915.979265059] [amir2.gz_ros2_control]: 			 found initial value: 1.400000
[ign gazebo-1] [INFO] [1790606915.979268483] [amir2.gz_ros2_control]: 		 velocity
[ign gazebo-1] [INFO] [1790606915.979271126] [amir2.gz_ros2_control]: 	Command:
[ign gazebo-1] [INFO] [1790606915.979273747] [amir2.gz_ros2_control]: 		 position
[ign gazebo-1] [INFO] [1790606915.979288355] [amir2.gz_ros2_control]: Loading joint: Joint_3
[ign gazebo-1] [INFO] [1790606915.979291203] [amir2.gz_ros2_control]: 	State:
[ign gazebo-1] [INFO] [1790606915.979293862] [amir2.gz_ros2_control]: 		 position
[ign gazebo-1] [INFO] [1790606915.979296563] [amir2.gz_ros2_control]: 			 found initial value: -1.600000
[ign gazebo-1] [INFO] [1790606915.979299709] [amir2.gz_ros2_control]: 		 velocity
[ign gazebo-1] [INFO] [1790606915.979302287] [amir2.gz_ros2_control]: 	Command:
[ign gazebo-1] [INFO] [1790606915.979304902] [amir2.gz_ros2_control]: 		 position
[ign gazebo-1] [INFO] [1790606915.979320253] [amir2.gz_ros2_control]: Loading joint: Joint_4
[ign gazebo-1] [INFO] [1790606915.979324406] [amir2.gz_ros2_control]: 	State:
[ign gazebo-1] [INFO] [1790606915.979330001] [amir2.gz_ros2_control]: 		 position
[ign gazebo-1] [INFO] [1790606915.979337977] [amir2.gz_ros2_control]: 			 found initial value: 0.200000
[ign gazebo-1] [INFO] [1790606915.979341181] [amir2.gz_ros2_control]: 		 velocity
[ign gazebo-1] [INFO] [1790606915.979343703] [amir2.gz_ros2_control]: 	Command:
[ign gazebo-1] [INFO] [1790606915.979346252] [amir2.gz_ros2_control]: 		 position
[ign gazebo-1] [INFO] [1790606915.979358624] [amir2.gz_ros2_control]: Loading joint: Joint_5
[ign gazebo-1] [INFO] [1790606915.979361560] [amir2.gz_ros2_control]: 	State:
[ign gazebo-1] [INFO] [1790606915.979366374] [amir2.gz_ros2_control]: 		 position
[ign gazebo-1] [INFO] [1790606915.979374446] [amir2.gz_ros2_control]: 			 found initial value: 1.570796
[ign gazebo-1] [INFO] [1790606915.979379366] [amir2.gz_ros2_control]: 		 velocity
[ign gazebo-1] [INFO] [1790606915.979382228] [amir2.gz_ros2_control]: 	Command:
[ign gazebo-1] [INFO] [1790606915.979385052] [amir2.gz_ros2_control]: 		 position
[ign gazebo-1] [INFO] [1790606915.979396391] [amir2.gz_ros2_control]: Loading joint: Gripper
[ign gazebo-1] [INFO] [1790606915.979399277] [amir2.gz_ros2_control]: 	State:
[ign gazebo-1] [INFO] [1790606915.979401925] [amir2.gz_ros2_control]: 		 position
[ign gazebo-1] [INFO] [1790606915.979404454] [amir2.gz_ros2_control]: 			 found initial value: -1.000000
[ign gazebo-1] [INFO] [1790606915.979407545] [amir2.gz_ros2_control]: 		 velocity
[ign gazebo-1] [INFO] [1790606915.979410027] [amir2.gz_ros2_control]: 	Command:
[ign gazebo-1] [INFO] [1790606915.979412429] [amir2.gz_ros2_control]: 		 position
[ign gazebo-1] [INFO] [1790606915.979422376] [amir2.gz_ros2_control]: Loading joint: left_inner_back_joint
[ign gazebo-1] [INFO] [1790606915.979427612] [amir2.gz_ros2_control]: Joint 'left_inner_back_joint'is mimicking joint 'Gripper' with multiplier: 1
[ign gazebo-1] [INFO] [1790606915.979430904] [amir2.gz_ros2_control]: 	State:
[ign gazebo-1] [INFO] [1790606915.979433485] [amir2.gz_ros2_control]: 		 position
[ign gazebo-1] [INFO] [1790606915.979436359] [amir2.gz_ros2_control]: 		 velocity
[ign gazebo-1] [INFO] [1790606915.979438983] [amir2.gz_ros2_control]: 	Command:
[ign gazebo-1] [INFO] [1790606915.979441542] [amir2.gz_ros2_control]: 		 position
[ign gazebo-1] [INFO] [1790606915.979451570] [amir2.gz_ros2_control]: Loading joint: right_outer_back_joint
[ign gazebo-1] [INFO] [1790606915.979455266] [amir2.gz_ros2_control]: Joint 'right_outer_back_joint'is mimicking joint 'Gripper' with multiplier: 1
[ign gazebo-1] [INFO] [1790606915.979458184] [amir2.gz_ros2_control]: 	State:
[ign gazebo-1] [INFO] [1790606915.979460791] [amir2.gz_ros2_control]: 		 position
[ign gazebo-1] [INFO] [1790606915.979466745] [amir2.gz_ros2_control]: 		 velocity
[ign gazebo-1] [INFO] [1790606915.979469384] [amir2.gz_ros2_control]: 	Command:
[ign gazebo-1] [INFO] [1790606915.979471903] [amir2.gz_ros2_control]: 		 position
[ign gazebo-1] [INFO] [1790606915.979481102] [amir2.gz_ros2_control]: Loading joint: left_outer_back_joint
[ign gazebo-1] [INFO] [1790606915.979484482] [amir2.gz_ros2_control]: Joint 'left_outer_back_joint'is mimicking joint 'Gripper' with multiplier: 1
[ign gazebo-1] [INFO] [1790606915.979489273] [amir2.gz_ros2_control]: 	State:
[ign gazebo-1] [INFO] [1790606915.979493301] [amir2.gz_ros2_control]: 		 position
[ign gazebo-1] [INFO] [1790606915.979496514] [amir2.gz_ros2_control]: 		 velocity
[ign gazebo-1] [INFO] [1790606915.979499141] [amir2.gz_ros2_control]: 	Command:
[ign gazebo-1] [INFO] [1790606915.979501519] [amir2.gz_ros2_control]: 		 position
[ign gazebo-1] [INFO] [1790606915.979511652] [amir2.gz_ros2_control]: Loading joint: right_inner_front_joint
[ign gazebo-1] [INFO] [1790606915.979515296] [amir2.gz_ros2_control]: Joint 'right_inner_front_joint'is mimicking joint 'Gripper' with multiplier: 1
[ign gazebo-1] [INFO] [1790606915.979518061] [amir2.gz_ros2_control]: 	State:
[ign gazebo-1] [INFO] [1790606915.979520450] [amir2.gz_ros2_control]: 		 position
[ign gazebo-1] [INFO] [1790606915.979523168] [amir2.gz_ros2_control]: 		 velocity
[ign gazebo-1] [INFO] [1790606915.979525631] [amir2.gz_ros2_control]: 	Command:
[ign gazebo-1] [INFO] [1790606915.979528014] [amir2.gz_ros2_control]: 		 position
[ign gazebo-1] [INFO] [1790606915.979538113] [amir2.gz_ros2_control]: Loading joint: left_inner_front_joint
[ign gazebo-1] [INFO] [1790606915.979541574] [amir2.gz_ros2_control]: Joint 'left_inner_front_joint'is mimicking joint 'Gripper' with multiplier: 1
[ign gazebo-1] [INFO] [1790606915.979544356] [amir2.gz_ros2_control]: 	State:
[ign gazebo-1] [INFO] [1790606915.979546746] [amir2.gz_ros2_control]: 		 position
[ign gazebo-1] [INFO] [1790606915.979549311] [amir2.gz_ros2_control]: 		 velocity
[ign gazebo-1] [INFO] [1790606915.979551804] [amir2.gz_ros2_control]: 	Command:
[ign gazebo-1] [INFO] [1790606915.979554277] [amir2.gz_ros2_control]: 		 position
[ign gazebo-1] [INFO] [1790606915.979560653] [amir2.gz_ros2_control]: Loading sensor: finger_right_force_sensor
[ign gazebo-1] [INFO] [1790606915.979564124] [amir2.gz_ros2_control]: Topic name: /amir1/finger_right_wrench
[ign gazebo-1] [INFO] [1790606915.979566964] [amir2.gz_ros2_control]: 	State:
[ign gazebo-1] [WARN] [1790606915.979574044] [amir2.gz_ros2_control]: ForceTorque sensor 'finger_right_force_sensor' not found in hardware_info, skipping.
[ign gazebo-1] [INFO] [1790606915.979577248] [amir2.gz_ros2_control]: Loading sensor: finger_left_force_sensor
[ign gazebo-1] [INFO] [1790606915.979580265] [amir2.gz_ros2_control]: Topic name: /amir1/finger_left_wrench
[ign gazebo-1] [INFO] [1790606915.979582880] [amir2.gz_ros2_control]: 	State:
[ign gazebo-1] [WARN] [1790606915.979585469] [amir2.gz_ros2_control]: ForceTorque sensor 'finger_left_force_sensor' not found in hardware_info, skipping.
[ign gazebo-1] [INFO] [1790606915.979588227] [amir2.gz_ros2_control]: Loading sensor: finger_right_force_sensor
[ign gazebo-1] [INFO] [1790606915.979590874] [amir2.gz_ros2_control]: 	State:
[ign gazebo-1] [WARN] [1790606915.979593502] [amir2.gz_ros2_control]: ForceTorque sensor 'finger_right_force_sensor' not found in hardware_info, skipping.
[ign gazebo-1] [INFO] [1790606915.979598079] [amir2.gz_ros2_control]: Loading sensor: finger_left_force_sensor
[ign gazebo-1] [INFO] [1790606915.979602018] [amir2.gz_ros2_control]: 	State:
[ign gazebo-1] [WARN] [1790606915.979606159] [amir2.gz_ros2_control]: ForceTorque sensor 'finger_left_force_sensor' not found in hardware_info, skipping.
[ign gazebo-1] [INFO] [1790606915.979610407] [resource_manager]: Initialize hardware 'AmirGazeboSystem' 
[ign gazebo-1] [INFO] [1790606915.979621867] [resource_manager]: Successful initialization of hardware 'AmirGazeboSystem'
[ign gazebo-1] [INFO] [1790606915.979638272] [resource_manager]: 'configure' hardware 'AmirGazeboSystem' 
[ign gazebo-1] [INFO] [1790606915.979641059] [amir2.gz_ros2_control]: System Successfully configured!
[ign gazebo-1] [INFO] [1790606915.979645365] [resource_manager]: Successful 'configure' of hardware 'AmirGazeboSystem'
[ign gazebo-1] [INFO] [1790606915.979650591] [resource_manager]: 'activate' hardware 'AmirGazeboSystem' 
[ign gazebo-1] [INFO] [1790606915.979653221] [resource_manager]: Successful 'activate' of hardware 'AmirGazeboSystem'
[ign gazebo-1] [INFO] [1790606915.979655358] [amir2.gz_ros2_control]: Loading controller_manager
[INFO] [create-28]: process has finished cleanly [pid 54377]
[INFO] [simulation_startup_gate-29]: process started with pid [54424]
[simulation_startup_gate-29] [INFO] [1790606916.300114553] [amir2.manager_ready]: Waiting for manager: ['amir2']
[simulation_startup_gate-29] [INFO] [1790606918.083737376] [amir2.manager_ready]: Ready: amir2_manager_ready
[INFO] [simulation_startup_gate-29]: process has finished cleanly [pid 54424]
[INFO] [spawner-30]: process started with pid [54473]
[spawner-30] [INFO] [1790606918.473121073] [amir2.spawner_joint_state_broadcaster]: waiting for service /amir2/controller_manager/list_controllers to become available...
[ign gazebo-1] [INFO] [1790606920.487630924] [amir2.controller_manager]: Loading controller 'joint_state_broadcaster'
[spawner-30] [INFO] [1790606920.499852942] [amir2.spawner_joint_state_broadcaster]: [94mLoaded [1mjoint_state_broadcaster[0m
[ign gazebo-1] [INFO] [1790606920.500567502] [amir2.controller_manager]: Configuring controller 'joint_state_broadcaster'
[ign gazebo-1] [INFO] [1790606920.500630587] [amir2.joint_state_broadcaster]: 'joints' or 'interfaces' parameter is empty. All available state interfaces will be published
[spawner-30] [INFO] [1790606920.512156673] [amir2.spawner_joint_state_broadcaster]: [92mConfigured and activated [1mjoint_state_broadcaster[0m
[INFO] [spawner-30]: process has finished cleanly [pid 54473]
[INFO] [spawner-31]: process started with pid [54517]
[spawner-31] [INFO] [1790606920.854868433] [amir2.spawner_arm_controller]: waiting for service /amir2/controller_manager/list_controllers to become available...
[spawner-31] [INFO] [1790606923.612266496] [amir2.spawner_arm_controller]: [96mSetting controller param "type" to "joint_trajectory_controller/JointTrajectoryController" for [1marm_controller[0m
[spawner-31] [INFO] [1790606923.622376863] [amir2.spawner_arm_controller]: [96mSetting controller param "params_file" to "['/home/dars5070/ros2_humble_ws/install/amir_gazebo/share/amir_gazebo/config/arm_controllers.yaml']" for [1marm_controller[0m
[ign gazebo-1] [INFO] [1790606923.628666189] [amir2.controller_manager]: Loading controller 'arm_controller'
[ign gazebo-1] [WARN] [1790606923.656253490] [amir2.arm_controller]: [Deprecated]: "allow_nonzero_velocity_at_trajectory_end" is set to true. The default behavior will change to false.
[spawner-31] [INFO] [1790606923.658187970] [amir2.spawner_arm_controller]: [94mLoaded [1marm_controller[0m
[ign gazebo-1] [INFO] [1790606923.659816128] [amir2.controller_manager]: Configuring controller 'arm_controller'
[ign gazebo-1] [INFO] [1790606923.660106886] [amir2.arm_controller]: No specific joint names are used for command interfaces. Using 'joints' parameter.
[ign gazebo-1] [INFO] [1790606923.660147327] [amir2.arm_controller]: Command interfaces are [position] and state interfaces are [position velocity].
[ign gazebo-1] [INFO] [1790606923.660164190] [amir2.arm_controller]: Using 'splines' interpolation method.
[ign gazebo-1] [INFO] [1790606923.660821864] [amir2.arm_controller]: Controller state will be published at 100.00 Hz.
[ign gazebo-1] [INFO] [1790606923.662736069] [amir2.arm_controller]: Goals with partial set of joints are allowed
[ign gazebo-1] [INFO] [1790606923.662781354] [amir2.arm_controller]: Action status changes will be monitored at 20.00 Hz.
[spawner-31] [INFO] [1790606923.679981464] [amir2.spawner_arm_controller]: [92mConfigured and activated [1marm_controller[0m
[INFO] [spawner-31]: process has finished cleanly [pid 54517]
[INFO] [spawner-32]: process started with pid [54564]
[spawner-32] [INFO] [1790606924.033113158] [amir2.spawner_mecanum_drive_controller]: waiting for service /amir2/controller_manager/list_controllers to become available...
[ign gazebo-1] [INFO] [1790606926.539356493] [amir2.controller_manager]: Loading controller 'mecanum_drive_controller'
[spawner-32] [INFO] [1790606926.587259995] [amir2.spawner_mecanum_drive_controller]: [94mLoaded [1mmecanum_drive_controller[0m
[ign gazebo-1] [INFO] [1790606926.590303086] [amir2.controller_manager]: Configuring controller 'mecanum_drive_controller'
[ign gazebo-1] [INFO] [1790606926.597293501] [amir2.mecanum_drive_controller]: MecanumDriveController configured successfully
[spawner-32] [INFO] [1790606926.612148268] [amir2.spawner_mecanum_drive_controller]: [92mConfigured and activated [1mmecanum_drive_controller[0m
[INFO] [spawner-32]: process has finished cleanly [pid 54564]
[INFO] [spawner-33]: process started with pid [54612]
[spawner-33] [INFO] [1790606927.001870099] [amir2.spawner_gripper_controller]: waiting for service /amir2/controller_manager/list_controllers to become available...
[spawner-33] [INFO] [1790606928.012067771] [amir2.spawner_gripper_controller]: [96mSetting controller param "type" to "position_controllers/GripperActionController" for [1mgripper_controller[0m
[spawner-33] [INFO] [1790606928.019040607] [amir2.spawner_gripper_controller]: [96mSetting controller param "params_file" to "['/home/dars5070/ros2_humble_ws/install/amir_gazebo/share/amir_gazebo/config/arm_controllers.yaml']" for [1mgripper_controller[0m
[ign gazebo-1] [INFO] [1790606928.023592417] [amir2.controller_manager]: Loading controller 'gripper_controller'
[spawner-33] [INFO] [1790606928.034748687] [amir2.spawner_gripper_controller]: [94mLoaded [1mgripper_controller[0m
[ign gazebo-1] [INFO] [1790606928.035589030] [amir2.controller_manager]: Configuring controller 'gripper_controller'
[ign gazebo-1] [INFO] [1790606928.035629141] [amir2.gripper_controller]: Action status changes will be monitored at 20.000000 Hz.
[spawner-33] [INFO] [1790606928.046438520] [amir2.spawner_gripper_controller]: [92mConfigured and activated [1mgripper_controller[0m
[INFO] [spawner-33]: process has finished cleanly [pid 54612]
[simulation_startup_gate-27] [INFO] [1790606928.914209014] [startup_robots_ready]: Ready: robots_ready
[INFO] [simulation_startup_gate-27]: process has finished cleanly [pid 54221]
[INFO] [friction_grasp_manager-34]: process started with pid [54654]
[INFO] [arm_home_positioner-35]: process started with pid [54656]
[INFO] [simulation_startup_gate-36]: process started with pid [54658]
[simulation_startup_gate-36] [INFO] [1790606929.444508119] [startup_grippers_and_home_ready]: Waiting for open_home: ['amir1', 'amir2']
[friction_grasp_manager-34] [INFO] [1790606929.485069486] [friction_grasp_manager]: Friction grasp manager ready; no detachable joint will be used.
[arm_home_positioner-35] [INFO] [1790606929.490801257] [arm_home_positioner]: Waiting to move all ('amir1', 'amir2') to Q_HOME=[0.0, 1.4, -1.6, 0.2, 1.570796] rad
[ign gazebo-1] [INFO] [1790606929.917131362] [amir1.arm_controller]: Received new action goal
[ign gazebo-1] [INFO] [1790606929.917167751] [amir2.arm_controller]: Received new action goal
[ign gazebo-1] [INFO] [1790606929.917196825] [amir1.arm_controller]: Accepted new action goal
[ign gazebo-1] [INFO] [1790606929.917215616] [amir2.arm_controller]: Accepted new action goal
[arm_home_positioner-35] [INFO] [1790606929.917457768] [arm_home_positioner]: Sent Q_HOME=[0.0, 1.4, -1.6, 0.2, 1.570796] rad goals to all arm controllers
[arm_home_positioner-35] [INFO] [1790606929.957790800] [arm_home_positioner]: All AMIR arm controllers accepted Q_HOME
[ign gazebo-1] [INFO] [1790606932.739114798] [amir1.gripper_controller]: Received & accepted new action goal
[ign gazebo-1] [INFO] [1790606932.739236857] [amir2.gripper_controller]: Received & accepted new action goal
[friction_grasp_manager-34] [INFO] [1790606932.739966790] [friction_grasp_manager]: Friction grasp state: OPENING_GRIPPERS
[friction_grasp_manager-34] [INFO] [1790606934.760286514] [friction_grasp_manager]: Friction grasp state: READY_TO_GRASP
[simulation_startup_gate-36] [INFO] [1790606935.433289257] [startup_grippers_and_home_ready]: Ready: grippers_and_home_ready
[INFO] [simulation_startup_gate-36]: process has finished cleanly [pid 54658]
[INFO] [create-37]: process started with pid [54778]
[create-37] [INFO] [1790606935.842128112] [spawn_friction_payload]: Requested creation of entity.
[create-37] [INFO] [1790606935.842401888] [spawn_friction_payload]: OK creation of entity.
[INFO] [create-37]: process has finished cleanly [pid 54778]
[INFO] [grasp_support_remover-38]: process started with pid [54800]
[INFO] [coordinator-39]: process started with pid [54802]
[INFO] [safety_monitor-40]: process started with pid [54804]
[INFO] [slip_monitor-41]: process started with pid [54806]
[INFO] [dual_base_approach-42]: process started with pid [54808]
[grasp_support_remover-38] [INFO] [1790606936.334540060] [grasp_support_remover]: Temporary grasp support will be removed after both configured grasp conditions have been satisfied.
[coordinator-39] [INFO] [1790606936.419596141] [cooperative_coordinator]: Coordinator ready: /amir1/rover_twist and /amir2/rover_twist
[slip_monitor-41] [INFO] [1790606936.473227179] [slip_monitor]: Payload slip monitor ready.
[safety_monitor-40] [INFO] [1790606936.499288869] [safety_monitor]: Safety monitor ready; emergency stop affects both robots.
[dual_base_approach-42] [INFO] [1790606936.561174403] [dual_base_approach]: Waiting for the payload, opening both grippers to their safe maximum, then moving both AMIR bases 0.110 m toward it
[ign gazebo-1] [INFO] [1790606936.739705458] [amir1.gripper_controller]: Received & accepted new action goal
[ign gazebo-1] [INFO] [1790606936.739787505] [amir2.gripper_controller]: Received & accepted new action goal
[dual_base_approach-42] [INFO] [1790606936.740275599] [dual_base_approach]: Opening both grippers to the safe maximum (-1.000000 rad) before base approach
[dual_base_approach-42] [INFO] [1790606936.771093535] [dual_base_approach]: Both grippers are at their safe-open position. Payload detached at base positions: amir1=-1.174999, amir2=1.174999; approaching targets: amir2=1.064999, amir1=-1.064999
[ign gazebo-1] [INFO] [1790606938.340725202] [amir1.arm_controller]: Goal reached, success!
[ign gazebo-1] [INFO] [1790606938.340735787] [amir2.arm_controller]: Goal reached, success!
[arm_home_positioner-35] [INFO] [1790606938.382199839] [arm_home_positioner]: All AMIR arms reached Q_HOME
[dual_base_approach-42] [INFO] [1790606960.057550275] [dual_base_approach]: Both AMIR bases completed the 0.110 m payload approach
[friction_grasp_manager-34] [INFO] [1790606960.092478370] [friction_grasp_manager]: Friction grasp state: CLOSING_GRIPPERS
[dual_base_approach-42] [INFO] [1790606960.094536260] [dual_base_approach]: Both bases reached the payload; gripper-close sequence requested. Holding both bases stopped during grasp.
[ign gazebo-1] [INFO] [1790606960.121928101] [amir1.gripper_controller]: Received & accepted new action goal
[ign gazebo-1] [INFO] [1790606960.121977759] [amir2.gripper_controller]: Received & accepted new action goal
[ign gazebo-1] [INFO] [1790606960.225854095] [amir1.gripper_controller]: Received & accepted new action goal
[ign gazebo-1] [INFO] [1790606960.226190963] [amir2.gripper_controller]: Received & accepted new action goal
[ign gazebo-1] [INFO] [1790606960.331098837] [amir1.gripper_controller]: Received & accepted new action goal
[ign gazebo-1] [INFO] [1790606960.331237604] [amir2.gripper_controller]: Received & accepted new action goal
[ign gazebo-1] [INFO] [1790606960.433256530] [amir1.gripper_controller]: Received & accepted new action goal
[ign gazebo-1] [INFO] [1790606960.433308558] [amir2.gripper_controller]: Received & accepted new action goal
[ign gazebo-1] [INFO] [1790606960.535092977] [amir1.gripper_controller]: Received & accepted new action goal
[ign gazebo-1] [INFO] [1790606960.535232592] [amir2.gripper_controller]: Received & accepted new action goal
[ign gazebo-1] [INFO] [1790606960.739911470] [amir1.gripper_controller]: Received & accepted new action goal
[ign gazebo-1] [INFO] [1790606960.740126720] [amir2.gripper_controller]: Received & accepted new action goal
[ign gazebo-1] [INFO] [1790606960.842392384] [amir1.gripper_controller]: Received & accepted new action goal
[ign gazebo-1] [INFO] [1790606960.842530053] [amir2.gripper_controller]: Received & accepted new action goal
[ign gazebo-1] [INFO] [1790606960.946448003] [amir1.gripper_controller]: Received & accepted new action goal
[ign gazebo-1] [INFO] [1790606960.946650640] [amir2.gripper_controller]: Received & accepted new action goal
[ign gazebo-1] [INFO] [1790606961.046577043] [amir1.gripper_controller]: Received & accepted new action goal
[ign gazebo-1] [INFO] [1790606961.046659331] [amir2.gripper_controller]: Received & accepted new action goal
[ign gazebo-1] [INFO] [1790606961.263916571] [amir1.gripper_controller]: Received & accepted new action goal
[ign gazebo-1] [INFO] [1790606961.264305582] [amir2.gripper_controller]: Received & accepted new action goal
[ign gazebo-1] [INFO] [1790606961.364564981] [amir1.gripper_controller]: Received & accepted new action goal
[ign gazebo-1] [INFO] [1790606961.364704442] [amir2.gripper_controller]: Received & accepted new action goal
[ign gazebo-1] [INFO] [1790606961.467287129] [amir1.gripper_controller]: Received & accepted new action goal
[ign gazebo-1] [INFO] [1790606961.467442840] [amir2.gripper_controller]: Received & accepted new action goal
[ign gazebo-1] [INFO] [1790606961.567683098] [amir1.gripper_controller]: Received & accepted new action goal
[ign gazebo-1] [INFO] [1790606961.567757975] [amir2.gripper_controller]: Received & accepted new action goal
[ign gazebo-1] [INFO] [1790606961.773584039] [amir1.gripper_controller]: Received & accepted new action goal
[ign gazebo-1] [INFO] [1790606961.773710098] [amir2.gripper_controller]: Received & accepted new action goal
[ign gazebo-1] [INFO] [1790606961.875658381] [amir1.gripper_controller]: Received & accepted new action goal
[ign gazebo-1] [INFO] [1790606961.875672766] [amir2.gripper_controller]: Received & accepted new action goal
[ign gazebo-1] [INFO] [1790606961.982187616] [amir1.gripper_controller]: Received & accepted new action goal
[ign gazebo-1] [INFO] [1790606961.982375904] [amir2.gripper_controller]: Received & accepted new action goal
[ign gazebo-1] [INFO] [1790606962.084773859] [amir1.gripper_controller]: Received & accepted new action goal
[ign gazebo-1] [INFO] [1790606962.084900459] [amir2.gripper_controller]: Received & accepted new action goal
[ign gazebo-1] [INFO] [1790606962.291635672] [amir1.gripper_controller]: Received & accepted new action goal
[ign gazebo-1] [INFO] [1790606962.291676935] [amir2.gripper_controller]: Received & accepted new action goal
[ign gazebo-1] [INFO] [1790606962.397163569] [amir1.gripper_controller]: Received & accepted new action goal
[ign gazebo-1] [INFO] [1790606962.397638936] [amir2.gripper_controller]: Received & accepted new action goal
[ign gazebo-1] [INFO] [1790606962.499178410] [amir2.gripper_controller]: Received & accepted new action goal
[ign gazebo-1] [INFO] [1790606962.499180771] [amir1.gripper_controller]: Received & accepted new action goal
[ign gazebo-1] [INFO] [1790606962.602703990] [amir1.gripper_controller]: Received & accepted new action goal
[ign gazebo-1] [INFO] [1790606962.603173202] [amir2.gripper_controller]: Received & accepted new action goal
[ign gazebo-1] [INFO] [1790606962.702701017] [amir1.gripper_controller]: Received & accepted new action goal
[ign gazebo-1] [INFO] [1790606962.702766862] [amir2.gripper_controller]: Received & accepted new action goal
[ign gazebo-1] [INFO] [1790606962.912746942] [amir1.gripper_controller]: Received & accepted new action goal
[ign gazebo-1] [INFO] [1790606962.912915467] [amir2.gripper_controller]: Received & accepted new action goal
[ign gazebo-1] [INFO] [1790606963.014767517] [amir1.gripper_controller]: Received & accepted new action goal
[ign gazebo-1] [INFO] [1790606963.015202487] [amir2.gripper_controller]: Received & accepted new action goal
[ign gazebo-1] [INFO] [1790606963.116802162] [amir1.gripper_controller]: Received & accepted new action goal
[ign gazebo-1] [INFO] [1790606963.117202380] [amir2.gripper_controller]: Received & accepted new action goal
[ign gazebo-1] [INFO] [1790606963.229666130] [amir1.gripper_controller]: Received & accepted new action goal
[ign gazebo-1] [INFO] [1790606963.229855828] [amir2.gripper_controller]: Received & accepted new action goal
[ign gazebo-1] [INFO] [1790606963.434280530] [amir1.gripper_controller]: Received & accepted new action goal
[ign gazebo-1] [INFO] [1790606963.434456311] [amir2.gripper_controller]: Received & accepted new action goal
[ign gazebo-1] [INFO] [1790606963.537266129] [amir1.gripper_controller]: Received & accepted new action goal
[ign gazebo-1] [INFO] [1790606963.537478486] [amir2.gripper_controller]: Received & accepted new action goal
[ign gazebo-1] [INFO] [1790606963.639884332] [amir1.gripper_controller]: Received & accepted new action goal
[ign gazebo-1] [INFO] [1790606963.639979732] [amir2.gripper_controller]: Received & accepted new action goal
[ign gazebo-1] [INFO] [1790606963.741166294] [amir1.gripper_controller]: Received & accepted new action goal
[ign gazebo-1] [INFO] [1790606963.741256346] [amir2.gripper_controller]: Received & accepted new action goal
[ign gazebo-1] [INFO] [1790606963.943227077] [amir1.gripper_controller]: Received & accepted new action goal
[ign gazebo-1] [INFO] [1790606963.943353086] [amir2.gripper_controller]: Received & accepted new action goal
[ign gazebo-1] [INFO] [1790606964.046093012] [amir1.gripper_controller]: Received & accepted new action goal
[ign gazebo-1] [INFO] [1790606964.046339893] [amir2.gripper_controller]: Received & accepted new action goal
[ign gazebo-1] [INFO] [1790606964.147327920] [amir1.gripper_controller]: Received & accepted new action goal
[ign gazebo-1] [INFO] [1790606964.147456860] [amir2.gripper_controller]: Received & accepted new action goal
[ign gazebo-1] [INFO] [1790606964.253702649] [amir1.gripper_controller]: Received & accepted new action goal
[ign gazebo-1] [INFO] [1790606964.253855116] [amir2.gripper_controller]: Received & accepted new action goal
[ign gazebo-1] [INFO] [1790606964.459157335] [amir1.gripper_controller]: Received & accepted new action goal
[ign gazebo-1] [INFO] [1790606964.459277129] [amir2.gripper_controller]: Received & accepted new action goal
[ign gazebo-1] [INFO] [1790606964.565504957] [amir1.gripper_controller]: Received & accepted new action goal
[ign gazebo-1] [INFO] [1790606964.565658601] [amir2.gripper_controller]: Received & accepted new action goal
[ign gazebo-1] [INFO] [1790606964.673328955] [amir1.gripper_controller]: Received & accepted new action goal
[ign gazebo-1] [INFO] [1790606964.673569753] [amir2.gripper_controller]: Received & accepted new action goal
[ign gazebo-1] [INFO] [1790606964.775728101] [amir1.gripper_controller]: Received & accepted new action goal
[ign gazebo-1] [INFO] [1790606964.775881994] [amir2.gripper_controller]: Received & accepted new action goal
[ign gazebo-1] [INFO] [1790606964.984982590] [amir1.gripper_controller]: Received & accepted new action goal
[ign gazebo-1] [INFO] [1790606964.985112909] [amir2.gripper_controller]: Received & accepted new action goal
[ign gazebo-1] [INFO] [1790606965.087263184] [amir1.gripper_controller]: Received & accepted new action goal
[ign gazebo-1] [INFO] [1790606965.087359773] [amir2.gripper_controller]: Received & accepted new action goal
[ign gazebo-1] [INFO] [1790606965.198238179] [amir1.gripper_controller]: Received & accepted new action goal
[ign gazebo-1] [INFO] [1790606965.198487599] [amir2.gripper_controller]: Received & accepted new action goal
[ign gazebo-1] [INFO] [1790606965.300704090] [amir1.gripper_controller]: Received & accepted new action goal
[ign gazebo-1] [INFO] [1790606965.300768876] [amir2.gripper_controller]: Received & accepted new action goal
[ign gazebo-1] [INFO] [1790606965.505471707] [amir1.gripper_controller]: Received & accepted new action goal
[ign gazebo-1] [INFO] [1790606965.506025029] [amir2.gripper_controller]: Received & accepted new action goal
[ign gazebo-1] [INFO] [1790606965.609484814] [amir1.gripper_controller]: Received & accepted new action goal
[ign gazebo-1] [INFO] [1790606965.609946464] [amir2.gripper_controller]: Received & accepted new action goal
[ign gazebo-1] [INFO] [1790606965.710321668] [amir1.gripper_controller]: Received & accepted new action goal
[ign gazebo-1] [INFO] [1790606965.710618066] [amir2.gripper_controller]: Received & accepted new action goal
[ign gazebo-1] [INFO] [1790606965.816036376] [amir1.gripper_controller]: Received & accepted new action goal
[ign gazebo-1] [INFO] [1790606965.816267088] [amir2.gripper_controller]: Received & accepted new action goal
[ign gazebo-1] [INFO] [1790606966.027454057] [amir1.gripper_controller]: Received & accepted new action goal
[ign gazebo-1] [INFO] [1790606966.027715288] [amir2.gripper_controller]: Received & accepted new action goal
[ign gazebo-1] [INFO] [1790606966.131883211] [amir1.gripper_controller]: Received & accepted new action goal
[ign gazebo-1] [INFO] [1790606966.132148321] [amir2.gripper_controller]: Received & accepted new action goal
[ign gazebo-1] [INFO] [1790606966.234557212] [amir1.gripper_controller]: Received & accepted new action goal
[ign gazebo-1] [INFO] [1790606966.234634389] [amir2.gripper_controller]: Received & accepted new action goal
[ign gazebo-1] [INFO] [1790606966.345017657] [amir1.gripper_controller]: Received & accepted new action goal
[ign gazebo-1] [INFO] [1790606966.345526580] [amir2.gripper_controller]: Received & accepted new action goal
[ign gazebo-1] [INFO] [1790606966.557095443] [amir1.gripper_controller]: Received & accepted new action goal
[ign gazebo-1] [INFO] [1790606966.557264961] [amir2.gripper_controller]: Received & accepted new action goal
[ign gazebo-1] [INFO] [1790606966.659742550] [amir1.gripper_controller]: Received & accepted new action goal
[ign gazebo-1] [INFO] [1790606966.659889786] [amir2.gripper_controller]: Received & accepted new action goal
[ign gazebo-1] [INFO] [1790606966.760559851] [amir1.gripper_controller]: Received & accepted new action goal
[ign gazebo-1] [INFO] [1790606966.760688049] [amir2.gripper_controller]: Received & accepted new action goal
[ign gazebo-1] [INFO] [1790606966.868466609] [amir1.gripper_controller]: Received & accepted new action goal
[ign gazebo-1] [INFO] [1790606966.868587544] [amir2.gripper_controller]: Received & accepted new action goal
[ign gazebo-1] [INFO] [1790606967.082944819] [amir1.gripper_controller]: Received & accepted new action goal
[ign gazebo-1] [INFO] [1790606967.083015724] [amir2.gripper_controller]: Received & accepted new action goal
[ign gazebo-1] [INFO] [1790606967.203768133] [amir1.gripper_controller]: Received & accepted new action goal
[ign gazebo-1] [INFO] [1790606967.203956213] [amir2.gripper_controller]: Received & accepted new action goal
[ign gazebo-1] [INFO] [1790606967.305267199] [amir1.gripper_controller]: Received & accepted new action goal
[ign gazebo-1] [INFO] [1790606967.305385260] [amir2.gripper_controller]: Received & accepted new action goal
[ign gazebo-1] [INFO] [1790606967.406708281] [amir2.gripper_controller]: Received & accepted new action goal
[ign gazebo-1] [INFO] [1790606967.406717398] [amir1.gripper_controller]: Received & accepted new action goal
[ign gazebo-1] [INFO] [1790606967.638708352] [amir1.gripper_controller]: Received & accepted new action goal
[ign gazebo-1] [INFO] [1790606967.639085448] [amir2.gripper_controller]: Received & accepted new action goal
[ign gazebo-1] [INFO] [1790606967.747839187] [amir1.gripper_controller]: Received & accepted new action goal
[ign gazebo-1] [INFO] [1790606967.747986399] [amir2.gripper_controller]: Received & accepted new action goal
[ign gazebo-1] [INFO] [1790606967.856035137] [amir1.gripper_controller]: Received & accepted new action goal
[ign gazebo-1] [INFO] [1790606967.856219434] [amir2.gripper_controller]: Received & accepted new action goal
[ign gazebo-1] [INFO] [1790606967.959778442] [amir1.gripper_controller]: Received & accepted new action goal
[ign gazebo-1] [INFO] [1790606967.959792495] [amir2.gripper_controller]: Received & accepted new action goal
[ign gazebo-1] [INFO] [1790606968.178727289] [amir1.gripper_controller]: Received & accepted new action goal
[ign gazebo-1] [INFO] [1790606968.178816274] [amir2.gripper_controller]: Received & accepted new action goal
[ign gazebo-1] [INFO] [1790606968.281535909] [amir1.gripper_controller]: Received & accepted new action goal
[ign gazebo-1] [INFO] [1790606968.281672975] [amir2.gripper_controller]: Received & accepted new action goal
[ign gazebo-1] [INFO] [1790606968.390615313] [amir1.gripper_controller]: Received & accepted new action goal
[ign gazebo-1] [INFO] [1790606968.390750683] [amir2.gripper_controller]: Received & accepted new action goal
[ign gazebo-1] [INFO] [1790606968.502537269] [amir1.gripper_controller]: Received & accepted new action goal
[ign gazebo-1] [INFO] [1790606968.502669617] [amir2.gripper_controller]: Received & accepted new action goal
[ign gazebo-1] [INFO] [1790606968.705362533] [amir1.gripper_controller]: Received & accepted new action goal
[ign gazebo-1] [INFO] [1790606968.705503444] [amir2.gripper_controller]: Received & accepted new action goal
[ign gazebo-1] [INFO] [1790606968.808211122] [amir1.gripper_controller]: Received & accepted new action goal
[ign gazebo-1] [INFO] [1790606968.808301880] [amir2.gripper_controller]: Received & accepted new action goal
[ign gazebo-1] [INFO] [1790606968.918215940] [amir1.gripper_controller]: Received & accepted new action goal
[ign gazebo-1] [INFO] [1790606968.918354009] [amir2.gripper_controller]: Received & accepted new action goal
[ign gazebo-1] [INFO] [1790606969.027198275] [amir1.gripper_controller]: Received & accepted new action goal
[ign gazebo-1] [INFO] [1790606969.027221798] [amir2.gripper_controller]: Received & accepted new action goal
[ign gazebo-1] [INFO] [1790606969.258638704] [amir1.gripper_controller]: Received & accepted new action goal
[ign gazebo-1] [INFO] [1790606969.258748590] [amir2.gripper_controller]: Received & accepted new action goal
[ign gazebo-1] [INFO] [1790606969.373960040] [amir1.gripper_controller]: Received & accepted new action goal
[ign gazebo-1] [INFO] [1790606969.374253896] [amir2.gripper_controller]: Received & accepted new action goal
[ign gazebo-1] [INFO] [1790606969.478650246] [amir1.gripper_controller]: Received & accepted new action goal
[ign gazebo-1] [INFO] [1790606969.478884971] [amir2.gripper_controller]: Received & accepted new action goal
[ign gazebo-1] [INFO] [1790606969.702355065] [amir1.gripper_controller]: Received & accepted new action goal
[ign gazebo-1] [INFO] [1790606969.702415447] [amir2.gripper_controller]: Received & accepted new action goal
[ign gazebo-1] [INFO] [1790606969.912595851] [amir1.gripper_controller]: Received & accepted new action goal
[ign gazebo-1] [INFO] [1790606969.912725129] [amir2.gripper_controller]: Received & accepted new action goal
[ign gazebo-1] [INFO] [1790606970.017571253] [amir1.gripper_controller]: Received & accepted new action goal
[ign gazebo-1] [INFO] [1790606970.017667963] [amir2.gripper_controller]: Received & accepted new action goal
[ign gazebo-1] [INFO] [1790606970.237573185] [amir1.gripper_controller]: Received & accepted new action goal
[ign gazebo-1] [INFO] [1790606970.237721518] [amir2.gripper_controller]: Received & accepted new action goal
[ign gazebo-1] [INFO] [1790606970.450671230] [amir1.gripper_controller]: Received & accepted new action goal
[ign gazebo-1] [INFO] [1790606970.450734738] [amir2.gripper_controller]: Received & accepted new action goal
[ign gazebo-1] [INFO] [1790606970.599434439] [amir2.gripper_controller]: Received & accepted new action goal
[ign gazebo-1] [INFO] [1790606970.599434484] [amir1.gripper_controller]: Received & accepted new action goal
[ign gazebo-1] [INFO] [1790606970.823506055] [amir1.gripper_controller]: Received & accepted new action goal
[ign gazebo-1] [INFO] [1790606970.823576408] [amir2.gripper_controller]: Received & accepted new action goal
[ign gazebo-1] [INFO] [1790606971.050137897] [amir1.gripper_controller]: Received & accepted new action goal
[ign gazebo-1] [INFO] [1790606971.050296832] [amir2.gripper_controller]: Received & accepted new action goal
[ign gazebo-1] [INFO] [1790606971.162300919] [amir1.gripper_controller]: Received & accepted new action goal
[ign gazebo-1] [INFO] [1790606971.162430828] [amir2.gripper_controller]: Received & accepted new action goal
[ign gazebo-1] [INFO] [1790606971.385957249] [amir1.gripper_controller]: Received & accepted new action goal
[ign gazebo-1] [INFO] [1790606971.386087968] [amir2.gripper_controller]: Received & accepted new action goal
[ign gazebo-1] [INFO] [1790606971.598132553] [amir1.gripper_controller]: Received & accepted new action goal
[ign gazebo-1] [INFO] [1790606971.598201610] [amir2.gripper_controller]: Received & accepted new action goal
[ign gazebo-1] [INFO] [1790606971.702697447] [amir1.gripper_controller]: Received & accepted new action goal
[ign gazebo-1] [INFO] [1790606971.702856400] [amir2.gripper_controller]: Received & accepted new action goal
[ign gazebo-1] [INFO] [1790606971.951632212] [amir1.gripper_controller]: Received & accepted new action goal
[ign gazebo-1] [INFO] [1790606971.951987718] [amir2.gripper_controller]: Received & accepted new action goal
[ign gazebo-1] [INFO] [1790606972.203951282] [amir1.gripper_controller]: Received & accepted new action goal
[ign gazebo-1] [INFO] [1790606972.204239076] [amir2.gripper_controller]: Received & accepted new action goal
[ign gazebo-1] [INFO] [1790606972.320581917] [amir1.gripper_controller]: Received & accepted new action goal
[ign gazebo-1] [INFO] [1790606972.320633361] [amir2.gripper_controller]: Received & accepted new action goal
[ign gazebo-1] [INFO] [1790606972.550609748] [amir1.gripper_controller]: Received & accepted new action goal
[ign gazebo-1] [INFO] [1790606972.550729828] [amir2.gripper_controller]: Received & accepted new action goal
[ign gazebo-1] [INFO] [1790606972.788085809] [amir1.gripper_controller]: Received & accepted new action goal
[ign gazebo-1] [INFO] [1790606972.788170527] [amir2.gripper_controller]: Received & accepted new action goal
[ign gazebo-1] [INFO] [1790606972.901018611] [amir1.gripper_controller]: Received & accepted new action goal
[ign gazebo-1] [INFO] [1790606972.901122384] [amir2.gripper_controller]: Received & accepted new action goal
[ign gazebo-1] [INFO] [1790606973.159965093] [amir1.gripper_controller]: Received & accepted new action goal
[ign gazebo-1] [INFO] [1790606973.160046116] [amir2.gripper_controller]: Received & accepted new action goal
[ign gazebo-1] [INFO] [1790606973.372388838] [amir1.gripper_controller]: Received & accepted new action goal
[ign gazebo-1] [INFO] [1790606973.372471214] [amir2.gripper_controller]: Received & accepted new action goal
[ign gazebo-1] [INFO] [1790606973.475773906] [amir1.gripper_controller]: Received & accepted new action goal
[ign gazebo-1] [INFO] [1790606973.476025459] [amir2.gripper_controller]: Received & accepted new action goal
[ign gazebo-1] [INFO] [1790606973.685690926] [amir1.gripper_controller]: Received & accepted new action goal
[ign gazebo-1] [INFO] [1790606973.685809536] [amir2.gripper_controller]: Received & accepted new action goal
[ign gazebo-1] [INFO] [1790606973.889304950] [amir1.gripper_controller]: Received & accepted new action goal
[ign gazebo-1] [INFO] [1790606973.889383330] [amir2.gripper_controller]: Received & accepted new action goal
[ign gazebo-1] [INFO] [1790606973.992130533] [amir1.gripper_controller]: Received & accepted new action goal
[ign gazebo-1] [INFO] [1790606973.992174870] [amir2.gripper_controller]: Received & accepted new action goal
[ign gazebo-1] [INFO] [1790606974.255549067] [amir1.gripper_controller]: Received & accepted new action goal
[ign gazebo-1] [INFO] [1790606974.256028400] [amir2.gripper_controller]: Received & accepted new action goal
[ign gazebo-1] [INFO] [1790606974.488718448] [amir1.gripper_controller]: Received & accepted new action goal
[ign gazebo-1] [INFO] [1790606974.488854801] [amir2.gripper_controller]: Received & accepted new action goal
[ign gazebo-1] [INFO] [1790606974.605277199] [amir1.gripper_controller]: Received & accepted new action goal
[ign gazebo-1] [INFO] [1790606974.605401870] [amir2.gripper_controller]: Received & accepted new action goal
[ign gazebo-1] [INFO] [1790606974.860889166] [amir1.gripper_controller]: Received & accepted new action goal
[ign gazebo-1] [INFO] [1790606974.861027645] [amir2.gripper_controller]: Received & accepted new action goal
[ign gazebo-1] [INFO] [1790606975.074968892] [amir1.gripper_controller]: Received & accepted new action goal
[ign gazebo-1] [INFO] [1790606975.075077165] [amir2.gripper_controller]: Received & accepted new action goal
[ign gazebo-1] [INFO] [1790606975.327952084] [amir1.gripper_controller]: Received & accepted new action goal
[ign gazebo-1] [INFO] [1790606975.328080672] [amir2.gripper_controller]: Received & accepted new action goal
[ign gazebo-1] [INFO] [1790606975.437034993] [amir1.gripper_controller]: Received & accepted new action goal
[ign gazebo-1] [INFO] [1790606975.437161047] [amir2.gripper_controller]: Received & accepted new action goal
[ign gazebo-1] [INFO] [1790606975.640303321] [amir1.gripper_controller]: Received & accepted new action goal
[ign gazebo-1] [INFO] [1790606975.640451424] [amir2.gripper_controller]: Received & accepted new action goal
[ign gazebo-1] [INFO] [1790606975.912786550] [amir1.gripper_controller]: Received & accepted new action goal
[ign gazebo-1] [INFO] [1790606975.912932521] [amir2.gripper_controller]: Received & accepted new action goal
[ign gazebo-1] [INFO] [1790606976.018121500] [amir1.gripper_controller]: Received & accepted new action goal
[ign gazebo-1] [INFO] [1790606976.018287312] [amir2.gripper_controller]: Received & accepted new action goal
[ign gazebo-1] [INFO] [1790606976.221167812] [amir1.gripper_controller]: Received & accepted new action goal
[ign gazebo-1] [INFO] [1790606976.221227617] [amir2.gripper_controller]: Received & accepted new action goal
[ign gazebo-1] [INFO] [1790606976.428292695] [amir1.gripper_controller]: Received & accepted new action goal
[ign gazebo-1] [INFO] [1790606976.428348367] [amir2.gripper_controller]: Received & accepted new action goal
[ign gazebo-1] [INFO] [1790606976.543462493] [amir1.gripper_controller]: Received & accepted new action goal
[ign gazebo-1] [INFO] [1790606976.543464362] [amir2.gripper_controller]: Received & accepted new action goal
[ign gazebo-1] [INFO] [1790606976.746588356] [amir1.gripper_controller]: Received & accepted new action goal
[ign gazebo-1] [INFO] [1790606976.746722852] [amir2.gripper_controller]: Received & accepted new action goal
[ign gazebo-1] [INFO] [1790606976.986300126] [amir1.gripper_controller]: Received & accepted new action goal
[ign gazebo-1] [INFO] [1790606976.986481748] [amir2.gripper_controller]: Received & accepted new action goal
[ign gazebo-1] [INFO] [1790606977.100228939] [amir2.gripper_controller]: Received & accepted new action goal
[ign gazebo-1] [INFO] [1790606977.100252887] [amir1.gripper_controller]: Received & accepted new action goal
[ign gazebo-1] [INFO] [1790606977.349464005] [amir1.gripper_controller]: Received & accepted new action goal
[ign gazebo-1] [INFO] [1790606977.349607487] [amir2.gripper_controller]: Received & accepted new action goal
[ign gazebo-1] [INFO] [1790606977.578207048] [amir1.gripper_controller]: Received & accepted new action goal
[ign gazebo-1] [INFO] [1790606977.578335122] [amir2.gripper_controller]: Received & accepted new action goal
[ign gazebo-1] [INFO] [1790606977.684003481] [amir1.gripper_controller]: Received & accepted new action goal
[ign gazebo-1] [INFO] [1790606977.684070321] [amir2.gripper_controller]: Received & accepted new action goal
[ign gazebo-1] [INFO] [1790606977.908946261] [amir1.gripper_controller]: Received & accepted new action goal
[ign gazebo-1] [INFO] [1790606977.909383110] [amir2.gripper_controller]: Received & accepted new action goal
[ign gazebo-1] [INFO] [1790606978.142376672] [amir2.gripper_controller]: Received & accepted new action goal
[ign gazebo-1] [INFO] [1790606978.142423880] [amir1.gripper_controller]: Received & accepted new action goal
[ign gazebo-1] [INFO] [1790606978.245959931] [amir1.gripper_controller]: Received & accepted new action goal
[ign gazebo-1] [INFO] [1790606978.246001272] [amir2.gripper_controller]: Received & accepted new action goal
[ign gazebo-1] [INFO] [1790606978.460285499] [amir1.gripper_controller]: Received & accepted new action goal
[ign gazebo-1] [INFO] [1790606978.460797555] [amir2.gripper_controller]: Received & accepted new action goal
[ign gazebo-1] [INFO] [1790606978.674808862] [amir1.gripper_controller]: Received & accepted new action goal
[ign gazebo-1] [INFO] [1790606978.674877727] [amir2.gripper_controller]: Received & accepted new action goal
[ign gazebo-1] [INFO] [1790606978.780004319] [amir1.gripper_controller]: Received & accepted new action goal
[ign gazebo-1] [INFO] [1790606978.780084111] [amir2.gripper_controller]: Received & accepted new action goal
[ign gazebo-1] [INFO] [1790606978.982801451] [amir1.gripper_controller]: Received & accepted new action goal
[ign gazebo-1] [INFO] [1790606978.982820300] [amir2.gripper_controller]: Received & accepted new action goal
[ign gazebo-1] [INFO] [1790606979.210806579] [amir1.gripper_controller]: Received & accepted new action goal
[ign gazebo-1] [INFO] [1790606979.210945035] [amir2.gripper_controller]: Received & accepted new action goal
[ign gazebo-1] [INFO] [1790606979.318832933] [amir1.gripper_controller]: Received & accepted new action goal
[ign gazebo-1] [INFO] [1790606979.318888373] [amir2.gripper_controller]: Received & accepted new action goal
[ign gazebo-1] [INFO] [1790606979.552493807] [amir1.gripper_controller]: Received & accepted new action goal
[ign gazebo-1] [INFO] [1790606979.552512218] [amir2.gripper_controller]: Received & accepted new action goal
[ign gazebo-1] [INFO] [1790606979.771841126] [amir1.gripper_controller]: Received & accepted new action goal
[ign gazebo-1] [INFO] [1790606979.771946538] [amir2.gripper_controller]: Received & accepted new action goal
[ign gazebo-1] [INFO] [1790606979.891878993] [amir1.gripper_controller]: Received & accepted new action goal
[ign gazebo-1] [INFO] [1790606979.892755810] [amir2.gripper_controller]: Received & accepted new action goal
[ign gazebo-1] [INFO] [1790606980.105249509] [amir1.gripper_controller]: Received & accepted new action goal
[ign gazebo-1] [INFO] [1790606980.105319410] [amir2.gripper_controller]: Received & accepted new action goal
[ign gazebo-1] [INFO] [1790606980.328977341] [amir1.gripper_controller]: Received & accepted new action goal
[ign gazebo-1] [INFO] [1790606980.329014684] [amir2.gripper_controller]: Received & accepted new action goal
[ign gazebo-1] [INFO] [1790606980.431401737] [amir1.gripper_controller]: Received & accepted new action goal
[ign gazebo-1] [INFO] [1790606980.431513731] [amir2.gripper_controller]: Received & accepted new action goal
[ign gazebo-1] [INFO] [1790606980.665606920] [amir1.gripper_controller]: Received & accepted new action goal
[ign gazebo-1] [INFO] [1790606980.666034660] [amir2.gripper_controller]: Received & accepted new action goal
[ign gazebo-1] [INFO] [1790606980.907155107] [amir1.gripper_controller]: Received & accepted new action goal
[ign gazebo-1] [INFO] [1790606980.907279778] [amir2.gripper_controller]: Received & accepted new action goal
[ign gazebo-1] [INFO] [1790606981.011921287] [amir1.gripper_controller]: Received & accepted new action goal
[ign gazebo-1] [INFO] [1790606981.012037431] [amir2.gripper_controller]: Received & accepted new action goal
[ign gazebo-1] [INFO] [1790606981.249967696] [amir1.gripper_controller]: Received & accepted new action goal
[ign gazebo-1] [INFO] [1790606981.250643557] [amir2.gripper_controller]: Received & accepted new action goal
[ign gazebo-1] [INFO] [1790606981.490925730] [amir1.gripper_controller]: Received & accepted new action goal
[ign gazebo-1] [INFO] [1790606981.491318539] [amir2.gripper_controller]: Received & accepted new action goal
[ign gazebo-1] [INFO] [1790606981.599456970] [amir1.gripper_controller]: Received & accepted new action goal
[ign gazebo-1] [INFO] [1790606981.599590620] [amir2.gripper_controller]: Received & accepted new action goal
[ign gazebo-1] [INFO] [1790606981.874131659] [amir1.gripper_controller]: Received & accepted new action goal
[ign gazebo-1] [INFO] [1790606981.874273295] [amir2.gripper_controller]: Received & accepted new action goal
[ign gazebo-1] [INFO] [1790606982.117927833] [amir1.gripper_controller]: Received & accepted new action goal
[ign gazebo-1] [INFO] [1790606982.117994480] [amir2.gripper_controller]: Received & accepted new action goal
[ign gazebo-1] [INFO] [1790606982.219345520] [amir1.gripper_controller]: Received & accepted new action goal
[ign gazebo-1] [INFO] [1790606982.219464807] [amir2.gripper_controller]: Received & accepted new action goal
[ign gazebo-1] [INFO] [1790606982.434449804] [amir1.gripper_controller]: Received & accepted new action goal
[ign gazebo-1] [INFO] [1790606982.434488281] [amir2.gripper_controller]: Received & accepted new action goal
[ign gazebo-1] [INFO] [1790606982.651467740] [amir1.gripper_controller]: Received & accepted new action goal
[ign gazebo-1] [INFO] [1790606982.651475193] [amir2.gripper_controller]: Received & accepted new action goal
[ign gazebo-1] [INFO] [1790606982.754559033] [amir1.gripper_controller]: Received & accepted new action goal
[ign gazebo-1] [INFO] [1790606982.754772363] [amir2.gripper_controller]: Received & accepted new action goal
[ign gazebo-1] [INFO] [1790606982.998273173] [amir1.gripper_controller]: Received & accepted new action goal
[ign gazebo-1] [INFO] [1790606982.998384918] [amir2.gripper_controller]: Received & accepted new action goal
[ign gazebo-1] [INFO] [1790606983.218514411] [amir1.gripper_controller]: Received & accepted new action goal
[ign gazebo-1] [INFO] [1790606983.218539502] [amir2.gripper_controller]: Received & accepted new action goal
[ign gazebo-1] [INFO] [1790606983.324230775] [amir1.gripper_controller]: Received & accepted new action goal
[ign gazebo-1] [INFO] [1790606983.324659319] [amir2.gripper_controller]: Received & accepted new action goal
[ign gazebo-1] [INFO] [1790606983.537278881] [amir2.gripper_controller]: Received & accepted new action goal
[ign gazebo-1] [INFO] [1790606983.537281820] [amir1.gripper_controller]: Received & accepted new action goal
[ign gazebo-1] [INFO] [1790606983.784975193] [amir1.gripper_controller]: Received & accepted new action goal
[ign gazebo-1] [INFO] [1790606983.785070652] [amir2.gripper_controller]: Received & accepted new action goal
[ign gazebo-1] [INFO] [1790606983.900958720] [amir1.gripper_controller]: Received & accepted new action goal
[ign gazebo-1] [INFO] [1790606983.901164177] [amir2.gripper_controller]: Received & accepted new action goal
[ign gazebo-1] [INFO] [1790606984.145760298] [amir1.gripper_controller]: Received & accepted new action goal
[ign gazebo-1] [INFO] [1790606984.145940761] [amir2.gripper_controller]: Received & accepted new action goal
[ign gazebo-1] [INFO] [1790606984.372317113] [amir1.gripper_controller]: Received & accepted new action goal
[ign gazebo-1] [INFO] [1790606984.372461019] [amir2.gripper_controller]: Received & accepted new action goal
[ign gazebo-1] [INFO] [1790606984.478833948] [amir1.gripper_controller]: Received & accepted new action goal
[ign gazebo-1] [INFO] [1790606984.478981645] [amir2.gripper_controller]: Received & accepted new action goal
[ign gazebo-1] [INFO] [1790606984.683810218] [amir1.gripper_controller]: Received & accepted new action goal
[ign gazebo-1] [INFO] [1790606984.683956275] [amir2.gripper_controller]: Received & accepted new action goal
[ign gazebo-1] [INFO] [1790606984.895471032] [amir1.gripper_controller]: Received & accepted new action goal
[ign gazebo-1] [INFO] [1790606984.895543228] [amir2.gripper_controller]: Received & accepted new action goal
[ign gazebo-1] [INFO] [1790606985.015782087] [amir1.gripper_controller]: Received & accepted new action goal
[ign gazebo-1] [INFO] [1790606985.016008207] [amir2.gripper_controller]: Received & accepted new action goal
[ign gazebo-1] [INFO] [1790606985.264972779] [amir1.gripper_controller]: Received & accepted new action goal
[ign gazebo-1] [INFO] [1790606985.265224341] [amir2.gripper_controller]: Received & accepted new action goal
[ign gazebo-1] [INFO] [1790606985.529274692] [amir1.gripper_controller]: Received & accepted new action goal
[ign gazebo-1] [INFO] [1790606985.529464994] [amir2.gripper_controller]: Received & accepted new action goal
[ign gazebo-1] [INFO] [1790606985.642490495] [amir1.gripper_controller]: Received & accepted new action goal
[ign gazebo-1] [INFO] [1790606985.642603350] [amir2.gripper_controller]: Received & accepted new action goal
[ign gazebo-1] [INFO] [1790606985.915349941] [amir1.gripper_controller]: Received & accepted new action goal
[ign gazebo-1] [INFO] [1790606985.915387924] [amir2.gripper_controller]: Received & accepted new action goal
[ign gazebo-1] [INFO] [1790606986.122750915] [amir1.gripper_controller]: Received & accepted new action goal
[ign gazebo-1] [INFO] [1790606986.122849335] [amir2.gripper_controller]: Received & accepted new action goal
[ign gazebo-1] [INFO] [1790606986.226178630] [amir2.gripper_controller]: Received & accepted new action goal
[ign gazebo-1] [INFO] [1790606986.226223060] [amir1.gripper_controller]: Received & accepted new action goal
[ign gazebo-1] [INFO] [1790606986.453719903] [amir1.gripper_controller]: Received & accepted new action goal
[ign gazebo-1] [INFO] [1790606986.453748256] [amir2.gripper_controller]: Received & accepted new action goal
[ign gazebo-1] [INFO] [1790606986.672559791] [amir1.gripper_controller]: Received & accepted new action goal
[ign gazebo-1] [INFO] [1790606986.672735917] [amir2.gripper_controller]: Received & accepted new action goal
[ign gazebo-1] [INFO] [1790606986.782908842] [amir1.gripper_controller]: Received & accepted new action goal
[ign gazebo-1] [INFO] [1790606986.783028431] [amir2.gripper_controller]: Received & accepted new action goal
[ign gazebo-1] [INFO] [1790606986.997914833] [amir1.gripper_controller]: Received & accepted new action goal
[ign gazebo-1] [INFO] [1790606986.998384918] [amir2.gripper_controller]: Received & accepted new action goal
[ign gazebo-1] [INFO] [1790606987.245388926] [amir1.gripper_controller]: Received & accepted new action goal
[ign gazebo-1] [INFO] [1790606987.245442590] [amir2.gripper_controller]: Received & accepted new action goal
[ign gazebo-1] [INFO] [1790606987.350352717] [amir1.gripper_controller]: Received & accepted new action goal
[ign gazebo-1] [INFO] [1790606987.350379538] [amir2.gripper_controller]: Received & accepted new action goal
[ign gazebo-1] [INFO] [1790606987.658491186] [amir1.gripper_controller]: Received & accepted new action goal
[ign gazebo-1] [INFO] [1790606987.658668648] [amir2.gripper_controller]: Received & accepted new action goal
[ign gazebo-1] [INFO] [1790606987.912471217] [amir1.gripper_controller]: Received & accepted new action goal
[ign gazebo-1] [INFO] [1790606987.912530465] [amir2.gripper_controller]: Received & accepted new action goal
[ign gazebo-1] [INFO] [1790606988.018585475] [amir1.gripper_controller]: Received & accepted new action goal
[ign gazebo-1] [INFO] [1790606988.018787981] [amir2.gripper_controller]: Received & accepted new action goal
[ign gazebo-1] [INFO] [1790606988.251255749] [amir1.gripper_controller]: Received & accepted new action goal
[ign gazebo-1] [INFO] [1790606988.251517545] [amir2.gripper_controller]: Received & accepted new action goal
[ign gazebo-1] [INFO] [1790606988.475400541] [amir1.gripper_controller]: Received & accepted new action goal
[ign gazebo-1] [INFO] [1790606988.475570725] [amir2.gripper_controller]: Received & accepted new action goal
[ign gazebo-1] [INFO] [1790606988.589870675] [amir2.gripper_controller]: Received & accepted new action goal
[ign gazebo-1] [INFO] [1790606988.589888453] [amir1.gripper_controller]: Received & accepted new action goal
[ign gazebo-1] [INFO] [1790606988.859476265] [amir2.gripper_controller]: Received & accepted new action goal
[ign gazebo-1] [INFO] [1790606988.859488865] [amir1.gripper_controller]: Received & accepted new action goal
[ign gazebo-1] [INFO] [1790606989.127608100] [amir1.gripper_controller]: Received & accepted new action goal
[ign gazebo-1] [INFO] [1790606989.127910918] [amir2.gripper_controller]: Received & accepted new action goal
[ign gazebo-1] [INFO] [1790606989.241822010] [amir1.gripper_controller]: Received & accepted new action goal
[ign gazebo-1] [INFO] [1790606989.241935318] [amir2.gripper_controller]: Received & accepted new action goal
[friction_grasp_manager-34] [INFO] [1790606990.259871266] [friction_grasp_manager]: Finger wrench bias captured: amir1/left=19.6N, amir1/right=22.5N, amir2/left=19.6N, amir2/right=22.5N
[friction_grasp_manager-34] [INFO] [1790606990.260131654] [friction_grasp_manager]: Friction grasp state: HOLDING
[slip_monitor-41] [INFO] [1790606990.301771991] [slip_monitor]: Captured friction-grasp payload baseline: x=-0.000, y=0.000, z=0.657
[ign gazebo-1] [INFO] [1790606990.658481481] [amir1.gripper_controller]: Received & accepted new action goal
[ign gazebo-1] [INFO] [1790606990.658576699] [amir2.gripper_controller]: Received & accepted new action goal
[ign gazebo-1] [INFO] [1790606990.966577176] [amir1.gripper_controller]: Received & accepted new action goal
[ign gazebo-1] [INFO] [1790606990.966645781] [amir2.gripper_controller]: Received & accepted new action goal
[ign gazebo-1] [INFO] [1790606991.200945429] [amir1.gripper_controller]: Received & accepted new action goal
[ign gazebo-1] [INFO] [1790606991.201051743] [amir2.gripper_controller]: Received & accepted new action goal
[ign gazebo-1] [INFO] [1790606991.642567956] [amir1.gripper_controller]: Received & accepted new action goal
[ign gazebo-1] [INFO] [1790606991.642842421] [amir2.gripper_controller]: Received & accepted new action goal
[ign gazebo-1] [INFO] [1790606991.977023912] [amir2.gripper_controller]: Received & accepted new action goal
[ign gazebo-1] [INFO] [1790606991.977038069] [amir1.gripper_controller]: Received & accepted new action goal
[ign gazebo-1] [INFO] [1790606992.159288835] [amir1.gripper_controller]: Received & accepted new action goal
[ign gazebo-1] [INFO] [1790606992.159852801] [amir2.gripper_controller]: Received & accepted new action goal
[grasp_support_remover-38] [INFO] [1790606992.384693928] [grasp_support_remover]: Removed temporary support model "grasp_support"; transport may start.
[ign gazebo-1] [INFO] [1790606992.535477249] [amir1.gripper_controller]: Received & accepted new action goal
[ign gazebo-1] [INFO] [1790606992.535587321] [amir2.gripper_controller]: Received & accepted new action goal
[ign gazebo-1] [INFO] [1790606992.954824166] [amir2.gripper_controller]: Received & accepted new action goal
[ign gazebo-1] [INFO] [1790606992.954857957] [amir1.gripper_controller]: Received & accepted new action goal
[ign gazebo-1] [INFO] [1790606993.209777428] [amir1.gripper_controller]: Received & accepted new action goal
[ign gazebo-1] [INFO] [1790606993.209814450] [amir2.gripper_controller]: Received & accepted new action goal
[ign gazebo-1] [INFO] [1790606993.628266012] [amir1.gripper_controller]: Received & accepted new action goal
[ign gazebo-1] [INFO] [1790606993.629192843] [amir2.gripper_controller]: Received & accepted new action goal
[ign gazebo-1] [INFO] [1790606993.984668794] [amir1.gripper_controller]: Received & accepted new action goal
[ign gazebo-1] [INFO] [1790606993.984813821] [amir2.gripper_controller]: Received & accepted new action goal
[ign gazebo-1] [INFO] [1790606994.167676874] [amir1.gripper_controller]: Received & accepted new action goal
[ign gazebo-1] [INFO] [1790606994.167725773] [amir2.gripper_controller]: Received & accepted new action goal
[rotation_controller-6] [INFO] [1790606994.450772388] [cooperative_rotation_controller]: シーケンス開始: 搬送（直進） （0.500 m）
[coordinator-39] [INFO] [1790606994.471764490] [cooperative_coordinator]: Payload goal: x=-0.000, y=0.000, yaw=-0.000
[coordinator-39] [INFO] [1790606994.472328637] [cooperative_coordinator]: Formation-distance reference captured: 2.1339 m
[ign gazebo-1] [INFO] [1790606994.555996509] [amir1.gripper_controller]: Received & accepted new action goal
[ign gazebo-1] [INFO] [1790606994.556052065] [amir2.gripper_controller]: Received & accepted new action goal
[ign gazebo-1] [INFO] [1790606994.966969241] [amir1.gripper_controller]: Received & accepted new action goal
[ign gazebo-1] [INFO] [1790606994.967149797] [amir2.gripper_controller]: Received & accepted new action goal
[ign gazebo-1] [INFO] [1790606995.106988405] [amir1.gripper_controller]: Received & accepted new action goal
[ign gazebo-1] [INFO] [1790606995.107263132] [amir2.gripper_controller]: Received & accepted new action goal
[ign gazebo-1] [INFO] [1790606995.416548766] [amir1.gripper_controller]: Received & accepted new action goal
[ign gazebo-1] [INFO] [1790606995.416561213] [amir2.gripper_controller]: Received & accepted new action goal
[coordinator-39] [INFO] [1790606995.478286639] [cooperative_coordinator]: Payload goal: x=0.004, y=0.000, yaw=-0.000
[ign gazebo-1] [INFO] [1790606995.860827602] [amir1.gripper_controller]: Received & accepted new action goal
[ign gazebo-1] [INFO] [1790606995.860872271] [amir2.gripper_controller]: Received & accepted new action goal
[ign gazebo-1] [INFO] [1790606996.036152986] [amir2.gripper_controller]: Received & accepted new action goal
[ign gazebo-1] [INFO] [1790606996.036153955] [amir1.gripper_controller]: Received & accepted new action goal
[ign gazebo-1] [INFO] [1790606996.404900985] [amir2.gripper_controller]: Received & accepted new action goal
[ign gazebo-1] [INFO] [1790606996.404906501] [amir1.gripper_controller]: Received & accepted new action goal
[coordinator-39] [INFO] [1790606996.495876882] [cooperative_coordinator]: Payload goal: x=0.015, y=0.000, yaw=-0.000
[ign gazebo-1] [INFO] [1790606996.725599660] [amir2.gripper_controller]: Received & accepted new action goal
[ign gazebo-1] [INFO] [1790606996.725616897] [amir1.gripper_controller]: Received & accepted new action goal
[ign gazebo-1] [INFO] [1790606996.902631414] [amir1.gripper_controller]: Received & accepted new action goal
[ign gazebo-1] [INFO] [1790606996.902720462] [amir2.gripper_controller]: Received & accepted new action goal
[ign gazebo-1] [INFO] [1790606997.267767451] [amir1.gripper_controller]: Received & accepted new action goal
[ign gazebo-1] [INFO] [1790606997.267844705] [amir2.gripper_controller]: Received & accepted new action goal
[coordinator-39] [INFO] [1790606997.496235669] [cooperative_coordinator]: Payload goal: x=0.037, y=0.000, yaw=-0.000
[ign gazebo-1] [INFO] [1790606997.547675183] [amir1.gripper_controller]: Received & accepted new action goal
[ign gazebo-1] [INFO] [1790606997.547874116] [amir2.gripper_controller]: Received & accepted new action goal
[ign gazebo-1] [INFO] [1790606997.665517960] [amir1.gripper_controller]: Received & accepted new action goal
[ign gazebo-1] [INFO] [1790606998.010276291] [amir1.gripper_controller]: Received & accepted new action goal
[ign gazebo-1] [INFO] [1790606998.352927190] [amir1.gripper_controller]: Received & accepted new action goal
[coordinator-39] [INFO] [1790606998.516877017] [cooperative_coordinator]: Payload goal: x=0.045, y=0.000, yaw=-0.000
[ign gazebo-1] [INFO] [1790606998.556962752] [amir1.gripper_controller]: Received & accepted new action goal
[ign gazebo-1] [INFO] [1790606999.018389019] [amir1.gripper_controller]: Received & accepted new action goal
[coordinator-39] [INFO] [1790606999.553132625] [cooperative_coordinator]: Payload goal: x=0.045, y=0.000, yaw=-0.000
[ign gazebo-1] [INFO] [1790607000.090764406] [amir1.gripper_controller]: Received & accepted new action goal
[ign gazebo-1] [INFO] [1790607000.490777253] [amir2.gripper_controller]: Received & accepted new action goal
[coordinator-39] [INFO] [1790607000.574742656] [cooperative_coordinator]: Payload goal: x=0.045, y=0.000, yaw=-0.000
[ign gazebo-1] [INFO] [1790607000.639237387] [amir2.gripper_controller]: Received & accepted new action goal
[ign gazebo-1] [INFO] [1790607001.034068605] [amir2.gripper_controller]: Received & accepted new action goal
[ign gazebo-1] [INFO] [1790607001.451238121] [amir2.gripper_controller]: Received & accepted new action goal
[coordinator-39] [INFO] [1790607001.582594711] [cooperative_coordinator]: Payload goal: x=0.045, y=0.000, yaw=-0.000
[ign gazebo-1] [INFO] [1790607001.672037936] [amir2.gripper_controller]: Received & accepted new action goal
[ign gazebo-1] [INFO] [1790607002.160320642] [amir2.gripper_controller]: Received & accepted new action goal
[coordinator-39] [INFO] [1790607002.596614603] [cooperative_coordinator]: Payload goal: x=0.045, y=0.000, yaw=-0.000
[ign gazebo-1] [INFO] [1790607002.608979785] [amir2.gripper_controller]: Received & accepted new action goal
[ign gazebo-1] [INFO] [1790607002.830805585] [amir2.gripper_controller]: Received & accepted new action goal
[ign gazebo-1] [INFO] [1790607003.283825636] [amir2.gripper_controller]: Received & accepted new action goal
[ign gazebo-1] [INFO] [1790607003.580014446] [amir2.gripper_controller]: Received & accepted new action goal
[coordinator-39] [INFO] [1790607003.608328918] [cooperative_coordinator]: Payload goal: x=0.064, y=0.000, yaw=-0.000
[ign gazebo-1] [INFO] [1790607003.756576517] [amir2.gripper_controller]: Received & accepted new action goal
[ign gazebo-1] [INFO] [1790607003.756647721] [amir1.gripper_controller]: Received & accepted new action goal
[ign gazebo-1] [INFO] [1790607004.046960333] [amir1.gripper_controller]: Received & accepted new action goal
[ign gazebo-1] [INFO] [1790607004.047077405] [amir2.gripper_controller]: Received & accepted new action goal
[ign gazebo-1] [INFO] [1790607004.375562446] [amir1.gripper_controller]: Received & accepted new action goal
[ign gazebo-1] [INFO] [1790607004.375755009] [amir2.gripper_controller]: Received & accepted new action goal
[ign gazebo-1] [INFO] [1790607004.570504484] [amir1.gripper_controller]: Received & accepted new action goal
[ign gazebo-1] [INFO] [1790607004.570655437] [amir2.gripper_controller]: Received & accepted new action goal
[coordinator-39] [INFO] [1790607004.620255402] [cooperative_coordinator]: Payload goal: x=0.069, y=0.000, yaw=-0.000
[ign gazebo-1] [INFO] [1790607005.049835889] [amir1.gripper_controller]: Received & accepted new action goal
[ign gazebo-1] [INFO] [1790607005.049884888] [amir2.gripper_controller]: Received & accepted new action goal
[ign gazebo-1] [INFO] [1790607005.427771792] [amir1.gripper_controller]: Received & accepted new action goal
[ign gazebo-1] [INFO] [1790607005.427875889] [amir2.gripper_controller]: Received & accepted new action goal
[coordinator-39] [INFO] [1790607005.624636005] [cooperative_coordinator]: Payload goal: x=0.069, y=0.000, yaw=-0.000
[ign gazebo-1] [INFO] [1790607005.636918949] [amir1.gripper_controller]: Received & accepted new action goal
[ign gazebo-1] [INFO] [1790607005.636992231] [amir2.gripper_controller]: Received & accepted new action goal
[ign gazebo-1] [INFO] [1790607005.963812081] [amir2.gripper_controller]: Received & accepted new action goal
[ign gazebo-1] [INFO] [1790607005.963834125] [amir1.gripper_controller]: Received & accepted new action goal
[ign gazebo-1] [INFO] [1790607006.363011819] [amir2.gripper_controller]: Received & accepted new action goal
[ign gazebo-1] [INFO] [1790607006.363012472] [amir1.gripper_controller]: Received & accepted new action goal
[ign gazebo-1] [INFO] [1790607006.562993286] [amir1.gripper_controller]: Received & accepted new action goal
[ign gazebo-1] [INFO] [1790607006.563044570] [amir2.gripper_controller]: Received & accepted new action goal
[coordinator-39] [INFO] [1790607006.632585061] [cooperative_coordinator]: Payload goal: x=0.069, y=0.000, yaw=-0.000
[ign gazebo-1] [INFO] [1790607007.005078017] [amir2.gripper_controller]: Received & accepted new action goal
[ign gazebo-1] [INFO] [1790607007.005095424] [amir1.gripper_controller]: Received & accepted new action goal
[ign gazebo-1] [INFO] [1790607007.403685700] [amir1.gripper_controller]: Received & accepted new action goal
[ign gazebo-1] [INFO] [1790607007.403761772] [amir2.gripper_controller]: Received & accepted new action goal
[ign gazebo-1] [INFO] [1790607007.560439874] [amir1.gripper_controller]: Received & accepted new action goal
[ign gazebo-1] [INFO] [1790607007.560444412] [amir2.gripper_controller]: Received & accepted new action goal
[coordinator-39] [INFO] [1790607007.633764386] [cooperative_coordinator]: Payload goal: x=0.069, y=0.000, yaw=-0.000
[ign gazebo-1] [INFO] [1790607007.931995116] [amir1.gripper_controller]: Received & accepted new action goal
[ign gazebo-1] [INFO] [1790607007.932084436] [amir2.gripper_controller]: Received & accepted new action goal
[ign gazebo-1] [INFO] [1790607008.312973368] [amir1.gripper_controller]: Received & accepted new action goal
[ign gazebo-1] [INFO] [1790607008.313138735] [amir2.gripper_controller]: Received & accepted new action goal
[ign gazebo-1] [INFO] [1790607008.479091353] [amir1.gripper_controller]: Received & accepted new action goal
[coordinator-39] [INFO] [1790607008.642746297] [cooperative_coordinator]: Payload goal: x=0.072, y=0.000, yaw=-0.000
[ign gazebo-1] [INFO] [1790607009.322942359] [amir1.gripper_controller]: Received & accepted new action goal
[ign gazebo-1] [INFO] [1790607009.323031136] [amir2.gripper_controller]: Received & accepted new action goal
[ign gazebo-1] [INFO] [1790607009.538798225] [amir1.gripper_controller]: Received & accepted new action goal
[ign gazebo-1] [INFO] [1790607009.538965457] [amir2.gripper_controller]: Received & accepted new action goal
[coordinator-39] [INFO] [1790607009.656410616] [cooperative_coordinator]: Payload goal: x=0.094, y=0.000, yaw=-0.000
[ign gazebo-1] [INFO] [1790607009.964411531] [amir1.gripper_controller]: Received & accepted new action goal
[ign gazebo-1] [INFO] [1790607009.964524443] [amir2.gripper_controller]: Received & accepted new action goal
[ign gazebo-1] [INFO] [1790607010.364575439] [amir1.gripper_controller]: Received & accepted new action goal
[ign gazebo-1] [INFO] [1790607010.364661259] [amir2.gripper_controller]: Received & accepted new action goal
[ign gazebo-1] [INFO] [1790607010.555696509] [amir1.gripper_controller]: Received & accepted new action goal
[ign gazebo-1] [INFO] [1790607010.555721856] [amir2.gripper_controller]: Received & accepted new action goal
[coordinator-39] [INFO] [1790607010.669770842] [cooperative_coordinator]: Payload goal: x=0.094, y=0.000, yaw=-0.000
[ign gazebo-1] [INFO] [1790607010.994954798] [amir1.gripper_controller]: Received & accepted new action goal
[ign gazebo-1] [INFO] [1790607010.995176577] [amir2.gripper_controller]: Received & accepted new action goal
[ign gazebo-1] [INFO] [1790607011.338705156] [amir1.gripper_controller]: Received & accepted new action goal
[ign gazebo-1] [INFO] [1790607011.338744269] [amir2.gripper_controller]: Received & accepted new action goal
[ign gazebo-1] [INFO] [1790607011.496551682] [amir2.gripper_controller]: Received & accepted new action goal
[ign gazebo-1] [INFO] [1790607011.496686952] [amir1.gripper_controller]: Received & accepted new action goal
[coordinator-39] [INFO] [1790607011.689851586] [cooperative_coordinator]: Payload goal: x=0.094, y=0.000, yaw=-0.000
[ign gazebo-1] [INFO] [1790607011.930149953] [amir1.gripper_controller]: Received & accepted new action goal
[ign gazebo-1] [INFO] [1790607011.930212649] [amir2.gripper_controller]: Received & accepted new action goal
[ign gazebo-1] [INFO] [1790607012.354313653] [amir1.gripper_controller]: Received & accepted new action goal
[ign gazebo-1] [INFO] [1790607012.354410944] [amir2.gripper_controller]: Received & accepted new action goal
[ign gazebo-1] [INFO] [1790607012.539288139] [amir1.gripper_controller]: Received & accepted new action goal
[ign gazebo-1] [INFO] [1790607012.539299030] [amir2.gripper_controller]: Received & accepted new action goal
[coordinator-39] [INFO] [1790607012.703384767] [cooperative_coordinator]: Payload goal: x=0.094, y=0.000, yaw=-0.000
[ign gazebo-1] [INFO] [1790607012.943855218] [amir1.gripper_controller]: Received & accepted new action goal
[ign gazebo-1] [INFO] [1790607012.943931823] [amir2.gripper_controller]: Received & accepted new action goal
[ign gazebo-1] [INFO] [1790607013.356842292] [amir1.gripper_controller]: Received & accepted new action goal
[ign gazebo-1] [INFO] [1790607013.356878315] [amir2.gripper_controller]: Received & accepted new action goal
[ign gazebo-1] [INFO] [1790607013.549302497] [amir1.gripper_controller]: Received & accepted new action goal
[ign gazebo-1] [INFO] [1790607013.549372299] [amir2.gripper_controller]: Received & accepted new action goal
[coordinator-39] [INFO] [1790607013.707993112] [cooperative_coordinator]: Payload goal: x=0.094, y=0.000, yaw=-0.000
[ign gazebo-1] [INFO] [1790607013.985912055] [amir1.gripper_controller]: Received & accepted new action goal
[ign gazebo-1] [INFO] [1790607013.986033295] [amir2.gripper_controller]: Received & accepted new action goal
[ign gazebo-1] [INFO] [1790607014.321783838] [amir1.gripper_controller]: Received & accepted new action goal
[ign gazebo-1] [INFO] [1790607014.321881733] [amir2.gripper_controller]: Received & accepted new action goal
[ign gazebo-1] [INFO] [1790607014.464534241] [amir1.gripper_controller]: Received & accepted new action goal
[coordinator-39] [INFO] [1790607014.720986378] [cooperative_coordinator]: Payload goal: x=0.099, y=0.000, yaw=-0.000
[ign gazebo-1] [INFO] [1790607014.925364864] [amir1.gripper_controller]: Received & accepted new action goal
[ign gazebo-1] [INFO] [1790607014.925464640] [amir2.gripper_controller]: Received & accepted new action goal
[ign gazebo-1] [INFO] [1790607015.318825128] [amir1.gripper_controller]: Received & accepted new action goal
[ign gazebo-1] [INFO] [1790607015.318907591] [amir2.gripper_controller]: Received & accepted new action goal
[ign gazebo-1] [INFO] [1790607015.558275982] [amir1.gripper_controller]: Received & accepted new action goal
[ign gazebo-1] [INFO] [1790607015.558503718] [amir2.gripper_controller]: Received & accepted new action goal
[coordinator-39] [INFO] [1790607015.742729528] [cooperative_coordinator]: Payload goal: x=0.118, y=0.000, yaw=-0.000
[ign gazebo-1] [INFO] [1790607015.972005295] [amir2.gripper_controller]: Received & accepted new action goal
[ign gazebo-1] [INFO] [1790607015.972043983] [amir1.gripper_controller]: Received & accepted new action goal
[ign gazebo-1] [INFO] [1790607016.437325523] [amir1.gripper_controller]: Received & accepted new action goal
[ign gazebo-1] [INFO] [1790607016.437513256] [amir2.gripper_controller]: Received & accepted new action goal
[ign gazebo-1] [INFO] [1790607016.640937655] [amir1.gripper_controller]: Received & accepted new action goal
[ign gazebo-1] [INFO] [1790607016.640968361] [amir2.gripper_controller]: Received & accepted new action goal
[coordinator-39] [INFO] [1790607016.748206035] [cooperative_coordinator]: Payload goal: x=0.118, y=0.000, yaw=-0.000
[ign gazebo-1] [INFO] [1790607017.113558893] [amir2.gripper_controller]: Received & accepted new action goal
[ign gazebo-1] [INFO] [1790607017.113711706] [amir1.gripper_controller]: Received & accepted new action goal
[ign gazebo-1] [INFO] [1790607017.424321222] [amir1.gripper_controller]: Received & accepted new action goal
[ign gazebo-1] [INFO] [1790607017.424333047] [amir2.gripper_controller]: Received & accepted new action goal
[ign gazebo-1] [INFO] [1790607017.587247746] [amir1.gripper_controller]: Received & accepted new action goal
[ign gazebo-1] [INFO] [1790607017.587309220] [amir2.gripper_controller]: Received & accepted new action goal
[coordinator-39] [INFO] [1790607017.771446594] [cooperative_coordinator]: Payload goal: x=0.118, y=0.000, yaw=-0.000
[ign gazebo-1] [INFO] [1790607018.082943337] [amir1.gripper_controller]: Received & accepted new action goal
[ign gazebo-1] [INFO] [1790607018.083124491] [amir2.gripper_controller]: Received & accepted new action goal
[ign gazebo-1] [INFO] [1790607018.375232708] [amir2.gripper_controller]: Received & accepted new action goal
[ign gazebo-1] [INFO] [1790607018.375441612] [amir1.gripper_controller]: Received & accepted new action goal
[ign gazebo-1] [INFO] [1790607018.548304587] [amir2.gripper_controller]: Received & accepted new action goal
[coordinator-39] [INFO] [1790607018.782840205] [cooperative_coordinator]: Payload goal: x=0.118, y=0.000, yaw=-0.000
[ign gazebo-1] [INFO] [1790607018.917235610] [amir2.gripper_controller]: Received & accepted new action goal
[ign gazebo-1] [INFO] [1790607018.917332650] [amir1.gripper_controller]: Received & accepted new action goal
[ign gazebo-1] [INFO] [1790607019.297259634] [amir1.gripper_controller]: Received & accepted new action goal
[ign gazebo-1] [INFO] [1790607019.297292546] [amir2.gripper_controller]: Received & accepted new action goal
[ign gazebo-1] [INFO] [1790607019.527447163] [amir2.gripper_controller]: Received & accepted new action goal
[ign gazebo-1] [INFO] [1790607019.527548798] [amir1.gripper_controller]: Received & accepted new action goal
[coordinator-39] [INFO] [1790607019.799028948] [cooperative_coordinator]: Payload goal: x=0.118, y=0.000, yaw=-0.000
[ign gazebo-1] [INFO] [1790607019.920875960] [amir1.gripper_controller]: Received & accepted new action goal
[ign gazebo-1] [INFO] [1790607019.920978959] [amir2.gripper_controller]: Received & accepted new action goal
[ign gazebo-1] [INFO] [1790607020.241973966] [amir1.gripper_controller]: Received & accepted new action goal
[ign gazebo-1] [INFO] [1790607020.242483839] [amir2.gripper_controller]: Received & accepted new action goal
[ign gazebo-1] [INFO] [1790607020.433885569] [amir1.gripper_controller]: Received & accepted new action goal
[ign gazebo-1] [INFO] [1790607020.433906850] [amir2.gripper_controller]: Received & accepted new action goal
[coordinator-39] [INFO] [1790607020.824148354] [cooperative_coordinator]: Payload goal: x=0.131, y=0.000, yaw=-0.000
[ign gazebo-1] [INFO] [1790607020.836738127] [amir1.gripper_controller]: Received & accepted new action goal
[ign gazebo-1] [INFO] [1790607020.836822118] [amir2.gripper_controller]: Received & accepted new action goal
[ign gazebo-1] [INFO] [1790607021.205364983] [amir2.gripper_controller]: Received & accepted new action goal
[ign gazebo-1] [INFO] [1790607021.205372462] [amir1.gripper_controller]: Received & accepted new action goal
[ign gazebo-1] [INFO] [1790607021.368016367] [amir1.gripper_controller]: Received & accepted new action goal
[friction_grasp_manager-34] [WARN] [1790607021.368808605] [friction_grasp_manager]: amir2 finger force above 26.0 N; backing off.
[ign gazebo-1] [INFO] [1790607021.369652573] [amir2.gripper_controller]: Received & accepted new action goal
[ign gazebo-1] [INFO] [1790607021.609793642] [amir1.gripper_controller]: Received & accepted new action goal
[ign gazebo-1] [INFO] [1790607021.609845929] [amir2.gripper_controller]: Received & accepted new action goal
[coordinator-39] [INFO] [1790607021.826300569] [cooperative_coordinator]: Payload goal: x=0.142, y=0.000, yaw=-0.000
[ign gazebo-1] [INFO] [1790607021.904410807] [amir1.gripper_controller]: Received & accepted new action goal
[ign gazebo-1] [INFO] [1790607021.904514409] [amir2.gripper_controller]: Received & accepted new action goal
[coordinator-39] [INFO] [1790607022.826948805] [cooperative_coordinator]: Payload goal: x=0.142, y=0.000, yaw=-0.000
[ign gazebo-1] [INFO] [1790607023.834814567] [amir2.gripper_controller]: Received & accepted new action goal
[ign gazebo-1] [INFO] [1790607023.834828277] [amir1.gripper_controller]: Received & accepted new action goal
[coordinator-39] [INFO] [1790607023.836433664] [cooperative_coordinator]: Payload goal: x=0.142, y=0.000, yaw=-0.000
[ign gazebo-1] [INFO] [1790607024.310928427] [amir1.gripper_controller]: Received & accepted new action goal
[ign gazebo-1] [INFO] [1790607024.310961929] [amir2.gripper_controller]: Received & accepted new action goal
[ign gazebo-1] [INFO] [1790607024.515498766] [amir2.gripper_controller]: Received & accepted new action goal
[ign gazebo-1] [INFO] [1790607024.515518110] [amir1.gripper_controller]: Received & accepted new action goal
[coordinator-39] [INFO] [1790607024.853788742] [cooperative_coordinator]: Payload goal: x=0.142, y=0.000, yaw=-0.000
[ign gazebo-1] [INFO] [1790607025.023301702] [amir1.gripper_controller]: Received & accepted new action goal
[ign gazebo-1] [INFO] [1790607025.023363882] [amir2.gripper_controller]: Received & accepted new action goal
[ign gazebo-1] [INFO] [1790607025.301410732] [amir1.gripper_controller]: Received & accepted new action goal
[ign gazebo-1] [INFO] [1790607025.301509810] [amir2.gripper_controller]: Received & accepted new action goal
[ign gazebo-1] [INFO] [1790607025.473216409] [amir1.gripper_controller]: Received & accepted new action goal
[ign gazebo-1] [INFO] [1790607025.473353722] [amir2.gripper_controller]: Received & accepted new action goal
[ign gazebo-1] [INFO] [1790607025.845353431] [amir1.gripper_controller]: Received & accepted new action goal
[ign gazebo-1] [INFO] [1790607025.845467742] [amir2.gripper_controller]: Received & accepted new action goal
[coordinator-39] [INFO] [1790607025.870636613] [cooperative_coordinator]: Payload goal: x=0.142, y=0.000, yaw=-0.000
[ign gazebo-1] [INFO] [1790607026.221199872] [amir1.gripper_controller]: Received & accepted new action goal
[ign gazebo-1] [INFO] [1790607026.221303555] [amir2.gripper_controller]: Received & accepted new action goal
[ign gazebo-1] [INFO] [1790607026.386188051] [amir2.gripper_controller]: Received & accepted new action goal
[ign gazebo-1] [INFO] [1790607026.821479456] [amir2.gripper_controller]: Received & accepted new action goal
[ign gazebo-1] [INFO] [1790607026.821506694] [amir1.gripper_controller]: Received & accepted new action goal
[coordinator-39] [INFO] [1790607026.894924345] [cooperative_coordinator]: Payload goal: x=0.163, y=0.000, yaw=-0.000
[ign gazebo-1] [INFO] [1790607027.303792047] [amir1.gripper_controller]: Received & accepted new action goal
[ign gazebo-1] [INFO] [1790607027.304054664] [amir2.gripper_controller]: Received & accepted new action goal
[ign gazebo-1] [INFO] [1790607027.490991668] [amir1.gripper_controller]: Received & accepted new action goal
[ign gazebo-1] [INFO] [1790607027.491050901] [amir2.gripper_controller]: Received & accepted new action goal
[coordinator-39] [INFO] [1790607027.909508298] [cooperative_coordinator]: Payload goal: x=0.166, y=0.000, yaw=-0.000
[ign gazebo-1] [INFO] [1790607027.920971325] [amir1.gripper_controller]: Received & accepted new action goal
[ign gazebo-1] [INFO] [1790607027.921108447] [amir2.gripper_controller]: Received & accepted new action goal
[ign gazebo-1] [INFO] [1790607028.271551339] [amir1.gripper_controller]: Received & accepted new action goal
[ign gazebo-1] [INFO] [1790607028.271684162] [amir2.gripper_controller]: Received & accepted new action goal
[ign gazebo-1] [INFO] [1790607028.429383450] [amir1.gripper_controller]: Received & accepted new action goal
[ign gazebo-1] [INFO] [1790607028.429537154] [amir2.gripper_controller]: Received & accepted new action goal
[ign gazebo-1] [INFO] [1790607028.647652106] [amir2.gripper_controller]: Received & accepted new action goal
[coordinator-39] [INFO] [1790607028.912767233] [cooperative_coordinator]: Payload goal: x=0.166, y=0.000, yaw=-0.000
[ign gazebo-1] [INFO] [1790607029.043098661] [amir2.gripper_controller]: Received & accepted new action goal
[ign gazebo-1] [INFO] [1790607029.270395292] [amir2.gripper_controller]: Received & accepted new action goal
[ign gazebo-1] [INFO] [1790607029.698556269] [amir2.gripper_controller]: Received & accepted new action goal
[coordinator-39] [INFO] [1790607029.913051896] [cooperative_coordinator]: Payload goal: x=0.166, y=0.000, yaw=-0.000
[ign gazebo-1] [INFO] [1790607030.099595464] [amir1.gripper_controller]: Received & accepted new action goal
[ign gazebo-1] [INFO] [1790607030.099731243] [amir2.gripper_controller]: Received & accepted new action goal
[ign gazebo-1] [INFO] [1790607030.305810886] [amir1.gripper_controller]: Received & accepted new action goal
[ign gazebo-1] [INFO] [1790607030.305955576] [amir2.gripper_controller]: Received & accepted new action goal
[ign gazebo-1] [INFO] [1790607030.709941581] [amir1.gripper_controller]: Received & accepted new action goal
[ign gazebo-1] [INFO] [1790607030.709977133] [amir2.gripper_controller]: Received & accepted new action goal
[coordinator-39] [INFO] [1790607030.930138657] [cooperative_coordinator]: Payload goal: x=0.166, y=0.000, yaw=-0.000
[ign gazebo-1] [INFO] [1790607031.116445275] [amir1.gripper_controller]: Received & accepted new action goal
[ign gazebo-1] [INFO] [1790607031.116464141] [amir2.gripper_controller]: Received & accepted new action goal
[ign gazebo-1] [INFO] [1790607031.318259423] [amir1.gripper_controller]: Received & accepted new action goal
[ign gazebo-1] [INFO] [1790607031.318357693] [amir2.gripper_controller]: Received & accepted new action goal
[ign gazebo-1] [INFO] [1790607031.719016742] [amir1.gripper_controller]: Received & accepted new action goal
[ign gazebo-1] [INFO] [1790607031.719142674] [amir2.gripper_controller]: Received & accepted new action goal
[coordinator-39] [INFO] [1790607031.939292791] [cooperative_coordinator]: Payload goal: x=0.174, y=0.000, yaw=-0.000
[ign gazebo-1] [INFO] [1790607032.005159389] [amir1.gripper_controller]: Received & accepted new action goal
[ign gazebo-1] [INFO] [1790607032.005314387] [amir2.gripper_controller]: Received & accepted new action goal
[ign gazebo-1] [INFO] [1790607032.173917001] [amir2.gripper_controller]: Received & accepted new action goal
[friction_grasp_manager-34] [WARN] [1790607032.518293622] [friction_grasp_manager]: amir1 finger force above 26.0 N; backing off.
[ign gazebo-1] [INFO] [1790607032.518556793] [amir1.gripper_controller]: Received & accepted new action goal
[ign gazebo-1] [INFO] [1790607032.518752353] [amir2.gripper_controller]: Received & accepted new action goal
[ign gazebo-1] [INFO] [1790607032.803758355] [amir1.gripper_controller]: Received & accepted new action goal
[ign gazebo-1] [INFO] [1790607032.803991178] [amir2.gripper_controller]: Received & accepted new action goal
[coordinator-39] [INFO] [1790607032.945619007] [cooperative_coordinator]: Payload goal: x=0.190, y=0.000, yaw=-0.000
[ign gazebo-1] [INFO] [1790607032.958392140] [amir1.gripper_controller]: Received & accepted new action goal
[ign gazebo-1] [INFO] [1790607032.958517480] [amir2.gripper_controller]: Received & accepted new action goal
[ign gazebo-1] [INFO] [1790607033.349942207] [amir1.gripper_controller]: Received & accepted new action goal
[ign gazebo-1] [INFO] [1790607033.350049289] [amir2.gripper_controller]: Received & accepted new action goal
[ign gazebo-1] [INFO] [1790607033.706647318] [amir1.gripper_controller]: Received & accepted new action goal
[ign gazebo-1] [INFO] [1790607033.706665801] [amir2.gripper_controller]: Received & accepted new action goal
[friction_grasp_manager-34] [WARN] [1790607033.912107611] [friction_grasp_manager]: amir1 finger force above 26.0 N; backing off.
[ign gazebo-1] [INFO] [1790607033.912797817] [amir1.gripper_controller]: Received & accepted new action goal
[ign gazebo-1] [INFO] [1790607033.913193076] [amir2.gripper_controller]: Received & accepted new action goal
[coordinator-39] [INFO] [1790607033.954453665] [cooperative_coordinator]: Payload goal: x=0.190, y=0.000, yaw=-0.000
[ign gazebo-1] [INFO] [1790607034.149087523] [amir1.gripper_controller]: Received & accepted new action goal
[ign gazebo-1] [INFO] [1790607034.149299503] [amir2.gripper_controller]: Received & accepted new action goal
[ign gazebo-1] [INFO] [1790607034.534221666] [amir1.gripper_controller]: Received & accepted new action goal
[ign gazebo-1] [INFO] [1790607034.534329537] [amir2.gripper_controller]: Received & accepted new action goal
[ign gazebo-1] [INFO] [1790607034.723995853] [amir1.gripper_controller]: Received & accepted new action goal
[ign gazebo-1] [INFO] [1790607034.724341217] [amir2.gripper_controller]: Received & accepted new action goal
[coordinator-39] [INFO] [1790607034.974339664] [cooperative_coordinator]: Payload goal: x=0.190, y=0.000, yaw=-0.000
[ign gazebo-1] [INFO] [1790607035.043010403] [amir1.gripper_controller]: Received & accepted new action goal
[ign gazebo-1] [INFO] [1790607035.043159261] [amir2.gripper_controller]: Received & accepted new action goal
[ign gazebo-1] [INFO] [1790607035.383390324] [amir2.gripper_controller]: Received & accepted new action goal
[ign gazebo-1] [INFO] [1790607035.511979551] [amir1.gripper_controller]: Received & accepted new action goal
[ign gazebo-1] [INFO] [1790607035.512129633] [amir2.gripper_controller]: Received & accepted new action goal
[ign gazebo-1] [INFO] [1790607035.726519912] [amir2.gripper_controller]: Received & accepted new action goal
[coordinator-39] [INFO] [1790607035.984207329] [cooperative_coordinator]: Payload goal: x=0.190, y=0.000, yaw=-0.000
[ign gazebo-1] [INFO] [1790607036.143945067] [amir1.gripper_controller]: Received & accepted new action goal
[ign gazebo-1] [INFO] [1790607036.144018817] [amir2.gripper_controller]: Received & accepted new action goal
[ign gazebo-1] [INFO] [1790607036.325005746] [amir1.gripper_controller]: Received & accepted new action goal
[ign gazebo-1] [INFO] [1790607036.325087469] [amir2.gripper_controller]: Received & accepted new action goal
[ign gazebo-1] [INFO] [1790607036.709585819] [amir1.gripper_controller]: Received & accepted new action goal
[ign gazebo-1] [INFO] [1790607036.709737365] [amir2.gripper_controller]: Received & accepted new action goal
[coordinator-39] [INFO] [1790607036.999174796] [cooperative_coordinator]: Payload goal: x=0.195, y=0.000, yaw=-0.000
[ign gazebo-1] [INFO] [1790607037.183815554] [amir1.gripper_controller]: Received & accepted new action goal
[ign gazebo-1] [INFO] [1790607037.183945992] [amir2.gripper_controller]: Received & accepted new action goal
[ign gazebo-1] [INFO] [1790607037.308876761] [amir1.gripper_controller]: Received & accepted new action goal
[ign gazebo-1] [INFO] [1790607037.308913440] [amir2.gripper_controller]: Received & accepted new action goal
[ign gazebo-1] [INFO] [1790607037.745004182] [amir1.gripper_controller]: Received & accepted new action goal
[ign gazebo-1] [INFO] [1790607037.745149593] [amir2.gripper_controller]: Received & accepted new action goal
[coordinator-39] [INFO] [1790607038.001301961] [cooperative_coordinator]: Payload goal: x=0.215, y=0.000, yaw=-0.000
[ign gazebo-1] [INFO] [1790607038.182152011] [amir2.gripper_controller]: Received & accepted new action goal
[ign gazebo-1] [INFO] [1790607038.182227229] [amir1.gripper_controller]: Received & accepted new action goal
[ign gazebo-1] [INFO] [1790607038.402778379] [amir1.gripper_controller]: Received & accepted new action goal
[ign gazebo-1] [INFO] [1790607038.402989977] [amir2.gripper_controller]: Received & accepted new action goal
[ign gazebo-1] [INFO] [1790607038.903396554] [amir2.gripper_controller]: Received & accepted new action goal
[ign gazebo-1] [INFO] [1790607038.903496934] [amir1.gripper_controller]: Received & accepted new action goal
[coordinator-39] [INFO] [1790607039.012783189] [cooperative_coordinator]: Payload goal: x=0.215, y=0.000, yaw=-0.000
[ign gazebo-1] [INFO] [1790607039.393043231] [amir2.gripper_controller]: Received & accepted new action goal
[ign gazebo-1] [INFO] [1790607039.393229470] [amir1.gripper_controller]: Received & accepted new action goal
[ign gazebo-1] [INFO] [1790607039.616643253] [amir1.gripper_controller]: Received & accepted new action goal
[ign gazebo-1] [INFO] [1790607039.616730636] [amir2.gripper_controller]: Received & accepted new action goal
[ign gazebo-1] [INFO] [1790607039.888732062] [amir1.gripper_controller]: Received & accepted new action goal
[ign gazebo-1] [INFO] [1790607039.888871843] [amir2.gripper_controller]: Received & accepted new action goal
[coordinator-39] [INFO] [1790607040.022115049] [cooperative_coordinator]: Payload goal: x=0.215, y=0.000, yaw=-0.000
[ign gazebo-1] [INFO] [1790607040.285945863] [amir1.gripper_controller]: Received & accepted new action goal
[ign gazebo-1] [INFO] [1790607040.286095794] [amir2.gripper_controller]: Received & accepted new action goal
[ign gazebo-1] [INFO] [1790607040.484190465] [amir1.gripper_controller]: Received & accepted new action goal
[ign gazebo-1] [INFO] [1790607040.484587750] [amir2.gripper_controller]: Received & accepted new action goal
[ign gazebo-1] [INFO] [1790607040.905054796] [amir1.gripper_controller]: Received & accepted new action goal
[ign gazebo-1] [INFO] [1790607040.905221493] [amir2.gripper_controller]: Received & accepted new action goal
[coordinator-39] [INFO] [1790607041.031987817] [cooperative_coordinator]: Payload goal: x=0.215, y=0.000, yaw=-0.000
[ign gazebo-1] [INFO] [1790607041.327662007] [amir1.gripper_controller]: Received & accepted new action goal
[ign gazebo-1] [INFO] [1790607041.327694374] [amir2.gripper_controller]: Received & accepted new action goal
[ign gazebo-1] [INFO] [1790607041.551640080] [amir2.gripper_controller]: Received & accepted new action goal
[ign gazebo-1] [INFO] [1790607041.551769405] [amir1.gripper_controller]: Received & accepted new action goal
[ign gazebo-1] [INFO] [1790607041.954072386] [amir2.gripper_controller]: Received & accepted new action goal
[ign gazebo-1] [INFO] [1790607041.954152089] [amir1.gripper_controller]: Received & accepted new action goal
[coordinator-39] [INFO] [1790607042.061124419] [cooperative_coordinator]: Payload goal: x=0.215, y=0.000, yaw=-0.000
[ign gazebo-1] [INFO] [1790607042.381099547] [amir2.gripper_controller]: Received & accepted new action goal
[ign gazebo-1] [INFO] [1790607042.381190568] [amir1.gripper_controller]: Received & accepted new action goal
[ign gazebo-1] [INFO] [1790607042.584575882] [amir1.gripper_controller]: Received & accepted new action goal
[ign gazebo-1] [INFO] [1790607042.584619228] [amir2.gripper_controller]: Received & accepted new action goal
[ign gazebo-1] [INFO] [1790607042.891724085] [amir1.gripper_controller]: Received & accepted new action goal
[ign gazebo-1] [INFO] [1790607042.891822192] [amir2.gripper_controller]: Received & accepted new action goal
[coordinator-39] [INFO] [1790607043.073551553] [cooperative_coordinator]: Payload goal: x=0.218, y=0.000, yaw=-0.000
[friction_grasp_manager-34] [WARN] [1790607043.266369028] [friction_grasp_manager]: amir1 finger force above 26.0 N; backing off.
[ign gazebo-1] [INFO] [1790607043.266818113] [amir1.gripper_controller]: Received & accepted new action goal
[ign gazebo-1] [INFO] [1790607043.266927980] [amir2.gripper_controller]: Received & accepted new action goal
[ign gazebo-1] [INFO] [1790607043.445617211] [amir1.gripper_controller]: Received & accepted new action goal
[ign gazebo-1] [INFO] [1790607043.445741619] [amir2.gripper_controller]: Received & accepted new action goal
[ign gazebo-1] [INFO] [1790607043.894916293] [amir1.gripper_controller]: Received & accepted new action goal
[ign gazebo-1] [INFO] [1790607043.895607098] [amir2.gripper_controller]: Received & accepted new action goal
[coordinator-39] [INFO] [1790607044.084833749] [cooperative_coordinator]: Payload goal: x=0.239, y=0.000, yaw=-0.000
[ign gazebo-1] [INFO] [1790607044.352075355] [amir1.gripper_controller]: Received & accepted new action goal
[ign gazebo-1] [INFO] [1790607044.352196101] [amir2.gripper_controller]: Received & accepted new action goal
[ign gazebo-1] [INFO] [1790607044.553935525] [amir1.gripper_controller]: Received & accepted new action goal
[ign gazebo-1] [INFO] [1790607044.554088507] [amir2.gripper_controller]: Received & accepted new action goal
[ign gazebo-1] [INFO] [1790607045.003770060] [amir1.gripper_controller]: Received & accepted new action goal
[ign gazebo-1] [INFO] [1790607045.003848958] [amir2.gripper_controller]: Received & accepted new action goal
[coordinator-39] [INFO] [1790607045.097324039] [cooperative_coordinator]: Payload goal: x=0.239, y=0.000, yaw=-0.000
[ign gazebo-1] [INFO] [1790607045.315266357] [amir1.gripper_controller]: Received & accepted new action goal
[ign gazebo-1] [INFO] [1790607045.315363485] [amir2.gripper_controller]: Received & accepted new action goal
[friction_grasp_manager-34] [WARN] [1790607045.445917001] [friction_grasp_manager]: amir1 finger force above 26.0 N; backing off.
[ign gazebo-1] [INFO] [1790607045.446130912] [amir1.gripper_controller]: Received & accepted new action goal
[ign gazebo-1] [INFO] [1790607045.446210576] [amir2.gripper_controller]: Received & accepted new action goal
[ign gazebo-1] [INFO] [1790607045.700919173] [amir1.gripper_controller]: Received & accepted new action goal
[ign gazebo-1] [INFO] [1790607045.700989154] [amir2.gripper_controller]: Received & accepted new action goal
[ign gazebo-1] [INFO] [1790607046.028915161] [amir1.gripper_controller]: Received & accepted new action goal
[ign gazebo-1] [INFO] [1790607046.029212890] [amir2.gripper_controller]: Received & accepted new action goal
[coordinator-39] [INFO] [1790607046.101112978] [cooperative_coordinator]: Payload goal: x=0.239, y=0.000, yaw=-0.000
[ign gazebo-1] [INFO] [1790607046.649527622] [amir1.gripper_controller]: Received & accepted new action goal
[ign gazebo-1] [INFO] [1790607046.649696913] [amir2.gripper_controller]: Received & accepted new action goal
[ign gazebo-1] [INFO] [1790607047.089024160] [amir1.gripper_controller]: Received & accepted new action goal
[ign gazebo-1] [INFO] [1790607047.089238251] [amir2.gripper_controller]: Received & accepted new action goal
[coordinator-39] [INFO] [1790607047.124676917] [cooperative_coordinator]: Payload goal: x=0.239, y=0.000, yaw=-0.000
[ign gazebo-1] [INFO] [1790607047.311729700] [amir1.gripper_controller]: Received & accepted new action goal
[ign gazebo-1] [INFO] [1790607047.311729948] [amir2.gripper_controller]: Received & accepted new action goal
[ign gazebo-1] [INFO] [1790607047.729864223] [amir1.gripper_controller]: Received & accepted new action goal
[ign gazebo-1] [INFO] [1790607047.729930405] [amir2.gripper_controller]: Received & accepted new action goal
[ign gazebo-1] [INFO] [1790607048.038351676] [amir1.gripper_controller]: Received & accepted new action goal
[ign gazebo-1] [INFO] [1790607048.038541614] [amir2.gripper_controller]: Received & accepted new action goal
[coordinator-39] [INFO] [1790607048.135368622] [cooperative_coordinator]: Payload goal: x=0.239, y=0.000, yaw=-0.000
[ign gazebo-1] [INFO] [1790607048.223230531] [amir1.gripper_controller]: Received & accepted new action goal
[ign gazebo-1] [INFO] [1790607048.223379115] [amir2.gripper_controller]: Received & accepted new action goal
[ign gazebo-1] [INFO] [1790607048.676703919] [amir1.gripper_controller]: Received & accepted new action goal
[ign gazebo-1] [INFO] [1790607048.676763074] [amir2.gripper_controller]: Received & accepted new action goal
[ign gazebo-1] [INFO] [1790607049.088979593] [amir2.gripper_controller]: Received & accepted new action goal
[coordinator-39] [INFO] [1790607049.146021653] [cooperative_coordinator]: Payload goal: x=0.251, y=0.000, yaw=-0.000
[ign gazebo-1] [INFO] [1790607049.286717337] [amir2.gripper_controller]: Received & accepted new action goal
[ign gazebo-1] [INFO] [1790607049.695371479] [amir2.gripper_controller]: Received & accepted new action goal
[coordinator-39] [INFO] [1790607050.156805978] [cooperative_coordinator]: Payload goal: x=0.264, y=0.000, yaw=-0.000
[ign gazebo-1] [INFO] [1790607050.169216263] [amir2.gripper_controller]: Received & accepted new action goal
[ign gazebo-1] [INFO] [1790607050.400465528] [amir2.gripper_controller]: Received & accepted new action goal
[ign gazebo-1] [INFO] [1790607050.833868843] [amir2.gripper_controller]: Received & accepted new action goal
[ign gazebo-1] [INFO] [1790607051.155621536] [amir1.gripper_controller]: Received & accepted new action goal
[ign gazebo-1] [INFO] [1790607051.155684143] [amir2.gripper_controller]: Received & accepted new action goal
[coordinator-39] [INFO] [1790607051.157227936] [cooperative_coordinator]: Payload goal: x=0.264, y=0.000, yaw=-0.000
[ign gazebo-1] [INFO] [1790607051.293341260] [amir1.gripper_controller]: Received & accepted new action goal
[ign gazebo-1] [INFO] [1790607051.293395686] [amir2.gripper_controller]: Received & accepted new action goal
[friction_grasp_manager-34] [WARN] [1790607051.618965624] [friction_grasp_manager]: amir1 finger force above 26.0 N; backing off.
[ign gazebo-1] [INFO] [1790607051.619932833] [amir1.gripper_controller]: Received & accepted new action goal
[ign gazebo-1] [INFO] [1790607051.620384414] [amir2.gripper_controller]: Received & accepted new action goal
[ign gazebo-1] [INFO] [1790607051.910153023] [amir1.gripper_controller]: Received & accepted new action goal
[ign gazebo-1] [INFO] [1790607051.910225083] [amir2.gripper_controller]: Received & accepted new action goal
[ign gazebo-1] [INFO] [1790607052.033159109] [amir1.gripper_controller]: Received & accepted new action goal
[ign gazebo-1] [INFO] [1790607052.033248133] [amir2.gripper_controller]: Received & accepted new action goal
[coordinator-39] [INFO] [1790607052.164818631] [cooperative_coordinator]: Payload goal: x=0.264, y=0.000, yaw=-0.000
[ign gazebo-1] [INFO] [1790607052.285590281] [amir1.gripper_controller]: Received & accepted new action goal
[ign gazebo-1] [INFO] [1790607052.285623038] [amir2.gripper_controller]: Received & accepted new action goal
[ign gazebo-1] [INFO] [1790607052.614500076] [amir1.gripper_controller]: Received & accepted new action goal
[ign gazebo-1] [INFO] [1790607052.614576735] [amir2.gripper_controller]: Received & accepted new action goal
[ign gazebo-1] [INFO] [1790607052.818087758] [amir1.gripper_controller]: Received & accepted new action goal
[ign gazebo-1] [INFO] [1790607052.818150118] [amir2.gripper_controller]: Received & accepted new action goal
[coordinator-39] [INFO] [1790607053.169757684] [cooperative_coordinator]: Payload goal: x=0.264, y=0.000, yaw=-0.000
[ign gazebo-1] [INFO] [1790607053.206502349] [amir1.gripper_controller]: Received & accepted new action goal
[ign gazebo-1] [INFO] [1790607053.206750681] [amir2.gripper_controller]: Received & accepted new action goal
[ign gazebo-1] [INFO] [1790607053.613474268] [amir1.gripper_controller]: Received & accepted new action goal
[ign gazebo-1] [INFO] [1790607053.613573001] [amir2.gripper_controller]: Received & accepted new action goal
[ign gazebo-1] [INFO] [1790607053.996446636] [amir1.gripper_controller]: Received & accepted new action goal
[ign gazebo-1] [INFO] [1790607053.996481136] [amir2.gripper_controller]: Received & accepted new action goal
[coordinator-39] [INFO] [1790607054.169843372] [cooperative_coordinator]: Payload goal: x=0.264, y=0.000, yaw=-0.000
[ign gazebo-1] [INFO] [1790607054.183384094] [amir1.gripper_controller]: Received & accepted new action goal
[ign gazebo-1] [INFO] [1790607054.183390588] [amir2.gripper_controller]: Received & accepted new action goal
[ign gazebo-1] [INFO] [1790607054.496605303] [amir1.gripper_controller]: Received & accepted new action goal
[ign gazebo-1] [INFO] [1790607054.496609449] [amir2.gripper_controller]: Received & accepted new action goal
[ign gazebo-1] [INFO] [1790607054.906637959] [amir1.gripper_controller]: Received & accepted new action goal
[ign gazebo-1] [INFO] [1790607054.906693520] [amir2.gripper_controller]: Received & accepted new action goal
[ign gazebo-1] [INFO] [1790607055.110917324] [amir1.gripper_controller]: Received & accepted new action goal
[ign gazebo-1] [INFO] [1790607055.110958420] [amir2.gripper_controller]: Received & accepted new action goal
[coordinator-39] [INFO] [1790607055.179705209] [cooperative_coordinator]: Payload goal: x=0.289, y=0.000, yaw=-0.000
[ign gazebo-1] [INFO] [1790607055.550645343] [amir1.gripper_controller]: Received & accepted new action goal
[ign gazebo-1] [INFO] [1790607055.550682307] [amir2.gripper_controller]: Received & accepted new action goal
[ign gazebo-1] [INFO] [1790607055.983849682] [amir1.gripper_controller]: Received & accepted new action goal
[ign gazebo-1] [INFO] [1790607055.983942962] [amir2.gripper_controller]: Received & accepted new action goal
[coordinator-39] [INFO] [1790607056.183580651] [cooperative_coordinator]: Payload goal: x=0.289, y=0.000, yaw=-0.000
[ign gazebo-1] [INFO] [1790607056.196698429] [amir1.gripper_controller]: Received & accepted new action goal
[ign gazebo-1] [INFO] [1790607056.196894122] [amir2.gripper_controller]: Received & accepted new action goal
[ign gazebo-1] [INFO] [1790607056.660704982] [amir1.gripper_controller]: Received & accepted new action goal
[ign gazebo-1] [INFO] [1790607056.660750667] [amir2.gripper_controller]: Received & accepted new action goal
[ign gazebo-1] [INFO] [1790607057.046766352] [amir1.gripper_controller]: Received & accepted new action goal
[ign gazebo-1] [INFO] [1790607057.046828386] [amir2.gripper_controller]: Received & accepted new action goal
[coordinator-39] [INFO] [1790607057.183651767] [cooperative_coordinator]: Payload goal: x=0.289, y=0.000, yaw=-0.000
[ign gazebo-1] [INFO] [1790607057.269036221] [amir1.gripper_controller]: Received & accepted new action goal
[ign gazebo-1] [INFO] [1790607057.269297838] [amir2.gripper_controller]: Received & accepted new action goal
[ign gazebo-1] [INFO] [1790607057.544443190] [amir1.gripper_controller]: Received & accepted new action goal
[ign gazebo-1] [INFO] [1790607057.544616207] [amir2.gripper_controller]: Received & accepted new action goal
[ign gazebo-1] [INFO] [1790607057.935278540] [amir1.gripper_controller]: Received & accepted new action goal
[ign gazebo-1] [INFO] [1790607057.935311828] [amir2.gripper_controller]: Received & accepted new action goal
[ign gazebo-1] [INFO] [1790607058.124770162] [amir1.gripper_controller]: Received & accepted new action goal
[ign gazebo-1] [INFO] [1790607058.124884279] [amir2.gripper_controller]: Received & accepted new action goal
[coordinator-39] [INFO] [1790607058.195713600] [cooperative_coordinator]: Payload goal: x=0.289, y=0.000, yaw=-0.000
[ign gazebo-1] [INFO] [1790607058.632600207] [amir1.gripper_controller]: Received & accepted new action goal
[ign gazebo-1] [INFO] [1790607058.632807985] [amir2.gripper_controller]: Received & accepted new action goal
[ign gazebo-1] [INFO] [1790607058.921278648] [amir1.gripper_controller]: Received & accepted new action goal
[ign gazebo-1] [INFO] [1790607058.921279613] [amir2.gripper_controller]: Received & accepted new action goal
[ign gazebo-1] [INFO] [1790607059.178663503] [amir2.gripper_controller]: Received & accepted new action goal
[ign gazebo-1] [INFO] [1790607059.178713978] [amir1.gripper_controller]: Received & accepted new action goal
[coordinator-39] [INFO] [1790607059.201515203] [cooperative_coordinator]: Payload goal: x=0.289, y=0.000, yaw=-0.000
[ign gazebo-1] [INFO] [1790607059.645381656] [amir1.gripper_controller]: Received & accepted new action goal
[ign gazebo-1] [INFO] [1790607059.645421810] [amir2.gripper_controller]: Received & accepted new action goal
[ign gazebo-1] [INFO] [1790607060.058451275] [amir1.gripper_controller]: Received & accepted new action goal
[ign gazebo-1] [INFO] [1790607060.058543720] [amir2.gripper_controller]: Received & accepted new action goal
[coordinator-39] [INFO] [1790607060.203915233] [cooperative_coordinator]: Payload goal: x=0.290, y=0.000, yaw=-0.000
[ign gazebo-1] [INFO] [1790607060.255399485] [amir1.gripper_controller]: Received & accepted new action goal
[ign gazebo-1] [INFO] [1790607060.255424892] [amir2.gripper_controller]: Received & accepted new action goal
[ign gazebo-1] [INFO] [1790607060.548533963] [amir1.gripper_controller]: Received & accepted new action goal
[ign gazebo-1] [INFO] [1790607060.548542793] [amir2.gripper_controller]: Received & accepted new action goal
[ign gazebo-1] [INFO] [1790607060.925368204] [amir1.gripper_controller]: Received & accepted new action goal
[ign gazebo-1] [INFO] [1790607060.925372685] [amir2.gripper_controller]: Received & accepted new action goal
[ign gazebo-1] [INFO] [1790607061.134268488] [amir1.gripper_controller]: Received & accepted new action goal
[ign gazebo-1] [INFO] [1790607061.134343996] [amir2.gripper_controller]: Received & accepted new action goal
[coordinator-39] [INFO] [1790607061.212734363] [cooperative_coordinator]: Payload goal: x=0.313, y=0.000, yaw=-0.000
[ign gazebo-1] [INFO] [1790607061.565646824] [amir1.gripper_controller]: Received & accepted new action goal
[ign gazebo-1] [INFO] [1790607061.565849785] [amir2.gripper_controller]: Received & accepted new action goal
[ign gazebo-1] [INFO] [1790607061.913819213] [amir1.gripper_controller]: Received & accepted new action goal
[ign gazebo-1] [INFO] [1790607061.913843252] [amir2.gripper_controller]: Received & accepted new action goal
[friction_grasp_manager-34] [WARN] [1790607062.037885591] [friction_grasp_manager]: amir1 finger force above 26.0 N; backing off.
[ign gazebo-1] [INFO] [1790607062.038213666] [amir1.gripper_controller]: Received & accepted new action goal
[ign gazebo-1] [INFO] [1790607062.038305029] [amir2.gripper_controller]: Received & accepted new action goal
[coordinator-39] [INFO] [1790607062.221371832] [cooperative_coordinator]: Payload goal: x=0.313, y=0.000, yaw=-0.000
[ign gazebo-1] [INFO] [1790607062.288559767] [amir2.gripper_controller]: Received & accepted new action goal
[ign gazebo-1] [INFO] [1790607062.599649280] [amir2.gripper_controller]: Received & accepted new action goal
[ign gazebo-1] [INFO] [1790607062.806138724] [amir1.gripper_controller]: Received & accepted new action goal
[ign gazebo-1] [INFO] [1790607063.216294691] [amir1.gripper_controller]: Received & accepted new action goal
[ign gazebo-1] [INFO] [1790607063.216445190] [amir2.gripper_controller]: Received & accepted new action goal
[coordinator-39] [INFO] [1790607063.246292530] [cooperative_coordinator]: Payload goal: x=0.313, y=0.000, yaw=-0.000
[ign gazebo-1] [INFO] [1790607063.640473214] [amir1.gripper_controller]: Received & accepted new action goal
[ign gazebo-1] [INFO] [1790607063.640559493] [amir2.gripper_controller]: Received & accepted new action goal
[ign gazebo-1] [INFO] [1790607063.824215438] [amir1.gripper_controller]: Received & accepted new action goal
[ign gazebo-1] [INFO] [1790607063.824373352] [amir2.gripper_controller]: Received & accepted new action goal
[ign gazebo-1] [INFO] [1790607064.199471439] [amir1.gripper_controller]: Received & accepted new action goal
[ign gazebo-1] [INFO] [1790607064.199690942] [amir2.gripper_controller]: Received & accepted new action goal
[coordinator-39] [INFO] [1790607064.259941200] [cooperative_coordinator]: Payload goal: x=0.313, y=0.000, yaw=-0.000
[ign gazebo-1] [INFO] [1790607064.616035927] [amir1.gripper_controller]: Received & accepted new action goal
[ign gazebo-1] [INFO] [1790607064.616137282] [amir2.gripper_controller]: Received & accepted new action goal
[ign gazebo-1] [INFO] [1790607064.772488877] [amir1.gripper_controller]: Received & accepted new action goal
[ign gazebo-1] [INFO] [1790607064.772499943] [amir2.gripper_controller]: Received & accepted new action goal
[ign gazebo-1] [INFO] [1790607065.153306325] [amir2.gripper_controller]: Received & accepted new action goal
[ign gazebo-1] [INFO] [1790607065.153393219] [amir1.gripper_controller]: Received & accepted new action goal
[coordinator-39] [INFO] [1790607065.264297934] [cooperative_coordinator]: Payload goal: x=0.313, y=0.000, yaw=-0.000
[ign gazebo-1] [INFO] [1790607065.555896325] [amir2.gripper_controller]: Received & accepted new action goal
[ign gazebo-1] [INFO] [1790607065.555972845] [amir1.gripper_controller]: Received & accepted new action goal
[ign gazebo-1] [INFO] [1790607065.737577407] [amir1.gripper_controller]: Received & accepted new action goal
[ign gazebo-1] [INFO] [1790607065.737703508] [amir2.gripper_controller]: Received & accepted new action goal
[ign gazebo-1] [INFO] [1790607066.135877695] [amir1.gripper_controller]: Received & accepted new action goal
[ign gazebo-1] [INFO] [1790607066.136017449] [amir2.gripper_controller]: Received & accepted new action goal
[coordinator-39] [INFO] [1790607066.273556870] [cooperative_coordinator]: Payload goal: x=0.333, y=0.000, yaw=-0.000
[ign gazebo-1] [INFO] [1790607066.446297981] [amir1.gripper_controller]: Received & accepted new action goal
[ign gazebo-1] [INFO] [1790607066.446410160] [amir2.gripper_controller]: Received & accepted new action goal
[ign gazebo-1] [INFO] [1790607066.604513807] [amir2.gripper_controller]: Received & accepted new action goal
[friction_grasp_manager-34] [WARN] [1790607066.887220174] [friction_grasp_manager]: amir1 finger force above 26.0 N; backing off.
[ign gazebo-1] [INFO] [1790607066.887440007] [amir1.gripper_controller]: Received & accepted new action goal
[ign gazebo-1] [INFO] [1790607066.887498812] [amir2.gripper_controller]: Received & accepted new action goal
[ign gazebo-1] [INFO] [1790607067.185677342] [amir1.gripper_controller]: Received & accepted new action goal
[ign gazebo-1] [INFO] [1790607067.185682499] [amir2.gripper_controller]: Received & accepted new action goal
[coordinator-39] [INFO] [1790607067.277077872] [cooperative_coordinator]: Payload goal: x=0.338, y=0.000, yaw=-0.000
[ign gazebo-1] [INFO] [1790607067.305450785] [amir1.gripper_controller]: Received & accepted new action goal
[ign gazebo-1] [INFO] [1790607067.305460014] [amir2.gripper_controller]: Received & accepted new action goal
[ign gazebo-1] [INFO] [1790607067.566588908] [amir2.gripper_controller]: Received & accepted new action goal
[ign gazebo-1] [INFO] [1790607067.887785442] [amir1.gripper_controller]: Received & accepted new action goal
[ign gazebo-1] [INFO] [1790607067.887809064] [amir2.gripper_controller]: Received & accepted new action goal
[ign gazebo-1] [INFO] [1790607068.044858761] [amir1.gripper_controller]: Received & accepted new action goal
[ign gazebo-1] [INFO] [1790607068.044873671] [amir2.gripper_controller]: Received & accepted new action goal
[coordinator-39] [INFO] [1790607068.285208636] [cooperative_coordinator]: Payload goal: x=0.338, y=0.000, yaw=-0.000
[ign gazebo-1] [INFO] [1790607068.292146599] [amir1.gripper_controller]: Received & accepted new action goal
[ign gazebo-1] [INFO] [1790607068.292280631] [amir2.gripper_controller]: Received & accepted new action goal
[ign gazebo-1] [INFO] [1790607068.645503399] [amir1.gripper_controller]: Received & accepted new action goal
[ign gazebo-1] [INFO] [1790607068.645600080] [amir2.gripper_controller]: Received & accepted new action goal
[ign gazebo-1] [INFO] [1790607068.780519691] [amir1.gripper_controller]: Received & accepted new action goal
[ign gazebo-1] [INFO] [1790607068.780648291] [amir2.gripper_controller]: Received & accepted new action goal
[ign gazebo-1] [INFO] [1790607069.099973525] [amir1.gripper_controller]: Received & accepted new action goal
[ign gazebo-1] [INFO] [1790607069.100371665] [amir2.gripper_controller]: Received & accepted new action goal
[coordinator-39] [INFO] [1790607069.292135435] [cooperative_coordinator]: Payload goal: x=0.338, y=0.000, yaw=-0.000
[ign gazebo-1] [INFO] [1790607069.389196102] [amir1.gripper_controller]: Received & accepted new action goal
[ign gazebo-1] [INFO] [1790607069.389242679] [amir2.gripper_controller]: Received & accepted new action goal
[ign gazebo-1] [INFO] [1790607069.530547676] [amir1.gripper_controller]: Received & accepted new action goal
[ign gazebo-1] [INFO] [1790607069.530869211] [amir2.gripper_controller]: Received & accepted new action goal
[ign gazebo-1] [INFO] [1790607069.749096746] [amir2.gripper_controller]: Received & accepted new action goal
[ign gazebo-1] [INFO] [1790607069.749130260] [amir1.gripper_controller]: Received & accepted new action goal
[ign gazebo-1] [INFO] [1790607070.022867598] [amir1.gripper_controller]: Received & accepted new action goal
[ign gazebo-1] [INFO] [1790607070.022927699] [amir2.gripper_controller]: Received & accepted new action goal
[ign gazebo-1] [INFO] [1790607070.230591996] [amir1.gripper_controller]: Received & accepted new action goal
[ign gazebo-1] [INFO] [1790607070.230634806] [amir2.gripper_controller]: Received & accepted new action goal
[coordinator-39] [INFO] [1790607070.301182283] [cooperative_coordinator]: Payload goal: x=0.346, y=0.000, yaw=-0.000
[ign gazebo-1] [INFO] [1790607070.614138214] [amir2.gripper_controller]: Received & accepted new action goal
[ign gazebo-1] [INFO] [1790607070.614138285] [amir1.gripper_controller]: Received & accepted new action goal
[ign gazebo-1] [INFO] [1790607071.074541380] [amir2.gripper_controller]: Received & accepted new action goal
[ign gazebo-1] [INFO] [1790607071.074541466] [amir1.gripper_controller]: Received & accepted new action goal
[ign gazebo-1] [INFO] [1790607071.231435286] [amir1.gripper_controller]: Received & accepted new action goal
[ign gazebo-1] [INFO] [1790607071.231489267] [amir2.gripper_controller]: Received & accepted new action goal
[coordinator-39] [INFO] [1790607071.342821546] [cooperative_coordinator]: Payload goal: x=0.362, y=0.000, yaw=-0.000
[ign gazebo-1] [INFO] [1790607071.595470897] [amir2.gripper_controller]: Received & accepted new action goal
[ign gazebo-1] [INFO] [1790607071.983583213] [amir1.gripper_controller]: Received & accepted new action goal
[ign gazebo-1] [INFO] [1790607072.139432999] [amir1.gripper_controller]: Received & accepted new action goal
[ign gazebo-1] [INFO] [1790607072.139572797] [amir2.gripper_controller]: Received & accepted new action goal
[coordinator-39] [INFO] [1790607072.351375630] [cooperative_coordinator]: Payload goal: x=0.362, y=0.000, yaw=-0.000
[ign gazebo-1] [INFO] [1790607072.482269009] [amir2.gripper_controller]: Received & accepted new action goal
[ign gazebo-1] [INFO] [1790607072.836139869] [amir2.gripper_controller]: Received & accepted new action goal
[ign gazebo-1] [INFO] [1790607073.022982826] [amir1.gripper_controller]: Received & accepted new action goal
[ign gazebo-1] [INFO] [1790607073.023141723] [amir2.gripper_controller]: Received & accepted new action goal
[ign gazebo-1] [INFO] [1790607073.328892165] [amir1.gripper_controller]: Received & accepted new action goal
[ign gazebo-1] [INFO] [1790607073.329054005] [amir2.gripper_controller]: Received & accepted new action goal
[coordinator-39] [INFO] [1790607073.353615412] [cooperative_coordinator]: Payload goal: x=0.362, y=0.000, yaw=-0.000
[ign gazebo-1] [INFO] [1790607073.751282459] [amir1.gripper_controller]: Received & accepted new action goal
[ign gazebo-1] [INFO] [1790607073.751504858] [amir2.gripper_controller]: Received & accepted new action goal
[ign gazebo-1] [INFO] [1790607073.965262248] [amir1.gripper_controller]: Received & accepted new action goal
[ign gazebo-1] [INFO] [1790607073.965344171] [amir2.gripper_controller]: Received & accepted new action goal
[coordinator-39] [INFO] [1790607074.369131182] [cooperative_coordinator]: Payload goal: x=0.362, y=0.000, yaw=-0.000
[ign gazebo-1] [INFO] [1790607074.425141868] [amir1.gripper_controller]: Received & accepted new action goal
[ign gazebo-1] [INFO] [1790607074.425207185] [amir2.gripper_controller]: Received & accepted new action goal
[ign gazebo-1] [INFO] [1790607074.888712793] [amir1.gripper_controller]: Received & accepted new action goal
[ign gazebo-1] [INFO] [1790607074.888777197] [amir2.gripper_controller]: Received & accepted new action goal
[ign gazebo-1] [INFO] [1790607075.046924150] [amir1.gripper_controller]: Received & accepted new action goal
[ign gazebo-1] [INFO] [1790607075.046996574] [amir2.gripper_controller]: Received & accepted new action goal
[coordinator-39] [INFO] [1790607075.375622000] [cooperative_coordinator]: Payload goal: x=0.362, y=0.000, yaw=-0.000
[ign gazebo-1] [INFO] [1790607075.505186973] [amir1.gripper_controller]: Received & accepted new action goal
[ign gazebo-1] [INFO] [1790607075.505470521] [amir2.gripper_controller]: Received & accepted new action goal
[ign gazebo-1] [INFO] [1790607075.896131313] [amir1.gripper_controller]: Received & accepted new action goal
[ign gazebo-1] [INFO] [1790607075.896318922] [amir2.gripper_controller]: Received & accepted new action goal
[ign gazebo-1] [INFO] [1790607076.056907545] [amir2.gripper_controller]: Received & accepted new action goal
[coordinator-39] [INFO] [1790607076.384056848] [cooperative_coordinator]: Payload goal: x=0.377, y=0.000, yaw=-0.000
[ign gazebo-1] [INFO] [1790607076.547872814] [amir1.gripper_controller]: Received & accepted new action goal
[ign gazebo-1] [INFO] [1790607076.548011659] [amir2.gripper_controller]: Received & accepted new action goal
[ign gazebo-1] [INFO] [1790607076.998400864] [amir1.gripper_controller]: Received & accepted new action goal
[ign gazebo-1] [INFO] [1790607076.998490541] [amir2.gripper_controller]: Received & accepted new action goal
[ign gazebo-1] [INFO] [1790607077.264880422] [amir1.gripper_controller]: Received & accepted new action goal
[ign gazebo-1] [INFO] [1790607077.265000659] [amir2.gripper_controller]: Received & accepted new action goal
[coordinator-39] [INFO] [1790607077.405515298] [cooperative_coordinator]: Payload goal: x=0.386, y=0.000, yaw=-0.000
[ign gazebo-1] [INFO] [1790607077.749471061] [amir1.gripper_controller]: Received & accepted new action goal
[ign gazebo-1] [INFO] [1790607077.749745317] [amir2.gripper_controller]: Received & accepted new action goal
[ign gazebo-1] [INFO] [1790607078.177133562] [amir1.gripper_controller]: Received & accepted new action goal
[ign gazebo-1] [INFO] [1790607078.177150764] [amir2.gripper_controller]: Received & accepted new action goal
[ign gazebo-1] [INFO] [1790607078.319892767] [amir1.gripper_controller]: Received & accepted new action goal
[ign gazebo-1] [INFO] [1790607078.320014621] [amir2.gripper_controller]: Received & accepted new action goal
[coordinator-39] [INFO] [1790607078.406149986] [cooperative_coordinator]: Payload goal: x=0.386, y=0.000, yaw=-0.000
[ign gazebo-1] [INFO] [1790607078.646522019] [amir2.gripper_controller]: Received & accepted new action goal
[ign gazebo-1] [INFO] [1790607078.646522010] [amir1.gripper_controller]: Received & accepted new action goal
[ign gazebo-1] [INFO] [1790607079.010505156] [amir1.gripper_controller]: Received & accepted new action goal
[ign gazebo-1] [INFO] [1790607079.010569258] [amir2.gripper_controller]: Received & accepted new action goal
[ign gazebo-1] [INFO] [1790607079.412762035] [amir1.gripper_controller]: Received & accepted new action goal
[ign gazebo-1] [INFO] [1790607079.412888138] [amir2.gripper_controller]: Received & accepted new action goal
[coordinator-39] [INFO] [1790607079.413276832] [cooperative_coordinator]: Payload goal: x=0.386, y=0.000, yaw=-0.000
[ign gazebo-1] [INFO] [1790607079.869037535] [amir1.gripper_controller]: Received & accepted new action goal
[ign gazebo-1] [INFO] [1790607079.869370436] [amir2.gripper_controller]: Received & accepted new action goal
[ign gazebo-1] [INFO] [1790607080.110684295] [amir1.gripper_controller]: Received & accepted new action goal
[ign gazebo-1] [INFO] [1790607080.110759445] [amir2.gripper_controller]: Received & accepted new action goal
[coordinator-39] [INFO] [1790607080.447636761] [cooperative_coordinator]: Payload goal: x=0.386, y=0.000, yaw=-0.000
[ign gazebo-1] [INFO] [1790607080.508601850] [amir1.gripper_controller]: Received & accepted new action goal
[ign gazebo-1] [INFO] [1790607080.508649110] [amir2.gripper_controller]: Received & accepted new action goal
[ign gazebo-1] [INFO] [1790607080.764967992] [amir1.gripper_controller]: Received & accepted new action goal
[ign gazebo-1] [INFO] [1790607080.934646184] [amir2.gripper_controller]: Received & accepted new action goal
[ign gazebo-1] [INFO] [1790607081.182869872] [amir2.gripper_controller]: Received & accepted new action goal
[coordinator-39] [INFO] [1790607081.448432429] [cooperative_coordinator]: Payload goal: x=0.386, y=0.000, yaw=-0.000
[ign gazebo-1] [INFO] [1790607081.556709646] [amir2.gripper_controller]: Received & accepted new action goal
[ign gazebo-1] [INFO] [1790607082.256366891] [amir2.gripper_controller]: Received & accepted new action goal
[coordinator-39] [INFO] [1790607082.450140577] [cooperative_coordinator]: Payload goal: x=0.407, y=0.000, yaw=-0.000
[ign gazebo-1] [INFO] [1790607082.666718172] [amir2.gripper_controller]: Received & accepted new action goal
[ign gazebo-1] [INFO] [1790607082.877833108] [amir1.gripper_controller]: Received & accepted new action goal
[ign gazebo-1] [INFO] [1790607082.877922100] [amir2.gripper_controller]: Received & accepted new action goal
[ign gazebo-1] [INFO] [1790607083.281012712] [amir1.gripper_controller]: Received & accepted new action goal
[ign gazebo-1] [INFO] [1790607083.281233380] [amir2.gripper_controller]: Received & accepted new action goal
[coordinator-39] [INFO] [1790607083.464317421] [cooperative_coordinator]: Payload goal: x=0.410, y=0.000, yaw=-0.000
[ign gazebo-1] [INFO] [1790607083.713050536] [amir1.gripper_controller]: Received & accepted new action goal
[ign gazebo-1] [INFO] [1790607083.713309530] [amir2.gripper_controller]: Received & accepted new action goal
[ign gazebo-1] [INFO] [1790607083.962258593] [amir2.gripper_controller]: Received & accepted new action goal
[ign gazebo-1] [INFO] [1790607083.962338535] [amir1.gripper_controller]: Received & accepted new action goal
[ign gazebo-1] [INFO] [1790607084.296498564] [amir1.gripper_controller]: Received & accepted new action goal
[ign gazebo-1] [INFO] [1790607084.296625245] [amir2.gripper_controller]: Received & accepted new action goal
[coordinator-39] [INFO] [1790607084.479650653] [cooperative_coordinator]: Payload goal: x=0.410, y=0.000, yaw=-0.000
[ign gazebo-1] [INFO] [1790607084.629563706] [amir2.gripper_controller]: Received & accepted new action goal
[ign gazebo-1] [INFO] [1790607085.085805595] [amir1.gripper_controller]: Received & accepted new action goal
[ign gazebo-1] [INFO] [1790607085.085843096] [amir2.gripper_controller]: Received & accepted new action goal
[ign gazebo-1] [INFO] [1790607085.376523069] [amir1.gripper_controller]: Received & accepted new action goal
[ign gazebo-1] [INFO] [1790607085.376711089] [amir2.gripper_controller]: Received & accepted new action goal
[coordinator-39] [INFO] [1790607085.493606564] [cooperative_coordinator]: Payload goal: x=0.410, y=0.000, yaw=-0.000
[ign gazebo-1] [INFO] [1790607085.580716658] [amir1.gripper_controller]: Received & accepted new action goal
[ign gazebo-1] [INFO] [1790607085.580888211] [amir2.gripper_controller]: Received & accepted new action goal
[ign gazebo-1] [INFO] [1790607085.997305627] [amir1.gripper_controller]: Received & accepted new action goal
[ign gazebo-1] [INFO] [1790607085.997373158] [amir2.gripper_controller]: Received & accepted new action goal
[ign gazebo-1] [INFO] [1790607086.318611185] [amir1.gripper_controller]: Received & accepted new action goal
[ign gazebo-1] [INFO] [1790607086.318709855] [amir2.gripper_controller]: Received & accepted new action goal
[ign gazebo-1] [INFO] [1790607086.499912606] [amir1.gripper_controller]: Received & accepted new action goal
[ign gazebo-1] [INFO] [1790607086.499974854] [amir2.gripper_controller]: Received & accepted new action goal
[coordinator-39] [INFO] [1790607086.502831295] [cooperative_coordinator]: Payload goal: x=0.410, y=0.000, yaw=-0.000
[ign gazebo-1] [INFO] [1790607086.872044148] [amir1.gripper_controller]: Received & accepted new action goal
[ign gazebo-1] [INFO] [1790607086.872143036] [amir2.gripper_controller]: Received & accepted new action goal
[ign gazebo-1] [INFO] [1790607087.195899851] [amir1.gripper_controller]: Received & accepted new action goal
[ign gazebo-1] [INFO] [1790607087.195961800] [amir2.gripper_controller]: Received & accepted new action goal
[ign gazebo-1] [INFO] [1790607087.382110951] [amir1.gripper_controller]: Received & accepted new action goal
[ign gazebo-1] [INFO] [1790607087.382370488] [amir2.gripper_controller]: Received & accepted new action goal
[coordinator-39] [INFO] [1790607087.512007254] [cooperative_coordinator]: Payload goal: x=0.427, y=0.000, yaw=-0.000
[ign gazebo-1] [INFO] [1790607087.690016046] [amir1.gripper_controller]: Received & accepted new action goal
[ign gazebo-1] [INFO] [1790607087.690054453] [amir2.gripper_controller]: Received & accepted new action goal
[friction_grasp_manager-34] [WARN] [1790607087.946221486] [friction_grasp_manager]: amir2 finger force above 26.0 N; backing off.
[ign gazebo-1] [INFO] [1790607087.946429939] [amir2.gripper_controller]: Received & accepted new action goal
[ign gazebo-1] [INFO] [1790607088.104203278] [amir2.gripper_controller]: Received & accepted new action goal
[ign gazebo-1] [INFO] [1790607088.383937178] [amir2.gripper_controller]: Received & accepted new action goal
[ign gazebo-1] [INFO] [1790607088.383962228] [amir1.gripper_controller]: Received & accepted new action goal
[coordinator-39] [INFO] [1790607088.515144998] [cooperative_coordinator]: Payload goal: x=0.434, y=0.000, yaw=-0.000
[ign gazebo-1] [INFO] [1790607088.785474539] [amir1.gripper_controller]: Received & accepted new action goal
[ign gazebo-1] [INFO] [1790607088.785586909] [amir2.gripper_controller]: Received & accepted new action goal
[ign gazebo-1] [INFO] [1790607088.938013030] [amir1.gripper_controller]: Received & accepted new action goal
[ign gazebo-1] [INFO] [1790607088.938350587] [amir2.gripper_controller]: Received & accepted new action goal
[ign gazebo-1] [INFO] [1790607089.153003717] [amir1.gripper_controller]: Received & accepted new action goal
[ign gazebo-1] [INFO] [1790607089.153127325] [amir2.gripper_controller]: Received & accepted new action goal
[coordinator-39] [INFO] [1790607089.532607022] [cooperative_coordinator]: Payload goal: x=0.434, y=0.000, yaw=-0.000
[ign gazebo-1] [INFO] [1790607089.757547717] [amir1.gripper_controller]: Received & accepted new action goal
[ign gazebo-1] [INFO] [1790607089.757549949] [amir2.gripper_controller]: Received & accepted new action goal
[ign gazebo-1] [INFO] [1790607090.097694647] [amir1.gripper_controller]: Received & accepted new action goal
[coordinator-39] [INFO] [1790607090.538320703] [cooperative_coordinator]: Payload goal: x=0.434, y=0.000, yaw=-0.000
[ign gazebo-1] [INFO] [1790607091.140553176] [amir2.gripper_controller]: Received & accepted new action goal
[ign gazebo-1] [INFO] [1790607091.140556146] [amir1.gripper_controller]: Received & accepted new action goal
[ign gazebo-1] [INFO] [1790607091.534273141] [amir1.gripper_controller]: Received & accepted new action goal
[ign gazebo-1] [INFO] [1790607091.534744105] [amir2.gripper_controller]: Received & accepted new action goal
[coordinator-39] [INFO] [1790607091.561833471] [cooperative_coordinator]: Payload goal: x=0.434, y=0.000, yaw=-0.000
[ign gazebo-1] [INFO] [1790607091.778184953] [amir1.gripper_controller]: Received & accepted new action goal
[ign gazebo-1] [INFO] [1790607091.778375580] [amir2.gripper_controller]: Received & accepted new action goal
[ign gazebo-1] [INFO] [1790607092.208681626] [amir1.gripper_controller]: Received & accepted new action goal
[ign gazebo-1] [INFO] [1790607092.208760387] [amir2.gripper_controller]: Received & accepted new action goal
[coordinator-39] [INFO] [1790607092.564540616] [cooperative_coordinator]: Payload goal: x=0.446, y=0.000, yaw=-0.000
[ign gazebo-1] [INFO] [1790607092.577105559] [amir1.gripper_controller]: Received & accepted new action goal
[ign gazebo-1] [INFO] [1790607092.577228527] [amir2.gripper_controller]: Received & accepted new action goal
[ign gazebo-1] [INFO] [1790607092.761288581] [amir1.gripper_controller]: Received & accepted new action goal
[ign gazebo-1] [INFO] [1790607092.761523613] [amir2.gripper_controller]: Received & accepted new action goal
[ign gazebo-1] [INFO] [1790607093.149083559] [amir1.gripper_controller]: Received & accepted new action goal
[ign gazebo-1] [INFO] [1790607093.149175436] [amir2.gripper_controller]: Received & accepted new action goal
[coordinator-39] [INFO] [1790607093.572280836] [cooperative_coordinator]: Payload goal: x=0.459, y=0.000, yaw=-0.000
[ign gazebo-1] [INFO] [1790607093.587501845] [amir1.gripper_controller]: Received & accepted new action goal
[ign gazebo-1] [INFO] [1790607093.587516017] [amir2.gripper_controller]: Received & accepted new action goal
[ign gazebo-1] [INFO] [1790607093.841912473] [amir1.gripper_controller]: Received & accepted new action goal
[ign gazebo-1] [INFO] [1790607093.841984573] [amir2.gripper_controller]: Received & accepted new action goal
[ign gazebo-1] [INFO] [1790607094.291570009] [amir1.gripper_controller]: Received & accepted new action goal
[ign gazebo-1] [INFO] [1790607094.291627153] [amir2.gripper_controller]: Received & accepted new action goal
[coordinator-39] [INFO] [1790607094.598196607] [cooperative_coordinator]: Payload goal: x=0.459, y=0.000, yaw=-0.000
[ign gazebo-1] [INFO] [1790607094.796872855] [amir1.gripper_controller]: Received & accepted new action goal
[ign gazebo-1] [INFO] [1790607094.796911651] [amir2.gripper_controller]: Received & accepted new action goal
[ign gazebo-1] [INFO] [1790607095.009504094] [amir1.gripper_controller]: Received & accepted new action goal
[ign gazebo-1] [INFO] [1790607095.009662330] [amir2.gripper_controller]: Received & accepted new action goal
[ign gazebo-1] [INFO] [1790607095.310778774] [amir1.gripper_controller]: Received & accepted new action goal
[ign gazebo-1] [INFO] [1790607095.311032873] [amir2.gripper_controller]: Received & accepted new action goal
[coordinator-39] [INFO] [1790607095.609941507] [cooperative_coordinator]: Payload goal: x=0.459, y=0.000, yaw=-0.000
[ign gazebo-1] [INFO] [1790607095.649264763] [amir1.gripper_controller]: Received & accepted new action goal
[ign gazebo-1] [INFO] [1790607095.649315397] [amir2.gripper_controller]: Received & accepted new action goal
[ign gazebo-1] [INFO] [1790607096.440617456] [amir1.gripper_controller]: Received & accepted new action goal
[ign gazebo-1] [INFO] [1790607096.440821105] [amir2.gripper_controller]: Received & accepted new action goal
[coordinator-39] [INFO] [1790607096.616868579] [cooperative_coordinator]: Payload goal: x=0.459, y=0.000, yaw=-0.000
[ign gazebo-1] [INFO] [1790607096.659302600] [amir2.gripper_controller]: Received & accepted new action goal
[ign gazebo-1] [INFO] [1790607096.659321191] [amir1.gripper_controller]: Received & accepted new action goal
[ign gazebo-1] [INFO] [1790607097.046859228] [amir1.gripper_controller]: Received & accepted new action goal
[ign gazebo-1] [INFO] [1790607097.046988508] [amir2.gripper_controller]: Received & accepted new action goal
[ign gazebo-1] [INFO] [1790607097.463486769] [amir1.gripper_controller]: Received & accepted new action goal
[ign gazebo-1] [INFO] [1790607097.463558794] [amir2.gripper_controller]: Received & accepted new action goal
[coordinator-39] [INFO] [1790607097.647161362] [cooperative_coordinator]: Payload goal: x=0.459, y=0.000, yaw=-0.000
[ign gazebo-1] [INFO] [1790607097.660581177] [amir2.gripper_controller]: Received & accepted new action goal
[ign gazebo-1] [INFO] [1790607097.660598455] [amir1.gripper_controller]: Received & accepted new action goal
[ign gazebo-1] [INFO] [1790607098.135614150] [amir1.gripper_controller]: Received & accepted new action goal
[ign gazebo-1] [INFO] [1790607098.135683087] [amir2.gripper_controller]: Received & accepted new action goal
[ign gazebo-1] [INFO] [1790607098.550080418] [amir1.gripper_controller]: Received & accepted new action goal
[ign gazebo-1] [INFO] [1790607098.550196977] [amir2.gripper_controller]: Received & accepted new action goal
[coordinator-39] [INFO] [1790607098.657348696] [cooperative_coordinator]: Payload goal: x=0.466, y=0.000, yaw=-0.000
[ign gazebo-1] [INFO] [1790607098.740892402] [amir1.gripper_controller]: Received & accepted new action goal
[ign gazebo-1] [INFO] [1790607098.740935424] [amir2.gripper_controller]: Received & accepted new action goal
[ign gazebo-1] [INFO] [1790607099.037937316] [amir1.gripper_controller]: Received & accepted new action goal
[ign gazebo-1] [INFO] [1790607099.038022553] [amir2.gripper_controller]: Received & accepted new action goal
[ign gazebo-1] [INFO] [1790607099.394262401] [amir1.gripper_controller]: Received & accepted new action goal
[ign gazebo-1] [INFO] [1790607099.394281753] [amir2.gripper_controller]: Received & accepted new action goal
[ign gazebo-1] [INFO] [1790607099.612035660] [amir2.gripper_controller]: Received & accepted new action goal
[ign gazebo-1] [INFO] [1790607099.612050087] [amir1.gripper_controller]: Received & accepted new action goal
[coordinator-39] [INFO] [1790607099.678996610] [cooperative_coordinator]: Payload goal: x=0.485, y=0.000, yaw=-0.000
[ign gazebo-1] [INFO] [1790607100.014695777] [amir2.gripper_controller]: Received & accepted new action goal
[ign gazebo-1] [INFO] [1790607100.014730780] [amir1.gripper_controller]: Received & accepted new action goal
[ign gazebo-1] [INFO] [1790607100.489547604] [amir2.gripper_controller]: Received & accepted new action goal
[ign gazebo-1] [INFO] [1790607100.489547768] [amir1.gripper_controller]: Received & accepted new action goal
[ign gazebo-1] [INFO] [1790607100.682644682] [amir1.gripper_controller]: Received & accepted new action goal
[ign gazebo-1] [INFO] [1790607100.682693847] [amir2.gripper_controller]: Received & accepted new action goal
[coordinator-39] [INFO] [1790607100.684194266] [cooperative_coordinator]: Payload goal: x=0.485, y=0.000, yaw=-0.000
[ign gazebo-1] [INFO] [1790607101.097370619] [amir1.gripper_controller]: Received & accepted new action goal
[ign gazebo-1] [INFO] [1790607101.097620459] [amir2.gripper_controller]: Received & accepted new action goal
[ign gazebo-1] [INFO] [1790607101.521016310] [amir1.gripper_controller]: Received & accepted new action goal
[ign gazebo-1] [INFO] [1790607101.521161738] [amir2.gripper_controller]: Received & accepted new action goal
[coordinator-39] [INFO] [1790607101.701347424] [cooperative_coordinator]: Payload goal: x=0.485, y=0.000, yaw=-0.000
[ign gazebo-1] [INFO] [1790607101.749170533] [amir1.gripper_controller]: Received & accepted new action goal
[ign gazebo-1] [INFO] [1790607101.749486778] [amir2.gripper_controller]: Received & accepted new action goal
[ign gazebo-1] [INFO] [1790607101.980333234] [amir1.gripper_controller]: Received & accepted new action goal
[ign gazebo-1] [INFO] [1790607101.980483543] [amir2.gripper_controller]: Received & accepted new action goal
[friction_grasp_manager-34] [WARN] [1790607102.299572068] [friction_grasp_manager]: amir1 finger force above 26.0 N; backing off.
[ign gazebo-1] [INFO] [1790607102.299827262] [amir1.gripper_controller]: Received & accepted new action goal
[ign gazebo-1] [INFO] [1790607102.299907185] [amir2.gripper_controller]: Received & accepted new action goal
[ign gazebo-1] [INFO] [1790607102.502855682] [amir1.gripper_controller]: Received & accepted new action goal
[coordinator-39] [INFO] [1790607102.715979902] [cooperative_coordinator]: Payload goal: x=0.485, y=0.000, yaw=-0.000
[ign gazebo-1] [INFO] [1790607102.824994458] [amir1.gripper_controller]: Received & accepted new action goal
[ign gazebo-1] [INFO] [1790607102.825206018] [amir2.gripper_controller]: Received & accepted new action goal
[ign gazebo-1] [INFO] [1790607103.101585628] [amir1.gripper_controller]: Received & accepted new action goal
[ign gazebo-1] [INFO] [1790607103.101631144] [amir2.gripper_controller]: Received & accepted new action goal
[ign gazebo-1] [INFO] [1790607103.214911891] [amir1.gripper_controller]: Received & accepted new action goal
[ign gazebo-1] [INFO] [1790607103.215018874] [amir2.gripper_controller]: Received & accepted new action goal
[ign gazebo-1] [INFO] [1790607103.495549586] [amir1.gripper_controller]: Received & accepted new action goal
[ign gazebo-1] [INFO] [1790607103.495567256] [amir2.gripper_controller]: Received & accepted new action goal
[coordinator-39] [INFO] [1790607103.731820443] [cooperative_coordinator]: Payload goal: x=0.485, y=0.000, yaw=-0.000
[ign gazebo-1] [INFO] [1790607103.835599468] [amir1.gripper_controller]: Received & accepted new action goal
[ign gazebo-1] [INFO] [1790607103.835660665] [amir2.gripper_controller]: Received & accepted new action goal
[ign gazebo-1] [INFO] [1790607103.949410530] [amir1.gripper_controller]: Received & accepted new action goal
[ign gazebo-1] [INFO] [1790607103.949432968] [amir2.gripper_controller]: Received & accepted new action goal
[ign gazebo-1] [INFO] [1790607104.271474720] [amir1.gripper_controller]: Received & accepted new action goal
[ign gazebo-1] [INFO] [1790607104.271615786] [amir2.gripper_controller]: Received & accepted new action goal
[ign gazebo-1] [INFO] [1790607104.525768034] [amir1.gripper_controller]: Received & accepted new action goal
[ign gazebo-1] [INFO] [1790607104.525862765] [amir2.gripper_controller]: Received & accepted new action goal
[ign gazebo-1] [INFO] [1790607104.637707975] [amir1.gripper_controller]: Received & accepted new action goal
[ign gazebo-1] [INFO] [1790607104.637823185] [amir2.gripper_controller]: Received & accepted new action goal
[coordinator-39] [INFO] [1790607104.733392686] [cooperative_coordinator]: Payload goal: x=0.496, y=0.000, yaw=-0.000
[ign gazebo-1] [INFO] [1790607104.945748662] [amir1.gripper_controller]: Received & accepted new action goal
[ign gazebo-1] [INFO] [1790607104.945921295] [amir2.gripper_controller]: Received & accepted new action goal
[ign gazebo-1] [INFO] [1790607105.260718762] [amir1.gripper_controller]: Received & accepted new action goal
[ign gazebo-1] [INFO] [1790607105.260809871] [amir2.gripper_controller]: Received & accepted new action goal
[ign gazebo-1] [INFO] [1790607105.479932086] [amir1.gripper_controller]: Received & accepted new action goal
[ign gazebo-1] [INFO] [1790607105.482355037] [amir2.gripper_controller]: Received & accepted new action goal
[coordinator-39] [INFO] [1790607105.773548851] [cooperative_coordinator]: Payload goal: x=0.500, y=0.000, yaw=-0.000
[ign gazebo-1] [INFO] [1790607105.863720242] [amir1.gripper_controller]: Received & accepted new action goal
[ign gazebo-1] [INFO] [1790607105.863928032] [amir2.gripper_controller]: Received & accepted new action goal
[ign gazebo-1] [INFO] [1790607106.246410727] [amir2.gripper_controller]: Received & accepted new action goal
[ign gazebo-1] [INFO] [1790607106.246435479] [amir1.gripper_controller]: Received & accepted new action goal
[ign gazebo-1] [INFO] [1790607106.479519264] [amir1.gripper_controller]: Received & accepted new action goal
[ign gazebo-1] [INFO] [1790607106.479607828] [amir2.gripper_controller]: Received & accepted new action goal
[coordinator-39] [INFO] [1790607106.791473130] [cooperative_coordinator]: Payload goal: x=0.500, y=0.000, yaw=-0.000
[ign gazebo-1] [INFO] [1790607106.799812036] [amir1.gripper_controller]: Received & accepted new action goal
[ign gazebo-1] [INFO] [1790607106.799924546] [amir2.gripper_controller]: Received & accepted new action goal
[ign gazebo-1] [INFO] [1790607107.213420959] [amir1.gripper_controller]: Received & accepted new action goal
[ign gazebo-1] [INFO] [1790607107.213706272] [amir2.gripper_controller]: Received & accepted new action goal
[ign gazebo-1] [INFO] [1790607107.415617834] [amir1.gripper_controller]: Received & accepted new action goal
[ign gazebo-1] [INFO] [1790607107.415769955] [amir2.gripper_controller]: Received & accepted new action goal
[coordinator-39] [INFO] [1790607107.824628763] [cooperative_coordinator]: Payload goal: x=0.500, y=0.000, yaw=-0.000
[ign gazebo-1] [INFO] [1790607107.933806817] [amir1.gripper_controller]: Received & accepted new action goal
[ign gazebo-1] [INFO] [1790607107.933949946] [amir2.gripper_controller]: Received & accepted new action goal
[ign gazebo-1] [INFO] [1790607108.336883182] [amir1.gripper_controller]: Received & accepted new action goal
[ign gazebo-1] [INFO] [1790607108.336914038] [amir2.gripper_controller]: Received & accepted new action goal
[ign gazebo-1] [INFO] [1790607108.535226369] [amir1.gripper_controller]: Received & accepted new action goal
[ign gazebo-1] [INFO] [1790607108.535360060] [amir2.gripper_controller]: Received & accepted new action goal
[coordinator-39] [INFO] [1790607108.827183951] [cooperative_coordinator]: Payload goal: x=0.500, y=0.000, yaw=-0.000
[ign gazebo-1] [INFO] [1790607108.989704296] [amir1.gripper_controller]: Received & accepted new action goal
[ign gazebo-1] [INFO] [1790607108.989918370] [amir2.gripper_controller]: Received & accepted new action goal
[ign gazebo-1] [INFO] [1790607109.398144206] [amir1.gripper_controller]: Received & accepted new action goal
[ign gazebo-1] [INFO] [1790607109.398262562] [amir2.gripper_controller]: Received & accepted new action goal
[ign gazebo-1] [INFO] [1790607109.586796045] [amir1.gripper_controller]: Received & accepted new action goal
[ign gazebo-1] [INFO] [1790607109.586854593] [amir2.gripper_controller]: Received & accepted new action goal
[coordinator-39] [INFO] [1790607109.841808993] [cooperative_coordinator]: Payload goal: x=0.500, y=0.000, yaw=-0.000
[rotation_controller-6] [INFO] [1790607109.875023543] [cooperative_rotation_controller]: シーケンス終了: 搬送（直進）
[rotation_controller-6] [INFO] [1790607109.875336989] [cooperative_rotation_controller]: シーケンス開始: 搬送（回転）
[ign gazebo-1] [INFO] [1790607109.909056567] [amir1.gripper_controller]: Received & accepted new action goal
[ign gazebo-1] [INFO] [1790607109.909113923] [amir2.gripper_controller]: Received & accepted new action goal
[ign gazebo-1] [INFO] [1790607110.286989297] [amir1.gripper_controller]: Received & accepted new action goal
[ign gazebo-1] [INFO] [1790607110.287114049] [amir2.gripper_controller]: Received & accepted new action goal
[ign gazebo-1] [INFO] [1790607110.471116286] [amir1.gripper_controller]: Received & accepted new action goal
[ign gazebo-1] [INFO] [1790607110.837133299] [amir1.gripper_controller]: Received & accepted new action goal
[ign gazebo-1] [INFO] [1790607110.837248084] [amir2.gripper_controller]: Received & accepted new action goal
[coordinator-39] [INFO] [1790607110.861360020] [cooperative_coordinator]: Payload goal: x=0.480, y=0.000, yaw=0.001
[ign gazebo-1] [INFO] [1790607111.228259612] [amir1.gripper_controller]: Received & accepted new action goal
[ign gazebo-1] [INFO] [1790607111.228371161] [amir2.gripper_controller]: Received & accepted new action goal
[ign gazebo-1] [INFO] [1790607111.407990348] [amir1.gripper_controller]: Received & accepted new action goal
[ign gazebo-1] [INFO] [1790607111.407999066] [amir2.gripper_controller]: Received & accepted new action goal
[ign gazebo-1] [INFO] [1790607111.781425248] [amir1.gripper_controller]: Received & accepted new action goal
[ign gazebo-1] [INFO] [1790607111.781517126] [amir2.gripper_controller]: Received & accepted new action goal
[coordinator-39] [INFO] [1790607111.876149948] [cooperative_coordinator]: Payload goal: x=0.480, y=0.000, yaw=0.003
[ign gazebo-1] [INFO] [1790607112.175102485] [amir1.gripper_controller]: Received & accepted new action goal
[ign gazebo-1] [INFO] [1790607112.175345934] [amir2.gripper_controller]: Received & accepted new action goal
[ign gazebo-1] [INFO] [1790607112.393814432] [amir1.gripper_controller]: Received & accepted new action goal
[ign gazebo-1] [INFO] [1790607112.393945755] [amir2.gripper_controller]: Received & accepted new action goal
[ign gazebo-1] [INFO] [1790607112.672416852] [amir1.gripper_controller]: Received & accepted new action goal
[ign gazebo-1] [INFO] [1790607112.672498609] [amir2.gripper_controller]: Received & accepted new action goal
[coordinator-39] [INFO] [1790607112.878994733] [cooperative_coordinator]: Payload goal: x=0.480, y=0.000, yaw=0.006
[ign gazebo-1] [INFO] [1790607112.942384063] [amir1.gripper_controller]: Received & accepted new action goal
[ign gazebo-1] [INFO] [1790607112.942573178] [amir2.gripper_controller]: Received & accepted new action goal
[ign gazebo-1] [INFO] [1790607113.105915370] [amir1.gripper_controller]: Received & accepted new action goal
[ign gazebo-1] [INFO] [1790607113.105984364] [amir2.gripper_controller]: Received & accepted new action goal
[ign gazebo-1] [INFO] [1790607113.526915811] [amir1.gripper_controller]: Received & accepted new action goal
[ign gazebo-1] [INFO] [1790607113.527058135] [amir2.gripper_controller]: Received & accepted new action goal
[coordinator-39] [INFO] [1790607113.900421237] [cooperative_coordinator]: Payload goal: x=0.480, y=0.000, yaw=0.011
[ign gazebo-1] [INFO] [1790607113.964385371] [amir1.gripper_controller]: Received & accepted new action goal
[ign gazebo-1] [INFO] [1790607113.964392986] [amir2.gripper_controller]: Received & accepted new action goal
[ign gazebo-1] [INFO] [1790607114.190895130] [amir1.gripper_controller]: Received & accepted new action goal
[ign gazebo-1] [INFO] [1790607114.190978991] [amir2.gripper_controller]: Received & accepted new action goal
[ign gazebo-1] [INFO] [1790607114.686941853] [amir1.gripper_controller]: Received & accepted new action goal
[ign gazebo-1] [INFO] [1790607114.687173564] [amir2.gripper_controller]: Received & accepted new action goal
[coordinator-39] [INFO] [1790607114.917680982] [cooperative_coordinator]: Payload goal: x=0.480, y=0.000, yaw=0.015
[ign gazebo-1] [INFO] [1790607115.142629827] [amir1.gripper_controller]: Received & accepted new action goal
[ign gazebo-1] [INFO] [1790607115.142827259] [amir2.gripper_controller]: Received & accepted new action goal
[ign gazebo-1] [INFO] [1790607115.418816939] [amir2.gripper_controller]: Received & accepted new action goal
[ign gazebo-1] [INFO] [1790607115.418899490] [amir1.gripper_controller]: Received & accepted new action goal
[ign gazebo-1] [INFO] [1790607115.859791131] [amir2.gripper_controller]: Received & accepted new action goal
[coordinator-39] [INFO] [1790607115.931731213] [cooperative_coordinator]: Payload goal: x=0.480, y=0.000, yaw=0.021
[ign gazebo-1] [INFO] [1790607116.302696957] [amir2.gripper_controller]: Received & accepted new action goal
[ign gazebo-1] [INFO] [1790607116.544157914] [amir2.gripper_controller]: Received & accepted new action goal
[coordinator-39] [INFO] [1790607116.938767428] [cooperative_coordinator]: Payload goal: x=0.480, y=0.000, yaw=0.027
[ign gazebo-1] [INFO] [1790607117.005887912] [amir2.gripper_controller]: Received & accepted new action goal
[ign gazebo-1] [INFO] [1790607117.491313628] [amir2.gripper_controller]: Received & accepted new action goal
[ign gazebo-1] [INFO] [1790607117.772846445] [amir2.gripper_controller]: Received & accepted new action goal
[coordinator-39] [INFO] [1790607117.953126959] [cooperative_coordinator]: Payload goal: x=0.480, y=0.000, yaw=0.033
[ign gazebo-1] [INFO] [1790607118.298720527] [amir2.gripper_controller]: Received & accepted new action goal
[ign gazebo-1] [INFO] [1790607118.813563549] [amir2.gripper_controller]: Received & accepted new action goal
[coordinator-39] [INFO] [1790607118.974943533] [cooperative_coordinator]: Payload goal: x=0.480, y=0.000, yaw=0.040
[ign gazebo-1] [INFO] [1790607119.031611455] [amir2.gripper_controller]: Received & accepted new action goal
[ign gazebo-1] [INFO] [1790607119.529618116] [amir2.gripper_controller]: Received & accepted new action goal
[coordinator-39] [INFO] [1790607120.007504932] [cooperative_coordinator]: Payload goal: x=0.480, y=0.000, yaw=0.048
[ign gazebo-1] [INFO] [1790607120.034058724] [amir2.gripper_controller]: Received & accepted new action goal
[ign gazebo-1] [INFO] [1790607120.273709453] [amir2.gripper_controller]: Received & accepted new action goal
[ign gazebo-1] [INFO] [1790607120.783615512] [amir2.gripper_controller]: Received & accepted new action goal
[coordinator-39] [INFO] [1790607121.023009184] [cooperative_coordinator]: Payload goal: x=0.480, y=0.000, yaw=0.054
[ign gazebo-1] [INFO] [1790607121.382624028] [amir2.gripper_controller]: Received & accepted new action goal
[ign gazebo-1] [INFO] [1790607121.645414330] [amir2.gripper_controller]: Received & accepted new action goal
[coordinator-39] [INFO] [1790607122.056235755] [cooperative_coordinator]: Payload goal: x=0.480, y=0.000, yaw=0.061
[ign gazebo-1] [INFO] [1790607122.182994634] [amir2.gripper_controller]: Received & accepted new action goal
[ign gazebo-1] [INFO] [1790607122.611071818] [amir2.gripper_controller]: Received & accepted new action goal
[ign gazebo-1] [INFO] [1790607122.840825013] [amir2.gripper_controller]: Received & accepted new action goal
[ign gazebo-1] [INFO] [1790607122.840950766] [amir1.gripper_controller]: Received & accepted new action goal
[coordinator-39] [INFO] [1790607123.071312275] [cooperative_coordinator]: Payload goal: x=0.480, y=0.000, yaw=0.069
[ign gazebo-1] [INFO] [1790607123.304074991] [amir1.gripper_controller]: Received & accepted new action goal
[ign gazebo-1] [INFO] [1790607123.304366901] [amir2.gripper_controller]: Received & accepted new action goal
[ign gazebo-1] [INFO] [1790607123.790228098] [amir1.gripper_controller]: Received & accepted new action goal
[ign gazebo-1] [INFO] [1790607123.790840296] [amir2.gripper_controller]: Received & accepted new action goal
[coordinator-39] [INFO] [1790607124.085405963] [cooperative_coordinator]: Payload goal: x=0.480, y=0.000, yaw=0.076
[ign gazebo-1] [INFO] [1790607124.105955549] [amir1.gripper_controller]: Received & accepted new action goal
[ign gazebo-1] [INFO] [1790607124.106124078] [amir2.gripper_controller]: Received & accepted new action goal
[ign gazebo-1] [INFO] [1790607124.620085240] [amir1.gripper_controller]: Received & accepted new action goal
[ign gazebo-1] [INFO] [1790607124.620206073] [amir2.gripper_controller]: Received & accepted new action goal
[coordinator-39] [INFO] [1790607125.095863635] [cooperative_coordinator]: Payload goal: x=0.480, y=0.000, yaw=0.083
[ign gazebo-1] [INFO] [1790607125.109559314] [amir1.gripper_controller]: Received & accepted new action goal
[ign gazebo-1] [INFO] [1790607125.109587131] [amir2.gripper_controller]: Received & accepted new action goal
[ign gazebo-1] [INFO] [1790607125.380099574] [amir1.gripper_controller]: Received & accepted new action goal
[ign gazebo-1] [INFO] [1790607125.380265340] [amir2.gripper_controller]: Received & accepted new action goal
[ign gazebo-1] [INFO] [1790607125.877792654] [amir1.gripper_controller]: Received & accepted new action goal
[ign gazebo-1] [INFO] [1790607125.877970396] [amir2.gripper_controller]: Received & accepted new action goal
[coordinator-39] [INFO] [1790607126.133381601] [cooperative_coordinator]: Payload goal: x=0.480, y=0.000, yaw=0.090
[ign gazebo-1] [INFO] [1790607126.387961142] [amir2.gripper_controller]: Received & accepted new action goal
[ign gazebo-1] [INFO] [1790607126.387962002] [amir1.gripper_controller]: Received & accepted new action goal
[ign gazebo-1] [INFO] [1790607126.648904411] [amir1.gripper_controller]: Received & accepted new action goal
[ign gazebo-1] [INFO] [1790607126.648942839] [amir2.gripper_controller]: Received & accepted new action goal
[coordinator-39] [INFO] [1790607127.138415527] [cooperative_coordinator]: Payload goal: x=0.480, y=0.000, yaw=0.097
[ign gazebo-1] [INFO] [1790607127.154048211] [amir1.gripper_controller]: Received & accepted new action goal
[ign gazebo-1] [INFO] [1790607127.154117466] [amir2.gripper_controller]: Received & accepted new action goal
[ign gazebo-1] [INFO] [1790607127.648804568] [amir1.gripper_controller]: Received & accepted new action goal
[ign gazebo-1] [INFO] [1790607127.648863720] [amir2.gripper_controller]: Received & accepted new action goal
[ign gazebo-1] [INFO] [1790607127.902161526] [amir1.gripper_controller]: Received & accepted new action goal
[ign gazebo-1] [INFO] [1790607127.902263370] [amir2.gripper_controller]: Received & accepted new action goal
[coordinator-39] [INFO] [1790607128.159033376] [cooperative_coordinator]: Payload goal: x=0.480, y=0.000, yaw=0.103
[ign gazebo-1] [INFO] [1790607128.438118525] [amir1.gripper_controller]: Received & accepted new action goal
[ign gazebo-1] [INFO] [1790607128.438303961] [amir2.gripper_controller]: Received & accepted new action goal
[ign gazebo-1] [INFO] [1790607128.952953675] [amir1.gripper_controller]: Received & accepted new action goal
[ign gazebo-1] [INFO] [1790607128.952984589] [amir2.gripper_controller]: Received & accepted new action goal
[ign gazebo-1] [INFO] [1790607129.168928093] [amir1.gripper_controller]: Received & accepted new action goal
[ign gazebo-1] [INFO] [1790607129.168929285] [amir2.gripper_controller]: Received & accepted new action goal
[coordinator-39] [INFO] [1790607129.170645706] [cooperative_coordinator]: Payload goal: x=0.480, y=0.000, yaw=0.111
[ign gazebo-1] [INFO] [1790607129.690200697] [amir1.gripper_controller]: Received & accepted new action goal
[ign gazebo-1] [INFO] [1790607129.690394781] [amir2.gripper_controller]: Received & accepted new action goal
[ign gazebo-1] [INFO] [1790607130.131602893] [amir1.gripper_controller]: Received & accepted new action goal
[ign gazebo-1] [INFO] [1790607130.131752291] [amir2.gripper_controller]: Received & accepted new action goal
[coordinator-39] [INFO] [1790607130.172786131] [cooperative_coordinator]: Payload goal: x=0.480, y=0.000, yaw=0.118
[ign gazebo-1] [INFO] [1790607130.395737585] [amir1.gripper_controller]: Received & accepted new action goal
[ign gazebo-1] [INFO] [1790607130.395803558] [amir2.gripper_controller]: Received & accepted new action goal
[ign gazebo-1] [INFO] [1790607130.906468645] [amir1.gripper_controller]: Received & accepted new action goal
[ign gazebo-1] [INFO] [1790607130.906537606] [amir2.gripper_controller]: Received & accepted new action goal
[coordinator-39] [INFO] [1790607131.195598571] [cooperative_coordinator]: Payload goal: x=0.480, y=0.000, yaw=0.125
[ign gazebo-1] [INFO] [1790607131.444611141] [amir1.gripper_controller]: Received & accepted new action goal
[ign gazebo-1] [INFO] [1790607131.444672791] [amir2.gripper_controller]: Received & accepted new action goal
[ign gazebo-1] [INFO] [1790607131.689757097] [amir2.gripper_controller]: Received & accepted new action goal
[ign gazebo-1] [INFO] [1790607131.689764874] [amir1.gripper_controller]: Received & accepted new action goal
[ign gazebo-1] [INFO] [1790607132.196843904] [amir1.gripper_controller]: Received & accepted new action goal
[ign gazebo-1] [INFO] [1790607132.196949090] [amir2.gripper_controller]: Received & accepted new action goal
[coordinator-39] [INFO] [1790607132.198353398] [cooperative_coordinator]: Payload goal: x=0.480, y=0.000, yaw=0.132
[ign gazebo-1] [INFO] [1790607132.634626472] [amir1.gripper_controller]: Received & accepted new action goal
[ign gazebo-1] [INFO] [1790607132.634670322] [amir2.gripper_controller]: Received & accepted new action goal
[ign gazebo-1] [INFO] [1790607132.879679640] [amir1.gripper_controller]: Received & accepted new action goal
[ign gazebo-1] [INFO] [1790607132.879711451] [amir2.gripper_controller]: Received & accepted new action goal
[coordinator-39] [INFO] [1790607133.230817927] [cooperative_coordinator]: Payload goal: x=0.480, y=0.000, yaw=0.139
[ign gazebo-1] [INFO] [1790607133.333360354] [amir2.gripper_controller]: Received & accepted new action goal
[ign gazebo-1] [INFO] [1790607133.333376437] [amir1.gripper_controller]: Received & accepted new action goal
[ign gazebo-1] [INFO] [1790607133.855067028] [amir1.gripper_controller]: Received & accepted new action goal
[ign gazebo-1] [INFO] [1790607133.855212996] [amir2.gripper_controller]: Received & accepted new action goal
[ign gazebo-1] [INFO] [1790607134.123419648] [amir1.gripper_controller]: Received & accepted new action goal
[ign gazebo-1] [INFO] [1790607134.123423496] [amir2.gripper_controller]: Received & accepted new action goal
[coordinator-39] [INFO] [1790607134.263999090] [cooperative_coordinator]: Payload goal: x=0.480, y=0.000, yaw=0.146
[ign gazebo-1] [INFO] [1790607134.639270896] [amir1.gripper_controller]: Received & accepted new action goal
[ign gazebo-1] [INFO] [1790607134.639308556] [amir2.gripper_controller]: Received & accepted new action goal
[ign gazebo-1] [INFO] [1790607135.206607333] [amir1.gripper_controller]: Received & accepted new action goal
[ign gazebo-1] [INFO] [1790607135.206753851] [amir2.gripper_controller]: Received & accepted new action goal
[coordinator-39] [INFO] [1790607135.272472641] [cooperative_coordinator]: Payload goal: x=0.480, y=0.000, yaw=0.153
[ign gazebo-1] [INFO] [1790607135.438638422] [amir1.gripper_controller]: Received & accepted new action goal
[ign gazebo-1] [INFO] [1790607135.438803972] [amir2.gripper_controller]: Received & accepted new action goal
[ign gazebo-1] [INFO] [1790607135.874933057] [amir1.gripper_controller]: Received & accepted new action goal
[ign gazebo-1] [INFO] [1790607135.875047148] [amir2.gripper_controller]: Received & accepted new action goal
[coordinator-39] [INFO] [1790607136.301627962] [cooperative_coordinator]: Payload goal: x=0.480, y=0.000, yaw=0.161
[ign gazebo-1] [INFO] [1790607136.368757916] [amir2.gripper_controller]: Received & accepted new action goal
[ign gazebo-1] [INFO] [1790607136.368786354] [amir1.gripper_controller]: Received & accepted new action goal
[ign gazebo-1] [INFO] [1790607136.675684926] [amir1.gripper_controller]: Received & accepted new action goal
[ign gazebo-1] [INFO] [1790607136.676226251] [amir2.gripper_controller]: Received & accepted new action goal
[ign gazebo-1] [INFO] [1790607137.252434940] [amir1.gripper_controller]: Received & accepted new action goal
[ign gazebo-1] [INFO] [1790607137.252494227] [amir2.gripper_controller]: Received & accepted new action goal
[coordinator-39] [INFO] [1790607137.314955066] [cooperative_coordinator]: Payload goal: x=0.480, y=0.000, yaw=0.167
[ign gazebo-1] [INFO] [1790607137.779282738] [amir1.gripper_controller]: Received & accepted new action goal
[ign gazebo-1] [INFO] [1790607137.779343500] [amir2.gripper_controller]: Received & accepted new action goal
[ign gazebo-1] [INFO] [1790607138.036956917] [amir1.gripper_controller]: Received & accepted new action goal
[ign gazebo-1] [INFO] [1790607138.037148531] [amir2.gripper_controller]: Received & accepted new action goal
[coordinator-39] [INFO] [1790607138.325793616] [cooperative_coordinator]: Payload goal: x=0.480, y=0.000, yaw=0.174
[ign gazebo-1] [INFO] [1790607138.552910394] [amir1.gripper_controller]: Received & accepted new action goal
[ign gazebo-1] [INFO] [1790607138.552951969] [amir2.gripper_controller]: Received & accepted new action goal
[ign gazebo-1] [INFO] [1790607139.059855918] [amir1.gripper_controller]: Received & accepted new action goal
[ign gazebo-1] [INFO] [1790607139.059916723] [amir2.gripper_controller]: Received & accepted new action goal
[ign gazebo-1] [INFO] [1790607139.237554919] [amir1.gripper_controller]: Received & accepted new action goal
[ign gazebo-1] [INFO] [1790607139.237602194] [amir2.gripper_controller]: Received & accepted new action goal
[coordinator-39] [INFO] [1790607139.355538396] [cooperative_coordinator]: Payload goal: x=0.480, y=0.000, yaw=0.181
[ign gazebo-1] [INFO] [1790607139.733800256] [amir1.gripper_controller]: Received & accepted new action goal
[ign gazebo-1] [INFO] [1790607139.733859590] [amir2.gripper_controller]: Received & accepted new action goal
[ign gazebo-1] [INFO] [1790607140.266881441] [amir1.gripper_controller]: Received & accepted new action goal
[ign gazebo-1] [INFO] [1790607140.267213259] [amir2.gripper_controller]: Received & accepted new action goal
[coordinator-39] [INFO] [1790607140.357539791] [cooperative_coordinator]: Payload goal: x=0.480, y=0.000, yaw=0.188
[ign gazebo-1] [INFO] [1790607140.538790599] [amir1.gripper_controller]: Received & accepted new action goal
[ign gazebo-1] [INFO] [1790607140.538939377] [amir2.gripper_controller]: Received & accepted new action goal
[ign gazebo-1] [INFO] [1790607141.063935272] [amir1.gripper_controller]: Received & accepted new action goal
[ign gazebo-1] [INFO] [1790607141.064216982] [amir2.gripper_controller]: Received & accepted new action goal
[coordinator-39] [INFO] [1790607141.370395625] [cooperative_coordinator]: Payload goal: x=0.480, y=0.000, yaw=0.195
[ign gazebo-1] [INFO] [1790607141.648408696] [amir2.gripper_controller]: Received & accepted new action goal
[ign gazebo-1] [INFO] [1790607141.648409366] [amir1.gripper_controller]: Received & accepted new action goal
[ign gazebo-1] [INFO] [1790607141.882908310] [amir1.gripper_controller]: Received & accepted new action goal
[ign gazebo-1] [INFO] [1790607141.882997680] [amir2.gripper_controller]: Received & accepted new action goal
[ign gazebo-1] [INFO] [1790607142.377583653] [amir2.gripper_controller]: Received & accepted new action goal
[ign gazebo-1] [INFO] [1790607142.377592774] [amir1.gripper_controller]: Received & accepted new action goal
[coordinator-39] [INFO] [1790607142.378178790] [cooperative_coordinator]: Payload goal: x=0.480, y=0.000, yaw=0.201
[ign gazebo-1] [INFO] [1790607142.831878052] [amir1.gripper_controller]: Received & accepted new action goal
[ign gazebo-1] [INFO] [1790607142.831936395] [amir2.gripper_controller]: Received & accepted new action goal
[ign gazebo-1] [INFO] [1790607143.073995800] [amir2.gripper_controller]: Received & accepted new action goal
[coordinator-39] [INFO] [1790607143.391216586] [cooperative_coordinator]: Payload goal: x=0.480, y=0.000, yaw=0.209
[ign gazebo-1] [INFO] [1790607143.490232407] [amir2.gripper_controller]: Received & accepted new action goal
[ign gazebo-1] [INFO] [1790607143.738382667] [amir1.gripper_controller]: Received & accepted new action goal
[ign gazebo-1] [INFO] [1790607143.738495042] [amir2.gripper_controller]: Received & accepted new action goal
[ign gazebo-1] [INFO] [1790607143.919766967] [amir2.gripper_controller]: Received & accepted new action goal
[ign gazebo-1] [INFO] [1790607143.919834914] [amir1.gripper_controller]: Received & accepted new action goal
[ign gazebo-1] [INFO] [1790607144.392347534] [amir2.gripper_controller]: Received & accepted new action goal
[ign gazebo-1] [INFO] [1790607144.392356643] [amir1.gripper_controller]: Received & accepted new action goal
[coordinator-39] [INFO] [1790607144.392837528] [cooperative_coordinator]: Payload goal: x=0.480, y=0.000, yaw=0.219
[ign gazebo-1] [INFO] [1790607144.920918021] [amir1.gripper_controller]: Received & accepted new action goal
[ign gazebo-1] [INFO] [1790607144.921032313] [amir2.gripper_controller]: Received & accepted new action goal
[ign gazebo-1] [INFO] [1790607145.150179055] [amir1.gripper_controller]: Received & accepted new action goal
[ign gazebo-1] [INFO] [1790607145.150408045] [amir2.gripper_controller]: Received & accepted new action goal
[coordinator-39] [INFO] [1790607145.410615622] [cooperative_coordinator]: Payload goal: x=0.480, y=0.000, yaw=0.226
[ign gazebo-1] [INFO] [1790607145.616638502] [amir1.gripper_controller]: Received & accepted new action goal
[ign gazebo-1] [INFO] [1790607145.616905664] [amir2.gripper_controller]: Received & accepted new action goal
[ign gazebo-1] [INFO] [1790607146.089000013] [amir1.gripper_controller]: Received & accepted new action goal
[ign gazebo-1] [INFO] [1790607146.089116568] [amir2.gripper_controller]: Received & accepted new action goal
[ign gazebo-1] [INFO] [1790607146.305178572] [amir1.gripper_controller]: Received & accepted new action goal
[ign gazebo-1] [INFO] [1790607146.305377960] [amir2.gripper_controller]: Received & accepted new action goal
[coordinator-39] [INFO] [1790607146.424309583] [cooperative_coordinator]: Payload goal: x=0.480, y=0.000, yaw=0.234
[ign gazebo-1] [INFO] [1790607146.787680481] [amir1.gripper_controller]: Received & accepted new action goal
[ign gazebo-1] [INFO] [1790607146.787817253] [amir2.gripper_controller]: Received & accepted new action goal
[ign gazebo-1] [INFO] [1790607147.272078354] [amir2.gripper_controller]: Received & accepted new action goal
[ign gazebo-1] [INFO] [1790607147.272090226] [amir1.gripper_controller]: Received & accepted new action goal
[coordinator-39] [INFO] [1790607147.436121049] [cooperative_coordinator]: Payload goal: x=0.480, y=0.000, yaw=0.241
[ign gazebo-1] [INFO] [1790607147.502300143] [amir1.gripper_controller]: Received & accepted new action goal
[ign gazebo-1] [INFO] [1790607147.502381896] [amir2.gripper_controller]: Received & accepted new action goal
[ign gazebo-1] [INFO] [1790607147.966612832] [amir1.gripper_controller]: Received & accepted new action goal
[ign gazebo-1] [INFO] [1790607147.966653475] [amir2.gripper_controller]: Received & accepted new action goal
[ign gazebo-1] [INFO] [1790607148.442698710] [amir1.gripper_controller]: Received & accepted new action goal
[ign gazebo-1] [INFO] [1790607148.442742206] [amir2.gripper_controller]: Received & accepted new action goal
[coordinator-39] [INFO] [1790607148.444620177] [cooperative_coordinator]: Payload goal: x=0.480, y=0.000, yaw=0.249
[ign gazebo-1] [INFO] [1790607148.713643440] [amir1.gripper_controller]: Received & accepted new action goal
[ign gazebo-1] [INFO] [1790607148.713713590] [amir2.gripper_controller]: Received & accepted new action goal
[ign gazebo-1] [INFO] [1790607149.226751468] [amir1.gripper_controller]: Received & accepted new action goal
[ign gazebo-1] [INFO] [1790607149.226837387] [amir2.gripper_controller]: Received & accepted new action goal
[coordinator-39] [INFO] [1790607149.445273267] [cooperative_coordinator]: Payload goal: x=0.480, y=0.000, yaw=0.255
[ign gazebo-1] [INFO] [1790607149.695932595] [amir1.gripper_controller]: Received & accepted new action goal
[ign gazebo-1] [INFO] [1790607149.696061068] [amir2.gripper_controller]: Received & accepted new action goal
[ign gazebo-1] [INFO] [1790607149.921988999] [amir1.gripper_controller]: Received & accepted new action goal
[ign gazebo-1] [INFO] [1790607149.922008764] [amir2.gripper_controller]: Received & accepted new action goal
[ign gazebo-1] [INFO] [1790607150.393845270] [amir1.gripper_controller]: Received & accepted new action goal
[ign gazebo-1] [INFO] [1790607150.393906632] [amir2.gripper_controller]: Received & accepted new action goal
[coordinator-39] [INFO] [1790607150.460190583] [cooperative_coordinator]: Payload goal: x=0.480, y=0.000, yaw=0.263
[ign gazebo-1] [INFO] [1790607150.840480848] [amir1.gripper_controller]: Received & accepted new action goal
[ign gazebo-1] [INFO] [1790607150.840702729] [amir2.gripper_controller]: Received & accepted new action goal
[ign gazebo-1] [INFO] [1790607151.087598595] [amir1.gripper_controller]: Received & accepted new action goal
[ign gazebo-1] [INFO] [1790607151.087643737] [amir2.gripper_controller]: Received & accepted new action goal
[coordinator-39] [INFO] [1790607151.480208872] [cooperative_coordinator]: Payload goal: x=0.480, y=0.000, yaw=0.271
[ign gazebo-1] [INFO] [1790607151.558000116] [amir1.gripper_controller]: Received & accepted new action goal
[ign gazebo-1] [INFO] [1790607151.558039338] [amir2.gripper_controller]: Received & accepted new action goal
[ign gazebo-1] [INFO] [1790607152.108047481] [amir1.gripper_controller]: Received & accepted new action goal
[ign gazebo-1] [INFO] [1790607152.108123211] [amir2.gripper_controller]: Received & accepted new action goal
[ign gazebo-1] [INFO] [1790607152.432216480] [amir1.gripper_controller]: Received & accepted new action goal
[ign gazebo-1] [INFO] [1790607152.432254911] [amir2.gripper_controller]: Received & accepted new action goal
[coordinator-39] [INFO] [1790607152.499021265] [cooperative_coordinator]: Payload goal: x=0.480, y=0.000, yaw=0.277
[ign gazebo-1] [INFO] [1790607152.929973657] [amir1.gripper_controller]: Received & accepted new action goal
[ign gazebo-1] [INFO] [1790607152.930045161] [amir2.gripper_controller]: Received & accepted new action goal
[ign gazebo-1] [INFO] [1790607153.459757349] [amir1.gripper_controller]: Received & accepted new action goal
[ign gazebo-1] [INFO] [1790607153.459911288] [amir2.gripper_controller]: Received & accepted new action goal
[coordinator-39] [INFO] [1790607153.505491136] [cooperative_coordinator]: Payload goal: x=0.480, y=0.000, yaw=0.284
[ign gazebo-1] [INFO] [1790607153.697534823] [amir1.gripper_controller]: Received & accepted new action goal
[ign gazebo-1] [INFO] [1790607153.697685324] [amir2.gripper_controller]: Received & accepted new action goal
[ign gazebo-1] [INFO] [1790607154.194743374] [amir1.gripper_controller]: Received & accepted new action goal
[ign gazebo-1] [INFO] [1790607154.194902801] [amir2.gripper_controller]: Received & accepted new action goal
[coordinator-39] [INFO] [1790607154.535480700] [cooperative_coordinator]: Payload goal: x=0.480, y=0.000, yaw=0.291
[ign gazebo-1] [INFO] [1790607154.699292626] [amir2.gripper_controller]: Received & accepted new action goal
[ign gazebo-1] [INFO] [1790607154.699304180] [amir1.gripper_controller]: Received & accepted new action goal
[ign gazebo-1] [INFO] [1790607154.897225674] [amir1.gripper_controller]: Received & accepted new action goal
[friction_grasp_manager-34] [WARN] [1790607154.897762880] [friction_grasp_manager]: amir2 finger force above 26.0 N; backing off.
[ign gazebo-1] [INFO] [1790607154.897982378] [amir2.gripper_controller]: Received & accepted new action goal
[ign gazebo-1] [INFO] [1790607155.278056675] [amir1.gripper_controller]: Received & accepted new action goal
[ign gazebo-1] [INFO] [1790607155.278142310] [amir2.gripper_controller]: Received & accepted new action goal
[coordinator-39] [INFO] [1790607155.559164440] [cooperative_coordinator]: Payload goal: x=0.480, y=0.000, yaw=0.299
[ign gazebo-1] [INFO] [1790607155.754205050] [amir1.gripper_controller]: Received & accepted new action goal
[ign gazebo-1] [INFO] [1790607155.754276721] [amir2.gripper_controller]: Received & accepted new action goal
[ign gazebo-1] [INFO] [1790607155.974962589] [amir1.gripper_controller]: Received & accepted new action goal
[ign gazebo-1] [INFO] [1790607155.974999854] [amir2.gripper_controller]: Received & accepted new action goal
[ign gazebo-1] [INFO] [1790607156.461404057] [amir1.gripper_controller]: Received & accepted new action goal
[ign gazebo-1] [INFO] [1790607156.461443924] [amir2.gripper_controller]: Received & accepted new action goal
[coordinator-39] [INFO] [1790607156.568961894] [cooperative_coordinator]: Payload goal: x=0.480, y=0.000, yaw=0.307
[ign gazebo-1] [INFO] [1790607157.073229279] [amir1.gripper_controller]: Received & accepted new action goal
[ign gazebo-1] [INFO] [1790607157.073484852] [amir2.gripper_controller]: Received & accepted new action goal
[ign gazebo-1] [INFO] [1790607157.335993979] [amir2.gripper_controller]: Received & accepted new action goal
[ign gazebo-1] [INFO] [1790607157.336076615] [amir1.gripper_controller]: Received & accepted new action goal
[coordinator-39] [INFO] [1790607157.589738238] [cooperative_coordinator]: Payload goal: x=0.480, y=0.000, yaw=0.313
[ign gazebo-1] [INFO] [1790607157.797286799] [amir1.gripper_controller]: Received & accepted new action goal
[ign gazebo-1] [INFO] [1790607157.797341747] [amir2.gripper_controller]: Received & accepted new action goal
[ign gazebo-1] [INFO] [1790607158.286431327] [amir1.gripper_controller]: Received & accepted new action goal
[ign gazebo-1] [INFO] [1790607158.286506578] [amir2.gripper_controller]: Received & accepted new action goal
[ign gazebo-1] [INFO] [1790607158.505007698] [amir1.gripper_controller]: Received & accepted new action goal
[ign gazebo-1] [INFO] [1790607158.505029042] [amir2.gripper_controller]: Received & accepted new action goal
[coordinator-39] [INFO] [1790607158.617581769] [cooperative_coordinator]: Payload goal: x=0.480, y=0.000, yaw=0.321
[ign gazebo-1] [INFO] [1790607159.012913304] [amir1.gripper_controller]: Received & accepted new action goal
[ign gazebo-1] [INFO] [1790607159.012991615] [amir2.gripper_controller]: Received & accepted new action goal
[ign gazebo-1] [INFO] [1790607159.508628584] [amir1.gripper_controller]: Received & accepted new action goal
[ign gazebo-1] [INFO] [1790607159.508673299] [amir2.gripper_controller]: Received & accepted new action goal
[coordinator-39] [INFO] [1790607159.631098339] [cooperative_coordinator]: Payload goal: x=0.480, y=0.000, yaw=0.328
[ign gazebo-1] [INFO] [1790607159.749366831] [amir1.gripper_controller]: Received & accepted new action goal
[ign gazebo-1] [INFO] [1790607159.749366530] [amir2.gripper_controller]: Received & accepted new action goal
[ign gazebo-1] [INFO] [1790607160.281883233] [amir1.gripper_controller]: Received & accepted new action goal
[ign gazebo-1] [INFO] [1790607160.281954740] [amir2.gripper_controller]: Received & accepted new action goal
[coordinator-39] [INFO] [1790607160.655555366] [cooperative_coordinator]: Payload goal: x=0.480, y=0.000, yaw=0.335
[ign gazebo-1] [INFO] [1790607160.776963379] [amir1.gripper_controller]: Received & accepted new action goal
[ign gazebo-1] [INFO] [1790607160.776965729] [amir2.gripper_controller]: Received & accepted new action goal
[ign gazebo-1] [INFO] [1790607160.968664865] [amir2.gripper_controller]: Received & accepted new action goal
[ign gazebo-1] [INFO] [1790607160.968753910] [amir1.gripper_controller]: Received & accepted new action goal
[ign gazebo-1] [INFO] [1790607161.440188659] [amir1.gripper_controller]: Received & accepted new action goal
[ign gazebo-1] [INFO] [1790607161.440356680] [amir2.gripper_controller]: Received & accepted new action goal
[coordinator-39] [INFO] [1790607161.665760942] [cooperative_coordinator]: Payload goal: x=0.480, y=0.000, yaw=0.343
[ign gazebo-1] [INFO] [1790607161.908557443] [amir1.gripper_controller]: Received & accepted new action goal
[ign gazebo-1] [INFO] [1790607161.908651873] [amir2.gripper_controller]: Received & accepted new action goal
[ign gazebo-1] [INFO] [1790607162.156150251] [amir1.gripper_controller]: Received & accepted new action goal
[ign gazebo-1] [INFO] [1790607162.156184170] [amir2.gripper_controller]: Received & accepted new action goal
[ign gazebo-1] [INFO] [1790607162.658664576] [amir1.gripper_controller]: Received & accepted new action goal
[ign gazebo-1] [INFO] [1790607162.658792364] [amir2.gripper_controller]: Received & accepted new action goal
[coordinator-39] [INFO] [1790607162.687926792] [cooperative_coordinator]: Payload goal: x=0.480, y=0.000, yaw=0.350
[ign gazebo-1] [INFO] [1790607163.142538999] [amir2.gripper_controller]: Received & accepted new action goal
[ign gazebo-1] [INFO] [1790607163.142547594] [amir1.gripper_controller]: Received & accepted new action goal
[ign gazebo-1] [INFO] [1790607163.372523536] [amir2.gripper_controller]: Received & accepted new action goal
[ign gazebo-1] [INFO] [1790607163.372523684] [amir1.gripper_controller]: Received & accepted new action goal
[coordinator-39] [INFO] [1790607163.711615540] [cooperative_coordinator]: Payload goal: x=0.480, y=0.000, yaw=0.357
[ign gazebo-1] [INFO] [1790607163.895592167] [amir1.gripper_controller]: Received & accepted new action goal
[ign gazebo-1] [INFO] [1790607163.895653991] [amir2.gripper_controller]: Received & accepted new action goal
[ign gazebo-1] [INFO] [1790607164.350171190] [amir2.gripper_controller]: Received & accepted new action goal
[ign gazebo-1] [INFO] [1790607164.350206438] [amir1.gripper_controller]: Received & accepted new action goal
[ign gazebo-1] [INFO] [1790607164.568488693] [amir2.gripper_controller]: Received & accepted new action goal
[ign gazebo-1] [INFO] [1790607164.568489707] [amir1.gripper_controller]: Received & accepted new action goal
[coordinator-39] [INFO] [1790607164.744937166] [cooperative_coordinator]: Payload goal: x=0.480, y=0.000, yaw=0.365
[ign gazebo-1] [INFO] [1790607165.059810164] [amir2.gripper_controller]: Received & accepted new action goal
[ign gazebo-1] [INFO] [1790607165.503909760] [amir1.gripper_controller]: Received & accepted new action goal
[ign gazebo-1] [INFO] [1790607165.503921954] [amir2.gripper_controller]: Received & accepted new action goal
[ign gazebo-1] [INFO] [1790607165.713551355] [amir2.gripper_controller]: Received & accepted new action goal
[ign gazebo-1] [INFO] [1790607165.713592989] [amir1.gripper_controller]: Received & accepted new action goal
[coordinator-39] [INFO] [1790607165.747716156] [cooperative_coordinator]: Payload goal: x=0.480, y=0.000, yaw=0.373
[ign gazebo-1] [INFO] [1790607166.125789210] [amir1.gripper_controller]: Received & accepted new action goal
[ign gazebo-1] [INFO] [1790607166.125974873] [amir2.gripper_controller]: Received & accepted new action goal
[ign gazebo-1] [INFO] [1790607166.591451683] [amir1.gripper_controller]: Received & accepted new action goal
[ign gazebo-1] [INFO] [1790607166.591593082] [amir2.gripper_controller]: Received & accepted new action goal
[coordinator-39] [INFO] [1790607166.773839695] [cooperative_coordinator]: Payload goal: x=0.480, y=0.000, yaw=0.380
[ign gazebo-1] [INFO] [1790607166.872574183] [amir1.gripper_controller]: Received & accepted new action goal
[ign gazebo-1] [INFO] [1790607166.872851649] [amir2.gripper_controller]: Received & accepted new action goal
[ign gazebo-1] [INFO] [1790607167.359685110] [amir1.gripper_controller]: Received & accepted new action goal
[ign gazebo-1] [INFO] [1790607167.359793438] [amir2.gripper_controller]: Received & accepted new action goal
[coordinator-39] [INFO] [1790607167.784025426] [cooperative_coordinator]: Payload goal: x=0.480, y=0.000, yaw=0.388
[ign gazebo-1] [INFO] [1790607167.830125564] [amir1.gripper_controller]: Received & accepted new action goal
[ign gazebo-1] [INFO] [1790607167.830413128] [amir2.gripper_controller]: Received & accepted new action goal
[ign gazebo-1] [INFO] [1790607168.046606696] [amir1.gripper_controller]: Received & accepted new action goal
[ign gazebo-1] [INFO] [1790607168.046705979] [amir2.gripper_controller]: Received & accepted new action goal
[ign gazebo-1] [INFO] [1790607168.479684934] [amir2.gripper_controller]: Received & accepted new action goal
[ign gazebo-1] [INFO] [1790607168.479781252] [amir1.gripper_controller]: Received & accepted new action goal
[coordinator-39] [INFO] [1790607168.813383303] [cooperative_coordinator]: Payload goal: x=0.480, y=0.000, yaw=0.396
[ign gazebo-1] [INFO] [1790607168.928187083] [amir1.gripper_controller]: Received & accepted new action goal
[ign gazebo-1] [INFO] [1790607168.928580124] [amir2.gripper_controller]: Received & accepted new action goal
[ign gazebo-1] [INFO] [1790607169.164430713] [amir1.gripper_controller]: Received & accepted new action goal
[ign gazebo-1] [INFO] [1790607169.164563214] [amir2.gripper_controller]: Received & accepted new action goal
[ign gazebo-1] [INFO] [1790607169.650355736] [amir1.gripper_controller]: Received & accepted new action goal
[ign gazebo-1] [INFO] [1790607169.650518789] [amir2.gripper_controller]: Received & accepted new action goal
[coordinator-39] [INFO] [1790607169.821450360] [cooperative_coordinator]: Payload goal: x=0.480, y=0.000, yaw=0.403
[ign gazebo-1] [INFO] [1790607170.092500473] [amir1.gripper_controller]: Received & accepted new action goal
[ign gazebo-1] [INFO] [1790607170.092569792] [amir2.gripper_controller]: Received & accepted new action goal
[ign gazebo-1] [INFO] [1790607170.315603978] [amir1.gripper_controller]: Received & accepted new action goal
[ign gazebo-1] [INFO] [1790607170.315843442] [amir2.gripper_controller]: Received & accepted new action goal
[ign gazebo-1] [INFO] [1790607170.777460171] [amir1.gripper_controller]: Received & accepted new action goal
[ign gazebo-1] [INFO] [1790607170.777492591] [amir2.gripper_controller]: Received & accepted new action goal
[coordinator-39] [INFO] [1790607170.845921679] [cooperative_coordinator]: Payload goal: x=0.480, y=0.000, yaw=0.411
[ign gazebo-1] [INFO] [1790607171.288524729] [amir2.gripper_controller]: Received & accepted new action goal
[ign gazebo-1] [INFO] [1790607171.288640627] [amir1.gripper_controller]: Received & accepted new action goal
[ign gazebo-1] [INFO] [1790607171.521692299] [amir1.gripper_controller]: Received & accepted new action goal
[ign gazebo-1] [INFO] [1790607171.521867016] [amir2.gripper_controller]: Received & accepted new action goal
[coordinator-39] [INFO] [1790607171.877604127] [cooperative_coordinator]: Payload goal: x=0.480, y=0.000, yaw=0.419
[ign gazebo-1] [INFO] [1790607171.975585044] [amir1.gripper_controller]: Received & accepted new action goal
[ign gazebo-1] [INFO] [1790607171.975676425] [amir2.gripper_controller]: Received & accepted new action goal
[ign gazebo-1] [INFO] [1790607172.409485061] [amir1.gripper_controller]: Received & accepted new action goal
[ign gazebo-1] [INFO] [1790607172.409569979] [amir2.gripper_controller]: Received & accepted new action goal
[ign gazebo-1] [INFO] [1790607172.631244562] [amir1.gripper_controller]: Received & accepted new action goal
[ign gazebo-1] [INFO] [1790607172.631390910] [amir2.gripper_controller]: Received & accepted new action goal
[coordinator-39] [INFO] [1790607172.893384604] [cooperative_coordinator]: Payload goal: x=0.480, y=0.000, yaw=0.426
[ign gazebo-1] [INFO] [1790607173.137016847] [amir1.gripper_controller]: Received & accepted new action goal
[ign gazebo-1] [INFO] [1790607173.137124649] [amir2.gripper_controller]: Received & accepted new action goal
[ign gazebo-1] [INFO] [1790607173.634165782] [amir1.gripper_controller]: Received & accepted new action goal
[ign gazebo-1] [INFO] [1790607173.634369647] [amir2.gripper_controller]: Received & accepted new action goal
[ign gazebo-1] [INFO] [1790607173.838191951] [amir1.gripper_controller]: Received & accepted new action goal
[ign gazebo-1] [INFO] [1790607173.838356629] [amir2.gripper_controller]: Received & accepted new action goal
[coordinator-39] [INFO] [1790607173.902748663] [cooperative_coordinator]: Payload goal: x=0.480, y=0.000, yaw=0.434
[ign gazebo-1] [INFO] [1790607174.359991435] [amir1.gripper_controller]: Received & accepted new action goal
[ign gazebo-1] [INFO] [1790607174.360035961] [amir2.gripper_controller]: Received & accepted new action goal
[ign gazebo-1] [INFO] [1790607174.842961354] [amir1.gripper_controller]: Received & accepted new action goal
[ign gazebo-1] [INFO] [1790607174.843012521] [amir2.gripper_controller]: Received & accepted new action goal
[coordinator-39] [INFO] [1790607174.906623530] [cooperative_coordinator]: Payload goal: x=0.480, y=0.000, yaw=0.441
[ign gazebo-1] [INFO] [1790607175.078524140] [amir1.gripper_controller]: Received & accepted new action goal
[ign gazebo-1] [INFO] [1790607175.078587749] [amir2.gripper_controller]: Received & accepted new action goal
[ign gazebo-1] [INFO] [1790607175.611811572] [amir1.gripper_controller]: Received & accepted new action goal
[ign gazebo-1] [INFO] [1790607175.611925757] [amir2.gripper_controller]: Received & accepted new action goal
[coordinator-39] [INFO] [1790607175.921093863] [cooperative_coordinator]: Payload goal: x=0.480, y=0.000, yaw=0.448
[ign gazebo-1] [INFO] [1790607176.123590567] [amir2.gripper_controller]: Received & accepted new action goal
[ign gazebo-1] [INFO] [1790607176.123597125] [amir1.gripper_controller]: Received & accepted new action goal
[ign gazebo-1] [INFO] [1790607176.349811528] [amir1.gripper_controller]: Received & accepted new action goal
[ign gazebo-1] [INFO] [1790607176.349838544] [amir2.gripper_controller]: Received & accepted new action goal
[ign gazebo-1] [INFO] [1790607176.812272104] [amir1.gripper_controller]: Received & accepted new action goal
[ign gazebo-1] [INFO] [1790607176.812396306] [amir2.gripper_controller]: Received & accepted new action goal
[coordinator-39] [INFO] [1790607176.954836372] [cooperative_coordinator]: Payload goal: x=0.480, y=0.000, yaw=0.455
[ign gazebo-1] [INFO] [1790607177.297670335] [amir1.gripper_controller]: Received & accepted new action goal
[ign gazebo-1] [INFO] [1790607177.297875266] [amir2.gripper_controller]: Received & accepted new action goal
[ign gazebo-1] [INFO] [1790607177.529230487] [amir2.gripper_controller]: Received & accepted new action goal
[ign gazebo-1] [INFO] [1790607177.529336426] [amir1.gripper_controller]: Received & accepted new action goal
[coordinator-39] [INFO] [1790607177.980537377] [cooperative_coordinator]: Payload goal: x=0.480, y=0.000, yaw=0.463
[ign gazebo-1] [INFO] [1790607178.057133388] [amir2.gripper_controller]: Received & accepted new action goal
[ign gazebo-1] [INFO] [1790607178.551115493] [amir2.gripper_controller]: Received & accepted new action goal
[ign gazebo-1] [INFO] [1790607178.808968699] [amir2.gripper_controller]: Received & accepted new action goal
[coordinator-39] [INFO] [1790607178.984558953] [cooperative_coordinator]: Payload goal: x=0.480, y=0.000, yaw=0.470
[ign gazebo-1] [INFO] [1790607179.331658617] [amir2.gripper_controller]: Received & accepted new action goal
[ign gazebo-1] [INFO] [1790607179.840149944] [amir2.gripper_controller]: Received & accepted new action goal
[coordinator-39] [INFO] [1790607180.003408518] [cooperative_coordinator]: Payload goal: x=0.480, y=0.000, yaw=0.477
[ign gazebo-1] [INFO] [1790607180.071143217] [amir2.gripper_controller]: Received & accepted new action goal
[ign gazebo-1] [INFO] [1790607180.543068546] [amir1.gripper_controller]: Received & accepted new action goal
[ign gazebo-1] [INFO] [1790607180.543074297] [amir2.gripper_controller]: Received & accepted new action goal
[ign gazebo-1] [INFO] [1790607181.013136593] [amir1.gripper_controller]: Received & accepted new action goal
[ign gazebo-1] [INFO] [1790607181.013306223] [amir2.gripper_controller]: Received & accepted new action goal
[coordinator-39] [INFO] [1790607181.014980696] [cooperative_coordinator]: Payload goal: x=0.480, y=0.000, yaw=0.484
[ign gazebo-1] [INFO] [1790607181.263836207] [amir1.gripper_controller]: Received & accepted new action goal
[ign gazebo-1] [INFO] [1790607181.263972282] [amir2.gripper_controller]: Received & accepted new action goal
[ign gazebo-1] [INFO] [1790607181.830167436] [amir1.gripper_controller]: Received & accepted new action goal
[ign gazebo-1] [INFO] [1790607181.830476419] [amir2.gripper_controller]: Received & accepted new action goal
[coordinator-39] [INFO] [1790607182.029824967] [cooperative_coordinator]: Payload goal: x=0.480, y=0.000, yaw=0.491
[ign gazebo-1] [INFO] [1790607182.389251275] [amir1.gripper_controller]: Received & accepted new action goal
[ign gazebo-1] [INFO] [1790607182.389253524] [amir2.gripper_controller]: Received & accepted new action goal
[ign gazebo-1] [INFO] [1790607182.668368924] [amir1.gripper_controller]: Received & accepted new action goal
[ign gazebo-1] [INFO] [1790607182.668405209] [amir2.gripper_controller]: Received & accepted new action goal
[coordinator-39] [INFO] [1790607183.051443462] [cooperative_coordinator]: Payload goal: x=0.480, y=0.000, yaw=0.497
[ign gazebo-1] [INFO] [1790607183.172156965] [amir1.gripper_controller]: Received & accepted new action goal
[ign gazebo-1] [INFO] [1790607183.172224990] [amir2.gripper_controller]: Received & accepted new action goal
[ign gazebo-1] [INFO] [1790607183.631636984] [amir2.gripper_controller]: Received & accepted new action goal
[ign gazebo-1] [INFO] [1790607183.631731615] [amir1.gripper_controller]: Received & accepted new action goal
[ign gazebo-1] [INFO] [1790607183.872769294] [amir1.gripper_controller]: Received & accepted new action goal
[ign gazebo-1] [INFO] [1790607183.872864781] [amir2.gripper_controller]: Received & accepted new action goal
[coordinator-39] [INFO] [1790607184.068393015] [cooperative_coordinator]: Payload goal: x=0.480, y=0.000, yaw=0.503
[ign gazebo-1] [INFO] [1790607184.311307996] [amir1.gripper_controller]: Received & accepted new action goal
[ign gazebo-1] [INFO] [1790607184.311455792] [amir2.gripper_controller]: Received & accepted new action goal
[ign gazebo-1] [INFO] [1790607184.771797540] [amir1.gripper_controller]: Received & accepted new action goal
[ign gazebo-1] [INFO] [1790607184.949136925] [amir1.gripper_controller]: Received & accepted new action goal
[ign gazebo-1] [INFO] [1790607184.949357852] [amir2.gripper_controller]: Received & accepted new action goal
[coordinator-39] [INFO] [1790607185.101535866] [cooperative_coordinator]: Payload goal: x=0.480, y=0.000, yaw=0.509
[ign gazebo-1] [INFO] [1790607185.448432605] [amir1.gripper_controller]: Received & accepted new action goal
[ign gazebo-1] [INFO] [1790607185.448493058] [amir2.gripper_controller]: Received & accepted new action goal
[ign gazebo-1] [INFO] [1790607185.958514422] [amir1.gripper_controller]: Received & accepted new action goal
[ign gazebo-1] [INFO] [1790607185.958714027] [amir2.gripper_controller]: Received & accepted new action goal
[coordinator-39] [INFO] [1790607186.115623755] [cooperative_coordinator]: Payload goal: x=0.480, y=0.000, yaw=0.513
[ign gazebo-1] [INFO] [1790607186.230155849] [amir1.gripper_controller]: Received & accepted new action goal
[ign gazebo-1] [INFO] [1790607186.230296619] [amir2.gripper_controller]: Received & accepted new action goal
[ign gazebo-1] [INFO] [1790607186.681654479] [amir1.gripper_controller]: Received & accepted new action goal
[ign gazebo-1] [INFO] [1790607186.681681293] [amir2.gripper_controller]: Received & accepted new action goal
[coordinator-39] [INFO] [1790607187.116451029] [cooperative_coordinator]: Payload goal: x=0.480, y=0.000, yaw=0.517
[ign gazebo-1] [INFO] [1790607187.187224747] [amir2.gripper_controller]: Received & accepted new action goal
[ign gazebo-1] [INFO] [1790607187.187346453] [amir1.gripper_controller]: Received & accepted new action goal
[ign gazebo-1] [INFO] [1790607187.397584063] [amir1.gripper_controller]: Received & accepted new action goal
[ign gazebo-1] [INFO] [1790607187.397622851] [amir2.gripper_controller]: Received & accepted new action goal
[ign gazebo-1] [INFO] [1790607187.960312608] [amir1.gripper_controller]: Received & accepted new action goal
[ign gazebo-1] [INFO] [1790607187.960395453] [amir2.gripper_controller]: Received & accepted new action goal
[coordinator-39] [INFO] [1790607188.128817478] [cooperative_coordinator]: Payload goal: x=0.480, y=0.000, yaw=0.519
[ign gazebo-1] [INFO] [1790607188.428473498] [amir1.gripper_controller]: Received & accepted new action goal
[ign gazebo-1] [INFO] [1790607188.428644235] [amir2.gripper_controller]: Received & accepted new action goal
[ign gazebo-1] [INFO] [1790607188.666045500] [amir1.gripper_controller]: Received & accepted new action goal
[ign gazebo-1] [INFO] [1790607188.666192112] [amir2.gripper_controller]: Received & accepted new action goal
[coordinator-39] [INFO] [1790607189.136962592] [cooperative_coordinator]: Payload goal: x=0.480, y=0.000, yaw=0.522
[ign gazebo-1] [INFO] [1790607189.150461418] [amir1.gripper_controller]: Received & accepted new action goal
[ign gazebo-1] [INFO] [1790607189.150599598] [amir2.gripper_controller]: Received & accepted new action goal
[ign gazebo-1] [INFO] [1790607189.628531884] [amir1.gripper_controller]: Received & accepted new action goal
[ign gazebo-1] [INFO] [1790607189.628618745] [amir2.gripper_controller]: Received & accepted new action goal
[ign gazebo-1] [INFO] [1790607189.852351844] [amir1.gripper_controller]: Received & accepted new action goal
[ign gazebo-1] [INFO] [1790607189.852390978] [amir2.gripper_controller]: Received & accepted new action goal
[coordinator-39] [INFO] [1790607190.151553685] [cooperative_coordinator]: Payload goal: x=0.480, y=0.000, yaw=0.523
[ign gazebo-1] [INFO] [1790607190.393657682] [amir1.gripper_controller]: Received & accepted new action goal
[ign gazebo-1] [INFO] [1790607190.393897884] [amir2.gripper_controller]: Received & accepted new action goal
[ign gazebo-1] [INFO] [1790607190.833760949] [amir1.gripper_controller]: Received & accepted new action goal
[ign gazebo-1] [INFO] [1790607190.833889096] [amir2.gripper_controller]: Received & accepted new action goal
[ign gazebo-1] [INFO] [1790607191.100917199] [amir2.gripper_controller]: Received & accepted new action goal
[ign gazebo-1] [INFO] [1790607191.101010166] [amir1.gripper_controller]: Received & accepted new action goal
[coordinator-39] [INFO] [1790607191.169287309] [cooperative_coordinator]: Payload goal: x=0.480, y=0.000, yaw=0.524
[ign gazebo-1] [INFO] [1790607191.588894586] [amir1.gripper_controller]: Received & accepted new action goal
[ign gazebo-1] [INFO] [1790607191.588911806] [amir2.gripper_controller]: Received & accepted new action goal
[ign gazebo-1] [INFO] [1790607192.120010149] [amir2.gripper_controller]: Received & accepted new action goal
[ign gazebo-1] [INFO] [1790607192.120053748] [amir1.gripper_controller]: Received & accepted new action goal
[coordinator-39] [INFO] [1790607192.175341788] [cooperative_coordinator]: Payload goal: x=0.480, y=0.000, yaw=0.562
[ign gazebo-1] [INFO] [1790607192.365179680] [amir1.gripper_controller]: Received & accepted new action goal
[ign gazebo-1] [INFO] [1790607192.365386290] [amir2.gripper_controller]: Received & accepted new action goal
[ign gazebo-1] [INFO] [1790607192.833581590] [amir2.gripper_controller]: Received & accepted new action goal
[ign gazebo-1] [INFO] [1790607192.833632792] [amir1.gripper_controller]: Received & accepted new action goal
[coordinator-39] [INFO] [1790607193.178366506] [cooperative_coordinator]: Payload goal: x=0.480, y=0.000, yaw=0.547
[ign gazebo-1] [INFO] [1790607193.308470324] [amir1.gripper_controller]: Received & accepted new action goal
[ign gazebo-1] [INFO] [1790607193.308579714] [amir2.gripper_controller]: Received & accepted new action goal
[ign gazebo-1] [INFO] [1790607193.564762516] [amir1.gripper_controller]: Received & accepted new action goal
[ign gazebo-1] [INFO] [1790607193.564826596] [amir2.gripper_controller]: Received & accepted new action goal
[ign gazebo-1] [INFO] [1790607193.997907977] [amir1.gripper_controller]: Received & accepted new action goal
[ign gazebo-1] [INFO] [1790607193.998014248] [amir2.gripper_controller]: Received & accepted new action goal
[coordinator-39] [INFO] [1790607194.194715493] [cooperative_coordinator]: Payload goal: x=0.480, y=0.000, yaw=0.537
[ign gazebo-1] [INFO] [1790607194.495330812] [amir2.gripper_controller]: Received & accepted new action goal
[ign gazebo-1] [INFO] [1790607194.495374046] [amir1.gripper_controller]: Received & accepted new action goal
[ign gazebo-1] [INFO] [1790607194.721840467] [amir1.gripper_controller]: Received & accepted new action goal
[ign gazebo-1] [INFO] [1790607194.721945632] [amir2.gripper_controller]: Received & accepted new action goal
[coordinator-39] [INFO] [1790607195.196280054] [cooperative_coordinator]: Payload goal: x=0.480, y=0.000, yaw=0.532
[ign gazebo-1] [INFO] [1790607195.211720328] [amir1.gripper_controller]: Received & accepted new action goal
[ign gazebo-1] [INFO] [1790607195.211814905] [amir2.gripper_controller]: Received & accepted new action goal
[ign gazebo-1] [INFO] [1790607195.642867288] [amir1.gripper_controller]: Received & accepted new action goal
[ign gazebo-1] [INFO] [1790607195.643007586] [amir2.gripper_controller]: Received & accepted new action goal
[ign gazebo-1] [INFO] [1790607195.840083176] [amir1.gripper_controller]: Received & accepted new action goal
[ign gazebo-1] [INFO] [1790607195.840290764] [amir2.gripper_controller]: Received & accepted new action goal
[ign gazebo-1] [INFO] [1790607196.107051867] [amir2.gripper_controller]: Received & accepted new action goal
[coordinator-39] [INFO] [1790607196.197808067] [cooperative_coordinator]: Payload goal: x=0.480, y=0.000, yaw=0.530
[ign gazebo-1] [INFO] [1790607196.457068406] [amir1.gripper_controller]: Received & accepted new action goal
[ign gazebo-1] [INFO] [1790607196.457175665] [amir2.gripper_controller]: Received & accepted new action goal
[ign gazebo-1] [INFO] [1790607196.664764399] [amir1.gripper_controller]: Received & accepted new action goal
[ign gazebo-1] [INFO] [1790607196.664852370] [amir2.gripper_controller]: Received & accepted new action goal
[rotation_controller-6] [INFO] [1790607196.699930209] [cooperative_rotation_controller]: シーケンス終了: 搬送（回転）
[rotation_controller-6] [INFO] [1790607196.700146430] [cooperative_rotation_controller]: シーケンス開始: 搬送（横方向直進） 0.300 m（payload-local right）
[ign gazebo-1] [INFO] [1790607196.979659131] [amir1.gripper_controller]: Received & accepted new action goal
[ign gazebo-1] [INFO] [1790607196.979673043] [amir2.gripper_controller]: Received & accepted new action goal
[coordinator-39] [INFO] [1790607197.208804933] [cooperative_coordinator]: Payload goal: x=0.481, y=-0.001, yaw=0.521
[ign gazebo-1] [INFO] [1790607197.379575026] [amir1.gripper_controller]: Received & accepted new action goal
[ign gazebo-1] [INFO] [1790607197.379825477] [amir2.gripper_controller]: Received & accepted new action goal
[ign gazebo-1] [INFO] [1790607197.565478867] [amir1.gripper_controller]: Received & accepted new action goal
[ign gazebo-1] [INFO] [1790607197.565556019] [amir2.gripper_controller]: Received & accepted new action goal
[ign gazebo-1] [INFO] [1790607197.923276743] [amir1.gripper_controller]: Received & accepted new action goal
[ign gazebo-1] [INFO] [1790607197.923511259] [amir2.gripper_controller]: Received & accepted new action goal
[coordinator-39] [INFO] [1790607198.214785295] [cooperative_coordinator]: Payload goal: x=0.485, y=-0.007, yaw=0.521
[ign gazebo-1] [INFO] [1790607198.298494456] [amir1.gripper_controller]: Received & accepted new action goal
[ign gazebo-1] [INFO] [1790607198.298640859] [amir2.gripper_controller]: Received & accepted new action goal
[ign gazebo-1] [INFO] [1790607198.468376261] [amir2.gripper_controller]: Received & accepted new action goal
[ign gazebo-1] [INFO] [1790607198.861328318] [amir1.gripper_controller]: Received & accepted new action goal
[ign gazebo-1] [INFO] [1790607198.861467080] [amir2.gripper_controller]: Received & accepted new action goal
[coordinator-39] [INFO] [1790607199.220223444] [cooperative_coordinator]: Payload goal: x=0.492, y=-0.020, yaw=0.521
[ign gazebo-1] [INFO] [1790607199.237061422] [amir1.gripper_controller]: Received & accepted new action goal
[ign gazebo-1] [INFO] [1790607199.237111259] [amir2.gripper_controller]: Received & accepted new action goal
[ign gazebo-1] [INFO] [1790607199.487282685] [amir1.gripper_controller]: Received & accepted new action goal
[ign gazebo-1] [INFO] [1790607199.487511495] [amir2.gripper_controller]: Received & accepted new action goal
[ign gazebo-1] [INFO] [1790607199.858963515] [amir1.gripper_controller]: Received & accepted new action goal
[ign gazebo-1] [INFO] [1790607199.859074291] [amir2.gripper_controller]: Received & accepted new action goal
[coordinator-39] [INFO] [1790607200.234029755] [cooperative_coordinator]: Payload goal: x=0.502, y=-0.037, yaw=0.521
[ign gazebo-1] [INFO] [1790607200.277044194] [amir1.gripper_controller]: Received & accepted new action goal
[ign gazebo-1] [INFO] [1790607200.277057061] [amir2.gripper_controller]: Received & accepted new action goal
[ign gazebo-1] [INFO] [1790607200.509637046] [amir2.gripper_controller]: Received & accepted new action goal
[ign gazebo-1] [INFO] [1790607200.509740076] [amir1.gripper_controller]: Received & accepted new action goal
[ign gazebo-1] [INFO] [1790607200.931695333] [amir2.gripper_controller]: Received & accepted new action goal
[ign gazebo-1] [INFO] [1790607200.931696698] [amir1.gripper_controller]: Received & accepted new action goal
[coordinator-39] [INFO] [1790607201.255503492] [cooperative_coordinator]: Payload goal: x=0.503, y=-0.039, yaw=0.521
[ign gazebo-1] [INFO] [1790607201.408245476] [amir1.gripper_controller]: Received & accepted new action goal
[ign gazebo-1] [INFO] [1790607201.408319444] [amir2.gripper_controller]: Received & accepted new action goal
[ign gazebo-1] [INFO] [1790607201.627121504] [amir1.gripper_controller]: Received & accepted new action goal
[ign gazebo-1] [INFO] [1790607201.627247755] [amir2.gripper_controller]: Received & accepted new action goal
[ign gazebo-1] [INFO] [1790607201.985604136] [amir1.gripper_controller]: Received & accepted new action goal
[ign gazebo-1] [INFO] [1790607201.985708303] [amir2.gripper_controller]: Received & accepted new action goal
[coordinator-39] [INFO] [1790607202.275208037] [cooperative_coordinator]: Payload goal: x=0.503, y=-0.039, yaw=0.521
[ign gazebo-1] [INFO] [1790607202.324557913] [amir1.gripper_controller]: Received & accepted new action goal
[ign gazebo-1] [INFO] [1790607202.324582208] [amir2.gripper_controller]: Received & accepted new action goal
[ign gazebo-1] [INFO] [1790607202.501456706] [amir1.gripper_controller]: Received & accepted new action goal
[ign gazebo-1] [INFO] [1790607202.501700308] [amir2.gripper_controller]: Received & accepted new action goal
[ign gazebo-1] [INFO] [1790607202.978053569] [amir1.gripper_controller]: Received & accepted new action goal
[ign gazebo-1] [INFO] [1790607202.978116266] [amir2.gripper_controller]: Received & accepted new action goal
[coordinator-39] [INFO] [1790607203.313369603] [cooperative_coordinator]: Payload goal: x=0.503, y=-0.039, yaw=0.521
[ign gazebo-1] [INFO] [1790607203.418368701] [amir1.gripper_controller]: Received & accepted new action goal
[ign gazebo-1] [INFO] [1790607203.418522388] [amir2.gripper_controller]: Received & accepted new action goal
[ign gazebo-1] [INFO] [1790607203.625921203] [amir1.gripper_controller]: Received & accepted new action goal
[ign gazebo-1] [INFO] [1790607203.626024136] [amir2.gripper_controller]: Received & accepted new action goal
[ign gazebo-1] [INFO] [1790607204.040041709] [amir1.gripper_controller]: Received & accepted new action goal
[ign gazebo-1] [INFO] [1790607204.040146099] [amir2.gripper_controller]: Received & accepted new action goal
[coordinator-39] [INFO] [1790607204.320131544] [cooperative_coordinator]: Payload goal: x=0.503, y=-0.039, yaw=0.521
[ign gazebo-1] [INFO] [1790607204.454866212] [amir1.gripper_controller]: Received & accepted new action goal
[ign gazebo-1] [INFO] [1790607204.454979241] [amir2.gripper_controller]: Received & accepted new action goal
[ign gazebo-1] [INFO] [1790607204.612892025] [amir1.gripper_controller]: Received & accepted new action goal
[ign gazebo-1] [INFO] [1790607204.612964553] [amir2.gripper_controller]: Received & accepted new action goal
[ign gazebo-1] [INFO] [1790607204.993040042] [amir1.gripper_controller]: Received & accepted new action goal
[ign gazebo-1] [INFO] [1790607204.993136246] [amir2.gripper_controller]: Received & accepted new action goal
[coordinator-39] [INFO] [1790607205.329765745] [cooperative_coordinator]: Payload goal: x=0.503, y=-0.040, yaw=0.521
[ign gazebo-1] [INFO] [1790607205.416391227] [amir1.gripper_controller]: Received & accepted new action goal
[ign gazebo-1] [INFO] [1790607205.416470678] [amir2.gripper_controller]: Received & accepted new action goal
[ign gazebo-1] [INFO] [1790607205.643626650] [amir1.gripper_controller]: Received & accepted new action goal
[ign gazebo-1] [INFO] [1790607205.643669277] [amir2.gripper_controller]: Received & accepted new action goal
[ign gazebo-1] [INFO] [1790607206.103220139] [amir1.gripper_controller]: Received & accepted new action goal
[ign gazebo-1] [INFO] [1790607206.103386776] [amir2.gripper_controller]: Received & accepted new action goal
[coordinator-39] [INFO] [1790607206.330646596] [cooperative_coordinator]: Payload goal: x=0.515, y=-0.060, yaw=0.521
[ign gazebo-1] [INFO] [1790607206.443751955] [amir1.gripper_controller]: Received & accepted new action goal
[ign gazebo-1] [INFO] [1790607206.443865770] [amir2.gripper_controller]: Received & accepted new action goal
[ign gazebo-1] [INFO] [1790607206.622350296] [amir1.gripper_controller]: Received & accepted new action goal
[ign gazebo-1] [INFO] [1790607206.622417821] [amir2.gripper_controller]: Received & accepted new action goal
[ign gazebo-1] [INFO] [1790607207.029285526] [amir1.gripper_controller]: Received & accepted new action goal
[ign gazebo-1] [INFO] [1790607207.029413461] [amir2.gripper_controller]: Received & accepted new action goal
[coordinator-39] [INFO] [1790607207.343968895] [cooperative_coordinator]: Payload goal: x=0.515, y=-0.060, yaw=0.521
[ign gazebo-1] [INFO] [1790607207.482656904] [amir1.gripper_controller]: Received & accepted new action goal
[ign gazebo-1] [INFO] [1790607207.482916913] [amir2.gripper_controller]: Received & accepted new action goal
[ign gazebo-1] [INFO] [1790607207.726190140] [amir2.gripper_controller]: Received & accepted new action goal
[ign gazebo-1] [INFO] [1790607207.726190814] [amir1.gripper_controller]: Received & accepted new action goal
[ign gazebo-1] [INFO] [1790607208.225625007] [amir2.gripper_controller]: Received & accepted new action goal
[ign gazebo-1] [INFO] [1790607208.225733823] [amir1.gripper_controller]: Received & accepted new action goal
[coordinator-39] [INFO] [1790607208.350312017] [cooperative_coordinator]: Payload goal: x=0.515, y=-0.060, yaw=0.521
[ign gazebo-1] [INFO] [1790607208.660396663] [amir1.gripper_controller]: Received & accepted new action goal
[ign gazebo-1] [INFO] [1790607208.660613636] [amir2.gripper_controller]: Received & accepted new action goal
[ign gazebo-1] [INFO] [1790607208.872140682] [amir1.gripper_controller]: Received & accepted new action goal
[ign gazebo-1] [INFO] [1790607208.872276306] [amir2.gripper_controller]: Received & accepted new action goal
[ign gazebo-1] [INFO] [1790607209.294365038] [amir1.gripper_controller]: Received & accepted new action goal
[ign gazebo-1] [INFO] [1790607209.294367014] [amir2.gripper_controller]: Received & accepted new action goal
[coordinator-39] [INFO] [1790607209.354813858] [cooperative_coordinator]: Payload goal: x=0.515, y=-0.060, yaw=0.521
[ign gazebo-1] [INFO] [1790607209.597348509] [amir2.gripper_controller]: Received & accepted new action goal
[ign gazebo-1] [INFO] [1790607209.597358244] [amir1.gripper_controller]: Received & accepted new action goal
[ign gazebo-1] [INFO] [1790607209.771306972] [amir1.gripper_controller]: Received & accepted new action goal
[ign gazebo-1] [INFO] [1790607209.771358088] [amir2.gripper_controller]: Received & accepted new action goal
[ign gazebo-1] [INFO] [1790607210.241303773] [amir1.gripper_controller]: Received & accepted new action goal
[ign gazebo-1] [INFO] [1790607210.241333369] [amir2.gripper_controller]: Received & accepted new action goal
[coordinator-39] [INFO] [1790607210.364195571] [cooperative_coordinator]: Payload goal: x=0.515, y=-0.060, yaw=0.521
[ign gazebo-1] [INFO] [1790607210.639844513] [amir1.gripper_controller]: Received & accepted new action goal
[friction_grasp_manager-34] [WARN] [1790607210.640135177] [friction_grasp_manager]: amir2 finger force above 26.0 N; backing off.
[ign gazebo-1] [INFO] [1790607210.640307405] [amir2.gripper_controller]: Received & accepted new action goal
[ign gazebo-1] [INFO] [1790607210.753608897] [amir1.gripper_controller]: Received & accepted new action goal
[ign gazebo-1] [INFO] [1790607210.753724516] [amir2.gripper_controller]: Received & accepted new action goal
[ign gazebo-1] [INFO] [1790607211.150153343] [amir1.gripper_controller]: Received & accepted new action goal
[ign gazebo-1] [INFO] [1790607211.150415457] [amir2.gripper_controller]: Received & accepted new action goal
[coordinator-39] [INFO] [1790607211.366926540] [cooperative_coordinator]: Payload goal: x=0.515, y=-0.061, yaw=0.521
[ign gazebo-1] [INFO] [1790607211.432295537] [amir1.gripper_controller]: Received & accepted new action goal
[ign gazebo-1] [INFO] [1790607211.432422577] [amir2.gripper_controller]: Received & accepted new action goal
[ign gazebo-1] [INFO] [1790607211.647382323] [amir1.gripper_controller]: Received & accepted new action goal
[ign gazebo-1] [INFO] [1790607211.647419486] [amir2.gripper_controller]: Received & accepted new action goal
[ign gazebo-1] [INFO] [1790607212.087653852] [amir2.gripper_controller]: Received & accepted new action goal
[ign gazebo-1] [INFO] [1790607212.087657849] [amir1.gripper_controller]: Received & accepted new action goal
[coordinator-39] [INFO] [1790607212.385161017] [cooperative_coordinator]: Payload goal: x=0.526, y=-0.080, yaw=0.521
[ign gazebo-1] [INFO] [1790607212.553959810] [amir1.gripper_controller]: Received & accepted new action goal
[ign gazebo-1] [INFO] [1790607212.553994013] [amir2.gripper_controller]: Received & accepted new action goal
[ign gazebo-1] [INFO] [1790607212.745311048] [amir2.gripper_controller]: Received & accepted new action goal
[ign gazebo-1] [INFO] [1790607212.745372173] [amir1.gripper_controller]: Received & accepted new action goal
[ign gazebo-1] [INFO] [1790607213.141433006] [amir1.gripper_controller]: Received & accepted new action goal
[ign gazebo-1] [INFO] [1790607213.141499163] [amir2.gripper_controller]: Received & accepted new action goal
[coordinator-39] [INFO] [1790607213.387097097] [cooperative_coordinator]: Payload goal: x=0.526, y=-0.080, yaw=0.521
[ign gazebo-1] [INFO] [1790607213.600530605] [amir1.gripper_controller]: Received & accepted new action goal
[ign gazebo-1] [INFO] [1790607213.600617393] [amir2.gripper_controller]: Received & accepted new action goal
[ign gazebo-1] [INFO] [1790607213.818321865] [amir1.gripper_controller]: Received & accepted new action goal
[ign gazebo-1] [INFO] [1790607213.818537560] [amir2.gripper_controller]: Received & accepted new action goal
[ign gazebo-1] [INFO] [1790607214.215956786] [amir1.gripper_controller]: Received & accepted new action goal
[ign gazebo-1] [INFO] [1790607214.216059441] [amir2.gripper_controller]: Received & accepted new action goal
[coordinator-39] [INFO] [1790607214.421380282] [cooperative_coordinator]: Payload goal: x=0.526, y=-0.080, yaw=0.521
[ign gazebo-1] [INFO] [1790607214.844094419] [amir2.gripper_controller]: Received & accepted new action goal
[ign gazebo-1] [INFO] [1790607214.844208184] [amir1.gripper_controller]: Received & accepted new action goal
[ign gazebo-1] [INFO] [1790607215.073984845] [amir1.gripper_controller]: Received & accepted new action goal
[ign gazebo-1] [INFO] [1790607215.074072204] [amir2.gripper_controller]: Received & accepted new action goal
[coordinator-39] [INFO] [1790607215.439831235] [cooperative_coordinator]: Payload goal: x=0.526, y=-0.080, yaw=0.521
[ign gazebo-1] [INFO] [1790607215.482868985] [amir2.gripper_controller]: Received & accepted new action goal
[ign gazebo-1] [INFO] [1790607215.482876133] [amir1.gripper_controller]: Received & accepted new action goal
[ign gazebo-1] [INFO] [1790607215.948409484] [amir1.gripper_controller]: Received & accepted new action goal
[ign gazebo-1] [INFO] [1790607215.948529596] [amir2.gripper_controller]: Received & accepted new action goal
[ign gazebo-1] [INFO] [1790607216.125048595] [amir1.gripper_controller]: Received & accepted new action goal
[ign gazebo-1] [INFO] [1790607216.125154384] [amir2.gripper_controller]: Received & accepted new action goal
[coordinator-39] [INFO] [1790607216.455662052] [cooperative_coordinator]: Payload goal: x=0.526, y=-0.080, yaw=0.521
[ign gazebo-1] [INFO] [1790607216.523043459] [amir1.gripper_controller]: Received & accepted new action goal
[ign gazebo-1] [INFO] [1790607216.523091735] [amir2.gripper_controller]: Received & accepted new action goal
[ign gazebo-1] [INFO] [1790607216.941709073] [amir1.gripper_controller]: Received & accepted new action goal
[ign gazebo-1] [INFO] [1790607216.941711992] [amir2.gripper_controller]: Received & accepted new action goal
[ign gazebo-1] [INFO] [1790607217.134914902] [amir1.gripper_controller]: Received & accepted new action goal
[ign gazebo-1] [INFO] [1790607217.134993492] [amir2.gripper_controller]: Received & accepted new action goal
[coordinator-39] [INFO] [1790607217.456051891] [cooperative_coordinator]: Payload goal: x=0.526, y=-0.080, yaw=0.521
[ign gazebo-1] [INFO] [1790607217.485517807] [amir1.gripper_controller]: Received & accepted new action goal
[ign gazebo-1] [INFO] [1790607217.485588931] [amir2.gripper_controller]: Received & accepted new action goal
[ign gazebo-1] [INFO] [1790607217.895849369] [amir1.gripper_controller]: Received & accepted new action goal
[ign gazebo-1] [INFO] [1790607217.896013797] [amir2.gripper_controller]: Received & accepted new action goal
[ign gazebo-1] [INFO] [1790607218.102242448] [amir1.gripper_controller]: Received & accepted new action goal
[ign gazebo-1] [INFO] [1790607218.102461576] [amir2.gripper_controller]: Received & accepted new action goal
[ign gazebo-1] [INFO] [1790607218.421522601] [amir2.gripper_controller]: Received & accepted new action goal
[coordinator-39] [INFO] [1790607218.471128287] [cooperative_coordinator]: Payload goal: x=0.536, y=-0.097, yaw=0.521
[ign gazebo-1] [INFO] [1790607218.718612996] [amir1.gripper_controller]: Received & accepted new action goal
[ign gazebo-1] [INFO] [1790607218.718719833] [amir2.gripper_controller]: Received & accepted new action goal
[ign gazebo-1] [INFO] [1790607218.872174219] [amir1.gripper_controller]: Received & accepted new action goal
[ign gazebo-1] [INFO] [1790607218.872320884] [amir2.gripper_controller]: Received & accepted new action goal
[ign gazebo-1] [INFO] [1790607219.137760640] [amir2.gripper_controller]: Received & accepted new action goal
[ign gazebo-1] [INFO] [1790607219.137874737] [amir1.gripper_controller]: Received & accepted new action goal
[ign gazebo-1] [INFO] [1790607219.396574612] [amir1.gripper_controller]: Received & accepted new action goal
[ign gazebo-1] [INFO] [1790607219.396764408] [amir2.gripper_controller]: Received & accepted new action goal
[coordinator-39] [INFO] [1790607219.472233798] [cooperative_coordinator]: Payload goal: x=0.539, y=-0.102, yaw=0.521
[ign gazebo-1] [INFO] [1790607219.561041750] [amir2.gripper_controller]: Received & accepted new action goal
[ign gazebo-1] [INFO] [1790607219.805092940] [amir2.gripper_controller]: Received & accepted new action goal
[ign gazebo-1] [INFO] [1790607220.073072753] [amir1.gripper_controller]: Received & accepted new action goal
[friction_grasp_manager-34] [WARN] [1790607220.073415962] [friction_grasp_manager]: amir2 finger force above 26.0 N; backing off.
[ign gazebo-1] [INFO] [1790607220.073616054] [amir2.gripper_controller]: Received & accepted new action goal
[coordinator-39] [INFO] [1790607220.488831789] [cooperative_coordinator]: Payload goal: x=0.539, y=-0.102, yaw=0.521
[ign gazebo-1] [INFO] [1790607220.527080666] [amir1.gripper_controller]: Received & accepted new action goal
[ign gazebo-1] [INFO] [1790607220.527210355] [amir2.gripper_controller]: Received & accepted new action goal
[ign gazebo-1] [INFO] [1790607220.824953947] [amir1.gripper_controller]: Received & accepted new action goal
[ign gazebo-1] [INFO] [1790607220.972492091] [amir1.gripper_controller]: Received & accepted new action goal
[ign gazebo-1] [INFO] [1790607220.972549257] [amir2.gripper_controller]: Received & accepted new action goal
[ign gazebo-1] [INFO] [1790607221.225833872] [amir2.gripper_controller]: Received & accepted new action goal
[coordinator-39] [INFO] [1790607221.491683321] [cooperative_coordinator]: Payload goal: x=0.539, y=-0.102, yaw=0.521
[ign gazebo-1] [INFO] [1790607221.539635627] [amir2.gripper_controller]: Received & accepted new action goal
[ign gazebo-1] [INFO] [1790607221.539663449] [amir1.gripper_controller]: Received & accepted new action goal
[ign gazebo-1] [INFO] [1790607221.675400012] [amir1.gripper_controller]: Received & accepted new action goal
[ign gazebo-1] [INFO] [1790607221.675610040] [amir2.gripper_controller]: Received & accepted new action goal
[ign gazebo-1] [INFO] [1790607221.903092248] [amir1.gripper_controller]: Received & accepted new action goal
[ign gazebo-1] [INFO] [1790607221.903317413] [amir2.gripper_controller]: Received & accepted new action goal
[ign gazebo-1] [INFO] [1790607222.172450640] [amir1.gripper_controller]: Received & accepted new action goal
[ign gazebo-1] [INFO] [1790607222.172475909] [amir2.gripper_controller]: Received & accepted new action goal
[ign gazebo-1] [INFO] [1790607222.347595914] [amir1.gripper_controller]: Received & accepted new action goal
[ign gazebo-1] [INFO] [1790607222.347688337] [amir2.gripper_controller]: Received & accepted new action goal
[coordinator-39] [INFO] [1790607222.503945157] [cooperative_coordinator]: Payload goal: x=0.546, y=-0.115, yaw=0.521
[ign gazebo-1] [INFO] [1790607223.001233526] [amir1.gripper_controller]: Received & accepted new action goal
[ign gazebo-1] [INFO] [1790607223.001319151] [amir2.gripper_controller]: Received & accepted new action goal
[ign gazebo-1] [INFO] [1790607223.147169196] [amir1.gripper_controller]: Received & accepted new action goal
[ign gazebo-1] [INFO] [1790607223.147771400] [amir2.gripper_controller]: Received & accepted new action goal
[ign gazebo-1] [INFO] [1790607223.409426498] [amir2.gripper_controller]: Received & accepted new action goal
[coordinator-39] [INFO] [1790607223.517067641] [cooperative_coordinator]: Payload goal: x=0.551, y=-0.123, yaw=0.521
[ign gazebo-1] [INFO] [1790607223.838639075] [amir1.gripper_controller]: Received & accepted new action goal
[ign gazebo-1] [INFO] [1790607223.838760079] [amir2.gripper_controller]: Received & accepted new action goal
[ign gazebo-1] [INFO] [1790607224.093454997] [amir1.gripper_controller]: Received & accepted new action goal
[ign gazebo-1] [INFO] [1790607224.093534530] [amir2.gripper_controller]: Received & accepted new action goal
[coordinator-39] [INFO] [1790607224.517294098] [cooperative_coordinator]: Payload goal: x=0.551, y=-0.123, yaw=0.521
[ign gazebo-1] [INFO] [1790607224.550513575] [amir2.gripper_controller]: Received & accepted new action goal
[ign gazebo-1] [INFO] [1790607224.823487006] [amir2.gripper_controller]: Received & accepted new action goal
[ign gazebo-1] [INFO] [1790607224.947936120] [amir2.gripper_controller]: Received & accepted new action goal
[ign gazebo-1] [INFO] [1790607225.073669123] [amir1.gripper_controller]: Received & accepted new action goal
[ign gazebo-1] [INFO] [1790607225.073801551] [amir2.gripper_controller]: Received & accepted new action goal
[ign gazebo-1] [INFO] [1790607225.323633663] [amir1.gripper_controller]: Received & accepted new action goal
[ign gazebo-1] [INFO] [1790607225.323890508] [amir2.gripper_controller]: Received & accepted new action goal
[coordinator-39] [INFO] [1790607225.530701683] [cooperative_coordinator]: Payload goal: x=0.551, y=-0.123, yaw=0.521
[ign gazebo-1] [INFO] [1790607225.592342501] [amir1.gripper_controller]: Received & accepted new action goal
[ign gazebo-1] [INFO] [1790607225.592438151] [amir2.gripper_controller]: Received & accepted new action goal
[ign gazebo-1] [INFO] [1790607225.907645101] [amir2.gripper_controller]: Received & accepted new action goal
[coordinator-39] [INFO] [1790607226.554709821] [cooperative_coordinator]: Payload goal: x=0.552, y=-0.125, yaw=0.521
[ign gazebo-1] [INFO] [1790607227.428694180] [amir1.gripper_controller]: Received & accepted new action goal
[coordinator-39] [INFO] [1790607227.561889726] [cooperative_coordinator]: Payload goal: x=0.563, y=-0.144, yaw=0.521
[ign gazebo-1] [INFO] [1790607227.568011526] [amir1.gripper_controller]: Received & accepted new action goal
[ign gazebo-1] [INFO] [1790607227.568140374] [amir2.gripper_controller]: Received & accepted new action goal
[ign gazebo-1] [INFO] [1790607227.855744023] [amir1.gripper_controller]: Received & accepted new action goal
[ign gazebo-1] [INFO] [1790607227.856369044] [amir2.gripper_controller]: Received & accepted new action goal
[ign gazebo-1] [INFO] [1790607228.194565713] [amir1.gripper_controller]: Received & accepted new action goal
[ign gazebo-1] [INFO] [1790607228.409082454] [amir1.gripper_controller]: Received & accepted new action goal
[coordinator-39] [INFO] [1790607228.570298738] [cooperative_coordinator]: Payload goal: x=0.563, y=-0.144, yaw=0.521
[ign gazebo-1] [INFO] [1790607228.798984227] [amir1.gripper_controller]: Received & accepted new action goal
[ign gazebo-1] [INFO] [1790607228.799100723] [amir2.gripper_controller]: Received & accepted new action goal
[ign gazebo-1] [INFO] [1790607229.043316857] [amir1.gripper_controller]: Received & accepted new action goal
[ign gazebo-1] [INFO] [1790607229.043323968] [amir2.gripper_controller]: Received & accepted new action goal
[friction_grasp_manager-34] [WARN] [1790607229.209928521] [friction_grasp_manager]: amir2 finger force above 26.0 N; backing off.
[ign gazebo-1] [INFO] [1790607229.210281704] [amir2.gripper_controller]: Received & accepted new action goal
[coordinator-39] [INFO] [1790607229.585051919] [cooperative_coordinator]: Payload goal: x=0.563, y=-0.144, yaw=0.521
[ign gazebo-1] [INFO] [1790607229.628115874] [amir1.gripper_controller]: Received & accepted new action goal
[ign gazebo-1] [INFO] [1790607229.628215410] [amir2.gripper_controller]: Received & accepted new action goal
[ign gazebo-1] [INFO] [1790607230.095876434] [amir1.gripper_controller]: Received & accepted new action goal
[ign gazebo-1] [INFO] [1790607230.325434266] [amir1.gripper_controller]: Received & accepted new action goal
[coordinator-39] [INFO] [1790607230.596671428] [cooperative_coordinator]: Payload goal: x=0.563, y=-0.144, yaw=0.521
[coordinator-39] [INFO] [1790607231.597957584] [cooperative_coordinator]: Payload goal: x=0.563, y=-0.144, yaw=0.521
[ign gazebo-1] [INFO] [1790607232.319425528] [amir1.gripper_controller]: Received & accepted new action goal
[ign gazebo-1] [INFO] [1790607232.319878576] [amir2.gripper_controller]: Received & accepted new action goal
[ign gazebo-1] [INFO] [1790607232.546509672] [amir2.gripper_controller]: Received & accepted new action goal
[ign gazebo-1] [INFO] [1790607232.546529019] [amir1.gripper_controller]: Received & accepted new action goal
[coordinator-39] [INFO] [1790607232.608166982] [cooperative_coordinator]: Payload goal: x=0.569, y=-0.155, yaw=0.521
[ign gazebo-1] [INFO] [1790607232.980221768] [amir1.gripper_controller]: Received & accepted new action goal
[ign gazebo-1] [INFO] [1790607232.980274390] [amir2.gripper_controller]: Received & accepted new action goal
[ign gazebo-1] [INFO] [1790607233.301372012] [amir1.gripper_controller]: Received & accepted new action goal
[ign gazebo-1] [INFO] [1790607233.301453364] [amir2.gripper_controller]: Received & accepted new action goal
[coordinator-39] [INFO] [1790607233.623177691] [cooperative_coordinator]: Payload goal: x=0.575, y=-0.164, yaw=0.521
[ign gazebo-1] [INFO] [1790607233.844682869] [amir2.gripper_controller]: Received & accepted new action goal
[ign gazebo-1] [INFO] [1790607234.217659983] [amir2.gripper_controller]: Received & accepted new action goal
[ign gazebo-1] [INFO] [1790607234.217663990] [amir1.gripper_controller]: Received & accepted new action goal
[ign gazebo-1] [INFO] [1790607234.439577508] [amir1.gripper_controller]: Received & accepted new action goal
[ign gazebo-1] [INFO] [1790607234.439659121] [amir2.gripper_controller]: Received & accepted new action goal
[coordinator-39] [INFO] [1790607234.628346755] [cooperative_coordinator]: Payload goal: x=0.575, y=-0.164, yaw=0.521
[ign gazebo-1] [INFO] [1790607234.835073208] [amir1.gripper_controller]: Received & accepted new action goal
[ign gazebo-1] [INFO] [1790607234.835158439] [amir2.gripper_controller]: Received & accepted new action goal
[ign gazebo-1] [INFO] [1790607235.333723865] [amir1.gripper_controller]: Received & accepted new action goal
[ign gazebo-1] [INFO] [1790607235.334287107] [amir2.gripper_controller]: Received & accepted new action goal
[ign gazebo-1] [INFO] [1790607235.461928624] [amir1.gripper_controller]: Received & accepted new action goal
[ign gazebo-1] [INFO] [1790607235.462052181] [amir2.gripper_controller]: Received & accepted new action goal
[coordinator-39] [INFO] [1790607235.641839245] [cooperative_coordinator]: Payload goal: x=0.575, y=-0.164, yaw=0.521
[ign gazebo-1] [INFO] [1790607235.857487025] [amir1.gripper_controller]: Received & accepted new action goal
[ign gazebo-1] [INFO] [1790607235.857519855] [amir2.gripper_controller]: Received & accepted new action goal
[ign gazebo-1] [INFO] [1790607236.323708955] [amir1.gripper_controller]: Received & accepted new action goal
[ign gazebo-1] [INFO] [1790607236.323784230] [amir2.gripper_controller]: Received & accepted new action goal
[ign gazebo-1] [INFO] [1790607236.520291708] [amir1.gripper_controller]: Received & accepted new action goal
[ign gazebo-1] [INFO] [1790607236.520381643] [amir2.gripper_controller]: Received & accepted new action goal
[coordinator-39] [INFO] [1790607236.644576653] [cooperative_coordinator]: Payload goal: x=0.575, y=-0.164, yaw=0.521
[ign gazebo-1] [INFO] [1790607236.985833469] [amir1.gripper_controller]: Received & accepted new action goal
[ign gazebo-1] [INFO] [1790607236.985906086] [amir2.gripper_controller]: Received & accepted new action goal
[ign gazebo-1] [INFO] [1790607237.477643750] [amir1.gripper_controller]: Received & accepted new action goal
[ign gazebo-1] [INFO] [1790607237.477847517] [amir2.gripper_controller]: Received & accepted new action goal
[coordinator-39] [INFO] [1790607237.678820485] [cooperative_coordinator]: Payload goal: x=0.575, y=-0.164, yaw=0.521
[ign gazebo-1] [INFO] [1790607237.700187312] [amir1.gripper_controller]: Received & accepted new action goal
[ign gazebo-1] [INFO] [1790607237.700464275] [amir2.gripper_controller]: Received & accepted new action goal
[ign gazebo-1] [INFO] [1790607237.946900555] [amir1.gripper_controller]: Received & accepted new action goal
[ign gazebo-1] [INFO] [1790607237.946983477] [amir2.gripper_controller]: Received & accepted new action goal
[ign gazebo-1] [INFO] [1790607238.366649389] [amir1.gripper_controller]: Received & accepted new action goal
[ign gazebo-1] [INFO] [1790607238.366815940] [amir2.gripper_controller]: Received & accepted new action goal
[ign gazebo-1] [INFO] [1790607238.606603765] [amir1.gripper_controller]: Received & accepted new action goal
[ign gazebo-1] [INFO] [1790607238.606902201] [amir2.gripper_controller]: Received & accepted new action goal
[coordinator-39] [INFO] [1790607238.684287965] [cooperative_coordinator]: Payload goal: x=0.584, y=-0.180, yaw=0.521
[ign gazebo-1] [INFO] [1790607239.096330227] [amir2.gripper_controller]: Received & accepted new action goal
[ign gazebo-1] [INFO] [1790607239.096343994] [amir1.gripper_controller]: Received & accepted new action goal
[ign gazebo-1] [INFO] [1790607239.511562169] [amir1.gripper_controller]: Received & accepted new action goal
[ign gazebo-1] [INFO] [1790607239.511666960] [amir2.gripper_controller]: Received & accepted new action goal
[coordinator-39] [INFO] [1790607239.703120947] [cooperative_coordinator]: Payload goal: x=0.586, y=-0.184, yaw=0.521
[ign gazebo-1] [INFO] [1790607239.744074140] [amir1.gripper_controller]: Received & accepted new action goal
[ign gazebo-1] [INFO] [1790607239.744145196] [amir2.gripper_controller]: Received & accepted new action goal
[ign gazebo-1] [INFO] [1790607240.179803753] [amir1.gripper_controller]: Received & accepted new action goal
[ign gazebo-1] [INFO] [1790607240.179819889] [amir2.gripper_controller]: Received & accepted new action goal
[ign gazebo-1] [INFO] [1790607240.618867549] [amir1.gripper_controller]: Received & accepted new action goal
[ign gazebo-1] [INFO] [1790607240.618881851] [amir2.gripper_controller]: Received & accepted new action goal
[coordinator-39] [INFO] [1790607240.704410626] [cooperative_coordinator]: Payload goal: x=0.586, y=-0.184, yaw=0.521
[ign gazebo-1] [INFO] [1790607240.734869512] [amir1.gripper_controller]: Received & accepted new action goal
[ign gazebo-1] [INFO] [1790607240.734998199] [amir2.gripper_controller]: Received & accepted new action goal
[ign gazebo-1] [INFO] [1790607241.134403342] [amir1.gripper_controller]: Received & accepted new action goal
[ign gazebo-1] [INFO] [1790607241.134482530] [amir2.gripper_controller]: Received & accepted new action goal
[ign gazebo-1] [INFO] [1790607241.565551583] [amir1.gripper_controller]: Received & accepted new action goal
[ign gazebo-1] [INFO] [1790607241.565768621] [amir2.gripper_controller]: Received & accepted new action goal
[coordinator-39] [INFO] [1790607241.708094837] [cooperative_coordinator]: Payload goal: x=0.586, y=-0.184, yaw=0.521
[ign gazebo-1] [INFO] [1790607241.765161023] [amir1.gripper_controller]: Received & accepted new action goal
[ign gazebo-1] [INFO] [1790607241.765227046] [amir2.gripper_controller]: Received & accepted new action goal
[ign gazebo-1] [INFO] [1790607242.499604984] [amir1.gripper_controller]: Received & accepted new action goal
[ign gazebo-1] [INFO] [1790607242.499850253] [amir2.gripper_controller]: Received & accepted new action goal
[ign gazebo-1] [INFO] [1790607242.697475806] [amir2.gripper_controller]: Received & accepted new action goal
[ign gazebo-1] [INFO] [1790607242.697563279] [amir1.gripper_controller]: Received & accepted new action goal
[coordinator-39] [INFO] [1790607242.726547833] [cooperative_coordinator]: Payload goal: x=0.586, y=-0.184, yaw=0.521
[ign gazebo-1] [INFO] [1790607243.118408731] [amir1.gripper_controller]: Received & accepted new action goal
[ign gazebo-1] [INFO] [1790607243.118642266] [amir2.gripper_controller]: Received & accepted new action goal
[ign gazebo-1] [INFO] [1790607243.375147569] [amir1.gripper_controller]: Received & accepted new action goal
[ign gazebo-1] [INFO] [1790607243.375308175] [amir2.gripper_controller]: Received & accepted new action goal
[ign gazebo-1] [INFO] [1790607243.549905259] [amir2.gripper_controller]: Received & accepted new action goal
[ign gazebo-1] [INFO] [1790607243.550014409] [amir1.gripper_controller]: Received & accepted new action goal
[coordinator-39] [INFO] [1790607243.745226091] [cooperative_coordinator]: Payload goal: x=0.588, y=-0.187, yaw=0.521
[ign gazebo-1] [INFO] [1790607243.957600097] [amir1.gripper_controller]: Received & accepted new action goal
[ign gazebo-1] [INFO] [1790607243.957637056] [amir2.gripper_controller]: Received & accepted new action goal
[ign gazebo-1] [INFO] [1790607244.383556351] [amir1.gripper_controller]: Received & accepted new action goal
[ign gazebo-1] [INFO] [1790607244.383822490] [amir2.gripper_controller]: Received & accepted new action goal
[ign gazebo-1] [INFO] [1790607244.593400011] [amir1.gripper_controller]: Received & accepted new action goal
[ign gazebo-1] [INFO] [1790607244.593611264] [amir2.gripper_controller]: Received & accepted new action goal
[coordinator-39] [INFO] [1790607244.750301394] [cooperative_coordinator]: Payload goal: x=0.598, y=-0.205, yaw=0.521
[ign gazebo-1] [INFO] [1790607245.077990973] [amir1.gripper_controller]: Received & accepted new action goal
[ign gazebo-1] [INFO] [1790607245.078102936] [amir2.gripper_controller]: Received & accepted new action goal
[ign gazebo-1] [INFO] [1790607245.531384026] [amir1.gripper_controller]: Received & accepted new action goal
[ign gazebo-1] [INFO] [1790607245.531494420] [amir2.gripper_controller]: Received & accepted new action goal
[ign gazebo-1] [INFO] [1790607245.755448082] [amir2.gripper_controller]: Received & accepted new action goal
[ign gazebo-1] [INFO] [1790607245.755516678] [amir1.gripper_controller]: Received & accepted new action goal
[coordinator-39] [INFO] [1790607245.756013810] [cooperative_coordinator]: Payload goal: x=0.598, y=-0.205, yaw=0.521
[ign gazebo-1] [INFO] [1790607246.115332790] [amir1.gripper_controller]: Received & accepted new action goal
[ign gazebo-1] [INFO] [1790607246.115337972] [amir2.gripper_controller]: Received & accepted new action goal
[ign gazebo-1] [INFO] [1790607246.534818033] [amir1.gripper_controller]: Received & accepted new action goal
[ign gazebo-1] [INFO] [1790607246.534937284] [amir2.gripper_controller]: Received & accepted new action goal
[ign gazebo-1] [INFO] [1790607246.750638752] [amir1.gripper_controller]: Received & accepted new action goal
[ign gazebo-1] [INFO] [1790607246.750789204] [amir2.gripper_controller]: Received & accepted new action goal
[coordinator-39] [INFO] [1790607246.772820329] [cooperative_coordinator]: Payload goal: x=0.598, y=-0.205, yaw=0.521
[ign gazebo-1] [INFO] [1790607247.095442497] [amir1.gripper_controller]: Received & accepted new action goal
[ign gazebo-1] [INFO] [1790607247.095551025] [amir2.gripper_controller]: Received & accepted new action goal
[ign gazebo-1] [INFO] [1790607247.471584900] [amir1.gripper_controller]: Received & accepted new action goal
[ign gazebo-1] [INFO] [1790607247.471696542] [amir2.gripper_controller]: Received & accepted new action goal
[ign gazebo-1] [INFO] [1790607247.716179478] [amir1.gripper_controller]: Received & accepted new action goal
[ign gazebo-1] [INFO] [1790607247.716429041] [amir2.gripper_controller]: Received & accepted new action goal
[coordinator-39] [INFO] [1790607247.775850395] [cooperative_coordinator]: Payload goal: x=0.598, y=-0.205, yaw=0.521
[ign gazebo-1] [INFO] [1790607248.105839336] [amir1.gripper_controller]: Received & accepted new action goal
[ign gazebo-1] [INFO] [1790607248.105905614] [amir2.gripper_controller]: Received & accepted new action goal
[ign gazebo-1] [INFO] [1790607248.435295338] [amir1.gripper_controller]: Received & accepted new action goal
[ign gazebo-1] [INFO] [1790607248.435524297] [amir2.gripper_controller]: Received & accepted new action goal
[ign gazebo-1] [INFO] [1790607248.629840875] [amir1.gripper_controller]: Received & accepted new action goal
[ign gazebo-1] [INFO] [1790607248.629923407] [amir2.gripper_controller]: Received & accepted new action goal
[coordinator-39] [INFO] [1790607248.786441390] [cooperative_coordinator]: Payload goal: x=0.598, y=-0.205, yaw=0.521
[ign gazebo-1] [INFO] [1790607249.057079435] [amir1.gripper_controller]: Received & accepted new action goal
[ign gazebo-1] [INFO] [1790607249.057392342] [amir2.gripper_controller]: Received & accepted new action goal
[ign gazebo-1] [INFO] [1790607249.510716154] [amir1.gripper_controller]: Received & accepted new action goal
[ign gazebo-1] [INFO] [1790607249.510889072] [amir2.gripper_controller]: Received & accepted new action goal
[ign gazebo-1] [INFO] [1790607249.695914336] [amir1.gripper_controller]: Received & accepted new action goal
[ign gazebo-1] [INFO] [1790607249.696127730] [amir2.gripper_controller]: Received & accepted new action goal
[coordinator-39] [INFO] [1790607249.790854331] [cooperative_coordinator]: Payload goal: x=0.601, y=-0.210, yaw=0.521
[ign gazebo-1] [INFO] [1790607250.034630024] [amir1.gripper_controller]: Received & accepted new action goal
[ign gazebo-1] [INFO] [1790607250.034724789] [amir2.gripper_controller]: Received & accepted new action goal
[ign gazebo-1] [INFO] [1790607250.527625962] [amir1.gripper_controller]: Received & accepted new action goal
[ign gazebo-1] [INFO] [1790607250.527680087] [amir2.gripper_controller]: Received & accepted new action goal
[ign gazebo-1] [INFO] [1790607250.739773182] [amir1.gripper_controller]: Received & accepted new action goal
[ign gazebo-1] [INFO] [1790607250.739887754] [amir2.gripper_controller]: Received & accepted new action goal
[coordinator-39] [INFO] [1790607250.795185625] [cooperative_coordinator]: Payload goal: x=0.610, y=-0.225, yaw=0.521
[ign gazebo-1] [INFO] [1790607251.079615947] [amir1.gripper_controller]: Received & accepted new action goal
[ign gazebo-1] [INFO] [1790607251.079680074] [amir2.gripper_controller]: Received & accepted new action goal
[ign gazebo-1] [INFO] [1790607251.534308397] [amir1.gripper_controller]: Received & accepted new action goal
[ign gazebo-1] [INFO] [1790607251.534550798] [amir2.gripper_controller]: Received & accepted new action goal
[ign gazebo-1] [INFO] [1790607251.754710600] [amir1.gripper_controller]: Received & accepted new action goal
[ign gazebo-1] [INFO] [1790607251.754978408] [amir2.gripper_controller]: Received & accepted new action goal
[coordinator-39] [INFO] [1790607251.817815991] [cooperative_coordinator]: Payload goal: x=0.610, y=-0.225, yaw=0.521
[ign gazebo-1] [INFO] [1790607252.194170909] [amir1.gripper_controller]: Received & accepted new action goal
[ign gazebo-1] [INFO] [1790607252.194226958] [amir2.gripper_controller]: Received & accepted new action goal
[ign gazebo-1] [INFO] [1790607252.582569368] [amir2.gripper_controller]: Received & accepted new action goal
[ign gazebo-1] [INFO] [1790607252.582603744] [amir1.gripper_controller]: Received & accepted new action goal
[ign gazebo-1] [INFO] [1790607252.772518889] [amir1.gripper_controller]: Received & accepted new action goal
[ign gazebo-1] [INFO] [1790607252.772570123] [amir2.gripper_controller]: Received & accepted new action goal
[coordinator-39] [INFO] [1790607252.830177498] [cooperative_coordinator]: Payload goal: x=0.610, y=-0.225, yaw=0.521
[ign gazebo-1] [INFO] [1790607253.192421377] [amir1.gripper_controller]: Received & accepted new action goal
[ign gazebo-1] [INFO] [1790607253.192436021] [amir2.gripper_controller]: Received & accepted new action goal
[ign gazebo-1] [INFO] [1790607253.585811383] [amir2.gripper_controller]: Received & accepted new action goal
[ign gazebo-1] [INFO] [1790607253.585889699] [amir1.gripper_controller]: Received & accepted new action goal
[ign gazebo-1] [INFO] [1790607253.798695214] [amir1.gripper_controller]: Received & accepted new action goal
[ign gazebo-1] [INFO] [1790607253.798766881] [amir2.gripper_controller]: Received & accepted new action goal
[coordinator-39] [INFO] [1790607253.832069036] [cooperative_coordinator]: Payload goal: x=0.610, y=-0.225, yaw=0.521
[ign gazebo-1] [INFO] [1790607254.068481080] [amir1.gripper_controller]: Received & accepted new action goal
[ign gazebo-1] [INFO] [1790607254.068652850] [amir2.gripper_controller]: Received & accepted new action goal
[ign gazebo-1] [INFO] [1790607254.553373485] [amir1.gripper_controller]: Received & accepted new action goal
[ign gazebo-1] [INFO] [1790607254.553422391] [amir2.gripper_controller]: Received & accepted new action goal
[coordinator-39] [INFO] [1790607254.841992895] [cooperative_coordinator]: Payload goal: x=0.610, y=-0.225, yaw=0.521
[ign gazebo-1] [INFO] [1790607254.934524903] [amir1.gripper_controller]: Received & accepted new action goal
[ign gazebo-1] [INFO] [1790607254.934617222] [amir2.gripper_controller]: Received & accepted new action goal
[ign gazebo-1] [INFO] [1790607255.405815028] [amir1.gripper_controller]: Received & accepted new action goal
[ign gazebo-1] [INFO] [1790607255.405905712] [amir2.gripper_controller]: Received & accepted new action goal
[ign gazebo-1] [INFO] [1790607255.563903068] [amir1.gripper_controller]: Received & accepted new action goal
[ign gazebo-1] [INFO] [1790607255.564056294] [amir2.gripper_controller]: Received & accepted new action goal
[ign gazebo-1] [INFO] [1790607255.842683346] [amir1.gripper_controller]: Received & accepted new action goal
[ign gazebo-1] [INFO] [1790607255.842831695] [amir2.gripper_controller]: Received & accepted new action goal
[coordinator-39] [INFO] [1790607255.846848001] [cooperative_coordinator]: Payload goal: x=0.616, y=-0.236, yaw=0.521
[ign gazebo-1] [INFO] [1790607256.155455174] [amir1.gripper_controller]: Received & accepted new action goal
[ign gazebo-1] [INFO] [1790607256.155562525] [amir2.gripper_controller]: Received & accepted new action goal
[ign gazebo-1] [INFO] [1790607256.269027724] [amir1.gripper_controller]: Received & accepted new action goal
[ign gazebo-1] [INFO] [1790607256.269167016] [amir2.gripper_controller]: Received & accepted new action goal
[ign gazebo-1] [INFO] [1790607256.610162501] [amir1.gripper_controller]: Received & accepted new action goal
[ign gazebo-1] [INFO] [1790607256.610425689] [amir2.gripper_controller]: Received & accepted new action goal
[coordinator-39] [INFO] [1790607256.848755573] [cooperative_coordinator]: Payload goal: x=0.623, y=-0.248, yaw=0.521
[ign gazebo-1] [INFO] [1790607257.056683805] [amir1.gripper_controller]: Received & accepted new action goal
[ign gazebo-1] [INFO] [1790607257.056775572] [amir2.gripper_controller]: Received & accepted new action goal
[ign gazebo-1] [INFO] [1790607257.318910081] [amir1.gripper_controller]: Received & accepted new action goal
[ign gazebo-1] [INFO] [1790607257.319013940] [amir2.gripper_controller]: Received & accepted new action goal
[ign gazebo-1] [INFO] [1790607257.645335067] [amir1.gripper_controller]: Received & accepted new action goal
[ign gazebo-1] [INFO] [1790607257.645380509] [amir2.gripper_controller]: Received & accepted new action goal
[coordinator-39] [INFO] [1790607257.853114512] [cooperative_coordinator]: Payload goal: x=0.623, y=-0.248, yaw=0.521
[ign gazebo-1] [INFO] [1790607258.029812665] [amir1.gripper_controller]: Received & accepted new action goal
[ign gazebo-1] [INFO] [1790607258.030004559] [amir2.gripper_controller]: Received & accepted new action goal
[ign gazebo-1] [INFO] [1790607258.228038813] [amir1.gripper_controller]: Received & accepted new action goal
[ign gazebo-1] [INFO] [1790607258.228191484] [amir2.gripper_controller]: Received & accepted new action goal
[ign gazebo-1] [INFO] [1790607258.673379751] [amir1.gripper_controller]: Received & accepted new action goal
[ign gazebo-1] [INFO] [1790607258.673468285] [amir2.gripper_controller]: Received & accepted new action goal
[coordinator-39] [INFO] [1790607258.860420852] [cooperative_coordinator]: Payload goal: x=0.623, y=-0.248, yaw=0.521
[ign gazebo-1] [INFO] [1790607258.994629409] [amir1.gripper_controller]: Received & accepted new action goal
[ign gazebo-1] [INFO] [1790607258.994772594] [amir2.gripper_controller]: Received & accepted new action goal
[ign gazebo-1] [INFO] [1790607259.185044262] [amir1.gripper_controller]: Received & accepted new action goal
[ign gazebo-1] [INFO] [1790607259.185213045] [amir2.gripper_controller]: Received & accepted new action goal
[ign gazebo-1] [INFO] [1790607259.611257241] [amir1.gripper_controller]: Received & accepted new action goal
[ign gazebo-1] [INFO] [1790607259.611861011] [amir2.gripper_controller]: Received & accepted new action goal
[coordinator-39] [INFO] [1790607259.891690109] [cooperative_coordinator]: Payload goal: x=0.623, y=-0.248, yaw=0.521
[ign gazebo-1] [INFO] [1790607260.060575545] [amir1.gripper_controller]: Received & accepted new action goal
[ign gazebo-1] [INFO] [1790607260.060877232] [amir2.gripper_controller]: Received & accepted new action goal
[ign gazebo-1] [INFO] [1790607260.328711208] [amir1.gripper_controller]: Received & accepted new action goal
[ign gazebo-1] [INFO] [1790607260.328889728] [amir2.gripper_controller]: Received & accepted new action goal
[ign gazebo-1] [INFO] [1790607260.654981054] [amir1.gripper_controller]: Received & accepted new action goal
[ign gazebo-1] [INFO] [1790607260.655080491] [amir2.gripper_controller]: Received & accepted new action goal
[coordinator-39] [INFO] [1790607260.893010386] [cooperative_coordinator]: Payload goal: x=0.623, y=-0.248, yaw=0.521
[ign gazebo-1] [INFO] [1790607260.955357706] [amir1.gripper_controller]: Received & accepted new action goal
[ign gazebo-1] [INFO] [1790607260.955539767] [amir2.gripper_controller]: Received & accepted new action goal
[ign gazebo-1] [INFO] [1790607261.071381456] [amir1.gripper_controller]: Received & accepted new action goal
[ign gazebo-1] [INFO] [1790607261.350001677] [amir1.gripper_controller]: Received & accepted new action goal
[ign gazebo-1] [INFO] [1790607261.752888534] [amir1.gripper_controller]: Received & accepted new action goal
[ign gazebo-1] [INFO] [1790607261.752965165] [amir2.gripper_controller]: Received & accepted new action goal
[coordinator-39] [INFO] [1790607261.899791156] [cooperative_coordinator]: Payload goal: x=0.626, y=-0.253, yaw=0.521
[ign gazebo-1] [INFO] [1790607261.960825619] [amir1.gripper_controller]: Received & accepted new action goal
[ign gazebo-1] [INFO] [1790607261.960955977] [amir2.gripper_controller]: Received & accepted new action goal
[ign gazebo-1] [INFO] [1790607262.394057125] [amir1.gripper_controller]: Received & accepted new action goal
[ign gazebo-1] [INFO] [1790607262.394138778] [amir2.gripper_controller]: Received & accepted new action goal
[ign gazebo-1] [INFO] [1790607262.708173225] [amir1.gripper_controller]: Received & accepted new action goal
[ign gazebo-1] [INFO] [1790607262.708273676] [amir2.gripper_controller]: Received & accepted new action goal
[ign gazebo-1] [INFO] [1790607262.860759235] [amir1.gripper_controller]: Received & accepted new action goal
[ign gazebo-1] [INFO] [1790607262.860793732] [amir2.gripper_controller]: Received & accepted new action goal
[coordinator-39] [INFO] [1790607262.915520476] [cooperative_coordinator]: Payload goal: x=0.629, y=-0.259, yaw=0.521
[ign gazebo-1] [INFO] [1790607263.200567011] [amir2.gripper_controller]: Received & accepted new action goal
[ign gazebo-1] [INFO] [1790607263.485854724] [amir2.gripper_controller]: Received & accepted new action goal
[friction_grasp_manager-34] [WARN] [1790607263.624486304] [friction_grasp_manager]: amir2 finger force above 26.0 N; backing off.
[ign gazebo-1] [INFO] [1790607263.624732401] [amir2.gripper_controller]: Received & accepted new action goal
[ign gazebo-1] [INFO] [1790607263.743266803] [amir1.gripper_controller]: Received & accepted new action goal
[ign gazebo-1] [INFO] [1790607263.743302710] [amir2.gripper_controller]: Received & accepted new action goal
[coordinator-39] [INFO] [1790607263.915833571] [cooperative_coordinator]: Payload goal: x=0.630, y=-0.260, yaw=0.521
[ign gazebo-1] [INFO] [1790607263.967936654] [amir1.gripper_controller]: Received & accepted new action goal
[ign gazebo-1] [INFO] [1790607263.967980511] [amir2.gripper_controller]: Received & accepted new action goal
[ign gazebo-1] [INFO] [1790607264.215465502] [amir2.gripper_controller]: Received & accepted new action goal
[ign gazebo-1] [INFO] [1790607264.491364769] [amir2.gripper_controller]: Received & accepted new action goal
[ign gazebo-1] [INFO] [1790607264.735938024] [amir1.gripper_controller]: Received & accepted new action goal
[ign gazebo-1] [INFO] [1790607264.736075521] [amir2.gripper_controller]: Received & accepted new action goal
[ign gazebo-1] [INFO] [1790607264.840642241] [amir1.gripper_controller]: Received & accepted new action goal
[ign gazebo-1] [INFO] [1790607264.840758076] [amir2.gripper_controller]: Received & accepted new action goal
[coordinator-39] [INFO] [1790607264.927652749] [cooperative_coordinator]: Payload goal: x=0.630, y=-0.260, yaw=0.521
[ign gazebo-1] [INFO] [1790607265.072988640] [amir2.gripper_controller]: Received & accepted new action goal
[rotation_controller-6] [INFO] [1790607265.938925109] [cooperative_rotation_controller]: シーケンス終了: 搬送（横方向直進）
[coordinator-39] [INFO] [1790607265.939197349] [cooperative_coordinator]: Payload goal: x=0.630, y=-0.260, yaw=0.521
[rotation_controller-6] [INFO] [1790607265.939402661] [cooperative_rotation_controller]: シーケンス開始: 搬送完了
[pivot_rotation_controller-7] [INFO] [1790607265.963023279] [pivot_rotation_controller]: Pivot rotation started around amir1 (A)
[coordinator-39] [INFO] [1790607265.964265364] [cooperative_coordinator]: Base command control handed to pivot rotation
[ign gazebo-1] [INFO] [1790607266.033117602] [amir1.gripper_controller]: Received & accepted new action goal
[ign gazebo-1] [INFO] [1790607266.033455132] [amir2.gripper_controller]: Received & accepted new action goal
[ign gazebo-1] [INFO] [1790607266.166568432] [amir1.gripper_controller]: Received & accepted new action goal
[ign gazebo-1] [INFO] [1790607266.166633233] [amir2.gripper_controller]: Received & accepted new action goal
[ign gazebo-1] [INFO] [1790607267.384899337] [amir1.gripper_controller]: Received & accepted new action goal
[ign gazebo-1] [INFO] [1790607267.385084531] [amir2.gripper_controller]: Received & accepted new action goal
[ign gazebo-1] [INFO] [1790607268.157365223] [amir2.gripper_controller]: Received & accepted new action goal
[ign gazebo-1] [INFO] [1790607268.157384250] [amir1.gripper_controller]: Received & accepted new action goal
[ign gazebo-1] [INFO] [1790607268.562518429] [amir1.gripper_controller]: Received & accepted new action goal
[ign gazebo-1] [INFO] [1790607268.562736250] [amir2.gripper_controller]: Received & accepted new action goal
[ign gazebo-1] [INFO] [1790607268.723502886] [amir1.gripper_controller]: Received & accepted new action goal
[ign gazebo-1] [INFO] [1790607268.723637326] [amir2.gripper_controller]: Received & accepted new action goal
[ign gazebo-1] [INFO] [1790607268.971035736] [amir1.gripper_controller]: Received & accepted new action goal
[ign gazebo-1] [INFO] [1790607268.971170897] [amir2.gripper_controller]: Received & accepted new action goal
[ign gazebo-1] [INFO] [1790607269.278998964] [amir2.gripper_controller]: Received & accepted new action goal
[ign gazebo-1] [INFO] [1790607269.415802328] [amir2.gripper_controller]: Received & accepted new action goal
[ign gazebo-1] [INFO] [1790607269.797537063] [amir2.gripper_controller]: Received & accepted new action goal
[ign gazebo-1] [INFO] [1790607269.797537085] [amir1.gripper_controller]: Received & accepted new action goal
[ign gazebo-1] [INFO] [1790607270.129944440] [amir1.gripper_controller]: Received & accepted new action goal
[ign gazebo-1] [INFO] [1790607270.130011124] [amir2.gripper_controller]: Received & accepted new action goal
[ign gazebo-1] [INFO] [1790607270.309471176] [amir1.gripper_controller]: Received & accepted new action goal
[ign gazebo-1] [INFO] [1790607270.309693283] [amir2.gripper_controller]: Received & accepted new action goal
[ign gazebo-1] [INFO] [1790607270.609564802] [amir1.gripper_controller]: Received & accepted new action goal
[ign gazebo-1] [INFO] [1790607270.978527394] [amir2.gripper_controller]: Received & accepted new action goal
[ign gazebo-1] [INFO] [1790607270.978622276] [amir1.gripper_controller]: Received & accepted new action goal
[ign gazebo-1] [INFO] [1790607271.188227746] [amir1.gripper_controller]: Received & accepted new action goal
[ign gazebo-1] [INFO] [1790607271.188362439] [amir2.gripper_controller]: Received & accepted new action goal
[ign gazebo-1] [INFO] [1790607271.867567018] [amir1.gripper_controller]: Received & accepted new action goal
[ign gazebo-1] [INFO] [1790607271.867639547] [amir2.gripper_controller]: Received & accepted new action goal
[ign gazebo-1] [INFO] [1790607272.043662634] [amir1.gripper_controller]: Received & accepted new action goal
[ign gazebo-1] [INFO] [1790607272.474352831] [amir1.gripper_controller]: Received & accepted new action goal
[ign gazebo-1] [INFO] [1790607272.474515883] [amir2.gripper_controller]: Received & accepted new action goal
[ign gazebo-1] [INFO] [1790607272.981556012] [amir1.gripper_controller]: Received & accepted new action goal
[ign gazebo-1] [INFO] [1790607272.981586763] [amir2.gripper_controller]: Received & accepted new action goal
[ign gazebo-1] [INFO] [1790607273.219389682] [amir1.gripper_controller]: Received & accepted new action goal
[ign gazebo-1] [INFO] [1790607273.219607017] [amir2.gripper_controller]: Received & accepted new action goal
[ign gazebo-1] [INFO] [1790607273.685349825] [amir1.gripper_controller]: Received & accepted new action goal
[ign gazebo-1] [INFO] [1790607273.685350304] [amir2.gripper_controller]: Received & accepted new action goal
[ign gazebo-1] [INFO] [1790607274.182317093] [amir1.gripper_controller]: Received & accepted new action goal
[ign gazebo-1] [INFO] [1790607274.182323725] [amir2.gripper_controller]: Received & accepted new action goal
[ign gazebo-1] [INFO] [1790607274.511787657] [amir1.gripper_controller]: Received & accepted new action goal
[ign gazebo-1] [INFO] [1790607274.511833912] [amir2.gripper_controller]: Received & accepted new action goal
[ign gazebo-1] [INFO] [1790607274.998314369] [amir1.gripper_controller]: Received & accepted new action goal
[ign gazebo-1] [INFO] [1790607274.998500196] [amir2.gripper_controller]: Received & accepted new action goal
[ign gazebo-1] [INFO] [1790607275.435448783] [amir2.gripper_controller]: Received & accepted new action goal
[ign gazebo-1] [INFO] [1790607275.700367019] [amir1.gripper_controller]: Received & accepted new action goal
[ign gazebo-1] [INFO] [1790607275.700444535] [amir2.gripper_controller]: Received & accepted new action goal
[ign gazebo-1] [INFO] [1790607276.206342619] [amir1.gripper_controller]: Received & accepted new action goal
[ign gazebo-1] [INFO] [1790607276.206475732] [amir2.gripper_controller]: Received & accepted new action goal
[ign gazebo-1] [INFO] [1790607276.649977963] [amir2.gripper_controller]: Received & accepted new action goal
[ign gazebo-1] [INFO] [1790607277.155458760] [amir1.gripper_controller]: Received & accepted new action goal
[friction_grasp_manager-34] [WARN] [1790607277.156118731] [friction_grasp_manager]: amir2 finger force above 26.0 N; backing off.
[ign gazebo-1] [INFO] [1790607277.156527202] [amir2.gripper_controller]: Received & accepted new action goal
[ign gazebo-1] [INFO] [1790607277.466217585] [amir2.gripper_controller]: Received & accepted new action goal
[ign gazebo-1] [INFO] [1790607277.599016922] [amir2.gripper_controller]: Received & accepted new action goal
[ign gazebo-1] [INFO] [1790607277.599083698] [amir1.gripper_controller]: Received & accepted new action goal
[ign gazebo-1] [INFO] [1790607277.865650902] [amir1.gripper_controller]: Received & accepted new action goal
[ign gazebo-1] [INFO] [1790607278.088582221] [amir1.gripper_controller]: Received & accepted new action goal
[ign gazebo-1] [INFO] [1790607278.222384147] [amir2.gripper_controller]: Received & accepted new action goal
[ign gazebo-1] [INFO] [1790607278.222425757] [amir1.gripper_controller]: Received & accepted new action goal
[ign gazebo-1] [INFO] [1790607278.537587854] [amir1.gripper_controller]: Received & accepted new action goal
[ign gazebo-1] [INFO] [1790607278.848999205] [amir1.gripper_controller]: Received & accepted new action goal
[ign gazebo-1] [INFO] [1790607278.849165803] [amir2.gripper_controller]: Received & accepted new action goal
[ign gazebo-1] [INFO] [1790607279.123454606] [amir2.gripper_controller]: Received & accepted new action goal
[ign gazebo-1] [INFO] [1790607279.123480218] [amir1.gripper_controller]: Received & accepted new action goal
[ign gazebo-1] [INFO] [1790607279.481839978] [amir1.gripper_controller]: Received & accepted new action goal
[ign gazebo-1] [INFO] [1790607279.481883634] [amir2.gripper_controller]: Received & accepted new action goal
[ign gazebo-1] [INFO] [1790607279.820422033] [amir1.gripper_controller]: Received & accepted new action goal
[ign gazebo-1] [INFO] [1790607279.820665628] [amir2.gripper_controller]: Received & accepted new action goal
[ign gazebo-1] [INFO] [1790607280.029386057] [amir1.gripper_controller]: Received & accepted new action goal
[ign gazebo-1] [INFO] [1790607280.029409244] [amir2.gripper_controller]: Received & accepted new action goal
[ign gazebo-1] [INFO] [1790607280.482814653] [amir2.gripper_controller]: Received & accepted new action goal
[ign gazebo-1] [INFO] [1790607280.482830288] [amir1.gripper_controller]: Received & accepted new action goal
[ign gazebo-1] [INFO] [1790607280.978642141] [amir1.gripper_controller]: Received & accepted new action goal
[ign gazebo-1] [INFO] [1790607280.978650661] [amir2.gripper_controller]: Received & accepted new action goal
[ign gazebo-1] [INFO] [1790607281.186519222] [amir1.gripper_controller]: Received & accepted new action goal
[ign gazebo-1] [INFO] [1790607281.186933132] [amir2.gripper_controller]: Received & accepted new action goal
[ign gazebo-1] [INFO] [1790607281.602217443] [amir1.gripper_controller]: Received & accepted new action goal
[ign gazebo-1] [INFO] [1790607281.602476041] [amir2.gripper_controller]: Received & accepted new action goal
[ign gazebo-1] [INFO] [1790607282.083316088] [amir1.gripper_controller]: Received & accepted new action goal
[ign gazebo-1] [INFO] [1790607282.083537312] [amir2.gripper_controller]: Received & accepted new action goal
[ign gazebo-1] [INFO] [1790607282.340921561] [amir2.gripper_controller]: Received & accepted new action goal
[ign gazebo-1] [INFO] [1790607282.341014277] [amir1.gripper_controller]: Received & accepted new action goal
[ign gazebo-1] [INFO] [1790607282.853447730] [amir1.gripper_controller]: Received & accepted new action goal
[ign gazebo-1] [INFO] [1790607282.853606306] [amir2.gripper_controller]: Received & accepted new action goal
[ign gazebo-1] [INFO] [1790607283.113126677] [amir2.gripper_controller]: Received & accepted new action goal
[ign gazebo-1] [INFO] [1790607283.258105967] [amir1.gripper_controller]: Received & accepted new action goal
[ign gazebo-1] [INFO] [1790607283.523768721] [amir1.gripper_controller]: Received & accepted new action goal
[friction_grasp_manager-34] [WARN] [1790607283.524098887] [friction_grasp_manager]: amir2 finger force above 26.0 N; backing off.
[ign gazebo-1] [INFO] [1790607283.524239499] [amir2.gripper_controller]: Received & accepted new action goal
[ign gazebo-1] [INFO] [1790607283.833408505] [amir1.gripper_controller]: Received & accepted new action goal
[ign gazebo-1] [INFO] [1790607283.833812980] [amir2.gripper_controller]: Received & accepted new action goal
[ign gazebo-1] [INFO] [1790607283.947534632] [amir1.gripper_controller]: Received & accepted new action goal
[ign gazebo-1] [INFO] [1790607283.947662953] [amir2.gripper_controller]: Received & accepted new action goal
[ign gazebo-1] [INFO] [1790607284.532524274] [amir2.gripper_controller]: Received & accepted new action goal
[ign gazebo-1] [INFO] [1790607284.841426642] [amir1.gripper_controller]: Received & accepted new action goal
[ign gazebo-1] [INFO] [1790607284.841505325] [amir2.gripper_controller]: Received & accepted new action goal
[ign gazebo-1] [INFO] [1790607285.130027359] [amir1.gripper_controller]: Received & accepted new action goal
[ign gazebo-1] [INFO] [1790607285.130139047] [amir2.gripper_controller]: Received & accepted new action goal
[ign gazebo-1] [INFO] [1790607285.288695573] [amir1.gripper_controller]: Received & accepted new action goal
[ign gazebo-1] [INFO] [1790607285.288822890] [amir2.gripper_controller]: Received & accepted new action goal
[ign gazebo-1] [INFO] [1790607285.757771737] [amir2.gripper_controller]: Received & accepted new action goal
[ign gazebo-1] [INFO] [1790607285.757873048] [amir1.gripper_controller]: Received & accepted new action goal
[ign gazebo-1] [INFO] [1790607286.143593571] [amir2.gripper_controller]: Received & accepted new action goal
[ign gazebo-1] [INFO] [1790607286.270735980] [amir1.gripper_controller]: Received & accepted new action goal
[ign gazebo-1] [INFO] [1790607286.270872970] [amir2.gripper_controller]: Received & accepted new action goal
[ign gazebo-1] [INFO] [1790607286.607723802] [amir1.gripper_controller]: Received & accepted new action goal
[ign gazebo-1] [INFO] [1790607286.607724520] [amir2.gripper_controller]: Received & accepted new action goal
[ign gazebo-1] [INFO] [1790607286.968088124] [amir1.gripper_controller]: Received & accepted new action goal
[ign gazebo-1] [INFO] [1790607286.968161517] [amir2.gripper_controller]: Received & accepted new action goal
[ign gazebo-1] [INFO] [1790607287.214601342] [amir1.gripper_controller]: Received & accepted new action goal
[ign gazebo-1] [INFO] [1790607287.214717585] [amir2.gripper_controller]: Received & accepted new action goal
[ign gazebo-1] [INFO] [1790607287.470931207] [amir1.gripper_controller]: Received & accepted new action goal
[ign gazebo-1] [INFO] [1790607287.471068530] [amir2.gripper_controller]: Received & accepted new action goal
[ign gazebo-1] [INFO] [1790607287.752149082] [amir1.gripper_controller]: Received & accepted new action goal
[ign gazebo-1] [INFO] [1790607287.752358050] [amir2.gripper_controller]: Received & accepted new action goal
[ign gazebo-1] [INFO] [1790607287.947075967] [amir1.gripper_controller]: Received & accepted new action goal
[ign gazebo-1] [INFO] [1790607288.312001040] [amir1.gripper_controller]: Received & accepted new action goal
[ign gazebo-1] [INFO] [1790607288.312159443] [amir2.gripper_controller]: Received & accepted new action goal
[friction_grasp_manager-34] [WARN] [1790607288.669040059] [friction_grasp_manager]: amir1 finger force above 26.0 N; backing off.
[ign gazebo-1] [INFO] [1790607288.669243639] [amir1.gripper_controller]: Received & accepted new action goal
[ign gazebo-1] [INFO] [1790607288.669313618] [amir2.gripper_controller]: Received & accepted new action goal
[ign gazebo-1] [INFO] [1790607288.795070523] [amir2.gripper_controller]: Received & accepted new action goal
[ign gazebo-1] [INFO] [1790607289.146548004] [amir2.gripper_controller]: Received & accepted new action goal
[ign gazebo-1] [INFO] [1790607289.562790383] [amir2.gripper_controller]: Received & accepted new action goal
[ign gazebo-1] [INFO] [1790607289.743649074] [amir2.gripper_controller]: Received & accepted new action goal
[ign gazebo-1] [INFO] [1790607290.151515688] [amir2.gripper_controller]: Received & accepted new action goal
[ign gazebo-1] [INFO] [1790607290.624067577] [amir2.gripper_controller]: Received & accepted new action goal
[ign gazebo-1] [INFO] [1790607290.850884505] [amir2.gripper_controller]: Received & accepted new action goal
[ign gazebo-1] [INFO] [1790607291.166310057] [amir1.gripper_controller]: Received & accepted new action goal
[ign gazebo-1] [INFO] [1790607291.166348098] [amir2.gripper_controller]: Received & accepted new action goal
[ign gazebo-1] [INFO] [1790607291.649698191] [amir2.gripper_controller]: Received & accepted new action goal
[ign gazebo-1] [INFO] [1790607291.649774372] [amir1.gripper_controller]: Received & accepted new action goal
[ign gazebo-1] [INFO] [1790607291.923870412] [amir2.gripper_controller]: Received & accepted new action goal
[ign gazebo-1] [INFO] [1790607291.923873662] [amir1.gripper_controller]: Received & accepted new action goal
[ign gazebo-1] [INFO] [1790607292.490059199] [amir1.gripper_controller]: Received & accepted new action goal
[ign gazebo-1] [INFO] [1790607292.490155319] [amir2.gripper_controller]: Received & accepted new action goal
[ign gazebo-1] [INFO] [1790607293.110747297] [amir1.gripper_controller]: Received & accepted new action goal
[ign gazebo-1] [INFO] [1790607293.111007826] [amir2.gripper_controller]: Received & accepted new action goal
[ign gazebo-1] [INFO] [1790607293.266552625] [amir1.gripper_controller]: Received & accepted new action goal
[ign gazebo-1] [INFO] [1790607293.266684694] [amir2.gripper_controller]: Received & accepted new action goal
[ign gazebo-1] [INFO] [1790607293.774116272] [amir1.gripper_controller]: Received & accepted new action goal
[ign gazebo-1] [INFO] [1790607293.774172193] [amir2.gripper_controller]: Received & accepted new action goal
[ign gazebo-1] [INFO] [1790607294.326187960] [amir1.gripper_controller]: Received & accepted new action goal
[ign gazebo-1] [INFO] [1790607294.326370269] [amir2.gripper_controller]: Received & accepted new action goal
[ign gazebo-1] [INFO] [1790607294.601116356] [amir1.gripper_controller]: Received & accepted new action goal
[ign gazebo-1] [INFO] [1790607294.601158275] [amir2.gripper_controller]: Received & accepted new action goal
[ign gazebo-1] [INFO] [1790607295.194073526] [amir1.gripper_controller]: Received & accepted new action goal
[ign gazebo-1] [INFO] [1790607295.194108430] [amir2.gripper_controller]: Received & accepted new action goal
[ign gazebo-1] [INFO] [1790607295.697885321] [amir2.gripper_controller]: Received & accepted new action goal
[ign gazebo-1] [INFO] [1790607295.697937227] [amir1.gripper_controller]: Received & accepted new action goal
[ign gazebo-1] [INFO] [1790607295.948368758] [amir1.gripper_controller]: Received & accepted new action goal
[ign gazebo-1] [INFO] [1790607295.948431602] [amir2.gripper_controller]: Received & accepted new action goal
[ign gazebo-1] [INFO] [1790607296.485438999] [amir1.gripper_controller]: Received & accepted new action goal
[ign gazebo-1] [INFO] [1790607296.485481493] [amir2.gripper_controller]: Received & accepted new action goal
[ign gazebo-1] [INFO] [1790607296.862160098] [amir1.gripper_controller]: Received & accepted new action goal
[ign gazebo-1] [INFO] [1790607296.862264722] [amir2.gripper_controller]: Received & accepted new action goal
[ign gazebo-1] [INFO] [1790607297.100203380] [amir1.gripper_controller]: Received & accepted new action goal
[ign gazebo-1] [INFO] [1790607297.100489917] [amir2.gripper_controller]: Received & accepted new action goal
[ign gazebo-1] [INFO] [1790607297.596573144] [amir1.gripper_controller]: Received & accepted new action goal
[ign gazebo-1] [INFO] [1790607297.596582863] [amir2.gripper_controller]: Received & accepted new action goal
[ign gazebo-1] [INFO] [1790607298.172384623] [amir1.gripper_controller]: Received & accepted new action goal
[ign gazebo-1] [INFO] [1790607298.172533633] [amir2.gripper_controller]: Received & accepted new action goal
[ign gazebo-1] [INFO] [1790607298.433971020] [amir1.gripper_controller]: Received & accepted new action goal
[ign gazebo-1] [INFO] [1790607298.434010798] [amir2.gripper_controller]: Received & accepted new action goal
[ign gazebo-1] [INFO] [1790607298.924006254] [amir1.gripper_controller]: Received & accepted new action goal
[ign gazebo-1] [INFO] [1790607298.924159385] [amir2.gripper_controller]: Received & accepted new action goal
[ign gazebo-1] [INFO] [1790607299.500430292] [amir1.gripper_controller]: Received & accepted new action goal
[ign gazebo-1] [INFO] [1790607299.500686894] [amir2.gripper_controller]: Received & accepted new action goal
[ign gazebo-1] [INFO] [1790607299.815830908] [amir1.gripper_controller]: Received & accepted new action goal
[ign gazebo-1] [INFO] [1790607299.815911575] [amir2.gripper_controller]: Received & accepted new action goal
[ign gazebo-1] [INFO] [1790607300.289894354] [amir2.gripper_controller]: Received & accepted new action goal
[ign gazebo-1] [INFO] [1790607300.289946208] [amir1.gripper_controller]: Received & accepted new action goal
[ign gazebo-1] [INFO] [1790607300.809771798] [amir1.gripper_controller]: Received & accepted new action goal
[ign gazebo-1] [INFO] [1790607300.810116241] [amir2.gripper_controller]: Received & accepted new action goal
[ign gazebo-1] [INFO] [1790607301.131811055] [amir1.gripper_controller]: Received & accepted new action goal
[ign gazebo-1] [INFO] [1790607301.131839503] [amir2.gripper_controller]: Received & accepted new action goal
[ign gazebo-1] [INFO] [1790607301.669874195] [amir1.gripper_controller]: Received & accepted new action goal
[ign gazebo-1] [INFO] [1790607301.669948061] [amir2.gripper_controller]: Received & accepted new action goal
[ign gazebo-1] [INFO] [1790607302.211558374] [amir2.gripper_controller]: Received & accepted new action goal
[ign gazebo-1] [INFO] [1790607302.211582409] [amir1.gripper_controller]: Received & accepted new action goal
[ign gazebo-1] [INFO] [1790607302.405074097] [amir1.gripper_controller]: Received & accepted new action goal
[ign gazebo-1] [INFO] [1790607302.405150597] [amir2.gripper_controller]: Received & accepted new action goal
[friction_grasp_manager-34] [WARN] [1790607302.645324387] [friction_grasp_manager]: amir2 finger force above 26.0 N; backing off.
[ign gazebo-1] [INFO] [1790607302.645556058] [amir2.gripper_controller]: Received & accepted new action goal
[ign gazebo-1] [INFO] [1790607303.091110994] [amir2.gripper_controller]: Received & accepted new action goal
[ign gazebo-1] [INFO] [1790607303.264538555] [amir1.gripper_controller]: Received & accepted new action goal
[ign gazebo-1] [INFO] [1790607303.264622531] [amir2.gripper_controller]: Received & accepted new action goal
[ign gazebo-1] [INFO] [1790607303.620409352] [amir1.gripper_controller]: Received & accepted new action goal
[ign gazebo-1] [INFO] [1790607303.620495795] [amir2.gripper_controller]: Received & accepted new action goal
[ign gazebo-1] [INFO] [1790607304.136994101] [amir1.gripper_controller]: Received & accepted new action goal
[ign gazebo-1] [INFO] [1790607304.137042682] [amir2.gripper_controller]: Received & accepted new action goal
[ign gazebo-1] [INFO] [1790607304.444659003] [amir1.gripper_controller]: Received & accepted new action goal
[ign gazebo-1] [INFO] [1790607304.444792062] [amir2.gripper_controller]: Received & accepted new action goal
[ign gazebo-1] [INFO] [1790607305.035810373] [amir1.gripper_controller]: Received & accepted new action goal
[ign gazebo-1] [INFO] [1790607305.035860119] [amir2.gripper_controller]: Received & accepted new action goal
[ign gazebo-1] [INFO] [1790607305.646697197] [amir1.gripper_controller]: Received & accepted new action goal
[ign gazebo-1] [INFO] [1790607305.646741309] [amir2.gripper_controller]: Received & accepted new action goal
[ign gazebo-1] [INFO] [1790607305.912035340] [amir1.gripper_controller]: Received & accepted new action goal
[ign gazebo-1] [INFO] [1790607305.912190775] [amir2.gripper_controller]: Received & accepted new action goal
[ign gazebo-1] [INFO] [1790607306.381111392] [amir1.gripper_controller]: Received & accepted new action goal
[ign gazebo-1] [INFO] [1790607306.381120177] [amir2.gripper_controller]: Received & accepted new action goal
[ign gazebo-1] [INFO] [1790607306.984454373] [amir1.gripper_controller]: Received & accepted new action goal
[ign gazebo-1] [INFO] [1790607306.984480540] [amir2.gripper_controller]: Received & accepted new action goal
[ign gazebo-1] [INFO] [1790607307.286326342] [amir2.gripper_controller]: Received & accepted new action goal
[ign gazebo-1] [INFO] [1790607307.286329095] [amir1.gripper_controller]: Received & accepted new action goal
[ign gazebo-1] [INFO] [1790607307.860457817] [amir1.gripper_controller]: Received & accepted new action goal
[ign gazebo-1] [INFO] [1790607307.860550018] [amir2.gripper_controller]: Received & accepted new action goal
[ign gazebo-1] [INFO] [1790607308.445451454] [amir2.gripper_controller]: Received & accepted new action goal
[ign gazebo-1] [INFO] [1790607308.445454988] [amir1.gripper_controller]: Received & accepted new action goal
[ign gazebo-1] [INFO] [1790607308.741305648] [amir1.gripper_controller]: Received & accepted new action goal
[ign gazebo-1] [INFO] [1790607308.741414808] [amir2.gripper_controller]: Received & accepted new action goal
[ign gazebo-1] [INFO] [1790607309.365090895] [amir1.gripper_controller]: Received & accepted new action goal
[ign gazebo-1] [INFO] [1790607309.365222833] [amir2.gripper_controller]: Received & accepted new action goal
[ign gazebo-1] [INFO] [1790607309.857773724] [amir1.gripper_controller]: Received & accepted new action goal
[ign gazebo-1] [INFO] [1790607309.857812047] [amir2.gripper_controller]: Received & accepted new action goal
[ign gazebo-1] [INFO] [1790607310.105613087] [amir2.gripper_controller]: Received & accepted new action goal
[ign gazebo-1] [INFO] [1790607310.703726273] [amir1.gripper_controller]: Received & accepted new action goal
[ign gazebo-1] [INFO] [1790607310.703813032] [amir2.gripper_controller]: Received & accepted new action goal
[ign gazebo-1] [INFO] [1790607311.262694857] [amir1.gripper_controller]: Received & accepted new action goal
[ign gazebo-1] [INFO] [1790607311.262792527] [amir2.gripper_controller]: Received & accepted new action goal
[ign gazebo-1] [INFO] [1790607311.439871866] [amir1.gripper_controller]: Received & accepted new action goal
[ign gazebo-1] [INFO] [1790607311.439927424] [amir2.gripper_controller]: Received & accepted new action goal
[ign gazebo-1] [INFO] [1790607311.958054688] [amir1.gripper_controller]: Received & accepted new action goal
[ign gazebo-1] [INFO] [1790607311.958206082] [amir2.gripper_controller]: Received & accepted new action goal
[ign gazebo-1] [INFO] [1790607312.521807456] [amir1.gripper_controller]: Received & accepted new action goal
[ign gazebo-1] [INFO] [1790607312.521942455] [amir2.gripper_controller]: Received & accepted new action goal
[ign gazebo-1] [INFO] [1790607312.816253551] [amir1.gripper_controller]: Received & accepted new action goal
[ign gazebo-1] [INFO] [1790607312.816275071] [amir2.gripper_controller]: Received & accepted new action goal
[ign gazebo-1] [INFO] [1790607313.316310048] [amir1.gripper_controller]: Received & accepted new action goal
[ign gazebo-1] [INFO] [1790607313.316424037] [amir2.gripper_controller]: Received & accepted new action goal
[ign gazebo-1] [INFO] [1790607313.644997199] [amir1.gripper_controller]: Received & accepted new action goal
[friction_grasp_manager-34] [WARN] [1790607313.645377618] [friction_grasp_manager]: amir2 finger force above 26.0 N; backing off.
[ign gazebo-1] [INFO] [1790607313.645607341] [amir2.gripper_controller]: Received & accepted new action goal
[ign gazebo-1] [INFO] [1790607313.860121535] [amir2.gripper_controller]: Received & accepted new action goal
[ign gazebo-1] [INFO] [1790607314.296141419] [amir2.gripper_controller]: Received & accepted new action goal
[ign gazebo-1] [INFO] [1790607314.629331017] [amir1.gripper_controller]: Received & accepted new action goal
[ign gazebo-1] [INFO] [1790607314.629330823] [amir2.gripper_controller]: Received & accepted new action goal
[ign gazebo-1] [INFO] [1790607314.765933639] [amir1.gripper_controller]: Received & accepted new action goal
[ign gazebo-1] [INFO] [1790607314.766059129] [amir2.gripper_controller]: Received & accepted new action goal
[ign gazebo-1] [INFO] [1790607315.081328077] [amir2.gripper_controller]: Received & accepted new action goal
[ign gazebo-1] [INFO] [1790607315.394594110] [amir1.gripper_controller]: Received & accepted new action goal
[friction_grasp_manager-34] [WARN] [1790607315.394906389] [friction_grasp_manager]: amir2 finger force above 26.0 N; backing off.
[ign gazebo-1] [INFO] [1790607315.395059915] [amir2.gripper_controller]: Received & accepted new action goal
[ign gazebo-1] [INFO] [1790607315.540024773] [amir1.gripper_controller]: Received & accepted new action goal
[ign gazebo-1] [INFO] [1790607315.540128086] [amir2.gripper_controller]: Received & accepted new action goal
[ign gazebo-1] [INFO] [1790607315.808170299] [amir2.gripper_controller]: Received & accepted new action goal
[ign gazebo-1] [INFO] [1790607316.191618018] [amir1.gripper_controller]: Received & accepted new action goal
[ign gazebo-1] [INFO] [1790607316.191797209] [amir2.gripper_controller]: Received & accepted new action goal
[ign gazebo-1] [INFO] [1790607316.352035841] [amir1.gripper_controller]: Received & accepted new action goal
[ign gazebo-1] [INFO] [1790607316.352547510] [amir2.gripper_controller]: Received & accepted new action goal
[ign gazebo-1] [INFO] [1790607316.833967589] [amir2.gripper_controller]: Received & accepted new action goal
[ign gazebo-1] [INFO] [1790607317.409710415] [amir1.gripper_controller]: Received & accepted new action goal
[ign gazebo-1] [INFO] [1790607317.409967183] [amir2.gripper_controller]: Received & accepted new action goal
[ign gazebo-1] [INFO] [1790607317.677687456] [amir1.gripper_controller]: Received & accepted new action goal
[ign gazebo-1] [INFO] [1790607317.677790385] [amir2.gripper_controller]: Received & accepted new action goal
[ign gazebo-1] [INFO] [1790607318.045901347] [amir1.gripper_controller]: Received & accepted new action goal
[ign gazebo-1] [INFO] [1790607318.045980715] [amir2.gripper_controller]: Received & accepted new action goal
[ign gazebo-1] [INFO] [1790607318.375449502] [amir1.gripper_controller]: Received & accepted new action goal
[ign gazebo-1] [INFO] [1790607318.375624636] [amir2.gripper_controller]: Received & accepted new action goal
[ign gazebo-1] [INFO] [1790607319.011054024] [amir1.gripper_controller]: Received & accepted new action goal
[ign gazebo-1] [INFO] [1790607319.011423822] [amir2.gripper_controller]: Received & accepted new action goal
[ign gazebo-1] [INFO] [1790607319.588157532] [amir1.gripper_controller]: Received & accepted new action goal
[ign gazebo-1] [INFO] [1790607319.588201151] [amir2.gripper_controller]: Received & accepted new action goal
[ign gazebo-1] [INFO] [1790607319.888821382] [amir1.gripper_controller]: Received & accepted new action goal
[ign gazebo-1] [INFO] [1790607319.888905313] [amir2.gripper_controller]: Received & accepted new action goal
[ign gazebo-1] [INFO] [1790607320.312917268] [amir1.gripper_controller]: Received & accepted new action goal
[ign gazebo-1] [INFO] [1790607320.313097843] [amir2.gripper_controller]: Received & accepted new action goal
[ign gazebo-1] [INFO] [1790607320.614578625] [amir1.gripper_controller]: Received & accepted new action goal
[ign gazebo-1] [INFO] [1790607320.615153413] [amir2.gripper_controller]: Received & accepted new action goal
[ign gazebo-1] [INFO] [1790607320.793991008] [amir2.gripper_controller]: Received & accepted new action goal
[ign gazebo-1] [INFO] [1790607320.794003042] [amir1.gripper_controller]: Received & accepted new action goal
[ign gazebo-1] [INFO] [1790607321.173894680] [amir1.gripper_controller]: Received & accepted new action goal
[ign gazebo-1] [INFO] [1790607321.173914726] [amir2.gripper_controller]: Received & accepted new action goal
[ign gazebo-1] [INFO] [1790607321.543362680] [amir1.gripper_controller]: Received & accepted new action goal
[ign gazebo-1] [INFO] [1790607321.543386154] [amir2.gripper_controller]: Received & accepted new action goal
[ign gazebo-1] [INFO] [1790607321.712609756] [amir1.gripper_controller]: Received & accepted new action goal
[friction_grasp_manager-34] [WARN] [1790607321.712783839] [friction_grasp_manager]: amir2 finger force above 26.0 N; backing off.
[ign gazebo-1] [INFO] [1790607321.712967243] [amir2.gripper_controller]: Received & accepted new action goal
[ign gazebo-1] [INFO] [1790607322.068093798] [amir1.gripper_controller]: Received & accepted new action goal
[ign gazebo-1] [INFO] [1790607322.068201618] [amir2.gripper_controller]: Received & accepted new action goal
[ign gazebo-1] [INFO] [1790607322.340687457] [amir1.gripper_controller]: Received & accepted new action goal
[ign gazebo-1] [INFO] [1790607322.802346426] [amir1.gripper_controller]: Received & accepted new action goal
[friction_grasp_manager-34] [WARN] [1790607322.802953545] [friction_grasp_manager]: amir2 finger force above 26.0 N; backing off.
[ign gazebo-1] [INFO] [1790607322.803499698] [amir2.gripper_controller]: Received & accepted new action goal
[ign gazebo-1] [INFO] [1790607323.212083214] [amir1.gripper_controller]: Received & accepted new action goal
[ign gazebo-1] [INFO] [1790607323.366919643] [amir1.gripper_controller]: Received & accepted new action goal
[ign gazebo-1] [INFO] [1790607323.849198693] [amir1.gripper_controller]: Received & accepted new action goal
[ign gazebo-1] [INFO] [1790607323.849394021] [amir2.gripper_controller]: Received & accepted new action goal
[ign gazebo-1] [INFO] [1790607324.403257480] [amir2.gripper_controller]: Received & accepted new action goal
[ign gazebo-1] [INFO] [1790607324.403400675] [amir1.gripper_controller]: Received & accepted new action goal
[ign gazebo-1] [INFO] [1790607324.636220855] [amir1.gripper_controller]: Received & accepted new action goal
[ign gazebo-1] [INFO] [1790607324.636359066] [amir2.gripper_controller]: Received & accepted new action goal
[ign gazebo-1] [INFO] [1790607325.098612816] [amir2.gripper_controller]: Received & accepted new action goal
[ign gazebo-1] [INFO] [1790607325.441888481] [amir1.gripper_controller]: Received & accepted new action goal
[friction_grasp_manager-34] [WARN] [1790607325.442405231] [friction_grasp_manager]: amir2 finger force above 26.0 N; backing off.
[ign gazebo-1] [INFO] [1790607325.442690630] [amir2.gripper_controller]: Received & accepted new action goal
[ign gazebo-1] [INFO] [1790607325.591435188] [amir1.gripper_controller]: Received & accepted new action goal
[ign gazebo-1] [INFO] [1790607325.591489857] [amir2.gripper_controller]: Received & accepted new action goal
[ign gazebo-1] [INFO] [1790607325.863917559] [amir2.gripper_controller]: Received & accepted new action goal
[ign gazebo-1] [INFO] [1790607325.863932263] [amir1.gripper_controller]: Received & accepted new action goal
[ign gazebo-1] [INFO] [1790607326.178431270] [amir1.gripper_controller]: Received & accepted new action goal
[ign gazebo-1] [INFO] [1790607326.178526921] [amir2.gripper_controller]: Received & accepted new action goal
[ign gazebo-1] [INFO] [1790607326.324096253] [amir1.gripper_controller]: Received & accepted new action goal
[ign gazebo-1] [INFO] [1790607326.324145342] [amir2.gripper_controller]: Received & accepted new action goal
[ign gazebo-1] [INFO] [1790607326.616516249] [amir1.gripper_controller]: Received & accepted new action goal
[ign gazebo-1] [INFO] [1790607326.616550854] [amir2.gripper_controller]: Received & accepted new action goal
[ign gazebo-1] [INFO] [1790607326.862305686] [amir1.gripper_controller]: Received & accepted new action goal
[ign gazebo-1] [INFO] [1790607326.862327391] [amir2.gripper_controller]: Received & accepted new action goal
[ign gazebo-1] [INFO] [1790607326.994761544] [amir1.gripper_controller]: Received & accepted new action goal
[ign gazebo-1] [INFO] [1790607326.994989110] [amir2.gripper_controller]: Received & accepted new action goal
[ign gazebo-1] [INFO] [1790607327.290344603] [amir1.gripper_controller]: Received & accepted new action goal
[ign gazebo-1] [INFO] [1790607327.290373321] [amir2.gripper_controller]: Received & accepted new action goal
[ign gazebo-1] [INFO] [1790607327.566210565] [amir1.gripper_controller]: Received & accepted new action goal
[ign gazebo-1] [INFO] [1790607327.566405227] [amir2.gripper_controller]: Received & accepted new action goal
[ign gazebo-1] [INFO] [1790607327.741470878] [amir1.gripper_controller]: Received & accepted new action goal
[ign gazebo-1] [INFO] [1790607327.741593508] [amir2.gripper_controller]: Received & accepted new action goal
[ign gazebo-1] [INFO] [1790607328.060361748] [amir1.gripper_controller]: Received & accepted new action goal
[ign gazebo-1] [INFO] [1790607328.060409804] [amir2.gripper_controller]: Received & accepted new action goal
[ign gazebo-1] [INFO] [1790607328.409796553] [amir1.gripper_controller]: Received & accepted new action goal
[ign gazebo-1] [INFO] [1790607328.410160693] [amir2.gripper_controller]: Received & accepted new action goal
[ign gazebo-1] [INFO] [1790607328.587752523] [amir1.gripper_controller]: Received & accepted new action goal
[ign gazebo-1] [INFO] [1790607328.588443485] [amir2.gripper_controller]: Received & accepted new action goal
[ign gazebo-1] [INFO] [1790607328.881621674] [amir1.gripper_controller]: Received & accepted new action goal
[ign gazebo-1] [INFO] [1790607328.881764525] [amir2.gripper_controller]: Received & accepted new action goal
[ign gazebo-1] [INFO] [1790607329.267977230] [amir1.gripper_controller]: Received & accepted new action goal
[ign gazebo-1] [INFO] [1790607329.268140370] [amir2.gripper_controller]: Received & accepted new action goal
[ign gazebo-1] [INFO] [1790607329.409731314] [amir1.gripper_controller]: Received & accepted new action goal
[ign gazebo-1] [INFO] [1790607329.409747501] [amir2.gripper_controller]: Received & accepted new action goal
[ign gazebo-1] [INFO] [1790607329.821814363] [amir1.gripper_controller]: Received & accepted new action goal
[ign gazebo-1] [INFO] [1790607329.821869731] [amir2.gripper_controller]: Received & accepted new action goal
[ign gazebo-1] [INFO] [1790607330.378931954] [amir1.gripper_controller]: Received & accepted new action goal
[ign gazebo-1] [INFO] [1790607330.378936807] [amir2.gripper_controller]: Received & accepted new action goal
[ign gazebo-1] [INFO] [1790607330.608261447] [amir1.gripper_controller]: Received & accepted new action goal
[ign gazebo-1] [INFO] [1790607330.608352602] [amir2.gripper_controller]: Received & accepted new action goal
[friction_grasp_manager-34] [WARN] [1790607330.864115032] [friction_grasp_manager]: amir1 finger force above 26.0 N; backing off.
[ign gazebo-1] [INFO] [1790607330.864742445] [amir1.gripper_controller]: Received & accepted new action goal
[ign gazebo-1] [INFO] [1790607330.865759209] [amir2.gripper_controller]: Received & accepted new action goal
[ign gazebo-1] [INFO] [1790607331.000435060] [amir1.gripper_controller]: Received & accepted new action goal
[ign gazebo-1] [INFO] [1790607331.000713320] [amir2.gripper_controller]: Received & accepted new action goal
[ign gazebo-1] [INFO] [1790607331.324892571] [amir1.gripper_controller]: Received & accepted new action goal
[ign gazebo-1] [INFO] [1790607331.324973482] [amir2.gripper_controller]: Received & accepted new action goal
[ign gazebo-1] [INFO] [1790607331.588463908] [amir1.gripper_controller]: Received & accepted new action goal
[ign gazebo-1] [INFO] [1790607331.588546715] [amir2.gripper_controller]: Received & accepted new action goal
[ign gazebo-1] [INFO] [1790607331.988836870] [amir1.gripper_controller]: Received & accepted new action goal
[ign gazebo-1] [INFO] [1790607331.988978749] [amir2.gripper_controller]: Received & accepted new action goal
[ign gazebo-1] [INFO] [1790607332.161568720] [amir1.gripper_controller]: Received & accepted new action goal
[ign gazebo-1] [INFO] [1790607332.161643974] [amir2.gripper_controller]: Received & accepted new action goal
[ign gazebo-1] [INFO] [1790607332.653880234] [amir1.gripper_controller]: Received & accepted new action goal
[ign gazebo-1] [INFO] [1790607332.654044654] [amir2.gripper_controller]: Received & accepted new action goal
[ign gazebo-1] [INFO] [1790607333.274433338] [amir1.gripper_controller]: Received & accepted new action goal
[ign gazebo-1] [INFO] [1790607333.274511767] [amir2.gripper_controller]: Received & accepted new action goal
[ign gazebo-1] [INFO] [1790607333.578543666] [amir1.gripper_controller]: Received & accepted new action goal
[ign gazebo-1] [INFO] [1790607333.578610788] [amir2.gripper_controller]: Received & accepted new action goal
[ign gazebo-1] [INFO] [1790607334.143595551] [amir1.gripper_controller]: Received & accepted new action goal
[ign gazebo-1] [INFO] [1790607334.143621795] [amir2.gripper_controller]: Received & accepted new action goal
[ign gazebo-1] [INFO] [1790607334.483444873] [amir1.gripper_controller]: Received & accepted new action goal
[ign gazebo-1] [INFO] [1790607334.483505503] [amir2.gripper_controller]: Received & accepted new action goal
[ign gazebo-1] [INFO] [1790607334.609383877] [amir1.gripper_controller]: Received & accepted new action goal
[ign gazebo-1] [INFO] [1790607334.609596210] [amir2.gripper_controller]: Received & accepted new action goal
[ign gazebo-1] [INFO] [1790607335.131017397] [amir2.gripper_controller]: Received & accepted new action goal
[ign gazebo-1] [INFO] [1790607335.131070349] [amir1.gripper_controller]: Received & accepted new action goal
[ign gazebo-1] [INFO] [1790607335.833154744] [amir1.gripper_controller]: Received & accepted new action goal
[ign gazebo-1] [INFO] [1790607335.833265715] [amir2.gripper_controller]: Received & accepted new action goal
[ign gazebo-1] [INFO] [1790607336.161563415] [amir1.gripper_controller]: Received & accepted new action goal
[ign gazebo-1] [INFO] [1790607336.161657424] [amir2.gripper_controller]: Received & accepted new action goal
[ign gazebo-1] [INFO] [1790607336.475471265] [amir1.gripper_controller]: Received & accepted new action goal
[ign gazebo-1] [INFO] [1790607336.475527035] [amir2.gripper_controller]: Received & accepted new action goal
[ign gazebo-1] [INFO] [1790607336.819542024] [amir1.gripper_controller]: Received & accepted new action goal
[friction_grasp_manager-34] [WARN] [1790607336.819729331] [friction_grasp_manager]: amir2 finger force above 26.0 N; backing off.
[ign gazebo-1] [INFO] [1790607336.820015624] [amir2.gripper_controller]: Received & accepted new action goal
[ign gazebo-1] [INFO] [1790607337.070141100] [amir2.gripper_controller]: Received & accepted new action goal
[ign gazebo-1] [INFO] [1790607337.529030562] [amir2.gripper_controller]: Received & accepted new action goal
[ign gazebo-1] [INFO] [1790607338.065240706] [amir1.gripper_controller]: Received & accepted new action goal
[ign gazebo-1] [INFO] [1790607338.065637507] [amir2.gripper_controller]: Received & accepted new action goal
[ign gazebo-1] [INFO] [1790607338.240262512] [amir1.gripper_controller]: Received & accepted new action goal
[ign gazebo-1] [INFO] [1790607338.786537511] [amir2.gripper_controller]: Received & accepted new action goal
[ign gazebo-1] [INFO] [1790607338.786685482] [amir1.gripper_controller]: Received & accepted new action goal
[ign gazebo-1] [INFO] [1790607339.398744457] [amir1.gripper_controller]: Received & accepted new action goal
[ign gazebo-1] [INFO] [1790607339.398903633] [amir2.gripper_controller]: Received & accepted new action goal
[ign gazebo-1] [INFO] [1790607339.577011259] [amir1.gripper_controller]: Received & accepted new action goal
[ign gazebo-1] [INFO] [1790607339.577095191] [amir2.gripper_controller]: Received & accepted new action goal
[ign gazebo-1] [INFO] [1790607339.915311018] [amir2.gripper_controller]: Received & accepted new action goal
[ign gazebo-1] [INFO] [1790607340.289383601] [amir2.gripper_controller]: Received & accepted new action goal
[ign gazebo-1] [INFO] [1790607340.289388979] [amir1.gripper_controller]: Received & accepted new action goal
[ign gazebo-1] [INFO] [1790607340.457771900] [amir1.gripper_controller]: Received & accepted new action goal
[ign gazebo-1] [INFO] [1790607340.457911823] [amir2.gripper_controller]: Received & accepted new action goal
[ign gazebo-1] [INFO] [1790607340.739161239] [amir1.gripper_controller]: Received & accepted new action goal
[ign gazebo-1] [INFO] [1790607340.739407744] [amir2.gripper_controller]: Received & accepted new action goal
[ign gazebo-1] [INFO] [1790607341.140380663] [amir1.gripper_controller]: Received & accepted new action goal
[ign gazebo-1] [INFO] [1790607341.333438569] [amir1.gripper_controller]: Received & accepted new action goal
[ign gazebo-1] [INFO] [1790607341.333727319] [amir2.gripper_controller]: Received & accepted new action goal
[ign gazebo-1] [INFO] [1790607341.779360197] [amir1.gripper_controller]: Received & accepted new action goal
[ign gazebo-1] [INFO] [1790607341.779440553] [amir2.gripper_controller]: Received & accepted new action goal
[ign gazebo-1] [INFO] [1790607342.075756328] [amir1.gripper_controller]: Received & accepted new action goal
[friction_grasp_manager-34] [WARN] [1790607342.076026501] [friction_grasp_manager]: amir2 finger force above 26.0 N; backing off.
[ign gazebo-1] [INFO] [1790607342.076282208] [amir2.gripper_controller]: Received & accepted new action goal
[ign gazebo-1] [INFO] [1790607342.220211831] [amir2.gripper_controller]: Received & accepted new action goal
[ign gazebo-1] [INFO] [1790607342.578810404] [amir1.gripper_controller]: Received & accepted new action goal
[ign gazebo-1] [INFO] [1790607342.579223444] [amir2.gripper_controller]: Received & accepted new action goal
[ign gazebo-1] [INFO] [1790607343.113274939] [amir1.gripper_controller]: Received & accepted new action goal
[ign gazebo-1] [INFO] [1790607343.113368669] [amir2.gripper_controller]: Received & accepted new action goal
[ign gazebo-1] [INFO] [1790607343.493956150] [amir1.gripper_controller]: Received & accepted new action goal
[ign gazebo-1] [INFO] [1790607343.494073805] [amir2.gripper_controller]: Received & accepted new action goal
[ign gazebo-1] [INFO] [1790607343.898991536] [amir1.gripper_controller]: Received & accepted new action goal
[friction_grasp_manager-34] [WARN] [1790607343.899443785] [friction_grasp_manager]: amir2 finger force above 26.0 N; backing off.
[ign gazebo-1] [INFO] [1790607343.899597082] [amir2.gripper_controller]: Received & accepted new action goal
[ign gazebo-1] [INFO] [1790607344.093966240] [amir1.gripper_controller]: Received & accepted new action goal
[ign gazebo-1] [INFO] [1790607344.094381155] [amir2.gripper_controller]: Received & accepted new action goal
[ign gazebo-1] [INFO] [1790607344.351529979] [amir1.gripper_controller]: Received & accepted new action goal
[ign gazebo-1] [INFO] [1790607344.351853504] [amir2.gripper_controller]: Received & accepted new action goal
[ign gazebo-1] [INFO] [1790607344.624050168] [amir1.gripper_controller]: Received & accepted new action goal
[ign gazebo-1] [INFO] [1790607344.624156999] [amir2.gripper_controller]: Received & accepted new action goal
[ign gazebo-1] [INFO] [1790607344.773959854] [amir2.gripper_controller]: Received & accepted new action goal
[ign gazebo-1] [INFO] [1790607344.774010636] [amir1.gripper_controller]: Received & accepted new action goal
[ign gazebo-1] [INFO] [1790607345.191887084] [amir1.gripper_controller]: Received & accepted new action goal
[friction_grasp_manager-34] [WARN] [1790607345.192144262] [friction_grasp_manager]: amir2 finger force above 26.0 N; backing off.
[ign gazebo-1] [INFO] [1790607345.192589775] [amir2.gripper_controller]: Received & accepted new action goal
[ign gazebo-1] [INFO] [1790607345.684333672] [amir1.gripper_controller]: Received & accepted new action goal
[ign gazebo-1] [INFO] [1790607345.684827663] [amir2.gripper_controller]: Received & accepted new action goal
[ign gazebo-1] [INFO] [1790607345.805131859] [amir1.gripper_controller]: Received & accepted new action goal
[ign gazebo-1] [INFO] [1790607345.805278018] [amir2.gripper_controller]: Received & accepted new action goal
[ign gazebo-1] [INFO] [1790607346.126845256] [amir1.gripper_controller]: Received & accepted new action goal
[ign gazebo-1] [INFO] [1790607346.127419559] [amir2.gripper_controller]: Received & accepted new action goal
[friction_grasp_manager-34] [WARN] [1790607346.367960933] [friction_grasp_manager]: amir1 finger force above 26.0 N; backing off.
[ign gazebo-1] [INFO] [1790607346.368234197] [amir1.gripper_controller]: Received & accepted new action goal
[ign gazebo-1] [INFO] [1790607346.368379268] [amir2.gripper_controller]: Received & accepted new action goal
[ign gazebo-1] [INFO] [1790607346.494255861] [amir1.gripper_controller]: Received & accepted new action goal
[ign gazebo-1] [INFO] [1790607346.494626645] [amir2.gripper_controller]: Received & accepted new action goal
[ign gazebo-1] [INFO] [1790607346.723585585] [amir1.gripper_controller]: Received & accepted new action goal
[ign gazebo-1] [INFO] [1790607346.723644150] [amir2.gripper_controller]: Received & accepted new action goal
[ign gazebo-1] [INFO] [1790607346.951270606] [amir1.gripper_controller]: Received & accepted new action goal
[ign gazebo-1] [INFO] [1790607346.951690279] [amir2.gripper_controller]: Received & accepted new action goal
[ign gazebo-1] [INFO] [1790607347.109399900] [amir1.gripper_controller]: Received & accepted new action goal
[friction_grasp_manager-34] [WARN] [1790607347.458587425] [friction_grasp_manager]: amir1 finger force above 26.0 N; backing off.
[ign gazebo-1] [INFO] [1790607347.458907694] [amir1.gripper_controller]: Received & accepted new action goal
[ign gazebo-1] [INFO] [1790607347.459164045] [amir2.gripper_controller]: Received & accepted new action goal
[ign gazebo-1] [INFO] [1790607347.756680846] [amir1.gripper_controller]: Received & accepted new action goal
[ign gazebo-1] [INFO] [1790607347.756800534] [amir2.gripper_controller]: Received & accepted new action goal
[ign gazebo-1] [INFO] [1790607347.916900435] [amir1.gripper_controller]: Received & accepted new action goal
[ign gazebo-1] [INFO] [1790607347.916920256] [amir2.gripper_controller]: Received & accepted new action goal
[ign gazebo-1] [INFO] [1790607348.265083630] [amir1.gripper_controller]: Received & accepted new action goal
[ign gazebo-1] [INFO] [1790607348.265435808] [amir2.gripper_controller]: Received & accepted new action goal
[ign gazebo-1] [INFO] [1790607348.637497037] [amir2.gripper_controller]: Received & accepted new action goal
[ign gazebo-1] [INFO] [1790607348.879978115] [amir2.gripper_controller]: Received & accepted new action goal
[ign gazebo-1] [INFO] [1790607348.879990088] [amir1.gripper_controller]: Received & accepted new action goal
[ign gazebo-1] [INFO] [1790607349.453616384] [amir1.gripper_controller]: Received & accepted new action goal
[friction_grasp_manager-34] [WARN] [1790607349.453925442] [friction_grasp_manager]: amir2 finger force above 26.0 N; backing off.
[ign gazebo-1] [INFO] [1790607349.454262568] [amir2.gripper_controller]: Received & accepted new action goal
[ign gazebo-1] [INFO] [1790607349.878935243] [amir2.gripper_controller]: Received & accepted new action goal
[ign gazebo-1] [INFO] [1790607350.134477047] [amir1.gripper_controller]: Received & accepted new action goal
[ign gazebo-1] [INFO] [1790607350.134608302] [amir2.gripper_controller]: Received & accepted new action goal
[ign gazebo-1] [INFO] [1790607350.494885895] [amir1.gripper_controller]: Received & accepted new action goal
[ign gazebo-1] [INFO] [1790607350.494900260] [amir2.gripper_controller]: Received & accepted new action goal
[ign gazebo-1] [INFO] [1790607350.813936258] [amir1.gripper_controller]: Received & accepted new action goal
[ign gazebo-1] [INFO] [1790607350.813960572] [amir2.gripper_controller]: Received & accepted new action goal
[ign gazebo-1] [INFO] [1790607350.948945243] [amir1.gripper_controller]: Received & accepted new action goal
[ign gazebo-1] [INFO] [1790607351.267004507] [amir1.gripper_controller]: Received & accepted new action goal
[friction_grasp_manager-34] [WARN] [1790607351.584427725] [friction_grasp_manager]: amir1 finger force above 26.0 N; backing off.
[ign gazebo-1] [INFO] [1790607351.584669177] [amir1.gripper_controller]: Received & accepted new action goal
[ign gazebo-1] [INFO] [1790607351.585174001] [amir2.gripper_controller]: Received & accepted new action goal
[ign gazebo-1] [INFO] [1790607351.766514503] [amir1.gripper_controller]: Received & accepted new action goal
[ign gazebo-1] [INFO] [1790607351.766671504] [amir2.gripper_controller]: Received & accepted new action goal
[ign gazebo-1] [INFO] [1790607352.078721379] [amir1.gripper_controller]: Received & accepted new action goal
[ign gazebo-1] [INFO] [1790607352.078807237] [amir2.gripper_controller]: Received & accepted new action goal
[ign gazebo-1] [INFO] [1790607352.417353112] [amir2.gripper_controller]: Received & accepted new action goal
[ign gazebo-1] [INFO] [1790607352.556770529] [amir1.gripper_controller]: Received & accepted new action goal
[ign gazebo-1] [INFO] [1790607352.557262242] [amir2.gripper_controller]: Received & accepted new action goal
[ign gazebo-1] [INFO] [1790607352.867683443] [amir1.gripper_controller]: Received & accepted new action goal
[ign gazebo-1] [INFO] [1790607352.867720841] [amir2.gripper_controller]: Received & accepted new action goal
[ign gazebo-1] [INFO] [1790607353.289398769] [amir1.gripper_controller]: Received & accepted new action goal
[ign gazebo-1] [INFO] [1790607353.289493720] [amir2.gripper_controller]: Received & accepted new action goal
[ign gazebo-1] [INFO] [1790607353.501701845] [amir1.gripper_controller]: Received & accepted new action goal
[friction_grasp_manager-34] [WARN] [1790607353.502403508] [friction_grasp_manager]: amir2 finger force above 26.0 N; backing off.
[ign gazebo-1] [INFO] [1790607353.502693427] [amir2.gripper_controller]: Received & accepted new action goal
[pivot_rotation_controller-7] [INFO] [1790607353.548317982] [pivot_rotation_controller]: Pivot rotation complete; both robots stopped
[ign gazebo-1] [INFO] [1790607353.909107716] [amir1.gripper_controller]: Received & accepted new action goal
[ign gazebo-1] [INFO] [1790607353.909285575] [amir2.gripper_controller]: Received & accepted new action goal
[ign gazebo-1] [INFO] [1790607354.353468177] [amir2.gripper_controller]: Received & accepted new action goal
[ign gazebo-1] [INFO] [1790607354.353514591] [amir1.gripper_controller]: Received & accepted new action goal
[ign gazebo-1] [INFO] [1790607354.489066762] [amir1.gripper_controller]: Received & accepted new action goal
[ign gazebo-1] [INFO] [1790607354.489146565] [amir2.gripper_controller]: Received & accepted new action goal
[ign gazebo-1] [INFO] [1790607354.760938171] [amir1.gripper_controller]: Received & accepted new action goal
[friction_grasp_manager-34] [WARN] [1790607354.761232869] [friction_grasp_manager]: amir2 finger force above 26.0 N; backing off.
[ign gazebo-1] [INFO] [1790607354.761450780] [amir2.gripper_controller]: Received & accepted new action goal
[ign gazebo-1] [INFO] [1790607355.001480777] [amir1.gripper_controller]: Received & accepted new action goal
[ign gazebo-1] [INFO] [1790607355.001544579] [amir2.gripper_controller]: Received & accepted new action goal
[ign gazebo-1] [INFO] [1790607355.201367368] [amir1.gripper_controller]: Received & accepted new action goal
[ign gazebo-1] [INFO] [1790607355.201474777] [amir2.gripper_controller]: Received & accepted new action goal
[ign gazebo-1] [INFO] [1790607355.707711824] [amir1.gripper_controller]: Received & accepted new action goal
[ign gazebo-1] [INFO] [1790607355.707744291] [amir2.gripper_controller]: Received & accepted new action goal
[ign gazebo-1] [INFO] [1790607356.151447335] [amir1.gripper_controller]: Received & accepted new action goal
[ign gazebo-1] [INFO] [1790607356.151510700] [amir2.gripper_controller]: Received & accepted new action goal
[ign gazebo-1] [INFO] [1790607356.289764416] [amir2.gripper_controller]: Received & accepted new action goal
[ign gazebo-1] [INFO] [1790607356.289778499] [amir1.gripper_controller]: Received & accepted new action goal
[ign gazebo-1] [INFO] [1790607356.707552704] [amir1.gripper_controller]: Received & accepted new action goal
[friction_grasp_manager-34] [WARN] [1790607356.707831441] [friction_grasp_manager]: amir2 finger force above 26.0 N; backing off.
[ign gazebo-1] [INFO] [1790607356.707998969] [amir2.gripper_controller]: Received & accepted new action goal
[ign gazebo-1] [INFO] [1790607357.163475759] [amir1.gripper_controller]: Received & accepted new action goal
[ign gazebo-1] [INFO] [1790607357.163688714] [amir2.gripper_controller]: Received & accepted new action goal
[ign gazebo-1] [INFO] [1790607357.430517322] [amir1.gripper_controller]: Received & accepted new action goal
[ign gazebo-1] [INFO] [1790607357.430700928] [amir2.gripper_controller]: Received & accepted new action goal
[ign gazebo-1] [INFO] [1790607357.762706204] [amir1.gripper_controller]: Received & accepted new action goal
[ign gazebo-1] [INFO] [1790607357.762780443] [amir2.gripper_controller]: Received & accepted new action goal
[ign gazebo-1] [INFO] [1790607358.246383650] [amir1.gripper_controller]: Received & accepted new action goal
[ign gazebo-1] [INFO] [1790607358.246538881] [amir2.gripper_controller]: Received & accepted new action goal
[ign gazebo-1] [INFO] [1790607358.416262571] [amir1.gripper_controller]: Received & accepted new action goal
[ign gazebo-1] [INFO] [1790607358.416318515] [amir2.gripper_controller]: Received & accepted new action goal
[ign gazebo-1] [INFO] [1790607358.924567963] [amir1.gripper_controller]: Received & accepted new action goal
[ign gazebo-1] [INFO] [1790607358.924577842] [amir2.gripper_controller]: Received & accepted new action goal
[ign gazebo-1] [INFO] [1790607359.339585954] [amir1.gripper_controller]: Received & accepted new action goal
[ign gazebo-1] [INFO] [1790607359.339697770] [amir2.gripper_controller]: Received & accepted new action goal
[ign gazebo-1] [INFO] [1790607359.584054885] [amir1.gripper_controller]: Received & accepted new action goal
[ign gazebo-1] [INFO] [1790607359.584066079] [amir2.gripper_controller]: Received & accepted new action goal
[ign gazebo-1] [INFO] [1790607360.052423472] [amir2.gripper_controller]: Received & accepted new action goal
[ign gazebo-1] [INFO] [1790607360.052493884] [amir1.gripper_controller]: Received & accepted new action goal
[ign gazebo-1] [INFO] [1790607360.559469095] [amir2.gripper_controller]: Received & accepted new action goal
[ign gazebo-1] [INFO] [1790607360.559615859] [amir1.gripper_controller]: Received & accepted new action goal
[ign gazebo-1] [INFO] [1790607360.754077391] [amir1.gripper_controller]: Received & accepted new action goal
[ign gazebo-1] [INFO] [1790607360.754663539] [amir2.gripper_controller]: Received & accepted new action goal
[ign gazebo-1] [INFO] [1790607361.056894834] [amir1.gripper_controller]: Received & accepted new action goal
[ign gazebo-1] [INFO] [1790607361.056992865] [amir2.gripper_controller]: Received & accepted new action goal
[ign gazebo-1] [INFO] [1790607361.671374329] [amir1.gripper_controller]: Received & accepted new action goal
[friction_grasp_manager-34] [WARN] [1790607361.671808039] [friction_grasp_manager]: amir2 finger force above 26.0 N; backing off.
[ign gazebo-1] [INFO] [1790607361.671974064] [amir2.gripper_controller]: Received & accepted new action goal
[ign gazebo-1] [INFO] [1790607361.930160946] [amir1.gripper_controller]: Received & accepted new action goal
[ign gazebo-1] [INFO] [1790607361.930396806] [amir2.gripper_controller]: Received & accepted new action goal
[ign gazebo-1] [INFO] [1790607362.403287904] [amir1.gripper_controller]: Received & accepted new action goal
[ign gazebo-1] [INFO] [1790607362.403293954] [amir2.gripper_controller]: Received & accepted new action goal
[ign gazebo-1] [INFO] [1790607362.877097882] [amir1.gripper_controller]: Received & accepted new action goal
[ign gazebo-1] [INFO] [1790607362.877119555] [amir2.gripper_controller]: Received & accepted new action goal
[ign gazebo-1] [INFO] [1790607363.058897800] [amir2.gripper_controller]: Received & accepted new action goal
[ign gazebo-1] [INFO] [1790607363.521865860] [amir1.gripper_controller]: Received & accepted new action goal
[ign gazebo-1] [INFO] [1790607363.521982432] [amir2.gripper_controller]: Received & accepted new action goal
[ign gazebo-1] [INFO] [1790607364.116057164] [amir1.gripper_controller]: Received & accepted new action goal
[ign gazebo-1] [INFO] [1790607364.116136147] [amir2.gripper_controller]: Received & accepted new action goal
[ign gazebo-1] [INFO] [1790607364.349127191] [amir1.gripper_controller]: Received & accepted new action goal
[ign gazebo-1] [INFO] [1790607364.349174065] [amir2.gripper_controller]: Received & accepted new action goal
[ign gazebo-1] [INFO] [1790607364.581203189] [amir1.gripper_controller]: Received & accepted new action goal
[ign gazebo-1] [INFO] [1790607364.581244988] [amir2.gripper_controller]: Received & accepted new action goal
[ign gazebo-1] [INFO] [1790607365.038310077] [amir1.gripper_controller]: Received & accepted new action goal
[ign gazebo-1] [INFO] [1790607365.038339665] [amir2.gripper_controller]: Received & accepted new action goal
[ign gazebo-1] [INFO] [1790607365.269116564] [amir1.gripper_controller]: Received & accepted new action goal
[ign gazebo-1] [INFO] [1790607365.269243887] [amir2.gripper_controller]: Received & accepted new action goal
[WARNING] [launch]: user interrupted with ctrl-c (SIGINT)
[parameter_bridge-2] [INFO] [1790607365.450400993] [rclcpp]: signal_handler(SIGINT/SIGTERM)
[robot_state_publisher-8] [INFO] [1790607365.450399010] [rclcpp]: signal_handler(SIGINT/SIGTERM)
[INFO] [dual_base_approach-42]: sending signal 'SIGINT' to process[dual_base_approach-42]
[INFO] [slip_monitor-41]: sending signal 'SIGINT' to process[slip_monitor-41]
[INFO] [safety_monitor-40]: sending signal 'SIGINT' to process[safety_monitor-40]
[ERROR] [dual_base_approach-42]: process has died [pid 54808, exit code -2, cmd '/home/dars5070/ros2_humble_ws/install/cooperative_transport_control/lib/cooperative_transport_control/dual_base_approach --ros-args -p use_sim_time:=True -p use_sim_time:=True --params-file /tmp/launch_params_4u_pze8m'].
[ERROR] [slip_monitor-41]: process has died [pid 54806, exit code -2, cmd '/home/dars5070/ros2_humble_ws/install/cooperative_transport_control/lib/cooperative_transport_control/slip_monitor --ros-args -p use_sim_time:=True -p use_sim_time:=True --params-file /home/dars5070/ros2_humble_ws/install/cooperative_transport_control/share/cooperative_transport_control/config/friction_transport.yaml --params-file /tmp/launch_params_sxlk8jry --params-file /tmp/launch_params_n0h0dbqr --params-file /tmp/launch_params_kz3znegl'].
[ERROR] [rover_twist_relay_ign.py-26]: process has died [pid 54209, exit code -2, cmd '/home/dars5070/ros2_humble_ws/install/mecanumrover_description/lib/mecanumrover_description/rover_twist_relay_ign.py --ros-args -r __node:=rover_twist_relay_ign -r __ns:=/amir2 -p use_sim_time:=True -p use_sim_time:=True --params-file /tmp/launch_params_ir172a20'].
[ERROR] [rover_twist_relay_ign.py-13]: process has died [pid 53751, exit code -2, cmd '/home/dars5070/ros2_humble_ws/install/mecanumrover_description/lib/mecanumrover_description/rover_twist_relay_ign.py --ros-args -r __node:=rover_twist_relay_ign -r __ns:=/amir1 -p use_sim_time:=True --params-file /tmp/launch_params_wbn33val'].
[INFO] [coordinator-39]: sending signal 'SIGINT' to process[coordinator-39]
[ERROR] [safety_monitor-40]: process has died [pid 54804, exit code -2, cmd '/home/dars5070/ros2_humble_ws/install/cooperative_transport_control/lib/cooperative_transport_control/safety_monitor --ros-args -p use_sim_time:=True -p use_sim_time:=True --params-file /home/dars5070/ros2_humble_ws/install/cooperative_transport_control/share/cooperative_transport_control/config/friction_transport.yaml --params-file /tmp/launch_params_5xux7iuy --params-file /tmp/launch_params_b5kxw29b'].
[INFO] [grasp_support_remover-38]: sending signal 'SIGINT' to process[grasp_support_remover-38]
[INFO] [arm_home_positioner-35]: sending signal 'SIGINT' to process[arm_home_positioner-35]
[ERROR] [coordinator-39]: process has died [pid 54802, exit code -2, cmd '/home/dars5070/ros2_humble_ws/install/cooperative_transport_control/lib/cooperative_transport_control/coordinator --ros-args -p use_sim_time:=True -p use_sim_time:=True --params-file /home/dars5070/ros2_humble_ws/install/cooperative_transport_control/share/cooperative_transport_control/config/friction_transport.yaml --params-file /tmp/launch_params_2szdzx4c --params-file /tmp/launch_params_69g2iof0 --params-file /tmp/launch_params_jvgyvuew'].
[INFO] [friction_grasp_manager-34]: sending signal 'SIGINT' to process[friction_grasp_manager-34]
[ERROR] [arm_home_positioner-35]: process has died [pid 54656, exit code -2, cmd '/home/dars5070/ros2_humble_ws/install/coop_transport_controller/lib/coop_transport_controller/arm_home_positioner --ros-args -p use_sim_time:=True -p use_sim_time:=True --params-file /tmp/launch_params_w7awu_e4'].
[ERROR] [grasp_support_remover-38]: process has died [pid 54800, exit code -2, cmd '/home/dars5070/ros2_humble_ws/install/cooperative_transport_control/lib/cooperative_transport_control/grasp_support_remover --ros-args -p use_sim_time:=True -p use_sim_time:=True --params-file /home/dars5070/ros2_humble_ws/install/cooperative_transport_control/share/cooperative_transport_control/config/friction_transport.yaml --params-file /tmp/launch_params_94gc3roz'].
[INFO] [parameter_bridge-25]: sending signal 'SIGINT' to process[parameter_bridge-25]
[ERROR] [friction_grasp_manager-34]: process has died [pid 54654, exit code -2, cmd '/home/dars5070/ros2_humble_ws/install/cooperative_transport_control/lib/cooperative_transport_control/friction_grasp_manager --ros-args -p use_sim_time:=True -p use_sim_time:=True --params-file /home/dars5070/ros2_humble_ws/install/cooperative_transport_control/share/cooperative_transport_control/config/friction_transport.yaml --params-file /tmp/launch_params_ll7p6ugf --params-file /tmp/launch_params_v0bn_nd9'].
[INFO] [parameter_bridge-24]: sending signal 'SIGINT' to process[parameter_bridge-24]
[INFO] [parameter_bridge-23]: sending signal 'SIGINT' to process[parameter_bridge-23]
[INFO] [robot_state_publisher-21]: sending signal 'SIGINT' to process[robot_state_publisher-21]
[INFO] [parameter_bridge-12]: sending signal 'SIGINT' to process[parameter_bridge-12]
[ERROR] [robot_state_publisher-21]: process has died [pid 54199, exit code -2, cmd '/opt/ros/humble/lib/robot_state_publisher/robot_state_publisher --ros-args -r __node:=robot_state_publisher -r __ns:=/amir2 -p use_sim_time:=True -p use_sim_time:=True --params-file /tmp/launch_params_zlr3cvrf -r /tf:=tf -r /tf_static:=tf_static'].
[INFO] [parameter_bridge-11]: sending signal 'SIGINT' to process[parameter_bridge-11]
[INFO] [parameter_bridge-10]: sending signal 'SIGINT' to process[parameter_bridge-10]
[INFO] [parameter_bridge-2]: process has finished cleanly [pid 53525]
[INFO] [parameter_bridge-11]: process has finished cleanly [pid 53747]
[INFO] [parameter_bridge-23]: process has finished cleanly [pid 54203]
[INFO] [robot_state_publisher-8]: sending signal 'SIGINT' to process[robot_state_publisher-8]
[INFO] [parameter_bridge-25]: process has finished cleanly [pid 54207]
[INFO] [parameter_bridge-10]: process has finished cleanly [pid 53745]
[INFO] [parameter_bridge-24]: process has finished cleanly [pid 54205]
[INFO] [parameter_bridge-12]: process has finished cleanly [pid 53749]
[INFO] [robot_state_publisher-8]: process has finished cleanly [pid 53741]
[INFO] [pivot_rotation_controller-7]: sending signal 'SIGINT' to process[pivot_rotation_controller-7]
[INFO] [transport_pose_filter-3]: process has finished cleanly [pid 53528]
[INFO] [rotation_controller-6]: sending signal 'SIGINT' to process[rotation_controller-6]
[INFO] [finger_contact_aggregator-4]: sending signal 'SIGINT' to process[finger_contact_aggregator-4]
[INFO] [finger_contact_aggregator-4]: process has finished cleanly [pid 53530]
[ERROR] [pivot_rotation_controller-7]: process has died [pid 53536, exit code -2, cmd '/home/dars5070/ros2_humble_ws/install/cooperative_transport_control/lib/cooperative_transport_control/pivot_rotation_controller --ros-args --params-file /tmp/launch_params_01rfqten'].
[ERROR] [rotation_controller-6]: process has died [pid 53534, exit code -2, cmd '/home/dars5070/ros2_humble_ws/install/cooperative_rotation/lib/cooperative_rotation/rotation_controller --ros-args --params-file /home/dars5070/ros2_humble_ws/install/cooperative_rotation/share/cooperative_rotation/config/rotation_params.yaml --params-file /tmp/launch_params_qsxaffkt'].
[INFO] [ign gazebo-1]: sending signal 'SIGINT' to process[ign gazebo-1]
[parameter_bridge-25] [INFO] [1790607365.450521632] [rclcpp]: signal_handler(SIGINT/SIGTERM)
[parameter_bridge-23] [INFO] [1790607365.450524832] [rclcpp]: signal_handler(SIGINT/SIGTERM)
[transport_pose_filter-3] [INFO] [1790607365.450534131] [rclcpp]: signal_handler(SIGINT/SIGTERM)
[parameter_bridge-10] [INFO] [1790607365.450550251] [rclcpp]: signal_handler(SIGINT/SIGTERM)
[robot_state_publisher-21] [INFO] [1790607365.450607513] [rclcpp]: signal_handler(SIGINT/SIGTERM)
[rover_twist_relay_ign.py-26] Traceback (most recent call last):
[rover_twist_relay_ign.py-26]   File "/home/dars5070/ros2_humble_ws/install/mecanumrover_description/lib/mecanumrover_description/rover_twist_relay_ign.py", line 36, in <module>
[rover_twist_relay_ign.py-26]     main()
[rover_twist_relay_ign.py-26]   File "/home/dars5070/ros2_humble_ws/install/mecanumrover_description/lib/mecanumrover_description/rover_twist_relay_ign.py", line 31, in main
[rover_twist_relay_ign.py-26]     rclpy.spin(RoverTwistRelayIgn())
[rover_twist_relay_ign.py-26]   File "/opt/ros/humble/local/lib/python3.10/dist-packages/rclpy/__init__.py", line 229, in spin
[rover_twist_relay_ign.py-26]     executor.spin_once()
[rover_twist_relay_ign.py-26]   File "/opt/ros/humble/local/lib/python3.10/dist-packages/rclpy/executors.py", line 776, in spin_once
[rover_twist_relay_ign.py-26]     self._spin_once_impl(timeout_sec)
[rover_twist_relay_ign.py-26]   File "/opt/ros/humble/local/lib/python3.10/dist-packages/rclpy/executors.py", line 765, in _spin_once_impl
[rover_twist_relay_ign.py-26]     handler, entity, node = self.wait_for_ready_callbacks(timeout_sec=timeout_sec)
[rover_twist_relay_ign.py-26]   File "/opt/ros/humble/local/lib/python3.10/dist-packages/rclpy/executors.py", line 748, in wait_for_ready_callbacks
[rover_twist_relay_ign.py-26]     return next(self._cb_iter)
[rover_twist_relay_ign.py-26]   File "/opt/ros/humble/local/lib/python3.10/dist-packages/rclpy/executors.py", line 645, in _wait_for_ready_callbacks
[rover_twist_relay_ign.py-26]     wait_set.wait(timeout_nsec)
[rover_twist_relay_ign.py-26] KeyboardInterrupt
[parameter_bridge-12] [INFO] [1790607365.450667092] [rclcpp]: signal_handler(SIGINT/SIGTERM)
[parameter_bridge-11] [INFO] [1790607365.450780135] [rclcpp]: signal_handler(SIGINT/SIGTERM)
[parameter_bridge-24] [INFO] [1790607365.450948281] [rclcpp]: signal_handler(SIGINT/SIGTERM)
[rover_twist_relay_ign.py-13] Traceback (most recent call last):
[rover_twist_relay_ign.py-13]   File "/home/dars5070/ros2_humble_ws/install/mecanumrover_description/lib/mecanumrover_description/rover_twist_relay_ign.py", line 36, in <module>
[rover_twist_relay_ign.py-13]     main()
[rover_twist_relay_ign.py-13]   File "/home/dars5070/ros2_humble_ws/install/mecanumrover_description/lib/mecanumrover_description/rover_twist_relay_ign.py", line 31, in main
[rover_twist_relay_ign.py-13]     rclpy.spin(RoverTwistRelayIgn())
[rover_twist_relay_ign.py-13]   File "/opt/ros/humble/local/lib/python3.10/dist-packages/rclpy/__init__.py", line 229, in spin
[rover_twist_relay_ign.py-13]     executor.spin_once()
[rover_twist_relay_ign.py-13]   File "/opt/ros/humble/local/lib/python3.10/dist-packages/rclpy/executors.py", line 776, in spin_once
[rover_twist_relay_ign.py-13]     self._spin_once_impl(timeout_sec)
[rover_twist_relay_ign.py-13]   File "/opt/ros/humble/local/lib/python3.10/dist-packages/rclpy/executors.py", line 765, in _spin_once_impl
[rover_twist_relay_ign.py-13]     handler, entity, node = self.wait_for_ready_callbacks(timeout_sec=timeout_sec)
[rover_twist_relay_ign.py-13]   File "/opt/ros/humble/local/lib/python3.10/dist-packages/rclpy/executors.py", line 748, in wait_for_ready_callbacks
[rover_twist_relay_ign.py-13]     return next(self._cb_iter)
[rover_twist_relay_ign.py-13]   File "/opt/ros/humble/local/lib/python3.10/dist-packages/rclpy/executors.py", line 645, in _wait_for_ready_callbacks
[rover_twist_relay_ign.py-13]     wait_set.wait(timeout_nsec)
[rover_twist_relay_ign.py-13] KeyboardInterrupt
[finger_contact_aggregator-4] [INFO] [1790607365.453817588] [rclcpp]: signal_handler(SIGINT/SIGTERM)
[ign gazebo-1] [INFO] [1790607365.454290180] [rclcpp]: signal_handler(SIGINT/SIGTERM)
[ign gazebo-1] [INFO] [1790607365.454363777] [amir2.controller_manager]: Shutdown request received....
[ign gazebo-1] [INFO] [1790607365.454443663] [amir2.controller_manager]: Shutting down all controllers in the controller manager.
[ign gazebo-1] [INFO] [1790607365.454480226] [amir2.controller_manager]: Deactivating controller 'joint_state_broadcaster'
[ign gazebo-1] [INFO] [1790607365.454537001] [amir2.controller_manager]: Shutting down controller 'joint_state_broadcaster'
[ign gazebo-1] [INFO] [1790607365.454587348] [amir2.controller_manager]: Deactivating controller 'arm_controller'
[ign gazebo-1] [INFO] [1790607365.454637954] [amir2.controller_manager]: Shutting down controller 'arm_controller'
[ign gazebo-1] [INFO] [1790607365.454665232] [amir2.controller_manager]: Deactivating controller 'gripper_controller'
[ign gazebo-1] [INFO] [1790607365.454698356] [amir2.controller_manager]: Shutting down controller 'gripper_controller'
[ign gazebo-1] [INFO] [1790607365.454723545] [amir2.controller_manager]: Deactivating controller 'mecanum_drive_controller'
[ign gazebo-1] [INFO] [1790607365.454752110] [amir2.controller_manager]: Shutting down controller 'mecanum_drive_controller'
[ign gazebo-1] [INFO] [1790607365.454791031] [resource_manager]: 'deactivate' hardware 'AmirGazeboSystem' 
[ign gazebo-1] [INFO] [1790607365.454813877] [resource_manager]: Successful 'deactivate' of hardware 'AmirGazeboSystem'
[ign gazebo-1] [INFO] [1790607365.454820936] [resource_manager]: 'shutdown' hardware 'AmirGazeboSystem' 
[ign gazebo-1] [INFO] [1790607365.454828143] [resource_manager]: Successful 'shutdown' of hardware 'AmirGazeboSystem'
[ign gazebo-1] [INFO] [1790607365.454835810] [resource_manager]: 'deactivate' hardware 'MecanumSystem' 
[ign gazebo-1] [INFO] [1790607365.454842816] [resource_manager]: Successful 'deactivate' of hardware 'MecanumSystem'
[ign gazebo-1] [INFO] [1790607365.454848129] [resource_manager]: 'shutdown' hardware 'MecanumSystem' 
[ign gazebo-1] [INFO] [1790607365.454854442] [resource_manager]: Successful 'shutdown' of hardware 'MecanumSystem'
[ign gazebo-1] [INFO] [1790607365.454862260] [amir2.controller_manager]: Shutting down the controller manager.
[ign gazebo-1] [INFO] [1790607365.454875406] [amir1.controller_manager]: Shutdown request received....
[ign gazebo-1] [INFO] [1790607365.454905199] [amir1.controller_manager]: Shutting down all controllers in the controller manager.
[ign gazebo-1] [INFO] [1790607365.454925716] [amir1.controller_manager]: Deactivating controller 'joint_state_broadcaster'
[ign gazebo-1] [INFO] [1790607365.454960949] [amir1.controller_manager]: Shutting down controller 'joint_state_broadcaster'
[ign gazebo-1] [INFO] [1790607365.454987503] [amir1.controller_manager]: Deactivating controller 'arm_controller'
[ign gazebo-1] [INFO] [1790607365.455020677] [amir1.controller_manager]: Shutting down controller 'arm_controller'
[ign gazebo-1] [INFO] [1790607365.455054006] [amir1.controller_manager]: Deactivating controller 'gripper_controller'
[ign gazebo-1] [INFO] [1790607365.455096051] [amir1.controller_manager]: Shutting down controller 'gripper_controller'
[ign gazebo-1] [INFO] [1790607365.455136152] [amir1.controller_manager]: Deactivating controller 'mecanum_drive_controller'
[ign gazebo-1] [INFO] [1790607365.455168680] [amir1.controller_manager]: Shutting down controller 'mecanum_drive_controller'
[ign gazebo-1] [INFO] [1790607365.455197909] [resource_manager]: 'deactivate' hardware 'AmirGazeboSystem' 
[ign gazebo-1] [INFO] [1790607365.455206760] [resource_manager]: Successful 'deactivate' of hardware 'AmirGazeboSystem'
[ign gazebo-1] [INFO] [1790607365.455212543] [resource_manager]: 'shutdown' hardware 'AmirGazeboSystem' 
[ign gazebo-1] [INFO] [1790607365.455220838] [resource_manager]: Successful 'shutdown' of hardware 'AmirGazeboSystem'
[ign gazebo-1] [INFO] [1790607365.455228275] [resource_manager]: 'deactivate' hardware 'MecanumSystem' 
[ign gazebo-1] [INFO] [1790607365.455236694] [resource_manager]: Successful 'deactivate' of hardware 'MecanumSystem'
[ign gazebo-1] [INFO] [1790607365.455242033] [resource_manager]: 'shutdown' hardware 'MecanumSystem' 
[ign gazebo-1] [INFO] [1790607365.455248364] [resource_manager]: Successful 'shutdown' of hardware 'MecanumSystem'
[ign gazebo-1] [INFO] [1790607365.455285658] [amir1.controller_manager]: Shutting down the controller manager.
[parameter_bridge-25] [INFO] [1790607365.540948902] [rclcpp]: signal_handler(SIGINT/SIGTERM)
[parameter_bridge-24] [INFO] [1790607365.545311244] [rclcpp]: signal_handler(SIGINT/SIGTERM)
[parameter_bridge-23] [INFO] [1790607365.549711358] [rclcpp]: signal_handler(SIGINT/SIGTERM)
[parameter_bridge-12] [INFO] [1790607365.563303273] [rclcpp]: signal_handler(SIGINT/SIGTERM)
[ERROR] [ign gazebo-1]: process has died [pid 53523, exit code -2, cmd 'ruby /usr/bin/ign gazebo -s -r -v 1 /home/dars5070/ros2_humble_ws/install/cooperative_transport_gazebo/share/cooperative_transport_gazebo/worlds/cooperative_transport_contact.sdf --force-version 6'].
[INFO] [launch]: process[ign gazebo-1] was required: shutting down launched system
