[INFO] [launch]: All log files can be found below /home/dars5070/.ros/log/2026-09-28-23-04-30-210416-dars5070-Katana-15-HX-B14WGK-36794
[INFO] [launch]: Default logging verbosity is set to INFO
[INFO] [ign gazebo-1]: process started with pid [36809]
[INFO] [parameter_bridge-2]: process started with pid [36811]
[INFO] [transport_pose_filter-3]: process started with pid [36814]
[transport_pose_filter-3] [INFO] [1790604270.474083560] [transport_pose_filter]: Filtering /world/cooperative_transport_friction/pose/info -> /cooperative_transport/model_poses (3 models)
[parameter_bridge-2] [INFO] [1790604270.496074797] [cooperative_transport_friction_bridge]: Creating GZ->ROS Bridge: [/clock (gz.msgs.Clock) -> /clock (rosgraph_msgs/msg/Clock)] (Lazy 0)
[parameter_bridge-2] [INFO] [1790604270.496573735] [cooperative_transport_friction_bridge]: Creating GZ->ROS Bridge: [/world/cooperative_transport_friction/pose/info (gz.msgs.Pose_V) -> /world/cooperative_transport_friction/pose/info (tf2_msgs/msg/TFMessage)] (Lazy 0)
[INFO] [robot_state_publisher-4]: process started with pid [36903]
[INFO] [create-5]: process started with pid [36905]
[INFO] [parameter_bridge-6]: process started with pid [36907]
[INFO] [parameter_bridge-7]: process started with pid [36909]
[INFO] [parameter_bridge-8]: process started with pid [36911]
[INFO] [rover_twist_relay_ign.py-9]: process started with pid [36913]
[create-5] [INFO] [1790604272.706911326] [amir1.ros_gz_sim]: Requesting list of world names.
[parameter_bridge-8] [INFO] [1790604272.723110502] [amir1.finger_contact_bridge]: Creating GZ->ROS Bridge: [/world/cooperative_transport_friction/model/amir1/link/finger_left_1/sensor/finger_left_contact_sensor/contact (gz.msgs.Contacts) -> /world/cooperative_transport_friction/model/amir1/link/finger_left_1/sensor/finger_left_contact_sensor/contact (ros_gz_interfaces/msg/Contacts)] (Lazy 0)
[parameter_bridge-8] [INFO] [1790604272.724860052] [amir1.finger_contact_bridge]: Creating GZ->ROS Bridge: [/world/cooperative_transport_friction/model/amir1/link/finger_left_1/sensor/finger_left_contact_sensor_1/contact (gz.msgs.Contacts) -> /world/cooperative_transport_friction/model/amir1/link/finger_left_1/sensor/finger_left_contact_sensor_1/contact (ros_gz_interfaces/msg/Contacts)] (Lazy 0)
[parameter_bridge-8] [INFO] [1790604272.725165069] [amir1.finger_contact_bridge]: Creating GZ->ROS Bridge: [/world/cooperative_transport_friction/model/amir1/link/finger_left_1/sensor/finger_left_contact_sensor_2/contact (gz.msgs.Contacts) -> /world/cooperative_transport_friction/model/amir1/link/finger_left_1/sensor/finger_left_contact_sensor_2/contact (ros_gz_interfaces/msg/Contacts)] (Lazy 0)
[parameter_bridge-8] [INFO] [1790604272.725449799] [amir1.finger_contact_bridge]: Creating GZ->ROS Bridge: [/world/cooperative_transport_friction/model/amir1/link/finger_left_1/sensor/finger_left_contact_sensor_3/contact (gz.msgs.Contacts) -> /world/cooperative_transport_friction/model/amir1/link/finger_left_1/sensor/finger_left_contact_sensor_3/contact (ros_gz_interfaces/msg/Contacts)] (Lazy 0)
[parameter_bridge-8] [INFO] [1790604272.725751266] [amir1.finger_contact_bridge]: Creating GZ->ROS Bridge: [/world/cooperative_transport_friction/model/amir1/link/finger_left_1/sensor/finger_left_contact_sensor_4/contact (gz.msgs.Contacts) -> /world/cooperative_transport_friction/model/amir1/link/finger_left_1/sensor/finger_left_contact_sensor_4/contact (ros_gz_interfaces/msg/Contacts)] (Lazy 0)
[parameter_bridge-8] [INFO] [1790604272.726015150] [amir1.finger_contact_bridge]: Creating GZ->ROS Bridge: [/world/cooperative_transport_friction/model/amir1/link/finger_left_1/sensor/finger_left_contact_sensor_5/contact (gz.msgs.Contacts) -> /world/cooperative_transport_friction/model/amir1/link/finger_left_1/sensor/finger_left_contact_sensor_5/contact (ros_gz_interfaces/msg/Contacts)] (Lazy 0)
[parameter_bridge-8] [INFO] [1790604272.726325090] [amir1.finger_contact_bridge]: Creating GZ->ROS Bridge: [/world/cooperative_transport_friction/model/amir1/link/finger_left_1/sensor/finger_left_contact_sensor_6/contact (gz.msgs.Contacts) -> /world/cooperative_transport_friction/model/amir1/link/finger_left_1/sensor/finger_left_contact_sensor_6/contact (ros_gz_interfaces/msg/Contacts)] (Lazy 0)
[parameter_bridge-8] [INFO] [1790604272.726614727] [amir1.finger_contact_bridge]: Creating GZ->ROS Bridge: [/world/cooperative_transport_friction/model/amir1/link/finger_left_1/sensor/finger_left_contact_sensor_7/contact (gz.msgs.Contacts) -> /world/cooperative_transport_friction/model/amir1/link/finger_left_1/sensor/finger_left_contact_sensor_7/contact (ros_gz_interfaces/msg/Contacts)] (Lazy 0)
[parameter_bridge-8] [INFO] [1790604272.726843348] [amir1.finger_contact_bridge]: Creating GZ->ROS Bridge: [/world/cooperative_transport_friction/model/amir1/link/finger_left_1/sensor/finger_left_contact_sensor_8/contact (gz.msgs.Contacts) -> /world/cooperative_transport_friction/model/amir1/link/finger_left_1/sensor/finger_left_contact_sensor_8/contact (ros_gz_interfaces/msg/Contacts)] (Lazy 0)
[parameter_bridge-8] [INFO] [1790604272.727165175] [amir1.finger_contact_bridge]: Creating GZ->ROS Bridge: [/world/cooperative_transport_friction/model/amir1/link/finger_right_1/sensor/finger_right_contact_sensor/contact (gz.msgs.Contacts) -> /world/cooperative_transport_friction/model/amir1/link/finger_right_1/sensor/finger_right_contact_sensor/contact (ros_gz_interfaces/msg/Contacts)] (Lazy 0)
[parameter_bridge-8] [INFO] [1790604272.727474872] [amir1.finger_contact_bridge]: Creating GZ->ROS Bridge: [/world/cooperative_transport_friction/model/amir1/link/finger_right_1/sensor/finger_right_contact_sensor_1/contact (gz.msgs.Contacts) -> /world/cooperative_transport_friction/model/amir1/link/finger_right_1/sensor/finger_right_contact_sensor_1/contact (ros_gz_interfaces/msg/Contacts)] (Lazy 0)
[parameter_bridge-8] [INFO] [1790604272.727685400] [amir1.finger_contact_bridge]: Creating GZ->ROS Bridge: [/world/cooperative_transport_friction/model/amir1/link/finger_right_1/sensor/finger_right_contact_sensor_2/contact (gz.msgs.Contacts) -> /world/cooperative_transport_friction/model/amir1/link/finger_right_1/sensor/finger_right_contact_sensor_2/contact (ros_gz_interfaces/msg/Contacts)] (Lazy 0)
[parameter_bridge-8] [INFO] [1790604272.727873135] [amir1.finger_contact_bridge]: Creating GZ->ROS Bridge: [/world/cooperative_transport_friction/model/amir1/link/finger_right_1/sensor/finger_right_contact_sensor_3/contact (gz.msgs.Contacts) -> /world/cooperative_transport_friction/model/amir1/link/finger_right_1/sensor/finger_right_contact_sensor_3/contact (ros_gz_interfaces/msg/Contacts)] (Lazy 0)
[parameter_bridge-8] [INFO] [1790604272.728076210] [amir1.finger_contact_bridge]: Creating GZ->ROS Bridge: [/world/cooperative_transport_friction/model/amir1/link/finger_right_1/sensor/finger_right_contact_sensor_4/contact (gz.msgs.Contacts) -> /world/cooperative_transport_friction/model/amir1/link/finger_right_1/sensor/finger_right_contact_sensor_4/contact (ros_gz_interfaces/msg/Contacts)] (Lazy 0)
[parameter_bridge-8] [INFO] [1790604272.728267140] [amir1.finger_contact_bridge]: Creating GZ->ROS Bridge: [/world/cooperative_transport_friction/model/amir1/link/finger_right_1/sensor/finger_right_contact_sensor_5/contact (gz.msgs.Contacts) -> /world/cooperative_transport_friction/model/amir1/link/finger_right_1/sensor/finger_right_contact_sensor_5/contact (ros_gz_interfaces/msg/Contacts)] (Lazy 0)
[parameter_bridge-8] [INFO] [1790604272.728456231] [amir1.finger_contact_bridge]: Creating GZ->ROS Bridge: [/world/cooperative_transport_friction/model/amir1/link/finger_right_1/sensor/finger_right_contact_sensor_6/contact (gz.msgs.Contacts) -> /world/cooperative_transport_friction/model/amir1/link/finger_right_1/sensor/finger_right_contact_sensor_6/contact (ros_gz_interfaces/msg/Contacts)] (Lazy 0)
[parameter_bridge-8] [INFO] [1790604272.728649139] [amir1.finger_contact_bridge]: Creating GZ->ROS Bridge: [/world/cooperative_transport_friction/model/amir1/link/finger_right_1/sensor/finger_right_contact_sensor_7/contact (gz.msgs.Contacts) -> /world/cooperative_transport_friction/model/amir1/link/finger_right_1/sensor/finger_right_contact_sensor_7/contact (ros_gz_interfaces/msg/Contacts)] (Lazy 0)
[parameter_bridge-8] [INFO] [1790604272.728839201] [amir1.finger_contact_bridge]: Creating GZ->ROS Bridge: [/world/cooperative_transport_friction/model/amir1/link/finger_right_1/sensor/finger_right_contact_sensor_8/contact (gz.msgs.Contacts) -> /world/cooperative_transport_friction/model/amir1/link/finger_right_1/sensor/finger_right_contact_sensor_8/contact (ros_gz_interfaces/msg/Contacts)] (Lazy 0)
[parameter_bridge-6] [INFO] [1790604272.730829106] [amir1.odom_bridge]: Creating GZ->ROS Bridge: [/amir1/odom (gz.msgs.Odometry) -> /amir1/odom (nav_msgs/msg/Odometry)] (Lazy 0)
[parameter_bridge-7] [INFO] [1790604272.731423492] [amir1.finger_ft_bridge]: Creating GZ->ROS Bridge: [/amir1/finger_left_wrench (gz.msgs.Wrench) -> /amir1/finger_left_wrench (geometry_msgs/msg/WrenchStamped)] (Lazy 0)
[parameter_bridge-6] [INFO] [1790604272.732152034] [amir1.odom_bridge]: Creating GZ->ROS Bridge: [/amir1/odom/tf (gz.msgs.Pose_V) -> /amir1/odom/tf (tf2_msgs/msg/TFMessage)] (Lazy 0)
[parameter_bridge-7] [INFO] [1790604272.732336518] [amir1.finger_ft_bridge]: Creating GZ->ROS Bridge: [/amir1/finger_right_wrench (gz.msgs.Wrench) -> /amir1/finger_right_wrench (geometry_msgs/msg/WrenchStamped)] (Lazy 0)
[robot_state_publisher-4] [INFO] [1790604272.732938303] [amir1.robot_state_publisher]: got segment back_left_arm
[robot_state_publisher-4] [INFO] [1790604272.733012527] [amir1.robot_state_publisher]: got segment back_left_wheel_1
[robot_state_publisher-4] [INFO] [1790604272.733017284] [amir1.robot_state_publisher]: got segment back_right_arm
[robot_state_publisher-4] [INFO] [1790604272.733020245] [amir1.robot_state_publisher]: got segment back_right_wheel_1
[robot_state_publisher-4] [INFO] [1790604272.733022723] [amir1.robot_state_publisher]: got segment base_footprint
[robot_state_publisher-4] [INFO] [1790604272.733025111] [amir1.robot_state_publisher]: got segment base_link
[robot_state_publisher-4] [INFO] [1790604272.733027492] [amir1.robot_state_publisher]: got segment finger_left_1
[robot_state_publisher-4] [INFO] [1790604272.733029937] [amir1.robot_state_publisher]: got segment finger_right_1
[robot_state_publisher-4] [INFO] [1790604272.733032392] [amir1.robot_state_publisher]: got segment front_left_arm
[robot_state_publisher-4] [INFO] [1790604272.733034949] [amir1.robot_state_publisher]: got segment front_left_wheel_1
[robot_state_publisher-4] [INFO] [1790604272.733037458] [amir1.robot_state_publisher]: got segment front_lrf_link
[robot_state_publisher-4] [INFO] [1790604272.733039922] [amir1.robot_state_publisher]: got segment front_right_arm
[robot_state_publisher-4] [INFO] [1790604272.733042298] [amir1.robot_state_publisher]: got segment front_right_wheel_1
[robot_state_publisher-4] [INFO] [1790604272.733044771] [amir1.robot_state_publisher]: got segment gripper_base_1
[robot_state_publisher-4] [INFO] [1790604272.733047198] [amir1.robot_state_publisher]: got segment inner_link_left_1
[robot_state_publisher-4] [INFO] [1790604272.733049713] [amir1.robot_state_publisher]: got segment inner_link_right_1
[robot_state_publisher-4] [INFO] [1790604272.733052090] [amir1.robot_state_publisher]: got segment link0_1
[robot_state_publisher-4] [INFO] [1790604272.733054553] [amir1.robot_state_publisher]: got segment link1_1
[robot_state_publisher-4] [INFO] [1790604272.733056957] [amir1.robot_state_publisher]: got segment link2_1
[robot_state_publisher-4] [INFO] [1790604272.733059324] [amir1.robot_state_publisher]: got segment link3_1
[robot_state_publisher-4] [INFO] [1790604272.733061613] [amir1.robot_state_publisher]: got segment link4_1
[robot_state_publisher-4] [INFO] [1790604272.733097010] [amir1.robot_state_publisher]: got segment outer_link_left_1
[robot_state_publisher-4] [INFO] [1790604272.733099517] [amir1.robot_state_publisher]: got segment outer_link_right_1
[robot_state_publisher-4] [INFO] [1790604272.733101983] [amir1.robot_state_publisher]: got segment tcp_link
[rover_twist_relay_ign.py-9] [INFO] [1790604272.902253797] [amir1.rover_twist_relay_ign]: rover_twist_relay_ign: /rover_twist → /mecanum_drive_controller/reference_unstamped
[create-5] [INFO] [1790604272.911714245] [amir1.ros_gz_sim]: Requested creation of entity.
[create-5] [INFO] [1790604272.911747210] [amir1.ros_gz_sim]: OK creation of entity.
[ign gazebo-1] [INFO] [1790604272.989726139] [GazeboSimROS2ControlPlugin]: robot_param_node is robot_state_publisher
[ign gazebo-1] [INFO] [1790604272.989746794] [GazeboSimROS2ControlPlugin]: robot_param_node is robot_description
[INFO] [create-5]: process has finished cleanly [pid 36905]
[ign gazebo-1] [INFO] [1790604273.335129005] [amir1.gz_ros2_control]: connected to service!! /amir1/robot_state_publisher asking for robot_description
[ign gazebo-1] [INFO] [1790604273.337043826] [amir1.gz_ros2_control]: Received URDF from param server
[ign gazebo-1] [INFO] [1790604273.352649576] [amir1.gz_ros2_control]: The position_proportional_gain has been set to: 0.1
[ign gazebo-1] [INFO] [1790604273.352710907] [amir1.gz_ros2_control]: Loading joint: front_left_joint
[ign gazebo-1] [INFO] [1790604273.352719343] [amir1.gz_ros2_control]: 	State:
[ign gazebo-1] [INFO] [1790604273.352724309] [amir1.gz_ros2_control]: 		 position
[ign gazebo-1] [INFO] [1790604273.352728962] [amir1.gz_ros2_control]: 		 velocity
[ign gazebo-1] [INFO] [1790604273.352732725] [amir1.gz_ros2_control]: 	Command:
[ign gazebo-1] [INFO] [1790604273.352736292] [amir1.gz_ros2_control]: 		 velocity
[ign gazebo-1] [INFO] [1790604273.352758973] [amir1.gz_ros2_control]: Loading joint: front_right_joint
[ign gazebo-1] [INFO] [1790604273.352763313] [amir1.gz_ros2_control]: 	State:
[ign gazebo-1] [INFO] [1790604273.352766849] [amir1.gz_ros2_control]: 		 position
[ign gazebo-1] [INFO] [1790604273.352770469] [amir1.gz_ros2_control]: 		 velocity
[ign gazebo-1] [INFO] [1790604273.352773861] [amir1.gz_ros2_control]: 	Command:
[ign gazebo-1] [INFO] [1790604273.352777233] [amir1.gz_ros2_control]: 		 velocity
[ign gazebo-1] [INFO] [1790604273.352794943] [amir1.gz_ros2_control]: Loading joint: back_left_joint
[ign gazebo-1] [INFO] [1790604273.352800744] [amir1.gz_ros2_control]: 	State:
[ign gazebo-1] [INFO] [1790604273.352805575] [amir1.gz_ros2_control]: 		 position
[ign gazebo-1] [INFO] [1790604273.352810556] [amir1.gz_ros2_control]: 		 velocity
[ign gazebo-1] [INFO] [1790604273.352815130] [amir1.gz_ros2_control]: 	Command:
[ign gazebo-1] [INFO] [1790604273.352819970] [amir1.gz_ros2_control]: 		 velocity
[ign gazebo-1] [INFO] [1790604273.352838405] [amir1.gz_ros2_control]: Loading joint: back_right_joint
[ign gazebo-1] [INFO] [1790604273.352842480] [amir1.gz_ros2_control]: 	State:
[ign gazebo-1] [INFO] [1790604273.352845883] [amir1.gz_ros2_control]: 		 position
[ign gazebo-1] [INFO] [1790604273.352849407] [amir1.gz_ros2_control]: 		 velocity
[ign gazebo-1] [INFO] [1790604273.352852594] [amir1.gz_ros2_control]: 	Command:
[ign gazebo-1] [INFO] [1790604273.352855752] [amir1.gz_ros2_control]: 		 velocity
[ign gazebo-1] [INFO] [1790604273.352948046] [amir1.gz_ros2_control]: Loading sensor: finger_right_force_sensor
[ign gazebo-1] [INFO] [1790604273.352952603] [amir1.gz_ros2_control]: 	State:
[ign gazebo-1] [WARN] [1790604273.352956592] [amir1.gz_ros2_control]: ForceTorque sensor 'finger_right_force_sensor' not found in hardware_info, skipping.
[ign gazebo-1] [INFO] [1790604273.352961002] [amir1.gz_ros2_control]: Loading sensor: finger_left_force_sensor
[ign gazebo-1] [INFO] [1790604273.352964479] [amir1.gz_ros2_control]: 	State:
[ign gazebo-1] [WARN] [1790604273.352967886] [amir1.gz_ros2_control]: ForceTorque sensor 'finger_left_force_sensor' not found in hardware_info, skipping.
[ign gazebo-1] [INFO] [1790604273.352977830] [resource_manager]: Initialize hardware 'MecanumSystem' 
[ign gazebo-1] [INFO] [1790604273.353022309] [resource_manager]: Successful initialization of hardware 'MecanumSystem'
[ign gazebo-1] [INFO] [1790604273.353046822] [resource_manager]: 'configure' hardware 'MecanumSystem' 
[ign gazebo-1] [INFO] [1790604273.353049675] [amir1.gz_ros2_control]: System Successfully configured!
[ign gazebo-1] [INFO] [1790604273.353059643] [resource_manager]: Successful 'configure' of hardware 'MecanumSystem'
[ign gazebo-1] [INFO] [1790604273.353079962] [resource_manager]: 'activate' hardware 'MecanumSystem' 
[ign gazebo-1] [INFO] [1790604273.353086735] [resource_manager]: Successful 'activate' of hardware 'MecanumSystem'
[ign gazebo-1] [INFO] [1790604273.353157426] [amir1.gz_ros2_control]: The position_proportional_gain has been set to: 0.1
[ign gazebo-1] [INFO] [1790604273.353170523] [amir1.gz_ros2_control]: Loading joint: Joint_1
[ign gazebo-1] [INFO] [1790604273.353174357] [amir1.gz_ros2_control]: 	State:
[ign gazebo-1] [INFO] [1790604273.353177819] [amir1.gz_ros2_control]: 		 position
[ign gazebo-1] [INFO] [1790604273.353182651] [amir1.gz_ros2_control]: 			 found initial value: 0.000000
[ign gazebo-1] [INFO] [1790604273.353187387] [amir1.gz_ros2_control]: 		 velocity
[ign gazebo-1] [INFO] [1790604273.353190660] [amir1.gz_ros2_control]: 	Command:
[ign gazebo-1] [INFO] [1790604273.353193881] [amir1.gz_ros2_control]: 		 position
[ign gazebo-1] [INFO] [1790604273.353207408] [amir1.gz_ros2_control]: Loading joint: Joint_2
[ign gazebo-1] [INFO] [1790604273.353210882] [amir1.gz_ros2_control]: 	State:
[ign gazebo-1] [INFO] [1790604273.353213951] [amir1.gz_ros2_control]: 		 position
[ign gazebo-1] [INFO] [1790604273.353217803] [amir1.gz_ros2_control]: 			 found initial value: 1.400000
[ign gazebo-1] [INFO] [1790604273.353242205] [amir1.gz_ros2_control]: 		 velocity
[ign gazebo-1] [INFO] [1790604273.353245530] [amir1.gz_ros2_control]: 	Command:
[ign gazebo-1] [INFO] [1790604273.353248742] [amir1.gz_ros2_control]: 		 position
[ign gazebo-1] [INFO] [1790604273.353260981] [amir1.gz_ros2_control]: Loading joint: Joint_3
[ign gazebo-1] [INFO] [1790604273.353264421] [amir1.gz_ros2_control]: 	State:
[ign gazebo-1] [INFO] [1790604273.353267481] [amir1.gz_ros2_control]: 		 position
[ign gazebo-1] [INFO] [1790604273.353270547] [amir1.gz_ros2_control]: 			 found initial value: -1.600000
[ign gazebo-1] [INFO] [1790604273.353274293] [amir1.gz_ros2_control]: 		 velocity
[ign gazebo-1] [INFO] [1790604273.353277263] [amir1.gz_ros2_control]: 	Command:
[ign gazebo-1] [INFO] [1790604273.353280374] [amir1.gz_ros2_control]: 		 position
[ign gazebo-1] [INFO] [1790604273.353292631] [amir1.gz_ros2_control]: Loading joint: Joint_4
[ign gazebo-1] [INFO] [1790604273.353298097] [amir1.gz_ros2_control]: 	State:
[ign gazebo-1] [INFO] [1790604273.353301293] [amir1.gz_ros2_control]: 		 position
[ign gazebo-1] [INFO] [1790604273.353304607] [amir1.gz_ros2_control]: 			 found initial value: 0.200000
[ign gazebo-1] [INFO] [1790604273.353314275] [amir1.gz_ros2_control]: 		 velocity
[ign gazebo-1] [INFO] [1790604273.353317806] [amir1.gz_ros2_control]: 	Command:
[ign gazebo-1] [INFO] [1790604273.353322098] [amir1.gz_ros2_control]: 		 position
[ign gazebo-1] [INFO] [1790604273.353335108] [amir1.gz_ros2_control]: Loading joint: Joint_5
[ign gazebo-1] [INFO] [1790604273.353338585] [amir1.gz_ros2_control]: 	State:
[ign gazebo-1] [INFO] [1790604273.353341606] [amir1.gz_ros2_control]: 		 position
[ign gazebo-1] [INFO] [1790604273.353348765] [amir1.gz_ros2_control]: 			 found initial value: 1.570796
[ign gazebo-1] [INFO] [1790604273.353353371] [amir1.gz_ros2_control]: 		 velocity
[ign gazebo-1] [INFO] [1790604273.353356702] [amir1.gz_ros2_control]: 	Command:
[ign gazebo-1] [INFO] [1790604273.353359937] [amir1.gz_ros2_control]: 		 position
[ign gazebo-1] [INFO] [1790604273.353371495] [amir1.gz_ros2_control]: Loading joint: Gripper
[ign gazebo-1] [INFO] [1790604273.353375391] [amir1.gz_ros2_control]: 	State:
[ign gazebo-1] [INFO] [1790604273.353378625] [amir1.gz_ros2_control]: 		 position
[ign gazebo-1] [INFO] [1790604273.353381776] [amir1.gz_ros2_control]: 			 found initial value: -1.000000
[ign gazebo-1] [INFO] [1790604273.353385595] [amir1.gz_ros2_control]: 		 velocity
[ign gazebo-1] [INFO] [1790604273.353388621] [amir1.gz_ros2_control]: 	Command:
[ign gazebo-1] [INFO] [1790604273.353391575] [amir1.gz_ros2_control]: 		 position
[ign gazebo-1] [INFO] [1790604273.353404015] [amir1.gz_ros2_control]: Loading joint: left_inner_back_joint
[ign gazebo-1] [INFO] [1790604273.353410294] [amir1.gz_ros2_control]: Joint 'left_inner_back_joint'is mimicking joint 'Gripper' with multiplier: 1
[ign gazebo-1] [INFO] [1790604273.353414913] [amir1.gz_ros2_control]: 	State:
[ign gazebo-1] [INFO] [1790604273.353417999] [amir1.gz_ros2_control]: 		 position
[ign gazebo-1] [INFO] [1790604273.353421254] [amir1.gz_ros2_control]: 		 velocity
[ign gazebo-1] [INFO] [1790604273.353424371] [amir1.gz_ros2_control]: 	Command:
[ign gazebo-1] [INFO] [1790604273.353427366] [amir1.gz_ros2_control]: 		 position
[ign gazebo-1] [INFO] [1790604273.353439559] [amir1.gz_ros2_control]: Loading joint: right_outer_back_joint
[ign gazebo-1] [INFO] [1790604273.353444199] [amir1.gz_ros2_control]: Joint 'right_outer_back_joint'is mimicking joint 'Gripper' with multiplier: 1
[ign gazebo-1] [INFO] [1790604273.353447702] [amir1.gz_ros2_control]: 	State:
[ign gazebo-1] [INFO] [1790604273.353450826] [amir1.gz_ros2_control]: 		 position
[ign gazebo-1] [INFO] [1790604273.353454015] [amir1.gz_ros2_control]: 		 velocity
[ign gazebo-1] [INFO] [1790604273.353457884] [amir1.gz_ros2_control]: 	Command:
[ign gazebo-1] [INFO] [1790604273.353461133] [amir1.gz_ros2_control]: 		 position
[ign gazebo-1] [INFO] [1790604273.353472790] [amir1.gz_ros2_control]: Loading joint: left_outer_back_joint
[ign gazebo-1] [INFO] [1790604273.353478067] [amir1.gz_ros2_control]: Joint 'left_outer_back_joint'is mimicking joint 'Gripper' with multiplier: 1
[ign gazebo-1] [INFO] [1790604273.353481823] [amir1.gz_ros2_control]: 	State:
[ign gazebo-1] [INFO] [1790604273.353484851] [amir1.gz_ros2_control]: 		 position
[ign gazebo-1] [INFO] [1790604273.353489288] [amir1.gz_ros2_control]: 		 velocity
[ign gazebo-1] [INFO] [1790604273.353492492] [amir1.gz_ros2_control]: 	Command:
[ign gazebo-1] [INFO] [1790604273.353495535] [amir1.gz_ros2_control]: 		 position
[ign gazebo-1] [INFO] [1790604273.353509839] [amir1.gz_ros2_control]: Loading joint: right_inner_front_joint
[ign gazebo-1] [INFO] [1790604273.353514208] [amir1.gz_ros2_control]: Joint 'right_inner_front_joint'is mimicking joint 'Gripper' with multiplier: 1
[ign gazebo-1] [INFO] [1790604273.353521885] [amir1.gz_ros2_control]: 	State:
[ign gazebo-1] [INFO] [1790604273.353525860] [amir1.gz_ros2_control]: 		 position
[ign gazebo-1] [INFO] [1790604273.353535840] [amir1.gz_ros2_control]: 		 velocity
[ign gazebo-1] [INFO] [1790604273.353541085] [amir1.gz_ros2_control]: 	Command:
[ign gazebo-1] [INFO] [1790604273.353546040] [amir1.gz_ros2_control]: 		 position
[ign gazebo-1] [INFO] [1790604273.353561888] [amir1.gz_ros2_control]: Loading joint: left_inner_front_joint
[ign gazebo-1] [INFO] [1790604273.353566721] [amir1.gz_ros2_control]: Joint 'left_inner_front_joint'is mimicking joint 'Gripper' with multiplier: 1
[ign gazebo-1] [INFO] [1790604273.353570663] [amir1.gz_ros2_control]: 	State:
[ign gazebo-1] [INFO] [1790604273.353574000] [amir1.gz_ros2_control]: 		 position
[ign gazebo-1] [INFO] [1790604273.353577285] [amir1.gz_ros2_control]: 		 velocity
[ign gazebo-1] [INFO] [1790604273.353581365] [amir1.gz_ros2_control]: 	Command:
[ign gazebo-1] [INFO] [1790604273.353584435] [amir1.gz_ros2_control]: 		 position
[ign gazebo-1] [INFO] [1790604273.353594918] [amir1.gz_ros2_control]: Loading sensor: finger_right_force_sensor
[ign gazebo-1] [INFO] [1790604273.353598823] [amir1.gz_ros2_control]: 	State:
[ign gazebo-1] [WARN] [1790604273.353602407] [amir1.gz_ros2_control]: ForceTorque sensor 'finger_right_force_sensor' not found in hardware_info, skipping.
[ign gazebo-1] [INFO] [1790604273.353606037] [amir1.gz_ros2_control]: Loading sensor: finger_left_force_sensor
[ign gazebo-1] [INFO] [1790604273.353609905] [amir1.gz_ros2_control]: 	State:
[ign gazebo-1] [WARN] [1790604273.353613272] [amir1.gz_ros2_control]: ForceTorque sensor 'finger_left_force_sensor' not found in hardware_info, skipping.
[ign gazebo-1] [INFO] [1790604273.353616932] [resource_manager]: Initialize hardware 'AmirGazeboSystem' 
[ign gazebo-1] [INFO] [1790604273.353629198] [resource_manager]: Successful initialization of hardware 'AmirGazeboSystem'
[ign gazebo-1] [INFO] [1790604273.353678476] [resource_manager]: 'configure' hardware 'AmirGazeboSystem' 
[ign gazebo-1] [INFO] [1790604273.353681225] [amir1.gz_ros2_control]: System Successfully configured!
[ign gazebo-1] [INFO] [1790604273.353689965] [resource_manager]: Successful 'configure' of hardware 'AmirGazeboSystem'
[ign gazebo-1] [INFO] [1790604273.353700142] [resource_manager]: 'activate' hardware 'AmirGazeboSystem' 
[ign gazebo-1] [INFO] [1790604273.353703562] [resource_manager]: Successful 'activate' of hardware 'AmirGazeboSystem'
[ign gazebo-1] [INFO] [1790604273.353706320] [amir1.gz_ros2_control]: Loading controller_manager
[INFO] [spawner-10]: process started with pid [37070]
[spawner-10] [INFO] [1790604275.244784580] [amir1.spawner_joint_state_broadcaster]: waiting for service /amir1/controller_manager/list_controllers to become available...
[ign gazebo-1] [INFO] [1790604276.999848212] [amir1.controller_manager]: Loading controller 'joint_state_broadcaster'
[spawner-10] [INFO] [1790604277.021933668] [amir1.spawner_joint_state_broadcaster]: [94mLoaded [1mjoint_state_broadcaster[0m
[ign gazebo-1] [INFO] [1790604277.023313931] [amir1.controller_manager]: Configuring controller 'joint_state_broadcaster'
[ign gazebo-1] [INFO] [1790604277.023499309] [amir1.joint_state_broadcaster]: 'joints' or 'interfaces' parameter is empty. All available state interfaces will be published
[spawner-10] [INFO] [1790604277.041823371] [amir1.spawner_joint_state_broadcaster]: [92mConfigured and activated [1mjoint_state_broadcaster[0m
[INFO] [spawner-10]: process has finished cleanly [pid 37070]
[INFO] [spawner-11]: process started with pid [37110]
[spawner-11] [INFO] [1790604277.416957666] [amir1.spawner_arm_controller]: [96mSetting controller param "type" to "joint_trajectory_controller/JointTrajectoryController" for [1marm_controller[0m
[spawner-11] [INFO] [1790604277.421155993] [amir1.spawner_arm_controller]: [96mSetting controller param "params_file" to "['/home/dars5070/ros2_humble_ws/install/amir_gazebo/share/amir_gazebo/config/arm_controllers.yaml']" for [1marm_controller[0m
[ign gazebo-1] [INFO] [1790604277.424736406] [amir1.controller_manager]: Loading controller 'arm_controller'
[ign gazebo-1] [WARN] [1790604277.433176845] [amir1.arm_controller]: [Deprecated]: "allow_nonzero_velocity_at_trajectory_end" is set to true. The default behavior will change to false.
[spawner-11] [INFO] [1790604277.434430254] [amir1.spawner_arm_controller]: [94mLoaded [1marm_controller[0m
[ign gazebo-1] [INFO] [1790604277.434986821] [amir1.controller_manager]: Configuring controller 'arm_controller'
[ign gazebo-1] [INFO] [1790604277.435077336] [amir1.arm_controller]: No specific joint names are used for command interfaces. Using 'joints' parameter.
[ign gazebo-1] [INFO] [1790604277.435087684] [amir1.arm_controller]: Command interfaces are [position] and state interfaces are [position velocity].
[ign gazebo-1] [INFO] [1790604277.435100583] [amir1.arm_controller]: Using 'splines' interpolation method.
[ign gazebo-1] [INFO] [1790604277.435684903] [amir1.arm_controller]: Controller state will be published at 100.00 Hz.
[ign gazebo-1] [INFO] [1790604277.436712684] [amir1.arm_controller]: Goals with partial set of joints are allowed
[ign gazebo-1] [INFO] [1790604277.436725384] [amir1.arm_controller]: Action status changes will be monitored at 20.00 Hz.
[spawner-11] [INFO] [1790604277.450220812] [amir1.spawner_arm_controller]: [92mConfigured and activated [1marm_controller[0m
[INFO] [spawner-11]: process has finished cleanly [pid 37110]
[INFO] [spawner-12]: process started with pid [37149]
[spawner-12] [INFO] [1790604278.131860375] [amir1.spawner_mecanum_drive_controller]: waiting for service /amir1/controller_manager/list_controllers to become available...
[ign gazebo-1] [INFO] [1790604279.384916256] [amir1.controller_manager]: Loading controller 'mecanum_drive_controller'
[spawner-12] [INFO] [1790604279.398798188] [amir1.spawner_mecanum_drive_controller]: [94mLoaded [1mmecanum_drive_controller[0m
[ign gazebo-1] [INFO] [1790604279.400360874] [amir1.controller_manager]: Configuring controller 'mecanum_drive_controller'
[ign gazebo-1] [INFO] [1790604279.404784931] [amir1.mecanum_drive_controller]: MecanumDriveController configured successfully
[spawner-12] [INFO] [1790604279.414095508] [amir1.spawner_mecanum_drive_controller]: [92mConfigured and activated [1mmecanum_drive_controller[0m
[INFO] [spawner-12]: process has finished cleanly [pid 37149]
[INFO] [robot_state_publisher-13]: process started with pid [37213]
[INFO] [create-14]: process started with pid [37215]
[INFO] [parameter_bridge-15]: process started with pid [37217]
[INFO] [parameter_bridge-16]: process started with pid [37219]
[INFO] [parameter_bridge-17]: process started with pid [37221]
[INFO] [rover_twist_relay_ign.py-18]: process started with pid [37223]
[INFO] [spawner-19]: process started with pid [37225]
[create-14] [INFO] [1790604279.735288418] [amir2.ros_gz_sim]: Requesting list of world names.
[parameter_bridge-15] [INFO] [1790604279.748621719] [amir2.odom_bridge]: Creating GZ->ROS Bridge: [/amir2/odom (gz.msgs.Odometry) -> /amir2/odom (nav_msgs/msg/Odometry)] (Lazy 0)
[parameter_bridge-15] [INFO] [1790604279.751422252] [amir2.odom_bridge]: Creating GZ->ROS Bridge: [/amir2/odom/tf (gz.msgs.Pose_V) -> /amir2/odom/tf (tf2_msgs/msg/TFMessage)] (Lazy 0)
[parameter_bridge-17] [INFO] [1790604279.751895261] [amir2.finger_contact_bridge]: Creating GZ->ROS Bridge: [/world/cooperative_transport_friction/model/amir2/link/finger_left_1/sensor/finger_left_contact_sensor/contact (gz.msgs.Contacts) -> /world/cooperative_transport_friction/model/amir2/link/finger_left_1/sensor/finger_left_contact_sensor/contact (ros_gz_interfaces/msg/Contacts)] (Lazy 0)
[robot_state_publisher-13] [INFO] [1790604279.751931194] [amir2.robot_state_publisher]: got segment back_left_arm
[robot_state_publisher-13] [INFO] [1790604279.752024252] [amir2.robot_state_publisher]: got segment back_left_wheel_1
[robot_state_publisher-13] [INFO] [1790604279.752029774] [amir2.robot_state_publisher]: got segment back_right_arm
[robot_state_publisher-13] [INFO] [1790604279.752032791] [amir2.robot_state_publisher]: got segment back_right_wheel_1
[robot_state_publisher-13] [INFO] [1790604279.752035417] [amir2.robot_state_publisher]: got segment base_footprint
[robot_state_publisher-13] [INFO] [1790604279.752038908] [amir2.robot_state_publisher]: got segment base_link
[robot_state_publisher-13] [INFO] [1790604279.752043437] [amir2.robot_state_publisher]: got segment finger_left_1
[robot_state_publisher-13] [INFO] [1790604279.752046426] [amir2.robot_state_publisher]: got segment finger_right_1
[robot_state_publisher-13] [INFO] [1790604279.752048928] [amir2.robot_state_publisher]: got segment front_left_arm
[robot_state_publisher-13] [INFO] [1790604279.752051348] [amir2.robot_state_publisher]: got segment front_left_wheel_1
[robot_state_publisher-13] [INFO] [1790604279.752054913] [amir2.robot_state_publisher]: got segment front_lrf_link
[robot_state_publisher-13] [INFO] [1790604279.752058572] [amir2.robot_state_publisher]: got segment front_right_arm
[robot_state_publisher-13] [INFO] [1790604279.752065306] [amir2.robot_state_publisher]: got segment front_right_wheel_1
[robot_state_publisher-13] [INFO] [1790604279.752069660] [amir2.robot_state_publisher]: got segment gripper_base_1
[robot_state_publisher-13] [INFO] [1790604279.752073318] [amir2.robot_state_publisher]: got segment inner_link_left_1
[robot_state_publisher-13] [INFO] [1790604279.752076964] [amir2.robot_state_publisher]: got segment inner_link_right_1
[robot_state_publisher-13] [INFO] [1790604279.752080638] [amir2.robot_state_publisher]: got segment link0_1
[robot_state_publisher-13] [INFO] [1790604279.752084515] [amir2.robot_state_publisher]: got segment link1_1
[robot_state_publisher-13] [INFO] [1790604279.752088360] [amir2.robot_state_publisher]: got segment link2_1
[robot_state_publisher-13] [INFO] [1790604279.752091938] [amir2.robot_state_publisher]: got segment link3_1
[robot_state_publisher-13] [INFO] [1790604279.752095866] [amir2.robot_state_publisher]: got segment link4_1
[robot_state_publisher-13] [INFO] [1790604279.752099886] [amir2.robot_state_publisher]: got segment outer_link_left_1
[robot_state_publisher-13] [INFO] [1790604279.752102645] [amir2.robot_state_publisher]: got segment outer_link_right_1
[robot_state_publisher-13] [INFO] [1790604279.752115411] [amir2.robot_state_publisher]: got segment tcp_link
[parameter_bridge-16] [INFO] [1790604279.752413521] [amir2.finger_ft_bridge]: Creating GZ->ROS Bridge: [/amir2/finger_left_wrench (gz.msgs.Wrench) -> /amir2/finger_left_wrench (geometry_msgs/msg/WrenchStamped)] (Lazy 0)
[parameter_bridge-17] [INFO] [1790604279.754532117] [amir2.finger_contact_bridge]: Creating GZ->ROS Bridge: [/world/cooperative_transport_friction/model/amir2/link/finger_left_1/sensor/finger_left_contact_sensor_1/contact (gz.msgs.Contacts) -> /world/cooperative_transport_friction/model/amir2/link/finger_left_1/sensor/finger_left_contact_sensor_1/contact (ros_gz_interfaces/msg/Contacts)] (Lazy 0)
[parameter_bridge-16] [INFO] [1790604279.754672313] [amir2.finger_ft_bridge]: Creating GZ->ROS Bridge: [/amir2/finger_right_wrench (gz.msgs.Wrench) -> /amir2/finger_right_wrench (geometry_msgs/msg/WrenchStamped)] (Lazy 0)
[parameter_bridge-17] [INFO] [1790604279.755358247] [amir2.finger_contact_bridge]: Creating GZ->ROS Bridge: [/world/cooperative_transport_friction/model/amir2/link/finger_left_1/sensor/finger_left_contact_sensor_2/contact (gz.msgs.Contacts) -> /world/cooperative_transport_friction/model/amir2/link/finger_left_1/sensor/finger_left_contact_sensor_2/contact (ros_gz_interfaces/msg/Contacts)] (Lazy 0)
[parameter_bridge-17] [INFO] [1790604279.755643816] [amir2.finger_contact_bridge]: Creating GZ->ROS Bridge: [/world/cooperative_transport_friction/model/amir2/link/finger_left_1/sensor/finger_left_contact_sensor_3/contact (gz.msgs.Contacts) -> /world/cooperative_transport_friction/model/amir2/link/finger_left_1/sensor/finger_left_contact_sensor_3/contact (ros_gz_interfaces/msg/Contacts)] (Lazy 0)
[parameter_bridge-17] [INFO] [1790604279.755886348] [amir2.finger_contact_bridge]: Creating GZ->ROS Bridge: [/world/cooperative_transport_friction/model/amir2/link/finger_left_1/sensor/finger_left_contact_sensor_4/contact (gz.msgs.Contacts) -> /world/cooperative_transport_friction/model/amir2/link/finger_left_1/sensor/finger_left_contact_sensor_4/contact (ros_gz_interfaces/msg/Contacts)] (Lazy 0)
[parameter_bridge-17] [INFO] [1790604279.756209007] [amir2.finger_contact_bridge]: Creating GZ->ROS Bridge: [/world/cooperative_transport_friction/model/amir2/link/finger_left_1/sensor/finger_left_contact_sensor_5/contact (gz.msgs.Contacts) -> /world/cooperative_transport_friction/model/amir2/link/finger_left_1/sensor/finger_left_contact_sensor_5/contact (ros_gz_interfaces/msg/Contacts)] (Lazy 0)
[parameter_bridge-17] [INFO] [1790604279.756611559] [amir2.finger_contact_bridge]: Creating GZ->ROS Bridge: [/world/cooperative_transport_friction/model/amir2/link/finger_left_1/sensor/finger_left_contact_sensor_6/contact (gz.msgs.Contacts) -> /world/cooperative_transport_friction/model/amir2/link/finger_left_1/sensor/finger_left_contact_sensor_6/contact (ros_gz_interfaces/msg/Contacts)] (Lazy 0)
[parameter_bridge-17] [INFO] [1790604279.757005502] [amir2.finger_contact_bridge]: Creating GZ->ROS Bridge: [/world/cooperative_transport_friction/model/amir2/link/finger_left_1/sensor/finger_left_contact_sensor_7/contact (gz.msgs.Contacts) -> /world/cooperative_transport_friction/model/amir2/link/finger_left_1/sensor/finger_left_contact_sensor_7/contact (ros_gz_interfaces/msg/Contacts)] (Lazy 0)
[parameter_bridge-17] [INFO] [1790604279.757267238] [amir2.finger_contact_bridge]: Creating GZ->ROS Bridge: [/world/cooperative_transport_friction/model/amir2/link/finger_left_1/sensor/finger_left_contact_sensor_8/contact (gz.msgs.Contacts) -> /world/cooperative_transport_friction/model/amir2/link/finger_left_1/sensor/finger_left_contact_sensor_8/contact (ros_gz_interfaces/msg/Contacts)] (Lazy 0)
[parameter_bridge-17] [INFO] [1790604279.757700611] [amir2.finger_contact_bridge]: Creating GZ->ROS Bridge: [/world/cooperative_transport_friction/model/amir2/link/finger_right_1/sensor/finger_right_contact_sensor/contact (gz.msgs.Contacts) -> /world/cooperative_transport_friction/model/amir2/link/finger_right_1/sensor/finger_right_contact_sensor/contact (ros_gz_interfaces/msg/Contacts)] (Lazy 0)
[parameter_bridge-17] [INFO] [1790604279.758338932] [amir2.finger_contact_bridge]: Creating GZ->ROS Bridge: [/world/cooperative_transport_friction/model/amir2/link/finger_right_1/sensor/finger_right_contact_sensor_1/contact (gz.msgs.Contacts) -> /world/cooperative_transport_friction/model/amir2/link/finger_right_1/sensor/finger_right_contact_sensor_1/contact (ros_gz_interfaces/msg/Contacts)] (Lazy 0)
[parameter_bridge-17] [INFO] [1790604279.758831019] [amir2.finger_contact_bridge]: Creating GZ->ROS Bridge: [/world/cooperative_transport_friction/model/amir2/link/finger_right_1/sensor/finger_right_contact_sensor_2/contact (gz.msgs.Contacts) -> /world/cooperative_transport_friction/model/amir2/link/finger_right_1/sensor/finger_right_contact_sensor_2/contact (ros_gz_interfaces/msg/Contacts)] (Lazy 0)
[parameter_bridge-17] [INFO] [1790604279.759226850] [amir2.finger_contact_bridge]: Creating GZ->ROS Bridge: [/world/cooperative_transport_friction/model/amir2/link/finger_right_1/sensor/finger_right_contact_sensor_3/contact (gz.msgs.Contacts) -> /world/cooperative_transport_friction/model/amir2/link/finger_right_1/sensor/finger_right_contact_sensor_3/contact (ros_gz_interfaces/msg/Contacts)] (Lazy 0)
[parameter_bridge-17] [INFO] [1790604279.759659026] [amir2.finger_contact_bridge]: Creating GZ->ROS Bridge: [/world/cooperative_transport_friction/model/amir2/link/finger_right_1/sensor/finger_right_contact_sensor_4/contact (gz.msgs.Contacts) -> /world/cooperative_transport_friction/model/amir2/link/finger_right_1/sensor/finger_right_contact_sensor_4/contact (ros_gz_interfaces/msg/Contacts)] (Lazy 0)
[parameter_bridge-17] [INFO] [1790604279.760141808] [amir2.finger_contact_bridge]: Creating GZ->ROS Bridge: [/world/cooperative_transport_friction/model/amir2/link/finger_right_1/sensor/finger_right_contact_sensor_5/contact (gz.msgs.Contacts) -> /world/cooperative_transport_friction/model/amir2/link/finger_right_1/sensor/finger_right_contact_sensor_5/contact (ros_gz_interfaces/msg/Contacts)] (Lazy 0)
[parameter_bridge-17] [INFO] [1790604279.760463092] [amir2.finger_contact_bridge]: Creating GZ->ROS Bridge: [/world/cooperative_transport_friction/model/amir2/link/finger_right_1/sensor/finger_right_contact_sensor_6/contact (gz.msgs.Contacts) -> /world/cooperative_transport_friction/model/amir2/link/finger_right_1/sensor/finger_right_contact_sensor_6/contact (ros_gz_interfaces/msg/Contacts)] (Lazy 0)
[parameter_bridge-17] [INFO] [1790604279.760803287] [amir2.finger_contact_bridge]: Creating GZ->ROS Bridge: [/world/cooperative_transport_friction/model/amir2/link/finger_right_1/sensor/finger_right_contact_sensor_7/contact (gz.msgs.Contacts) -> /world/cooperative_transport_friction/model/amir2/link/finger_right_1/sensor/finger_right_contact_sensor_7/contact (ros_gz_interfaces/msg/Contacts)] (Lazy 0)
[parameter_bridge-17] [INFO] [1790604279.761154224] [amir2.finger_contact_bridge]: Creating GZ->ROS Bridge: [/world/cooperative_transport_friction/model/amir2/link/finger_right_1/sensor/finger_right_contact_sensor_8/contact (gz.msgs.Contacts) -> /world/cooperative_transport_friction/model/amir2/link/finger_right_1/sensor/finger_right_contact_sensor_8/contact (ros_gz_interfaces/msg/Contacts)] (Lazy 0)
[rover_twist_relay_ign.py-18] [INFO] [1790604279.922518396] [amir2.rover_twist_relay_ign]: rover_twist_relay_ign: /rover_twist → /mecanum_drive_controller/reference_unstamped
[create-14] [INFO] [1790604279.941264888] [amir2.ros_gz_sim]: Requested creation of entity.
[create-14] [INFO] [1790604279.941293272] [amir2.ros_gz_sim]: OK creation of entity.
[spawner-19] [INFO] [1790604279.990977968] [amir1.spawner_gripper_controller]: [96mSetting controller param "type" to "position_controllers/GripperActionController" for [1mgripper_controller[0m
[spawner-19] [INFO] [1790604279.995432449] [amir1.spawner_gripper_controller]: [96mSetting controller param "params_file" to "['/home/dars5070/ros2_humble_ws/install/amir_gazebo/share/amir_gazebo/config/arm_controllers.yaml']" for [1mgripper_controller[0m
[ign gazebo-1] [INFO] [1790604279.998751972] [amir1.controller_manager]: Loading controller 'gripper_controller'
[ign gazebo-1] [INFO] [1790604280.047722128] [GazeboSimROS2ControlPlugin]: robot_param_node is robot_state_publisher
[ign gazebo-1] [INFO] [1790604280.047742847] [GazeboSimROS2ControlPlugin]: robot_param_node is robot_description
[ign gazebo-1] [INFO] [1790604280.057229429] [amir2.gz_ros2_control]: connected to service!! /amir2/robot_state_publisher asking for robot_description
[ign gazebo-1] [INFO] [1790604280.057688683] [amir2.gz_ros2_control]: Received URDF from param server
[ign gazebo-1] [INFO] [1790604280.061069480] [amir2.gz_ros2_control]: The position_proportional_gain has been set to: 0.1
[ign gazebo-1] [INFO] [1790604280.061121224] [amir2.gz_ros2_control]: Loading joint: front_left_joint
[ign gazebo-1] [INFO] [1790604280.061126969] [amir2.gz_ros2_control]: 	State:
[ign gazebo-1] [INFO] [1790604280.061130830] [amir2.gz_ros2_control]: 		 position
[ign gazebo-1] [INFO] [1790604280.061144828] [amir2.gz_ros2_control]: 		 velocity
[ign gazebo-1] [INFO] [1790604280.061149557] [amir2.gz_ros2_control]: 	Command:
[ign gazebo-1] [INFO] [1790604280.061154070] [amir2.gz_ros2_control]: 		 velocity
[ign gazebo-1] [INFO] [1790604280.061181959] [amir2.gz_ros2_control]: Loading joint: front_right_joint
[ign gazebo-1] [INFO] [1790604280.061190500] [amir2.gz_ros2_control]: 	State:
[ign gazebo-1] [INFO] [1790604280.061194205] [amir2.gz_ros2_control]: 		 position
[ign gazebo-1] [INFO] [1790604280.061197370] [amir2.gz_ros2_control]: 		 velocity
[ign gazebo-1] [INFO] [1790604280.061200260] [amir2.gz_ros2_control]: 	Command:
[ign gazebo-1] [INFO] [1790604280.061203066] [amir2.gz_ros2_control]: 		 velocity
[ign gazebo-1] [INFO] [1790604280.061220549] [amir2.gz_ros2_control]: Loading joint: back_left_joint
[ign gazebo-1] [INFO] [1790604280.061223957] [amir2.gz_ros2_control]: 	State:
[ign gazebo-1] [INFO] [1790604280.061226722] [amir2.gz_ros2_control]: 		 position
[ign gazebo-1] [INFO] [1790604280.061229700] [amir2.gz_ros2_control]: 		 velocity
[ign gazebo-1] [INFO] [1790604280.061232419] [amir2.gz_ros2_control]: 	Command:
[ign gazebo-1] [INFO] [1790604280.061235299] [amir2.gz_ros2_control]: 		 velocity
[ign gazebo-1] [INFO] [1790604280.061250501] [amir2.gz_ros2_control]: Loading joint: back_right_joint
[ign gazebo-1] [INFO] [1790604280.061255022] [amir2.gz_ros2_control]: 	State:
[ign gazebo-1] [INFO] [1790604280.061257798] [amir2.gz_ros2_control]: 		 position
[ign gazebo-1] [INFO] [1790604280.061260728] [amir2.gz_ros2_control]: 		 velocity
[ign gazebo-1] [INFO] [1790604280.061263586] [amir2.gz_ros2_control]: 	Command:
[ign gazebo-1] [INFO] [1790604280.061266400] [amir2.gz_ros2_control]: 		 velocity
[ign gazebo-1] [INFO] [1790604280.061276876] [amir2.gz_ros2_control]: Loading sensor: finger_right_force_sensor
[ign gazebo-1] [INFO] [1790604280.061281175] [amir2.gz_ros2_control]: Topic name: /amir1/finger_right_wrench
[ign gazebo-1] [INFO] [1790604280.061284305] [amir2.gz_ros2_control]: 	State:
[ign gazebo-1] [WARN] [1790604280.061287867] [amir2.gz_ros2_control]: ForceTorque sensor 'finger_right_force_sensor' not found in hardware_info, skipping.
[ign gazebo-1] [INFO] [1790604280.061291778] [amir2.gz_ros2_control]: Loading sensor: finger_left_force_sensor
[ign gazebo-1] [INFO] [1790604280.061295409] [amir2.gz_ros2_control]: Topic name: /amir1/finger_left_wrench
[ign gazebo-1] [INFO] [1790604280.061298023] [amir2.gz_ros2_control]: 	State:
[ign gazebo-1] [WARN] [1790604280.061300785] [amir2.gz_ros2_control]: ForceTorque sensor 'finger_left_force_sensor' not found in hardware_info, skipping.
[ign gazebo-1] [INFO] [1790604280.061303916] [amir2.gz_ros2_control]: Loading sensor: finger_right_force_sensor
[ign gazebo-1] [INFO] [1790604280.061306763] [amir2.gz_ros2_control]: 	State:
[ign gazebo-1] [WARN] [1790604280.061309548] [amir2.gz_ros2_control]: ForceTorque sensor 'finger_right_force_sensor' not found in hardware_info, skipping.
[ign gazebo-1] [INFO] [1790604280.061312399] [amir2.gz_ros2_control]: Loading sensor: finger_left_force_sensor
[ign gazebo-1] [INFO] [1790604280.061315149] [amir2.gz_ros2_control]: 	State:
[ign gazebo-1] [WARN] [1790604280.061317916] [amir2.gz_ros2_control]: ForceTorque sensor 'finger_left_force_sensor' not found in hardware_info, skipping.
[ign gazebo-1] [INFO] [1790604280.061321838] [resource_manager]: Initialize hardware 'MecanumSystem' 
[ign gazebo-1] [INFO] [1790604280.061335015] [resource_manager]: Successful initialization of hardware 'MecanumSystem'
[ign gazebo-1] [INFO] [1790604280.061367667] [resource_manager]: 'configure' hardware 'MecanumSystem' 
[ign gazebo-1] [INFO] [1790604280.061369791] [amir2.gz_ros2_control]: System Successfully configured!
[ign gazebo-1] [INFO] [1790604280.061374350] [resource_manager]: Successful 'configure' of hardware 'MecanumSystem'
[ign gazebo-1] [INFO] [1790604280.061377966] [resource_manager]: 'activate' hardware 'MecanumSystem' 
[ign gazebo-1] [INFO] [1790604280.061380860] [resource_manager]: Successful 'activate' of hardware 'MecanumSystem'
[ign gazebo-1] [INFO] [1790604280.061424443] [amir2.gz_ros2_control]: The position_proportional_gain has been set to: 0.1
[ign gazebo-1] [INFO] [1790604280.061435577] [amir2.gz_ros2_control]: Loading joint: Joint_1
[ign gazebo-1] [INFO] [1790604280.061439459] [amir2.gz_ros2_control]: 	State:
[ign gazebo-1] [INFO] [1790604280.061442406] [amir2.gz_ros2_control]: 		 position
[ign gazebo-1] [INFO] [1790604280.061445661] [amir2.gz_ros2_control]: 			 found initial value: 0.000000
[ign gazebo-1] [INFO] [1790604280.061449712] [amir2.gz_ros2_control]: 		 velocity
[ign gazebo-1] [INFO] [1790604280.061452810] [amir2.gz_ros2_control]: 	Command:
[ign gazebo-1] [INFO] [1790604280.061455681] [amir2.gz_ros2_control]: 		 position
[ign gazebo-1] [INFO] [1790604280.061468262] [amir2.gz_ros2_control]: Loading joint: Joint_2
[ign gazebo-1] [INFO] [1790604280.061471638] [amir2.gz_ros2_control]: 	State:
[ign gazebo-1] [INFO] [1790604280.061474425] [amir2.gz_ros2_control]: 		 position
[ign gazebo-1] [INFO] [1790604280.061477690] [amir2.gz_ros2_control]: 			 found initial value: 1.400000
[ign gazebo-1] [INFO] [1790604280.061481046] [amir2.gz_ros2_control]: 		 velocity
[ign gazebo-1] [INFO] [1790604280.061484089] [amir2.gz_ros2_control]: 	Command:
[ign gazebo-1] [INFO] [1790604280.061487008] [amir2.gz_ros2_control]: 		 position
[ign gazebo-1] [INFO] [1790604280.061503629] [amir2.gz_ros2_control]: Loading joint: Joint_3
[ign gazebo-1] [INFO] [1790604280.061507251] [amir2.gz_ros2_control]: 	State:
[ign gazebo-1] [INFO] [1790604280.061510295] [amir2.gz_ros2_control]: 		 position
[ign gazebo-1] [INFO] [1790604280.061513121] [amir2.gz_ros2_control]: 			 found initial value: -1.600000
[ign gazebo-1] [INFO] [1790604280.061516559] [amir2.gz_ros2_control]: 		 velocity
[ign gazebo-1] [INFO] [1790604280.061519238] [amir2.gz_ros2_control]: 	Command:
[ign gazebo-1] [INFO] [1790604280.061521890] [amir2.gz_ros2_control]: 		 position
[ign gazebo-1] [INFO] [1790604280.061535168] [amir2.gz_ros2_control]: Loading joint: Joint_4
[ign gazebo-1] [INFO] [1790604280.061538445] [amir2.gz_ros2_control]: 	State:
[ign gazebo-1] [INFO] [1790604280.061541129] [amir2.gz_ros2_control]: 		 position
[ign gazebo-1] [INFO] [1790604280.061543780] [amir2.gz_ros2_control]: 			 found initial value: 0.200000
[ign gazebo-1] [INFO] [1790604280.061547237] [amir2.gz_ros2_control]: 		 velocity
[ign gazebo-1] [INFO] [1790604280.061549877] [amir2.gz_ros2_control]: 	Command:
[ign gazebo-1] [INFO] [1790604280.061555141] [amir2.gz_ros2_control]: 		 position
[ign gazebo-1] [INFO] [1790604280.061566921] [amir2.gz_ros2_control]: Loading joint: Joint_5
[ign gazebo-1] [INFO] [1790604280.061569700] [amir2.gz_ros2_control]: 	State:
[ign gazebo-1] [INFO] [1790604280.061572484] [amir2.gz_ros2_control]: 		 position
[ign gazebo-1] [INFO] [1790604280.061579746] [amir2.gz_ros2_control]: 			 found initial value: 1.570796
[ign gazebo-1] [INFO] [1790604280.061583057] [amir2.gz_ros2_control]: 		 velocity
[ign gazebo-1] [INFO] [1790604280.061585710] [amir2.gz_ros2_control]: 	Command:
[ign gazebo-1] [INFO] [1790604280.061588396] [amir2.gz_ros2_control]: 		 position
[ign gazebo-1] [INFO] [1790604280.061599776] [amir2.gz_ros2_control]: Loading joint: Gripper
[ign gazebo-1] [INFO] [1790604280.061603161] [amir2.gz_ros2_control]: 	State:
[ign gazebo-1] [INFO] [1790604280.061605941] [amir2.gz_ros2_control]: 		 position
[ign gazebo-1] [INFO] [1790604280.061608593] [amir2.gz_ros2_control]: 			 found initial value: -1.000000
[ign gazebo-1] [INFO] [1790604280.061611907] [amir2.gz_ros2_control]: 		 velocity
[ign gazebo-1] [INFO] [1790604280.061614516] [amir2.gz_ros2_control]: 	Command:
[ign gazebo-1] [INFO] [1790604280.061617149] [amir2.gz_ros2_control]: 		 position
[ign gazebo-1] [INFO] [1790604280.061627797] [amir2.gz_ros2_control]: Loading joint: left_inner_back_joint
[ign gazebo-1] [INFO] [1790604280.061632991] [amir2.gz_ros2_control]: Joint 'left_inner_back_joint'is mimicking joint 'Gripper' with multiplier: 1
[ign gazebo-1] [INFO] [1790604280.061636645] [amir2.gz_ros2_control]: 	State:
[ign gazebo-1] [INFO] [1790604280.061639440] [amir2.gz_ros2_control]: 		 position
[ign gazebo-1] [INFO] [1790604280.061642260] [amir2.gz_ros2_control]: 		 velocity
[ign gazebo-1] [INFO] [1790604280.061644988] [amir2.gz_ros2_control]: 	Command:
[ign gazebo-1] [INFO] [1790604280.061650925] [amir2.gz_ros2_control]: 		 position
[ign gazebo-1] [INFO] [1790604280.061661692] [amir2.gz_ros2_control]: Loading joint: right_outer_back_joint
[ign gazebo-1] [INFO] [1790604280.061665875] [amir2.gz_ros2_control]: Joint 'right_outer_back_joint'is mimicking joint 'Gripper' with multiplier: 1
[ign gazebo-1] [INFO] [1790604280.061668800] [amir2.gz_ros2_control]: 	State:
[ign gazebo-1] [INFO] [1790604280.061671760] [amir2.gz_ros2_control]: 		 position
[ign gazebo-1] [INFO] [1790604280.061674984] [amir2.gz_ros2_control]: 		 velocity
[ign gazebo-1] [INFO] [1790604280.061678140] [amir2.gz_ros2_control]: 	Command:
[ign gazebo-1] [INFO] [1790604280.061680887] [amir2.gz_ros2_control]: 		 position
[ign gazebo-1] [INFO] [1790604280.061692898] [amir2.gz_ros2_control]: Loading joint: left_outer_back_joint
[ign gazebo-1] [INFO] [1790604280.061699731] [amir2.gz_ros2_control]: Joint 'left_outer_back_joint'is mimicking joint 'Gripper' with multiplier: 1
[ign gazebo-1] [INFO] [1790604280.061704771] [amir2.gz_ros2_control]: 	State:
[ign gazebo-1] [INFO] [1790604280.061710866] [amir2.gz_ros2_control]: 		 position
[ign gazebo-1] [INFO] [1790604280.061716259] [amir2.gz_ros2_control]: 		 velocity
[ign gazebo-1] [INFO] [1790604280.061721403] [amir2.gz_ros2_control]: 	Command:
[ign gazebo-1] [INFO] [1790604280.061725550] [amir2.gz_ros2_control]: 		 position
[ign gazebo-1] [INFO] [1790604280.061737433] [amir2.gz_ros2_control]: Loading joint: right_inner_front_joint
[ign gazebo-1] [INFO] [1790604280.061744512] [amir2.gz_ros2_control]: Joint 'right_inner_front_joint'is mimicking joint 'Gripper' with multiplier: 1
[ign gazebo-1] [INFO] [1790604280.061752307] [amir2.gz_ros2_control]: 	State:
[ign gazebo-1] [INFO] [1790604280.061755048] [amir2.gz_ros2_control]: 		 position
[ign gazebo-1] [INFO] [1790604280.061757959] [amir2.gz_ros2_control]: 		 velocity
[ign gazebo-1] [INFO] [1790604280.061760688] [amir2.gz_ros2_control]: 	Command:
[ign gazebo-1] [INFO] [1790604280.061770647] [amir2.gz_ros2_control]: 		 position
[ign gazebo-1] [INFO] [1790604280.061783197] [amir2.gz_ros2_control]: Loading joint: left_inner_front_joint
[ign gazebo-1] [INFO] [1790604280.061786890] [amir2.gz_ros2_control]: Joint 'left_inner_front_joint'is mimicking joint 'Gripper' with multiplier: 1
[ign gazebo-1] [INFO] [1790604280.061789770] [amir2.gz_ros2_control]: 	State:
[ign gazebo-1] [INFO] [1790604280.061792484] [amir2.gz_ros2_control]: 		 position
[ign gazebo-1] [INFO] [1790604280.061795251] [amir2.gz_ros2_control]: 		 velocity
[ign gazebo-1] [INFO] [1790604280.061797961] [amir2.gz_ros2_control]: 	Command:
[ign gazebo-1] [INFO] [1790604280.061800547] [amir2.gz_ros2_control]: 		 position
[ign gazebo-1] [INFO] [1790604280.061806919] [amir2.gz_ros2_control]: Loading sensor: finger_right_force_sensor
[ign gazebo-1] [INFO] [1790604280.061810407] [amir2.gz_ros2_control]: Topic name: /amir1/finger_right_wrench
[ign gazebo-1] [INFO] [1790604280.061813189] [amir2.gz_ros2_control]: 	State:
[ign gazebo-1] [WARN] [1790604280.061817971] [amir2.gz_ros2_control]: ForceTorque sensor 'finger_right_force_sensor' not found in hardware_info, skipping.
[ign gazebo-1] [INFO] [1790604280.061821210] [amir2.gz_ros2_control]: Loading sensor: finger_left_force_sensor
[ign gazebo-1] [INFO] [1790604280.061824286] [amir2.gz_ros2_control]: Topic name: /amir1/finger_left_wrench
[ign gazebo-1] [INFO] [1790604280.061827002] [amir2.gz_ros2_control]: 	State:
[ign gazebo-1] [WARN] [1790604280.061829820] [amir2.gz_ros2_control]: ForceTorque sensor 'finger_left_force_sensor' not found in hardware_info, skipping.
[ign gazebo-1] [INFO] [1790604280.061832851] [amir2.gz_ros2_control]: Loading sensor: finger_right_force_sensor
[ign gazebo-1] [INFO] [1790604280.061835578] [amir2.gz_ros2_control]: 	State:
[ign gazebo-1] [WARN] [1790604280.061838390] [amir2.gz_ros2_control]: ForceTorque sensor 'finger_right_force_sensor' not found in hardware_info, skipping.
[ign gazebo-1] [INFO] [1790604280.061841217] [amir2.gz_ros2_control]: Loading sensor: finger_left_force_sensor
[ign gazebo-1] [INFO] [1790604280.061844058] [amir2.gz_ros2_control]: 	State:
[ign gazebo-1] [WARN] [1790604280.061846790] [amir2.gz_ros2_control]: ForceTorque sensor 'finger_left_force_sensor' not found in hardware_info, skipping.
[ign gazebo-1] [INFO] [1790604280.061850862] [resource_manager]: Initialize hardware 'AmirGazeboSystem' 
[ign gazebo-1] [INFO] [1790604280.061872267] [resource_manager]: Successful initialization of hardware 'AmirGazeboSystem'
[ign gazebo-1] [INFO] [1790604280.061887749] [resource_manager]: 'configure' hardware 'AmirGazeboSystem' 
[ign gazebo-1] [INFO] [1790604280.061889771] [amir2.gz_ros2_control]: System Successfully configured!
[ign gazebo-1] [INFO] [1790604280.061893931] [resource_manager]: Successful 'configure' of hardware 'AmirGazeboSystem'
[ign gazebo-1] [INFO] [1790604280.061902272] [resource_manager]: 'activate' hardware 'AmirGazeboSystem' 
[ign gazebo-1] [INFO] [1790604280.061905408] [resource_manager]: Successful 'activate' of hardware 'AmirGazeboSystem'
[ign gazebo-1] [INFO] [1790604280.061907788] [amir2.gz_ros2_control]: Loading controller_manager
[INFO] [create-14]: process has finished cleanly [pid 37215]
[spawner-19] [INFO] [1790604280.106192040] [amir1.spawner_gripper_controller]: [94mLoaded [1mgripper_controller[0m
[ign gazebo-1] [INFO] [1790604280.107236972] [amir1.controller_manager]: Configuring controller 'gripper_controller'
[ign gazebo-1] [INFO] [1790604280.107345474] [amir1.gripper_controller]: Action status changes will be monitored at 20.000000 Hz.
[spawner-19] [INFO] [1790604280.115710552] [amir1.spawner_gripper_controller]: [92mConfigured and activated [1mgripper_controller[0m
[INFO] [spawner-19]: process has finished cleanly [pid 37225]
[INFO] [spawner-20]: process started with pid [37408]
[spawner-20] [INFO] [1790604282.288308871] [amir2.spawner_joint_state_broadcaster]: waiting for service /amir2/controller_manager/list_controllers to become available...
[ign gazebo-1] [INFO] [1790604283.041104263] [amir2.controller_manager]: Loading controller 'joint_state_broadcaster'
[spawner-20] [INFO] [1790604283.067839126] [amir2.spawner_joint_state_broadcaster]: [94mLoaded [1mjoint_state_broadcaster[0m
[ign gazebo-1] [INFO] [1790604283.069859789] [amir2.controller_manager]: Configuring controller 'joint_state_broadcaster'
[ign gazebo-1] [INFO] [1790604283.070033667] [amir2.joint_state_broadcaster]: 'joints' or 'interfaces' parameter is empty. All available state interfaces will be published
[spawner-20] [INFO] [1790604283.082225274] [amir2.spawner_joint_state_broadcaster]: [92mConfigured and activated [1mjoint_state_broadcaster[0m
[INFO] [spawner-20]: process has finished cleanly [pid 37408]
[INFO] [spawner-21]: process started with pid [37447]
[spawner-21] [INFO] [1790604283.434121321] [amir2.spawner_arm_controller]: waiting for service /amir2/controller_manager/list_controllers to become available...
[INFO] [friction_grasp_manager-22]: process started with pid [37484]
[spawner-21] [INFO] [1790604285.943579267] [amir2.spawner_arm_controller]: [96mSetting controller param "type" to "joint_trajectory_controller/JointTrajectoryController" for [1marm_controller[0m
[friction_grasp_manager-22] [INFO] [1790604285.943865089] [friction_grasp_manager]: Friction grasp manager ready; no detachable joint will be used.
[spawner-21] [INFO] [1790604285.951222436] [amir2.spawner_arm_controller]: [96mSetting controller param "params_file" to "['/home/dars5070/ros2_humble_ws/install/amir_gazebo/share/amir_gazebo/config/arm_controllers.yaml']" for [1marm_controller[0m
[ign gazebo-1] [INFO] [1790604285.957891225] [amir2.controller_manager]: Loading controller 'arm_controller'
[INFO] [arm_home_positioner-23]: process started with pid [37520]
[ign gazebo-1] [WARN] [1790604285.970313868] [amir2.arm_controller]: [Deprecated]: "allow_nonzero_velocity_at_trajectory_end" is set to true. The default behavior will change to false.
[spawner-21] [INFO] [1790604285.973823986] [amir2.spawner_arm_controller]: [94mLoaded [1marm_controller[0m
[ign gazebo-1] [INFO] [1790604285.974570808] [amir2.controller_manager]: Configuring controller 'arm_controller'
[ign gazebo-1] [INFO] [1790604285.974668950] [amir2.arm_controller]: No specific joint names are used for command interfaces. Using 'joints' parameter.
[ign gazebo-1] [INFO] [1790604285.974680524] [amir2.arm_controller]: Command interfaces are [position] and state interfaces are [position velocity].
[ign gazebo-1] [INFO] [1790604285.974687675] [amir2.arm_controller]: Using 'splines' interpolation method.
[ign gazebo-1] [INFO] [1790604285.975072895] [amir2.arm_controller]: Controller state will be published at 100.00 Hz.
[ign gazebo-1] [INFO] [1790604285.976074532] [amir2.arm_controller]: Goals with partial set of joints are allowed
[ign gazebo-1] [INFO] [1790604285.976099946] [amir2.arm_controller]: Action status changes will be monitored at 20.00 Hz.
[spawner-21] [INFO] [1790604285.989392033] [amir2.spawner_arm_controller]: [92mConfigured and activated [1marm_controller[0m
[INFO] [spawner-21]: process has finished cleanly [pid 37447]
[INFO] [spawner-24]: process started with pid [37548]
[arm_home_positioner-23] [INFO] [1790604286.304383266] [arm_home_positioner]: Waiting to move all ('amir1', 'amir2') to Q_HOME=[0.0, 1.4, -1.6, 0.2, 1.570796] rad
[spawner-24] [INFO] [1790604286.403911345] [amir2.spawner_mecanum_drive_controller]: waiting for service /amir2/controller_manager/list_controllers to become available...
[ign gazebo-1] [INFO] [1790604286.457128389] [amir1.arm_controller]: Received new action goal
[ign gazebo-1] [INFO] [1790604286.457128770] [amir2.arm_controller]: Received new action goal
[ign gazebo-1] [INFO] [1790604286.457187798] [amir1.arm_controller]: Accepted new action goal
[ign gazebo-1] [INFO] [1790604286.457203255] [amir2.arm_controller]: Accepted new action goal
[arm_home_positioner-23] [INFO] [1790604286.457330968] [arm_home_positioner]: Sent Q_HOME=[0.0, 1.4, -1.6, 0.2, 1.570796] rad goals to all arm controllers
[arm_home_positioner-23] [INFO] [1790604286.496900846] [arm_home_positioner]: All AMIR arm controllers accepted Q_HOME
[ign gazebo-1] [INFO] [1790604286.657200101] [amir2.controller_manager]: Loading controller 'mecanum_drive_controller'
[spawner-24] [INFO] [1790604286.692939288] [amir2.spawner_mecanum_drive_controller]: [94mLoaded [1mmecanum_drive_controller[0m
[ign gazebo-1] [INFO] [1790604286.695587087] [amir2.controller_manager]: Configuring controller 'mecanum_drive_controller'
[ign gazebo-1] [INFO] [1790604286.701306368] [amir2.mecanum_drive_controller]: MecanumDriveController configured successfully
[spawner-24] [INFO] [1790604286.715967736] [amir2.spawner_mecanum_drive_controller]: [92mConfigured and activated [1mmecanum_drive_controller[0m
[INFO] [spawner-24]: process has finished cleanly [pid 37548]
[INFO] [spawner-25]: process started with pid [37598]
[spawner-25] [INFO] [1790604287.457383650] [amir2.spawner_gripper_controller]: waiting for service /amir2/controller_manager/list_controllers to become available...
[spawner-25] [INFO] [1790604288.462028972] [amir2.spawner_gripper_controller]: [96mSetting controller param "type" to "position_controllers/GripperActionController" for [1mgripper_controller[0m
[spawner-25] [INFO] [1790604288.469875181] [amir2.spawner_gripper_controller]: [96mSetting controller param "params_file" to "['/home/dars5070/ros2_humble_ws/install/amir_gazebo/share/amir_gazebo/config/arm_controllers.yaml']" for [1mgripper_controller[0m
[ign gazebo-1] [INFO] [1790604288.474018879] [amir2.controller_manager]: Loading controller 'gripper_controller'
[spawner-25] [INFO] [1790604288.484234297] [amir2.spawner_gripper_controller]: [94mLoaded [1mgripper_controller[0m
[ign gazebo-1] [INFO] [1790604288.485039543] [amir2.controller_manager]: Configuring controller 'gripper_controller'
[ign gazebo-1] [INFO] [1790604288.485089649] [amir2.gripper_controller]: Action status changes will be monitored at 20.000000 Hz.
[spawner-25] [INFO] [1790604288.498351315] [amir2.spawner_gripper_controller]: [92mConfigured and activated [1mgripper_controller[0m
[ign gazebo-1] [INFO] [1790604288.581700522] [amir1.gripper_controller]: Received & accepted new action goal
[ign gazebo-1] [INFO] [1790604288.581814286] [amir2.gripper_controller]: Received & accepted new action goal
[friction_grasp_manager-22] [INFO] [1790604288.582129232] [friction_grasp_manager]: Friction grasp state: OPENING_GRIPPERS
[INFO] [spawner-25]: process has finished cleanly [pid 37598]
[friction_grasp_manager-22] [INFO] [1790604290.607231494] [friction_grasp_manager]: Friction grasp state: READY_TO_GRASP
[INFO] [rotation_controller-26]: process started with pid [37642]
[rotation_controller-26] [INFO] [1790604292.311519763] [cooperative_rotation_controller]: Rotation controller ready: target=30.0 deg, axis=[0.0, 0.0, 1.0]
[ign gazebo-1] [INFO] [1790604294.608694692] [amir1.arm_controller]: Goal reached, success!
[ign gazebo-1] [INFO] [1790604294.608697839] [amir2.arm_controller]: Goal reached, success!
[arm_home_positioner-23] [INFO] [1790604294.685238946] [arm_home_positioner]: All AMIR arms reached Q_HOME
[INFO] [create-27]: process started with pid [37684]
[create-27] [INFO] [1790604298.700225904] [spawn_friction_payload]: Requested creation of entity.
[create-27] [INFO] [1790604298.700489334] [spawn_friction_payload]: OK creation of entity.
[INFO] [create-27]: process has finished cleanly [pid 37684]
[INFO] [grasp_support_remover-28]: process started with pid [37704]
[INFO] [coordinator-29]: process started with pid [37706]
[INFO] [safety_monitor-30]: process started with pid [37708]
[INFO] [slip_monitor-31]: process started with pid [37710]
[INFO] [dual_base_approach-32]: process started with pid [37712]
[grasp_support_remover-28] [INFO] [1790604299.847823826] [grasp_support_remover]: Temporary grasp support will be removed after both configured grasp conditions have been satisfied.
[safety_monitor-30] [INFO] [1790604299.878189943] [safety_monitor]: Safety monitor ready; emergency stop affects both robots.
[coordinator-29] [INFO] [1790604299.910035486] [cooperative_coordinator]: Coordinator ready: /amir1/rover_twist and /amir2/rover_twist
[slip_monitor-31] [INFO] [1790604299.995073292] [slip_monitor]: Payload slip monitor ready.
[dual_base_approach-32] [INFO] [1790604300.022441393] [dual_base_approach]: Waiting for the payload, opening both grippers to their safe maximum, then moving both AMIR bases 0.110 m toward it
[INFO] [pivot_rotation_controller-33]: process started with pid [37857]
[pivot_rotation_controller-33] [INFO] [1790604300.775864666] [pivot_rotation_controller]: Waiting for grasp; pivot=amir1, follower=amir2, target=30.0 deg
[ign gazebo-1] [INFO] [1790604300.781024428] [amir1.gripper_controller]: Received & accepted new action goal
[ign gazebo-1] [INFO] [1790604300.781058484] [amir2.gripper_controller]: Received & accepted new action goal
[dual_base_approach-32] [INFO] [1790604300.781305830] [dual_base_approach]: Opening both grippers to the safe maximum (-1.000000 rad) before base approach
[dual_base_approach-32] [INFO] [1790604300.815572068] [dual_base_approach]: Both grippers are at their safe-open position. Payload detached at base positions: amir1=-1.174999, amir2=1.174999; approaching targets: amir1=-1.064999, amir2=1.064999
[dual_base_approach-32] [INFO] [1790604323.352040915] [dual_base_approach]: Both AMIR bases completed the 0.110 m payload approach
[friction_grasp_manager-22] [INFO] [1790604323.392395929] [friction_grasp_manager]: Friction grasp state: CLOSING_GRIPPERS
[dual_base_approach-32] [INFO] [1790604323.393690319] [dual_base_approach]: Both bases reached the payload; gripper-close sequence requested. Holding both bases stopped during grasp.
[ign gazebo-1] [INFO] [1790604323.454726409] [amir1.gripper_controller]: Received & accepted new action goal
[ign gazebo-1] [INFO] [1790604323.454826840] [amir2.gripper_controller]: Received & accepted new action goal
[ign gazebo-1] [INFO] [1790604323.557854391] [amir1.gripper_controller]: Received & accepted new action goal
[ign gazebo-1] [INFO] [1790604323.557987019] [amir2.gripper_controller]: Received & accepted new action goal
[ign gazebo-1] [INFO] [1790604323.765692414] [amir2.gripper_controller]: Received & accepted new action goal
[ign gazebo-1] [INFO] [1790604323.765714621] [amir1.gripper_controller]: Received & accepted new action goal
[ign gazebo-1] [INFO] [1790604323.870560691] [amir1.gripper_controller]: Received & accepted new action goal
[ign gazebo-1] [INFO] [1790604323.870839307] [amir2.gripper_controller]: Received & accepted new action goal
[ign gazebo-1] [INFO] [1790604323.973654967] [amir1.gripper_controller]: Received & accepted new action goal
[ign gazebo-1] [INFO] [1790604323.973846341] [amir2.gripper_controller]: Received & accepted new action goal
[ign gazebo-1] [INFO] [1790604324.079421370] [amir1.gripper_controller]: Received & accepted new action goal
[ign gazebo-1] [INFO] [1790604324.079469965] [amir2.gripper_controller]: Received & accepted new action goal
[ign gazebo-1] [INFO] [1790604324.293101230] [amir1.gripper_controller]: Received & accepted new action goal
[ign gazebo-1] [INFO] [1790604324.293319788] [amir2.gripper_controller]: Received & accepted new action goal
[ign gazebo-1] [INFO] [1790604324.395514066] [amir1.gripper_controller]: Received & accepted new action goal
[ign gazebo-1] [INFO] [1790604324.396038138] [amir2.gripper_controller]: Received & accepted new action goal
[ign gazebo-1] [INFO] [1790604324.499507318] [amir1.gripper_controller]: Received & accepted new action goal
[ign gazebo-1] [INFO] [1790604324.499651204] [amir2.gripper_controller]: Received & accepted new action goal
[ign gazebo-1] [INFO] [1790604324.604699938] [amir1.gripper_controller]: Received & accepted new action goal
[ign gazebo-1] [INFO] [1790604324.604791747] [amir2.gripper_controller]: Received & accepted new action goal
[ign gazebo-1] [INFO] [1790604324.813049584] [amir1.gripper_controller]: Received & accepted new action goal
[ign gazebo-1] [INFO] [1790604324.813368967] [amir2.gripper_controller]: Received & accepted new action goal
[ign gazebo-1] [INFO] [1790604324.920215621] [amir1.gripper_controller]: Received & accepted new action goal
[ign gazebo-1] [INFO] [1790604324.920437539] [amir2.gripper_controller]: Received & accepted new action goal
[ign gazebo-1] [INFO] [1790604325.028217845] [amir1.gripper_controller]: Received & accepted new action goal
[ign gazebo-1] [INFO] [1790604325.028446578] [amir2.gripper_controller]: Received & accepted new action goal
[ign gazebo-1] [INFO] [1790604325.129525739] [amir1.gripper_controller]: Received & accepted new action goal
[ign gazebo-1] [INFO] [1790604325.129732721] [amir2.gripper_controller]: Received & accepted new action goal
[ign gazebo-1] [INFO] [1790604325.340769671] [amir1.gripper_controller]: Received & accepted new action goal
[ign gazebo-1] [INFO] [1790604325.340909867] [amir2.gripper_controller]: Received & accepted new action goal
[ign gazebo-1] [INFO] [1790604325.445582529] [amir2.gripper_controller]: Received & accepted new action goal
[ign gazebo-1] [INFO] [1790604325.445609144] [amir1.gripper_controller]: Received & accepted new action goal
[ign gazebo-1] [INFO] [1790604325.550011073] [amir1.gripper_controller]: Received & accepted new action goal
[ign gazebo-1] [INFO] [1790604325.550155556] [amir2.gripper_controller]: Received & accepted new action goal
[ign gazebo-1] [INFO] [1790604325.652218202] [amir1.gripper_controller]: Received & accepted new action goal
[ign gazebo-1] [INFO] [1790604325.652404762] [amir2.gripper_controller]: Received & accepted new action goal
[ign gazebo-1] [INFO] [1790604325.860492440] [amir1.gripper_controller]: Received & accepted new action goal
[ign gazebo-1] [INFO] [1790604325.860674049] [amir2.gripper_controller]: Received & accepted new action goal
[ign gazebo-1] [INFO] [1790604325.968110648] [amir1.gripper_controller]: Received & accepted new action goal
[ign gazebo-1] [INFO] [1790604325.968708123] [amir2.gripper_controller]: Received & accepted new action goal
[ign gazebo-1] [INFO] [1790604326.072420330] [amir1.gripper_controller]: Received & accepted new action goal
[ign gazebo-1] [INFO] [1790604326.072469753] [amir2.gripper_controller]: Received & accepted new action goal
[ign gazebo-1] [INFO] [1790604326.181541159] [amir1.gripper_controller]: Received & accepted new action goal
[ign gazebo-1] [INFO] [1790604326.181773914] [amir2.gripper_controller]: Received & accepted new action goal
[ign gazebo-1] [INFO] [1790604326.388984633] [amir1.gripper_controller]: Received & accepted new action goal
[ign gazebo-1] [INFO] [1790604326.389116739] [amir2.gripper_controller]: Received & accepted new action goal
[ign gazebo-1] [INFO] [1790604326.494071566] [amir1.gripper_controller]: Received & accepted new action goal
[ign gazebo-1] [INFO] [1790604326.494766179] [amir2.gripper_controller]: Received & accepted new action goal
[ign gazebo-1] [INFO] [1790604326.596141821] [amir1.gripper_controller]: Received & accepted new action goal
[ign gazebo-1] [INFO] [1790604326.596203389] [amir2.gripper_controller]: Received & accepted new action goal
[ign gazebo-1] [INFO] [1790604326.703384556] [amir1.gripper_controller]: Received & accepted new action goal
[ign gazebo-1] [INFO] [1790604326.703841016] [amir2.gripper_controller]: Received & accepted new action goal
[ign gazebo-1] [INFO] [1790604326.911212022] [amir1.gripper_controller]: Received & accepted new action goal
[ign gazebo-1] [INFO] [1790604326.911627633] [amir2.gripper_controller]: Received & accepted new action goal
[ign gazebo-1] [INFO] [1790604327.010890244] [amir1.gripper_controller]: Received & accepted new action goal
[ign gazebo-1] [INFO] [1790604327.011227738] [amir2.gripper_controller]: Received & accepted new action goal
[ign gazebo-1] [INFO] [1790604327.119299680] [amir1.gripper_controller]: Received & accepted new action goal
[ign gazebo-1] [INFO] [1790604327.119533297] [amir2.gripper_controller]: Received & accepted new action goal
[ign gazebo-1] [INFO] [1790604327.221772598] [amir1.gripper_controller]: Received & accepted new action goal
[ign gazebo-1] [INFO] [1790604327.221785475] [amir2.gripper_controller]: Received & accepted new action goal
[ign gazebo-1] [INFO] [1790604327.428246795] [amir1.gripper_controller]: Received & accepted new action goal
[ign gazebo-1] [INFO] [1790604327.428346853] [amir2.gripper_controller]: Received & accepted new action goal
[ign gazebo-1] [INFO] [1790604327.533268248] [amir1.gripper_controller]: Received & accepted new action goal
[ign gazebo-1] [INFO] [1790604327.533313341] [amir2.gripper_controller]: Received & accepted new action goal
[ign gazebo-1] [INFO] [1790604327.638045657] [amir1.gripper_controller]: Received & accepted new action goal
[ign gazebo-1] [INFO] [1790604327.638104954] [amir2.gripper_controller]: Received & accepted new action goal
[ign gazebo-1] [INFO] [1790604327.739930337] [amir1.gripper_controller]: Received & accepted new action goal
[ign gazebo-1] [INFO] [1790604327.740091432] [amir2.gripper_controller]: Received & accepted new action goal
[ign gazebo-1] [INFO] [1790604327.945530252] [amir1.gripper_controller]: Received & accepted new action goal
[ign gazebo-1] [INFO] [1790604327.945680792] [amir2.gripper_controller]: Received & accepted new action goal
[ign gazebo-1] [INFO] [1790604328.047800244] [amir1.gripper_controller]: Received & accepted new action goal
[ign gazebo-1] [INFO] [1790604328.047805904] [amir2.gripper_controller]: Received & accepted new action goal
[ign gazebo-1] [INFO] [1790604328.152786388] [amir1.gripper_controller]: Received & accepted new action goal
[ign gazebo-1] [INFO] [1790604328.153040137] [amir2.gripper_controller]: Received & accepted new action goal
[ign gazebo-1] [INFO] [1790604328.259164985] [amir1.gripper_controller]: Received & accepted new action goal
[ign gazebo-1] [INFO] [1790604328.259244725] [amir2.gripper_controller]: Received & accepted new action goal
[ign gazebo-1] [INFO] [1790604328.466902934] [amir1.gripper_controller]: Received & accepted new action goal
[ign gazebo-1] [INFO] [1790604328.466920730] [amir2.gripper_controller]: Received & accepted new action goal
[ign gazebo-1] [INFO] [1790604328.569674052] [amir1.gripper_controller]: Received & accepted new action goal
[ign gazebo-1] [INFO] [1790604328.569770158] [amir2.gripper_controller]: Received & accepted new action goal
[ign gazebo-1] [INFO] [1790604328.684272751] [amir1.gripper_controller]: Received & accepted new action goal
[ign gazebo-1] [INFO] [1790604328.684751071] [amir2.gripper_controller]: Received & accepted new action goal
[ign gazebo-1] [INFO] [1790604328.784156965] [amir1.gripper_controller]: Received & accepted new action goal
[ign gazebo-1] [INFO] [1790604328.784275084] [amir2.gripper_controller]: Received & accepted new action goal
[ign gazebo-1] [INFO] [1790604328.989233513] [amir1.gripper_controller]: Received & accepted new action goal
[ign gazebo-1] [INFO] [1790604328.989401262] [amir2.gripper_controller]: Received & accepted new action goal
[ign gazebo-1] [INFO] [1790604329.089881696] [amir1.gripper_controller]: Received & accepted new action goal
[ign gazebo-1] [INFO] [1790604329.089986297] [amir2.gripper_controller]: Received & accepted new action goal
[ign gazebo-1] [INFO] [1790604329.190791431] [amir1.gripper_controller]: Received & accepted new action goal
[ign gazebo-1] [INFO] [1790604329.190900456] [amir2.gripper_controller]: Received & accepted new action goal
[ign gazebo-1] [INFO] [1790604329.293103184] [amir1.gripper_controller]: Received & accepted new action goal
[ign gazebo-1] [INFO] [1790604329.293196576] [amir2.gripper_controller]: Received & accepted new action goal
[ign gazebo-1] [INFO] [1790604329.494838963] [amir1.gripper_controller]: Received & accepted new action goal
[ign gazebo-1] [INFO] [1790604329.494864565] [amir2.gripper_controller]: Received & accepted new action goal
[ign gazebo-1] [INFO] [1790604329.597604205] [amir1.gripper_controller]: Received & accepted new action goal
[ign gazebo-1] [INFO] [1790604329.597616587] [amir2.gripper_controller]: Received & accepted new action goal
[ign gazebo-1] [INFO] [1790604329.700351634] [amir1.gripper_controller]: Received & accepted new action goal
[ign gazebo-1] [INFO] [1790604329.700515690] [amir2.gripper_controller]: Received & accepted new action goal
[ign gazebo-1] [INFO] [1790604329.808935703] [amir1.gripper_controller]: Received & accepted new action goal
[ign gazebo-1] [INFO] [1790604329.809148268] [amir2.gripper_controller]: Received & accepted new action goal
[ign gazebo-1] [INFO] [1790604330.016191529] [amir1.gripper_controller]: Received & accepted new action goal
[ign gazebo-1] [INFO] [1790604330.016381625] [amir2.gripper_controller]: Received & accepted new action goal
[ign gazebo-1] [INFO] [1790604330.123208730] [amir2.gripper_controller]: Received & accepted new action goal
[ign gazebo-1] [INFO] [1790604330.123211266] [amir1.gripper_controller]: Received & accepted new action goal
[ign gazebo-1] [INFO] [1790604330.231219845] [amir1.gripper_controller]: Received & accepted new action goal
[ign gazebo-1] [INFO] [1790604330.231318045] [amir2.gripper_controller]: Received & accepted new action goal
[ign gazebo-1] [INFO] [1790604330.344669280] [amir1.gripper_controller]: Received & accepted new action goal
[ign gazebo-1] [INFO] [1790604330.344716366] [amir2.gripper_controller]: Received & accepted new action goal
[ign gazebo-1] [INFO] [1790604330.557220283] [amir1.gripper_controller]: Received & accepted new action goal
[ign gazebo-1] [INFO] [1790604330.557299816] [amir2.gripper_controller]: Received & accepted new action goal
[ign gazebo-1] [INFO] [1790604330.673687638] [amir1.gripper_controller]: Received & accepted new action goal
[ign gazebo-1] [INFO] [1790604330.674182709] [amir2.gripper_controller]: Received & accepted new action goal
[ign gazebo-1] [INFO] [1790604330.784433104] [amir1.gripper_controller]: Received & accepted new action goal
[ign gazebo-1] [INFO] [1790604330.784442415] [amir2.gripper_controller]: Received & accepted new action goal
[ign gazebo-1] [INFO] [1790604330.889826529] [amir1.gripper_controller]: Received & accepted new action goal
[ign gazebo-1] [INFO] [1790604330.889995031] [amir2.gripper_controller]: Received & accepted new action goal
[ign gazebo-1] [INFO] [1790604331.103168567] [amir1.gripper_controller]: Received & accepted new action goal
[ign gazebo-1] [INFO] [1790604331.103719719] [amir2.gripper_controller]: Received & accepted new action goal
[ign gazebo-1] [INFO] [1790604331.219848065] [amir1.gripper_controller]: Received & accepted new action goal
[ign gazebo-1] [INFO] [1790604331.219894960] [amir2.gripper_controller]: Received & accepted new action goal
[ign gazebo-1] [INFO] [1790604331.321146847] [amir1.gripper_controller]: Received & accepted new action goal
[ign gazebo-1] [INFO] [1790604331.321185738] [amir2.gripper_controller]: Received & accepted new action goal
[ign gazebo-1] [INFO] [1790604331.423620345] [amir1.gripper_controller]: Received & accepted new action goal
[ign gazebo-1] [INFO] [1790604331.423814165] [amir2.gripper_controller]: Received & accepted new action goal
[ign gazebo-1] [INFO] [1790604331.655954151] [amir1.gripper_controller]: Received & accepted new action goal
[ign gazebo-1] [INFO] [1790604331.656107418] [amir2.gripper_controller]: Received & accepted new action goal
[ign gazebo-1] [INFO] [1790604331.762308595] [amir1.gripper_controller]: Received & accepted new action goal
[ign gazebo-1] [INFO] [1790604331.762325861] [amir2.gripper_controller]: Received & accepted new action goal
[ign gazebo-1] [INFO] [1790604331.866247831] [amir1.gripper_controller]: Received & accepted new action goal
[ign gazebo-1] [INFO] [1790604331.866261819] [amir2.gripper_controller]: Received & accepted new action goal
[ign gazebo-1] [INFO] [1790604331.977177927] [amir1.gripper_controller]: Received & accepted new action goal
[ign gazebo-1] [INFO] [1790604331.977250992] [amir2.gripper_controller]: Received & accepted new action goal
[ign gazebo-1] [INFO] [1790604332.183852564] [amir1.gripper_controller]: Received & accepted new action goal
[ign gazebo-1] [INFO] [1790604332.183995244] [amir2.gripper_controller]: Received & accepted new action goal
[ign gazebo-1] [INFO] [1790604332.288179627] [amir1.gripper_controller]: Received & accepted new action goal
[ign gazebo-1] [INFO] [1790604332.288337393] [amir2.gripper_controller]: Received & accepted new action goal
[ign gazebo-1] [INFO] [1790604332.391972197] [amir1.gripper_controller]: Received & accepted new action goal
[ign gazebo-1] [INFO] [1790604332.392081379] [amir2.gripper_controller]: Received & accepted new action goal
[ign gazebo-1] [INFO] [1790604332.496816697] [amir1.gripper_controller]: Received & accepted new action goal
[ign gazebo-1] [INFO] [1790604332.496885871] [amir2.gripper_controller]: Received & accepted new action goal
[ign gazebo-1] [INFO] [1790604332.714303880] [amir1.gripper_controller]: Received & accepted new action goal
[ign gazebo-1] [INFO] [1790604332.714319152] [amir2.gripper_controller]: Received & accepted new action goal
[ign gazebo-1] [INFO] [1790604332.820740142] [amir1.gripper_controller]: Received & accepted new action goal
[ign gazebo-1] [INFO] [1790604332.820799160] [amir2.gripper_controller]: Received & accepted new action goal
[ign gazebo-1] [INFO] [1790604332.924995688] [amir1.gripper_controller]: Received & accepted new action goal
[ign gazebo-1] [INFO] [1790604332.925130433] [amir2.gripper_controller]: Received & accepted new action goal
[ign gazebo-1] [INFO] [1790604333.026057040] [amir1.gripper_controller]: Received & accepted new action goal
[ign gazebo-1] [INFO] [1790604333.026191287] [amir2.gripper_controller]: Received & accepted new action goal
[ign gazebo-1] [INFO] [1790604333.135448864] [amir1.gripper_controller]: Received & accepted new action goal
[ign gazebo-1] [INFO] [1790604333.135684543] [amir2.gripper_controller]: Received & accepted new action goal
[ign gazebo-1] [INFO] [1790604333.347613253] [amir2.gripper_controller]: Received & accepted new action goal
[ign gazebo-1] [INFO] [1790604333.347698847] [amir1.gripper_controller]: Received & accepted new action goal
[ign gazebo-1] [INFO] [1790604333.450889040] [amir1.gripper_controller]: Received & accepted new action goal
[ign gazebo-1] [INFO] [1790604333.451061517] [amir2.gripper_controller]: Received & accepted new action goal
[ign gazebo-1] [INFO] [1790604333.552401403] [amir1.gripper_controller]: Received & accepted new action goal
[ign gazebo-1] [INFO] [1790604333.552526939] [amir2.gripper_controller]: Received & accepted new action goal
[ign gazebo-1] [INFO] [1790604333.654114001] [amir1.gripper_controller]: Received & accepted new action goal
[ign gazebo-1] [INFO] [1790604333.654319086] [amir2.gripper_controller]: Received & accepted new action goal
[ign gazebo-1] [INFO] [1790604333.879832461] [amir1.gripper_controller]: Received & accepted new action goal
[ign gazebo-1] [INFO] [1790604333.880185753] [amir2.gripper_controller]: Received & accepted new action goal
[ign gazebo-1] [INFO] [1790604333.992889172] [amir1.gripper_controller]: Received & accepted new action goal
[ign gazebo-1] [INFO] [1790604333.992895645] [amir2.gripper_controller]: Received & accepted new action goal
[ign gazebo-1] [INFO] [1790604334.100729796] [amir1.gripper_controller]: Received & accepted new action goal
[ign gazebo-1] [INFO] [1790604334.100878451] [amir2.gripper_controller]: Received & accepted new action goal
[ign gazebo-1] [INFO] [1790604334.201505920] [amir1.gripper_controller]: Received & accepted new action goal
[ign gazebo-1] [INFO] [1790604334.201573983] [amir2.gripper_controller]: Received & accepted new action goal
[ign gazebo-1] [INFO] [1790604334.432348516] [amir1.gripper_controller]: Received & accepted new action goal
[ign gazebo-1] [INFO] [1790604334.432452276] [amir2.gripper_controller]: Received & accepted new action goal
[ign gazebo-1] [INFO] [1790604334.536974264] [amir1.gripper_controller]: Received & accepted new action goal
[ign gazebo-1] [INFO] [1790604334.537100493] [amir2.gripper_controller]: Received & accepted new action goal
[ign gazebo-1] [INFO] [1790604334.648215338] [amir1.gripper_controller]: Received & accepted new action goal
[ign gazebo-1] [INFO] [1790604334.648337434] [amir2.gripper_controller]: Received & accepted new action goal
[ign gazebo-1] [INFO] [1790604334.754999443] [amir1.gripper_controller]: Received & accepted new action goal
[ign gazebo-1] [INFO] [1790604334.755001232] [amir2.gripper_controller]: Received & accepted new action goal
[ign gazebo-1] [INFO] [1790604334.974358453] [amir1.gripper_controller]: Received & accepted new action goal
[ign gazebo-1] [INFO] [1790604334.974710823] [amir2.gripper_controller]: Received & accepted new action goal
[ign gazebo-1] [INFO] [1790604335.083612049] [amir1.gripper_controller]: Received & accepted new action goal
[ign gazebo-1] [INFO] [1790604335.083702638] [amir2.gripper_controller]: Received & accepted new action goal
[ign gazebo-1] [INFO] [1790604335.189353217] [amir2.gripper_controller]: Received & accepted new action goal
[ign gazebo-1] [INFO] [1790604335.189353260] [amir1.gripper_controller]: Received & accepted new action goal
[ign gazebo-1] [INFO] [1790604335.293457434] [amir1.gripper_controller]: Received & accepted new action goal
[ign gazebo-1] [INFO] [1790604335.293551204] [amir2.gripper_controller]: Received & accepted new action goal
[ign gazebo-1] [INFO] [1790604335.521350028] [amir1.gripper_controller]: Received & accepted new action goal
[ign gazebo-1] [INFO] [1790604335.521437851] [amir2.gripper_controller]: Received & accepted new action goal
[ign gazebo-1] [INFO] [1790604335.627913210] [amir1.gripper_controller]: Received & accepted new action goal
[ign gazebo-1] [INFO] [1790604335.628025848] [amir2.gripper_controller]: Received & accepted new action goal
[ign gazebo-1] [INFO] [1790604335.731594054] [amir1.gripper_controller]: Received & accepted new action goal
[ign gazebo-1] [INFO] [1790604335.731662161] [amir2.gripper_controller]: Received & accepted new action goal
[ign gazebo-1] [INFO] [1790604335.835723715] [amir1.gripper_controller]: Received & accepted new action goal
[ign gazebo-1] [INFO] [1790604335.835891861] [amir2.gripper_controller]: Received & accepted new action goal
[ign gazebo-1] [INFO] [1790604336.084140430] [amir1.gripper_controller]: Received & accepted new action goal
[ign gazebo-1] [INFO] [1790604336.084396012] [amir2.gripper_controller]: Received & accepted new action goal
[ign gazebo-1] [INFO] [1790604336.184499803] [amir1.gripper_controller]: Received & accepted new action goal
[ign gazebo-1] [INFO] [1790604336.184580325] [amir2.gripper_controller]: Received & accepted new action goal
[ign gazebo-1] [INFO] [1790604336.306950189] [amir1.gripper_controller]: Received & accepted new action goal
[ign gazebo-1] [INFO] [1790604336.306950379] [amir2.gripper_controller]: Received & accepted new action goal
[ign gazebo-1] [INFO] [1790604336.414178738] [amir1.gripper_controller]: Received & accepted new action goal
[ign gazebo-1] [INFO] [1790604336.414253388] [amir2.gripper_controller]: Received & accepted new action goal
[ign gazebo-1] [INFO] [1790604336.647912372] [amir1.gripper_controller]: Received & accepted new action goal
[ign gazebo-1] [INFO] [1790604336.648423096] [amir2.gripper_controller]: Received & accepted new action goal
[ign gazebo-1] [INFO] [1790604336.771273749] [amir1.gripper_controller]: Received & accepted new action goal
[ign gazebo-1] [INFO] [1790604336.771337690] [amir2.gripper_controller]: Received & accepted new action goal
[ign gazebo-1] [INFO] [1790604336.872817077] [amir1.gripper_controller]: Received & accepted new action goal
[ign gazebo-1] [INFO] [1790604336.872890939] [amir2.gripper_controller]: Received & accepted new action goal
[ign gazebo-1] [INFO] [1790604336.974874846] [amir1.gripper_controller]: Received & accepted new action goal
[ign gazebo-1] [INFO] [1790604336.975013519] [amir2.gripper_controller]: Received & accepted new action goal
[ign gazebo-1] [INFO] [1790604337.211260592] [amir1.gripper_controller]: Received & accepted new action goal
[ign gazebo-1] [INFO] [1790604337.211470900] [amir2.gripper_controller]: Received & accepted new action goal
[ign gazebo-1] [INFO] [1790604337.315139517] [amir1.gripper_controller]: Received & accepted new action goal
[ign gazebo-1] [INFO] [1790604337.315249867] [amir2.gripper_controller]: Received & accepted new action goal
[ign gazebo-1] [INFO] [1790604337.419575743] [amir1.gripper_controller]: Received & accepted new action goal
[ign gazebo-1] [INFO] [1790604337.419709404] [amir2.gripper_controller]: Received & accepted new action goal
[ign gazebo-1] [INFO] [1790604337.522558187] [amir1.gripper_controller]: Received & accepted new action goal
[ign gazebo-1] [INFO] [1790604337.522674180] [amir2.gripper_controller]: Received & accepted new action goal
[ign gazebo-1] [INFO] [1790604337.736072564] [amir1.gripper_controller]: Received & accepted new action goal
[ign gazebo-1] [INFO] [1790604337.736104966] [amir2.gripper_controller]: Received & accepted new action goal
[ign gazebo-1] [INFO] [1790604337.842930006] [amir1.gripper_controller]: Received & accepted new action goal
[ign gazebo-1] [INFO] [1790604337.843028806] [amir2.gripper_controller]: Received & accepted new action goal
[ign gazebo-1] [INFO] [1790604337.966382607] [amir1.gripper_controller]: Received & accepted new action goal
[ign gazebo-1] [INFO] [1790604337.966393815] [amir2.gripper_controller]: Received & accepted new action goal
[ign gazebo-1] [INFO] [1790604338.070170836] [amir1.gripper_controller]: Received & accepted new action goal
[ign gazebo-1] [INFO] [1790604338.070370045] [amir2.gripper_controller]: Received & accepted new action goal
[ign gazebo-1] [INFO] [1790604338.292280099] [amir1.gripper_controller]: Received & accepted new action goal
[ign gazebo-1] [INFO] [1790604338.292302174] [amir2.gripper_controller]: Received & accepted new action goal
[ign gazebo-1] [INFO] [1790604338.417020565] [amir1.gripper_controller]: Received & accepted new action goal
[ign gazebo-1] [INFO] [1790604338.417395207] [amir2.gripper_controller]: Received & accepted new action goal
[ign gazebo-1] [INFO] [1790604338.534667331] [amir1.gripper_controller]: Received & accepted new action goal
[ign gazebo-1] [INFO] [1790604338.534771617] [amir2.gripper_controller]: Received & accepted new action goal
[ign gazebo-1] [INFO] [1790604338.637924710] [amir1.gripper_controller]: Received & accepted new action goal
[ign gazebo-1] [INFO] [1790604338.637963688] [amir2.gripper_controller]: Received & accepted new action goal
[ign gazebo-1] [INFO] [1790604338.857938764] [amir1.gripper_controller]: Received & accepted new action goal
[ign gazebo-1] [INFO] [1790604338.858035240] [amir2.gripper_controller]: Received & accepted new action goal
[ign gazebo-1] [INFO] [1790604338.960067123] [amir1.gripper_controller]: Received & accepted new action goal
[ign gazebo-1] [INFO] [1790604338.960244912] [amir2.gripper_controller]: Received & accepted new action goal
[ign gazebo-1] [INFO] [1790604339.077381254] [amir1.gripper_controller]: Received & accepted new action goal
[ign gazebo-1] [INFO] [1790604339.077631558] [amir2.gripper_controller]: Received & accepted new action goal
[ign gazebo-1] [INFO] [1790604339.199171510] [amir1.gripper_controller]: Received & accepted new action goal
[ign gazebo-1] [INFO] [1790604339.199463824] [amir2.gripper_controller]: Received & accepted new action goal
[ign gazebo-1] [INFO] [1790604339.417924326] [amir2.gripper_controller]: Received & accepted new action goal
[ign gazebo-1] [INFO] [1790604339.417927108] [amir1.gripper_controller]: Received & accepted new action goal
[ign gazebo-1] [INFO] [1790604339.520666615] [amir1.gripper_controller]: Received & accepted new action goal
[ign gazebo-1] [INFO] [1790604339.520844320] [amir2.gripper_controller]: Received & accepted new action goal
[ign gazebo-1] [INFO] [1790604339.626388413] [amir1.gripper_controller]: Received & accepted new action goal
[ign gazebo-1] [INFO] [1790604339.626484052] [amir2.gripper_controller]: Received & accepted new action goal
[ign gazebo-1] [INFO] [1790604339.728282943] [amir1.gripper_controller]: Received & accepted new action goal
[ign gazebo-1] [INFO] [1790604339.728717432] [amir2.gripper_controller]: Received & accepted new action goal
[ign gazebo-1] [INFO] [1790604339.949341597] [amir1.gripper_controller]: Received & accepted new action goal
[ign gazebo-1] [INFO] [1790604339.949454227] [amir2.gripper_controller]: Received & accepted new action goal
[ign gazebo-1] [INFO] [1790604340.052172180] [amir1.gripper_controller]: Received & accepted new action goal
[ign gazebo-1] [INFO] [1790604340.052644731] [amir2.gripper_controller]: Received & accepted new action goal
[ign gazebo-1] [INFO] [1790604340.170130516] [amir1.gripper_controller]: Received & accepted new action goal
[ign gazebo-1] [INFO] [1790604340.170259085] [amir2.gripper_controller]: Received & accepted new action goal
[ign gazebo-1] [INFO] [1790604340.387185468] [amir1.gripper_controller]: Received & accepted new action goal
[ign gazebo-1] [INFO] [1790604340.387263498] [amir2.gripper_controller]: Received & accepted new action goal
[ign gazebo-1] [INFO] [1790604340.591823873] [amir1.gripper_controller]: Received & accepted new action goal
[ign gazebo-1] [INFO] [1790604340.591876046] [amir2.gripper_controller]: Received & accepted new action goal
[ign gazebo-1] [INFO] [1790604340.694270081] [amir1.gripper_controller]: Received & accepted new action goal
[ign gazebo-1] [INFO] [1790604340.694394942] [amir2.gripper_controller]: Received & accepted new action goal
[ign gazebo-1] [INFO] [1790604340.900068335] [amir1.gripper_controller]: Received & accepted new action goal
[ign gazebo-1] [INFO] [1790604340.900140345] [amir2.gripper_controller]: Received & accepted new action goal
[ign gazebo-1] [INFO] [1790604341.125040401] [amir1.gripper_controller]: Received & accepted new action goal
[ign gazebo-1] [INFO] [1790604341.125138264] [amir2.gripper_controller]: Received & accepted new action goal
[ign gazebo-1] [INFO] [1790604341.235501511] [amir1.gripper_controller]: Received & accepted new action goal
[ign gazebo-1] [INFO] [1790604341.235916941] [amir2.gripper_controller]: Received & accepted new action goal
[ign gazebo-1] [INFO] [1790604341.487527474] [amir1.gripper_controller]: Received & accepted new action goal
[ign gazebo-1] [INFO] [1790604341.487557847] [amir2.gripper_controller]: Received & accepted new action goal
[ign gazebo-1] [INFO] [1790604341.712727017] [amir1.gripper_controller]: Received & accepted new action goal
[ign gazebo-1] [INFO] [1790604341.712836640] [amir2.gripper_controller]: Received & accepted new action goal
[ign gazebo-1] [INFO] [1790604341.815470423] [amir1.gripper_controller]: Received & accepted new action goal
[ign gazebo-1] [INFO] [1790604341.815713121] [amir2.gripper_controller]: Received & accepted new action goal
[ign gazebo-1] [INFO] [1790604342.048348087] [amir1.gripper_controller]: Received & accepted new action goal
[ign gazebo-1] [INFO] [1790604342.048462677] [amir2.gripper_controller]: Received & accepted new action goal
[ign gazebo-1] [INFO] [1790604342.275493150] [amir2.gripper_controller]: Received & accepted new action goal
[ign gazebo-1] [INFO] [1790604342.275495912] [amir1.gripper_controller]: Received & accepted new action goal
[ign gazebo-1] [INFO] [1790604342.383260109] [amir1.gripper_controller]: Received & accepted new action goal
[ign gazebo-1] [INFO] [1790604342.383355260] [amir2.gripper_controller]: Received & accepted new action goal
[ign gazebo-1] [INFO] [1790604342.625941253] [amir1.gripper_controller]: Received & accepted new action goal
[ign gazebo-1] [INFO] [1790604342.625996529] [amir2.gripper_controller]: Received & accepted new action goal
[ign gazebo-1] [INFO] [1790604342.845790021] [amir1.gripper_controller]: Received & accepted new action goal
[ign gazebo-1] [INFO] [1790604342.845884560] [amir2.gripper_controller]: Received & accepted new action goal
[ign gazebo-1] [INFO] [1790604342.953047157] [amir1.gripper_controller]: Received & accepted new action goal
[ign gazebo-1] [INFO] [1790604342.953101702] [amir2.gripper_controller]: Received & accepted new action goal
[ign gazebo-1] [INFO] [1790604343.200481805] [amir1.gripper_controller]: Received & accepted new action goal
[ign gazebo-1] [INFO] [1790604343.200560938] [amir2.gripper_controller]: Received & accepted new action goal
[ign gazebo-1] [INFO] [1790604343.417725064] [amir1.gripper_controller]: Received & accepted new action goal
[ign gazebo-1] [INFO] [1790604343.417859892] [amir2.gripper_controller]: Received & accepted new action goal
[ign gazebo-1] [INFO] [1790604343.522883220] [amir1.gripper_controller]: Received & accepted new action goal
[ign gazebo-1] [INFO] [1790604343.523103749] [amir2.gripper_controller]: Received & accepted new action goal
[ign gazebo-1] [INFO] [1790604343.754809741] [amir1.gripper_controller]: Received & accepted new action goal
[ign gazebo-1] [INFO] [1790604343.754866055] [amir2.gripper_controller]: Received & accepted new action goal
[ign gazebo-1] [INFO] [1790604343.975434628] [amir1.gripper_controller]: Received & accepted new action goal
[ign gazebo-1] [INFO] [1790604343.975521216] [amir2.gripper_controller]: Received & accepted new action goal
[ign gazebo-1] [INFO] [1790604344.078916389] [amir1.gripper_controller]: Received & accepted new action goal
[ign gazebo-1] [INFO] [1790604344.078998035] [amir2.gripper_controller]: Received & accepted new action goal
[ign gazebo-1] [INFO] [1790604344.305597309] [amir1.gripper_controller]: Received & accepted new action goal
[ign gazebo-1] [INFO] [1790604344.305681893] [amir2.gripper_controller]: Received & accepted new action goal
[ign gazebo-1] [INFO] [1790604344.531132166] [amir1.gripper_controller]: Received & accepted new action goal
[ign gazebo-1] [INFO] [1790604344.531189045] [amir2.gripper_controller]: Received & accepted new action goal
[ign gazebo-1] [INFO] [1790604344.635708712] [amir1.gripper_controller]: Received & accepted new action goal
[ign gazebo-1] [INFO] [1790604344.635955528] [amir2.gripper_controller]: Received & accepted new action goal
[ign gazebo-1] [INFO] [1790604344.845182912] [amir1.gripper_controller]: Received & accepted new action goal
[ign gazebo-1] [INFO] [1790604344.845248622] [amir2.gripper_controller]: Received & accepted new action goal
[ign gazebo-1] [INFO] [1790604345.073896367] [amir1.gripper_controller]: Received & accepted new action goal
[ign gazebo-1] [INFO] [1790604345.074266663] [amir2.gripper_controller]: Received & accepted new action goal
[ign gazebo-1] [INFO] [1790604345.183049832] [amir1.gripper_controller]: Received & accepted new action goal
[ign gazebo-1] [INFO] [1790604345.183150922] [amir2.gripper_controller]: Received & accepted new action goal
[ign gazebo-1] [INFO] [1790604345.412580969] [amir1.gripper_controller]: Received & accepted new action goal
[ign gazebo-1] [INFO] [1790604345.412819265] [amir2.gripper_controller]: Received & accepted new action goal
[ign gazebo-1] [INFO] [1790604345.635432292] [amir1.gripper_controller]: Received & accepted new action goal
[ign gazebo-1] [INFO] [1790604345.635456388] [amir2.gripper_controller]: Received & accepted new action goal
[ign gazebo-1] [INFO] [1790604345.847948673] [amir1.gripper_controller]: Received & accepted new action goal
[ign gazebo-1] [INFO] [1790604345.847995767] [amir2.gripper_controller]: Received & accepted new action goal
[ign gazebo-1] [INFO] [1790604345.954939547] [amir1.gripper_controller]: Received & accepted new action goal
[ign gazebo-1] [INFO] [1790604345.955111550] [amir2.gripper_controller]: Received & accepted new action goal
[ign gazebo-1] [INFO] [1790604346.173578016] [amir1.gripper_controller]: Received & accepted new action goal
[ign gazebo-1] [INFO] [1790604346.173583895] [amir2.gripper_controller]: Received & accepted new action goal
[ign gazebo-1] [INFO] [1790604346.384731281] [amir1.gripper_controller]: Received & accepted new action goal
[ign gazebo-1] [INFO] [1790604346.384756661] [amir2.gripper_controller]: Received & accepted new action goal
[ign gazebo-1] [INFO] [1790604346.488892549] [amir1.gripper_controller]: Received & accepted new action goal
[ign gazebo-1] [INFO] [1790604346.489054379] [amir2.gripper_controller]: Received & accepted new action goal
[ign gazebo-1] [INFO] [1790604346.720486404] [amir1.gripper_controller]: Received & accepted new action goal
[ign gazebo-1] [INFO] [1790604346.720603734] [amir2.gripper_controller]: Received & accepted new action goal
[ign gazebo-1] [INFO] [1790604346.934545182] [amir1.gripper_controller]: Received & accepted new action goal
[ign gazebo-1] [INFO] [1790604346.934616351] [amir2.gripper_controller]: Received & accepted new action goal
[ign gazebo-1] [INFO] [1790604347.036001596] [amir1.gripper_controller]: Received & accepted new action goal
[ign gazebo-1] [INFO] [1790604347.036045135] [amir2.gripper_controller]: Received & accepted new action goal
[ign gazebo-1] [INFO] [1790604347.248217457] [amir1.gripper_controller]: Received & accepted new action goal
[ign gazebo-1] [INFO] [1790604347.248226505] [amir2.gripper_controller]: Received & accepted new action goal
[ign gazebo-1] [INFO] [1790604347.466631602] [amir1.gripper_controller]: Received & accepted new action goal
[ign gazebo-1] [INFO] [1790604347.466738844] [amir2.gripper_controller]: Received & accepted new action goal
[ign gazebo-1] [INFO] [1790604347.574493748] [amir1.gripper_controller]: Received & accepted new action goal
[ign gazebo-1] [INFO] [1790604347.574575283] [amir2.gripper_controller]: Received & accepted new action goal
[ign gazebo-1] [INFO] [1790604347.817015584] [amir1.gripper_controller]: Received & accepted new action goal
[ign gazebo-1] [INFO] [1790604347.817134393] [amir2.gripper_controller]: Received & accepted new action goal
[ign gazebo-1] [INFO] [1790604348.048694594] [amir1.gripper_controller]: Received & accepted new action goal
[ign gazebo-1] [INFO] [1790604348.048753465] [amir2.gripper_controller]: Received & accepted new action goal
[ign gazebo-1] [INFO] [1790604348.151303390] [amir1.gripper_controller]: Received & accepted new action goal
[ign gazebo-1] [INFO] [1790604348.151507804] [amir2.gripper_controller]: Received & accepted new action goal
[ign gazebo-1] [INFO] [1790604348.382259370] [amir1.gripper_controller]: Received & accepted new action goal
[ign gazebo-1] [INFO] [1790604348.382277591] [amir2.gripper_controller]: Received & accepted new action goal
[ign gazebo-1] [INFO] [1790604348.609390142] [amir1.gripper_controller]: Received & accepted new action goal
[ign gazebo-1] [INFO] [1790604348.609600589] [amir2.gripper_controller]: Received & accepted new action goal
[ign gazebo-1] [INFO] [1790604348.712092099] [amir1.gripper_controller]: Received & accepted new action goal
[ign gazebo-1] [INFO] [1790604348.712141815] [amir2.gripper_controller]: Received & accepted new action goal
[ign gazebo-1] [INFO] [1790604348.936685683] [amir1.gripper_controller]: Received & accepted new action goal
[ign gazebo-1] [INFO] [1790604348.936753384] [amir2.gripper_controller]: Received & accepted new action goal
[ign gazebo-1] [INFO] [1790604349.141761779] [amir1.gripper_controller]: Received & accepted new action goal
[ign gazebo-1] [INFO] [1790604349.141883568] [amir2.gripper_controller]: Received & accepted new action goal
[ign gazebo-1] [INFO] [1790604349.243101233] [amir1.gripper_controller]: Received & accepted new action goal
[ign gazebo-1] [INFO] [1790604349.243168652] [amir2.gripper_controller]: Received & accepted new action goal
[ign gazebo-1] [INFO] [1790604349.472465784] [amir1.gripper_controller]: Received & accepted new action goal
[ign gazebo-1] [INFO] [1790604349.472733272] [amir2.gripper_controller]: Received & accepted new action goal
[ign gazebo-1] [INFO] [1790604349.686205132] [amir1.gripper_controller]: Received & accepted new action goal
[ign gazebo-1] [INFO] [1790604349.686274830] [amir2.gripper_controller]: Received & accepted new action goal
[friction_grasp_manager-22] [INFO] [1790604350.747638155] [friction_grasp_manager]: Finger wrench bias captured: amir1/left=20.0N, amir1/right=22.9N, amir2/left=20.0N, amir2/right=22.9N
[friction_grasp_manager-22] [INFO] [1790604350.748097079] [friction_grasp_manager]: Friction grasp state: HOLDING
[slip_monitor-31] [INFO] [1790604350.787716456] [slip_monitor]: Captured friction-grasp payload baseline: x=-0.000, y=-0.000, z=0.657
[ign gazebo-1] [INFO] [1790604351.105953145] [amir1.gripper_controller]: Received & accepted new action goal
[ign gazebo-1] [INFO] [1790604351.106090859] [amir2.gripper_controller]: Received & accepted new action goal
[ign gazebo-1] [INFO] [1790604351.446314452] [amir1.gripper_controller]: Received & accepted new action goal
[ign gazebo-1] [INFO] [1790604351.446332340] [amir2.gripper_controller]: Received & accepted new action goal
[ign gazebo-1] [INFO] [1790604351.609518007] [amir1.gripper_controller]: Received & accepted new action goal
[ign gazebo-1] [INFO] [1790604351.609603542] [amir2.gripper_controller]: Received & accepted new action goal
[ign gazebo-1] [INFO] [1790604351.858600250] [amir1.gripper_controller]: Received & accepted new action goal
[ign gazebo-1] [INFO] [1790604351.858757423] [amir2.gripper_controller]: Received & accepted new action goal
[ign gazebo-1] [INFO] [1790604352.211463897] [amir1.gripper_controller]: Received & accepted new action goal
[ign gazebo-1] [INFO] [1790604352.211536108] [amir2.gripper_controller]: Received & accepted new action goal
[ign gazebo-1] [INFO] [1790604352.385227425] [amir1.gripper_controller]: Received & accepted new action goal
[ign gazebo-1] [INFO] [1790604352.385382537] [amir2.gripper_controller]: Received & accepted new action goal
[ign gazebo-1] [INFO] [1790604352.776052709] [amir1.gripper_controller]: Received & accepted new action goal
[ign gazebo-1] [INFO] [1790604352.776163386] [amir2.gripper_controller]: Received & accepted new action goal
[ign gazebo-1] [INFO] [1790604353.125960823] [amir2.gripper_controller]: Received & accepted new action goal
[ign gazebo-1] [INFO] [1790604353.125961796] [amir1.gripper_controller]: Received & accepted new action goal
[ign gazebo-1] [INFO] [1790604353.306307411] [amir1.gripper_controller]: Received & accepted new action goal
[ign gazebo-1] [INFO] [1790604353.306442851] [amir2.gripper_controller]: Received & accepted new action goal
[ign gazebo-1] [INFO] [1790604353.691982538] [amir2.gripper_controller]: Received & accepted new action goal
[ign gazebo-1] [INFO] [1790604353.692006243] [amir1.gripper_controller]: Received & accepted new action goal
[ign gazebo-1] [INFO] [1790604354.007304942] [amir1.gripper_controller]: Received & accepted new action goal
[ign gazebo-1] [INFO] [1790604354.007394542] [amir2.gripper_controller]: Received & accepted new action goal
[ign gazebo-1] [INFO] [1790604354.165970837] [amir1.gripper_controller]: Received & accepted new action goal
[ign gazebo-1] [INFO] [1790604354.166029477] [amir2.gripper_controller]: Received & accepted new action goal
[ign gazebo-1] [INFO] [1790604354.533108413] [amir2.gripper_controller]: Received & accepted new action goal
[ign gazebo-1] [INFO] [1790604354.533126296] [amir1.gripper_controller]: Received & accepted new action goal
[ign gazebo-1] [INFO] [1790604354.926932528] [amir1.gripper_controller]: Received & accepted new action goal
[ign gazebo-1] [INFO] [1790604354.927005169] [amir2.gripper_controller]: Received & accepted new action goal
[ign gazebo-1] [INFO] [1790604355.090347069] [amir1.gripper_controller]: Received & accepted new action goal
[ign gazebo-1] [INFO] [1790604355.090384639] [amir2.gripper_controller]: Received & accepted new action goal
[ign gazebo-1] [INFO] [1790604355.491438727] [amir1.gripper_controller]: Received & accepted new action goal
[ign gazebo-1] [INFO] [1790604355.491554733] [amir2.gripper_controller]: Received & accepted new action goal
[ign gazebo-1] [INFO] [1790604355.877653881] [amir1.gripper_controller]: Received & accepted new action goal
[ign gazebo-1] [INFO] [1790604355.877756622] [amir2.gripper_controller]: Received & accepted new action goal
[ign gazebo-1] [INFO] [1790604356.057902544] [amir1.gripper_controller]: Received & accepted new action goal
[ign gazebo-1] [INFO] [1790604356.058326974] [amir2.gripper_controller]: Received & accepted new action goal
[ign gazebo-1] [INFO] [1790604356.408613984] [amir1.gripper_controller]: Received & accepted new action goal
[ign gazebo-1] [INFO] [1790604356.408683384] [amir2.gripper_controller]: Received & accepted new action goal
[grasp_support_remover-28] [INFO] [1790604356.511710719] [grasp_support_remover]: Removed temporary support model "grasp_support"; transport may start.
[ign gazebo-1] [INFO] [1790604356.771173296] [amir1.gripper_controller]: Received & accepted new action goal
[ign gazebo-1] [INFO] [1790604356.771255913] [amir2.gripper_controller]: Received & accepted new action goal
[ign gazebo-1] [INFO] [1790604357.366569288] [amir1.gripper_controller]: Received & accepted new action goal
[ign gazebo-1] [INFO] [1790604357.366855156] [amir2.gripper_controller]: Received & accepted new action goal
[ign gazebo-1] [INFO] [1790604357.734488809] [amir1.gripper_controller]: Received & accepted new action goal
[ign gazebo-1] [INFO] [1790604357.734699927] [amir2.gripper_controller]: Received & accepted new action goal
[ign gazebo-1] [INFO] [1790604357.902379946] [amir2.gripper_controller]: Received & accepted new action goal
[ign gazebo-1] [INFO] [1790604357.902400407] [amir1.gripper_controller]: Received & accepted new action goal
[ign gazebo-1] [INFO] [1790604358.273055757] [amir1.gripper_controller]: Received & accepted new action goal
[ign gazebo-1] [INFO] [1790604358.273162881] [amir2.gripper_controller]: Received & accepted new action goal
[rotation_controller-26] [INFO] [1790604358.583303746] [cooperative_rotation_controller]: シーケンス開始: 搬送（直進） （0.500 m）
[coordinator-29] [INFO] [1790604358.605421393] [cooperative_coordinator]: Payload goal: x=-0.000, y=-0.000, yaw=0.000
[coordinator-29] [INFO] [1790604358.605909290] [cooperative_coordinator]: Formation-distance reference captured: 2.1339 m
[ign gazebo-1] [INFO] [1790604358.655753012] [amir1.gripper_controller]: Received & accepted new action goal
[ign gazebo-1] [INFO] [1790604358.655802262] [amir2.gripper_controller]: Received & accepted new action goal
[ign gazebo-1] [INFO] [1790604358.855563813] [amir1.gripper_controller]: Received & accepted new action goal
[ign gazebo-1] [INFO] [1790604358.855736161] [amir2.gripper_controller]: Received & accepted new action goal
[ign gazebo-1] [INFO] [1790604359.195144329] [amir1.gripper_controller]: Received & accepted new action goal
[ign gazebo-1] [INFO] [1790604359.195263126] [amir2.gripper_controller]: Received & accepted new action goal
[ign gazebo-1] [INFO] [1790604359.550596165] [amir2.gripper_controller]: Received & accepted new action goal
[ign gazebo-1] [INFO] [1790604359.550609020] [amir1.gripper_controller]: Received & accepted new action goal
[coordinator-29] [INFO] [1790604359.609461375] [cooperative_coordinator]: Payload goal: x=0.004, y=-0.000, yaw=0.000
[ign gazebo-1] [INFO] [1790604359.659370707] [amir1.gripper_controller]: Received & accepted new action goal
[ign gazebo-1] [INFO] [1790604359.659437908] [amir2.gripper_controller]: Received & accepted new action goal
[ign gazebo-1] [INFO] [1790604360.142466074] [amir1.gripper_controller]: Received & accepted new action goal
[ign gazebo-1] [INFO] [1790604360.142732667] [amir2.gripper_controller]: Received & accepted new action goal
[ign gazebo-1] [INFO] [1790604360.504686457] [amir1.gripper_controller]: Received & accepted new action goal
[ign gazebo-1] [INFO] [1790604360.504722169] [amir2.gripper_controller]: Received & accepted new action goal
[coordinator-29] [INFO] [1790604360.622852028] [cooperative_coordinator]: Payload goal: x=0.015, y=-0.000, yaw=0.000
[ign gazebo-1] [INFO] [1790604360.760713328] [amir1.gripper_controller]: Received & accepted new action goal
[ign gazebo-1] [INFO] [1790604360.760801626] [amir2.gripper_controller]: Received & accepted new action goal
[ign gazebo-1] [INFO] [1790604361.121386267] [amir1.gripper_controller]: Received & accepted new action goal
[ign gazebo-1] [INFO] [1790604361.121388481] [amir2.gripper_controller]: Received & accepted new action goal
[ign gazebo-1] [INFO] [1790604361.511689066] [amir1.gripper_controller]: Received & accepted new action goal
[ign gazebo-1] [INFO] [1790604361.512312317] [amir2.gripper_controller]: Received & accepted new action goal
[coordinator-29] [INFO] [1790604361.638030310] [cooperative_coordinator]: Payload goal: x=0.032, y=-0.000, yaw=0.000
[ign gazebo-1] [INFO] [1790604361.751860076] [amir1.gripper_controller]: Received & accepted new action goal
[ign gazebo-1] [INFO] [1790604361.751956596] [amir2.gripper_controller]: Received & accepted new action goal
[ign gazebo-1] [INFO] [1790604362.219175859] [amir1.gripper_controller]: Received & accepted new action goal
[ign gazebo-1] [INFO] [1790604362.219202611] [amir2.gripper_controller]: Received & accepted new action goal
[ign gazebo-1] [INFO] [1790604362.441849310] [amir2.gripper_controller]: Received & accepted new action goal
[ign gazebo-1] [INFO] [1790604362.441850756] [amir1.gripper_controller]: Received & accepted new action goal
[friction_grasp_manager-22] [WARN] [1790604362.590189276] [friction_grasp_manager]: amir2 finger force above 26.0 N; backing off.
[ign gazebo-1] [INFO] [1790604362.590518299] [amir2.gripper_controller]: Received & accepted new action goal
[coordinator-29] [INFO] [1790604362.645056335] [cooperative_coordinator]: Payload goal: x=0.044, y=-0.000, yaw=0.000
[ign gazebo-1] [INFO] [1790604362.907873616] [amir1.gripper_controller]: Received & accepted new action goal
[ign gazebo-1] [INFO] [1790604362.908052766] [amir2.gripper_controller]: Received & accepted new action goal
[ign gazebo-1] [INFO] [1790604363.213628229] [amir1.gripper_controller]: Received & accepted new action goal
[ign gazebo-1] [INFO] [1790604363.213695775] [amir2.gripper_controller]: Received & accepted new action goal
[ign gazebo-1] [INFO] [1790604363.365758249] [amir1.gripper_controller]: Received & accepted new action goal
[ign gazebo-1] [INFO] [1790604363.365893137] [amir2.gripper_controller]: Received & accepted new action goal
[coordinator-29] [INFO] [1790604363.653122786] [cooperative_coordinator]: Payload goal: x=0.044, y=-0.000, yaw=0.000
[ign gazebo-1] [INFO] [1790604363.726885006] [amir2.gripper_controller]: Received & accepted new action goal
[ign gazebo-1] [INFO] [1790604364.163560714] [amir1.gripper_controller]: Received & accepted new action goal
[ign gazebo-1] [INFO] [1790604364.163760307] [amir2.gripper_controller]: Received & accepted new action goal
[ign gazebo-1] [INFO] [1790604364.319704725] [amir1.gripper_controller]: Received & accepted new action goal
[ign gazebo-1] [INFO] [1790604364.669836330] [amir1.gripper_controller]: Received & accepted new action goal
[ign gazebo-1] [INFO] [1790604364.669851517] [amir2.gripper_controller]: Received & accepted new action goal
[coordinator-29] [INFO] [1790604364.672430017] [cooperative_coordinator]: Payload goal: x=0.044, y=-0.000, yaw=0.000
[ign gazebo-1] [INFO] [1790604364.955494455] [amir2.gripper_controller]: Received & accepted new action goal
[ign gazebo-1] [INFO] [1790604365.124008974] [amir1.gripper_controller]: Received & accepted new action goal
[ign gazebo-1] [INFO] [1790604365.433351134] [amir1.gripper_controller]: Received & accepted new action goal
[ign gazebo-1] [INFO] [1790604365.433451269] [amir2.gripper_controller]: Received & accepted new action goal
[ign gazebo-1] [INFO] [1790604365.666564459] [amir1.gripper_controller]: Received & accepted new action goal
[ign gazebo-1] [INFO] [1790604365.666805219] [amir2.gripper_controller]: Received & accepted new action goal
[coordinator-29] [INFO] [1790604365.684686129] [cooperative_coordinator]: Payload goal: x=0.044, y=-0.000, yaw=0.000
[ign gazebo-1] [INFO] [1790604365.805703142] [amir1.gripper_controller]: Received & accepted new action goal
[ign gazebo-1] [INFO] [1790604365.805767552] [amir2.gripper_controller]: Received & accepted new action goal
[ign gazebo-1] [INFO] [1790604366.021781904] [amir2.gripper_controller]: Received & accepted new action goal
[ign gazebo-1] [INFO] [1790604366.350279962] [amir1.gripper_controller]: Received & accepted new action goal
[ign gazebo-1] [INFO] [1790604366.350289107] [amir2.gripper_controller]: Received & accepted new action goal
[ign gazebo-1] [INFO] [1790604366.573656352] [amir1.gripper_controller]: Received & accepted new action goal
[ign gazebo-1] [INFO] [1790604366.573690886] [amir2.gripper_controller]: Received & accepted new action goal
[coordinator-29] [INFO] [1790604366.688606839] [cooperative_coordinator]: Payload goal: x=0.064, y=-0.000, yaw=0.000
[ign gazebo-1] [INFO] [1790604367.022522876] [amir2.gripper_controller]: Received & accepted new action goal
[ign gazebo-1] [INFO] [1790604367.412153212] [amir1.gripper_controller]: Received & accepted new action goal
[ign gazebo-1] [INFO] [1790604367.412176744] [amir2.gripper_controller]: Received & accepted new action goal
[ign gazebo-1] [INFO] [1790604367.542978812] [amir2.gripper_controller]: Received & accepted new action goal
[coordinator-29] [INFO] [1790604367.695512293] [cooperative_coordinator]: Payload goal: x=0.068, y=-0.000, yaw=0.000
[ign gazebo-1] [INFO] [1790604368.368071820] [amir1.gripper_controller]: Received & accepted new action goal
[coordinator-29] [INFO] [1790604368.703887430] [cooperative_coordinator]: Payload goal: x=0.068, y=-0.000, yaw=0.000
[ign gazebo-1] [INFO] [1790604369.061094543] [amir2.gripper_controller]: Received & accepted new action goal
[ign gazebo-1] [INFO] [1790604369.430662427] [amir1.gripper_controller]: Received & accepted new action goal
[ign gazebo-1] [INFO] [1790604369.588933124] [amir1.gripper_controller]: Received & accepted new action goal
[ign gazebo-1] [INFO] [1790604369.589046317] [amir2.gripper_controller]: Received & accepted new action goal
[coordinator-29] [INFO] [1790604369.712397304] [cooperative_coordinator]: Payload goal: x=0.068, y=-0.000, yaw=0.000
[ign gazebo-1] [INFO] [1790604369.883471056] [amir2.gripper_controller]: Received & accepted new action goal
[ign gazebo-1] [INFO] [1790604370.225664745] [amir2.gripper_controller]: Received & accepted new action goal
[ign gazebo-1] [INFO] [1790604370.385153836] [amir2.gripper_controller]: Received & accepted new action goal
[coordinator-29] [INFO] [1790604370.714728392] [cooperative_coordinator]: Payload goal: x=0.068, y=-0.000, yaw=0.000
[ign gazebo-1] [INFO] [1790604370.727107346] [amir1.gripper_controller]: Received & accepted new action goal
[ign gazebo-1] [INFO] [1790604370.727174587] [amir2.gripper_controller]: Received & accepted new action goal
[ign gazebo-1] [INFO] [1790604371.146155630] [amir1.gripper_controller]: Received & accepted new action goal
[ign gazebo-1] [INFO] [1790604371.146394384] [amir2.gripper_controller]: Received & accepted new action goal
[ign gazebo-1] [INFO] [1790604371.305157539] [amir1.gripper_controller]: Received & accepted new action goal
[ign gazebo-1] [INFO] [1790604371.305582380] [amir2.gripper_controller]: Received & accepted new action goal
[coordinator-29] [INFO] [1790604371.728636738] [cooperative_coordinator]: Payload goal: x=0.078, y=-0.000, yaw=0.000
[ign gazebo-1] [INFO] [1790604371.806540734] [amir1.gripper_controller]: Received & accepted new action goal
[ign gazebo-1] [INFO] [1790604371.806619260] [amir2.gripper_controller]: Received & accepted new action goal
[friction_grasp_manager-22] [WARN] [1790604371.922701171] [friction_grasp_manager]: amir1 finger force above 26.0 N; backing off.
[ign gazebo-1] [INFO] [1790604371.922927709] [amir1.gripper_controller]: Received & accepted new action goal
[ign gazebo-1] [INFO] [1790604371.922962706] [amir2.gripper_controller]: Received & accepted new action goal
[ign gazebo-1] [INFO] [1790604372.242106695] [amir1.gripper_controller]: Received & accepted new action goal
[ign gazebo-1] [INFO] [1790604372.242150874] [amir2.gripper_controller]: Received & accepted new action goal
[ign gazebo-1] [INFO] [1790604372.535003321] [amir1.gripper_controller]: Received & accepted new action goal
[ign gazebo-1] [INFO] [1790604372.535155198] [amir2.gripper_controller]: Received & accepted new action goal
[ign gazebo-1] [INFO] [1790604372.658779168] [amir2.gripper_controller]: Received & accepted new action goal
[ign gazebo-1] [INFO] [1790604372.658850115] [amir1.gripper_controller]: Received & accepted new action goal
[coordinator-29] [INFO] [1790604372.751837291] [cooperative_coordinator]: Payload goal: x=0.093, y=-0.000, yaw=0.000
[ign gazebo-1] [INFO] [1790604373.066415555] [amir1.gripper_controller]: Received & accepted new action goal
[ign gazebo-1] [INFO] [1790604373.066601706] [amir2.gripper_controller]: Received & accepted new action goal
[ign gazebo-1] [INFO] [1790604373.451790732] [amir1.gripper_controller]: Received & accepted new action goal
[ign gazebo-1] [INFO] [1790604373.451889101] [amir2.gripper_controller]: Received & accepted new action goal
[ign gazebo-1] [INFO] [1790604373.657667445] [amir1.gripper_controller]: Received & accepted new action goal
[ign gazebo-1] [INFO] [1790604373.657787882] [amir2.gripper_controller]: Received & accepted new action goal
[coordinator-29] [INFO] [1790604373.787748170] [cooperative_coordinator]: Payload goal: x=0.093, y=-0.000, yaw=0.000
[ign gazebo-1] [INFO] [1790604374.092268711] [amir1.gripper_controller]: Received & accepted new action goal
[ign gazebo-1] [INFO] [1790604374.092278072] [amir2.gripper_controller]: Received & accepted new action goal
[ign gazebo-1] [INFO] [1790604374.438381011] [amir1.gripper_controller]: Received & accepted new action goal
[ign gazebo-1] [INFO] [1790604374.438429742] [amir2.gripper_controller]: Received & accepted new action goal
[ign gazebo-1] [INFO] [1790604374.576633569] [amir1.gripper_controller]: Received & accepted new action goal
[ign gazebo-1] [INFO] [1790604374.576806087] [amir2.gripper_controller]: Received & accepted new action goal
[coordinator-29] [INFO] [1790604374.798979372] [cooperative_coordinator]: Payload goal: x=0.093, y=-0.000, yaw=0.000
[ign gazebo-1] [INFO] [1790604374.946175206] [amir1.gripper_controller]: Received & accepted new action goal
[ign gazebo-1] [INFO] [1790604374.946326439] [amir2.gripper_controller]: Received & accepted new action goal
[ign gazebo-1] [INFO] [1790604375.376503850] [amir1.gripper_controller]: Received & accepted new action goal
[ign gazebo-1] [INFO] [1790604375.376620474] [amir2.gripper_controller]: Received & accepted new action goal
[ign gazebo-1] [INFO] [1790604375.567547129] [amir1.gripper_controller]: Received & accepted new action goal
[ign gazebo-1] [INFO] [1790604375.567628728] [amir2.gripper_controller]: Received & accepted new action goal
[coordinator-29] [INFO] [1790604375.800855611] [cooperative_coordinator]: Payload goal: x=0.093, y=-0.000, yaw=0.000
[ign gazebo-1] [INFO] [1790604375.967606539] [amir1.gripper_controller]: Received & accepted new action goal
[ign gazebo-1] [INFO] [1790604375.967781374] [amir2.gripper_controller]: Received & accepted new action goal
[ign gazebo-1] [INFO] [1790604376.208371302] [amir1.gripper_controller]: Received & accepted new action goal
[ign gazebo-1] [INFO] [1790604376.208465137] [amir2.gripper_controller]: Received & accepted new action goal
[ign gazebo-1] [INFO] [1790604376.358881015] [amir1.gripper_controller]: Received & accepted new action goal
[ign gazebo-1] [INFO] [1790604376.809521733] [amir2.gripper_controller]: Received & accepted new action goal
[ign gazebo-1] [INFO] [1790604376.809557164] [amir1.gripper_controller]: Received & accepted new action goal
[coordinator-29] [INFO] [1790604376.811951825] [cooperative_coordinator]: Payload goal: x=0.098, y=-0.000, yaw=0.000
[ign gazebo-1] [INFO] [1790604377.198599241] [amir1.gripper_controller]: Received & accepted new action goal
[ign gazebo-1] [INFO] [1790604377.198667846] [amir2.gripper_controller]: Received & accepted new action goal
[ign gazebo-1] [INFO] [1790604377.418810919] [amir2.gripper_controller]: Received & accepted new action goal
[ign gazebo-1] [INFO] [1790604377.419051700] [amir1.gripper_controller]: Received & accepted new action goal
[ign gazebo-1] [INFO] [1790604377.821629618] [amir1.gripper_controller]: Received & accepted new action goal
[ign gazebo-1] [INFO] [1790604377.821696552] [amir2.gripper_controller]: Received & accepted new action goal
[coordinator-29] [INFO] [1790604377.822976366] [cooperative_coordinator]: Payload goal: x=0.117, y=-0.000, yaw=0.000
[ign gazebo-1] [INFO] [1790604378.157918576] [amir1.gripper_controller]: Received & accepted new action goal
[ign gazebo-1] [INFO] [1790604378.157977689] [amir2.gripper_controller]: Received & accepted new action goal
[ign gazebo-1] [INFO] [1790604378.317960774] [amir1.gripper_controller]: Received & accepted new action goal
[ign gazebo-1] [INFO] [1790604378.318473720] [amir2.gripper_controller]: Received & accepted new action goal
[friction_grasp_manager-22] [WARN] [1790604378.644671217] [friction_grasp_manager]: amir1 finger force above 26.0 N; backing off.
[ign gazebo-1] [INFO] [1790604378.644846444] [amir1.gripper_controller]: Received & accepted new action goal
[ign gazebo-1] [INFO] [1790604378.644953275] [amir2.gripper_controller]: Received & accepted new action goal
[coordinator-29] [INFO] [1790604378.839212842] [cooperative_coordinator]: Payload goal: x=0.117, y=-0.000, yaw=0.000
[ign gazebo-1] [INFO] [1790604379.001891076] [amir1.gripper_controller]: Received & accepted new action goal
[ign gazebo-1] [INFO] [1790604379.001920267] [amir2.gripper_controller]: Received & accepted new action goal
[ign gazebo-1] [INFO] [1790604379.228401711] [amir2.gripper_controller]: Received & accepted new action goal
[ign gazebo-1] [INFO] [1790604379.228463902] [amir1.gripper_controller]: Received & accepted new action goal
[ign gazebo-1] [INFO] [1790604379.684387985] [amir1.gripper_controller]: Received & accepted new action goal
[ign gazebo-1] [INFO] [1790604379.684460889] [amir2.gripper_controller]: Received & accepted new action goal
[coordinator-29] [INFO] [1790604379.840690413] [cooperative_coordinator]: Payload goal: x=0.117, y=-0.000, yaw=0.000
[ign gazebo-1] [INFO] [1790604379.906992798] [amir1.gripper_controller]: Received & accepted new action goal
[ign gazebo-1] [INFO] [1790604379.907083194] [amir2.gripper_controller]: Received & accepted new action goal
[ign gazebo-1] [INFO] [1790604380.053387258] [amir1.gripper_controller]: Received & accepted new action goal
[ign gazebo-1] [INFO] [1790604380.053398440] [amir2.gripper_controller]: Received & accepted new action goal
[ign gazebo-1] [INFO] [1790604380.452945909] [amir1.gripper_controller]: Received & accepted new action goal
[ign gazebo-1] [INFO] [1790604380.453025733] [amir2.gripper_controller]: Received & accepted new action goal
[coordinator-29] [INFO] [1790604380.854659144] [cooperative_coordinator]: Payload goal: x=0.117, y=-0.000, yaw=0.000
[ign gazebo-1] [INFO] [1790604380.868413055] [amir1.gripper_controller]: Received & accepted new action goal
[ign gazebo-1] [INFO] [1790604380.868444957] [amir2.gripper_controller]: Received & accepted new action goal
[ign gazebo-1] [INFO] [1790604381.100003190] [amir1.gripper_controller]: Received & accepted new action goal
[ign gazebo-1] [INFO] [1790604381.100049948] [amir2.gripper_controller]: Received & accepted new action goal
[ign gazebo-1] [INFO] [1790604381.542229892] [amir1.gripper_controller]: Received & accepted new action goal
[ign gazebo-1] [INFO] [1790604381.542286338] [amir2.gripper_controller]: Received & accepted new action goal
[ign gazebo-1] [INFO] [1790604381.845101980] [amir1.gripper_controller]: Received & accepted new action goal
[ign gazebo-1] [INFO] [1790604381.845287146] [amir2.gripper_controller]: Received & accepted new action goal
[coordinator-29] [INFO] [1790604381.863274679] [cooperative_coordinator]: Payload goal: x=0.117, y=-0.000, yaw=0.000
[ign gazebo-1] [INFO] [1790604382.034335294] [amir1.gripper_controller]: Received & accepted new action goal
[ign gazebo-1] [INFO] [1790604382.034463029] [amir2.gripper_controller]: Received & accepted new action goal
[ign gazebo-1] [INFO] [1790604382.338968386] [amir1.gripper_controller]: Received & accepted new action goal
[ign gazebo-1] [INFO] [1790604382.339060465] [amir2.gripper_controller]: Received & accepted new action goal
[ign gazebo-1] [INFO] [1790604382.698945167] [amir1.gripper_controller]: Received & accepted new action goal
[ign gazebo-1] [INFO] [1790604382.699091173] [amir2.gripper_controller]: Received & accepted new action goal
[coordinator-29] [INFO] [1790604382.878787735] [cooperative_coordinator]: Payload goal: x=0.142, y=-0.000, yaw=0.000
[ign gazebo-1] [INFO] [1790604382.892035334] [amir1.gripper_controller]: Received & accepted new action goal
[ign gazebo-1] [INFO] [1790604382.892223928] [amir2.gripper_controller]: Received & accepted new action goal
[ign gazebo-1] [INFO] [1790604383.274206264] [amir1.gripper_controller]: Received & accepted new action goal
[ign gazebo-1] [INFO] [1790604383.274253046] [amir2.gripper_controller]: Received & accepted new action goal
[ign gazebo-1] [INFO] [1790604383.724295770] [amir1.gripper_controller]: Received & accepted new action goal
[ign gazebo-1] [INFO] [1790604383.724551511] [amir2.gripper_controller]: Received & accepted new action goal
[coordinator-29] [INFO] [1790604383.889557604] [cooperative_coordinator]: Payload goal: x=0.142, y=-0.000, yaw=0.000
[ign gazebo-1] [INFO] [1790604383.928190672] [amir1.gripper_controller]: Received & accepted new action goal
[ign gazebo-1] [INFO] [1790604383.928287223] [amir2.gripper_controller]: Received & accepted new action goal
[ign gazebo-1] [INFO] [1790604384.335631500] [amir1.gripper_controller]: Received & accepted new action goal
[ign gazebo-1] [INFO] [1790604384.335721637] [amir2.gripper_controller]: Received & accepted new action goal
[ign gazebo-1] [INFO] [1790604384.637061025] [amir1.gripper_controller]: Received & accepted new action goal
[ign gazebo-1] [INFO] [1790604384.637130531] [amir2.gripper_controller]: Received & accepted new action goal
[ign gazebo-1] [INFO] [1790604384.813471619] [amir1.gripper_controller]: Received & accepted new action goal
[ign gazebo-1] [INFO] [1790604384.813676041] [amir2.gripper_controller]: Received & accepted new action goal
[coordinator-29] [INFO] [1790604384.895278171] [cooperative_coordinator]: Payload goal: x=0.142, y=-0.000, yaw=0.000
[ign gazebo-1] [INFO] [1790604385.140765851] [amir1.gripper_controller]: Received & accepted new action goal
[ign gazebo-1] [INFO] [1790604385.140890610] [amir2.gripper_controller]: Received & accepted new action goal
[ign gazebo-1] [INFO] [1790604385.501456341] [amir1.gripper_controller]: Received & accepted new action goal
[ign gazebo-1] [INFO] [1790604385.501502157] [amir2.gripper_controller]: Received & accepted new action goal
[ign gazebo-1] [INFO] [1790604385.736403518] [amir1.gripper_controller]: Received & accepted new action goal
[ign gazebo-1] [INFO] [1790604385.736938196] [amir2.gripper_controller]: Received & accepted new action goal
[coordinator-29] [INFO] [1790604385.898552556] [cooperative_coordinator]: Payload goal: x=0.142, y=-0.000, yaw=0.000
[ign gazebo-1] [INFO] [1790604386.176721965] [amir1.gripper_controller]: Received & accepted new action goal
[ign gazebo-1] [INFO] [1790604386.176794677] [amir2.gripper_controller]: Received & accepted new action goal
[ign gazebo-1] [INFO] [1790604386.584713124] [amir1.gripper_controller]: Received & accepted new action goal
[ign gazebo-1] [INFO] [1790604386.584846923] [amir2.gripper_controller]: Received & accepted new action goal
[ign gazebo-1] [INFO] [1790604386.797578723] [amir1.gripper_controller]: Received & accepted new action goal
[ign gazebo-1] [INFO] [1790604386.797707391] [amir2.gripper_controller]: Received & accepted new action goal
[coordinator-29] [INFO] [1790604386.911181441] [cooperative_coordinator]: Payload goal: x=0.142, y=-0.000, yaw=0.000
[ign gazebo-1] [INFO] [1790604387.227130028] [amir1.gripper_controller]: Received & accepted new action goal
[ign gazebo-1] [INFO] [1790604387.227206476] [amir2.gripper_controller]: Received & accepted new action goal
[ign gazebo-1] [INFO] [1790604387.548395040] [amir1.gripper_controller]: Received & accepted new action goal
[ign gazebo-1] [INFO] [1790604387.548586618] [amir2.gripper_controller]: Received & accepted new action goal
[ign gazebo-1] [INFO] [1790604387.694764434] [amir2.gripper_controller]: Received & accepted new action goal
[ign gazebo-1] [INFO] [1790604387.694764431] [amir1.gripper_controller]: Received & accepted new action goal
[coordinator-29] [INFO] [1790604387.911717085] [cooperative_coordinator]: Payload goal: x=0.150, y=-0.000, yaw=0.000
[ign gazebo-1] [INFO] [1790604388.085834021] [amir1.gripper_controller]: Received & accepted new action goal
[ign gazebo-1] [INFO] [1790604388.085895371] [amir2.gripper_controller]: Received & accepted new action goal
[ign gazebo-1] [INFO] [1790604388.516606312] [amir1.gripper_controller]: Received & accepted new action goal
[ign gazebo-1] [INFO] [1790604388.516642487] [amir2.gripper_controller]: Received & accepted new action goal
[ign gazebo-1] [INFO] [1790604388.715714385] [amir2.gripper_controller]: Received & accepted new action goal
[ign gazebo-1] [INFO] [1790604388.715743668] [amir1.gripper_controller]: Received & accepted new action goal
[coordinator-29] [INFO] [1790604388.940228847] [cooperative_coordinator]: Payload goal: x=0.166, y=-0.000, yaw=0.000
[ign gazebo-1] [INFO] [1790604389.163042582] [amir1.gripper_controller]: Received & accepted new action goal
[ign gazebo-1] [INFO] [1790604389.163143998] [amir2.gripper_controller]: Received & accepted new action goal
[ign gazebo-1] [INFO] [1790604389.584245888] [amir2.gripper_controller]: Received & accepted new action goal
[ign gazebo-1] [INFO] [1790604389.584255847] [amir1.gripper_controller]: Received & accepted new action goal
[ign gazebo-1] [INFO] [1790604389.806032038] [amir2.gripper_controller]: Received & accepted new action goal
[ign gazebo-1] [INFO] [1790604389.806058817] [amir1.gripper_controller]: Received & accepted new action goal
[coordinator-29] [INFO] [1790604389.945287525] [cooperative_coordinator]: Payload goal: x=0.166, y=-0.000, yaw=0.000
[ign gazebo-1] [INFO] [1790604390.215944229] [amir2.gripper_controller]: Received & accepted new action goal
[ign gazebo-1] [INFO] [1790604390.215954993] [amir1.gripper_controller]: Received & accepted new action goal
[ign gazebo-1] [INFO] [1790604390.497828166] [amir1.gripper_controller]: Received & accepted new action goal
[ign gazebo-1] [INFO] [1790604390.498082690] [amir2.gripper_controller]: Received & accepted new action goal
[friction_grasp_manager-22] [WARN] [1790604390.651970795] [friction_grasp_manager]: amir1 finger force above 26.0 N; backing off.
[ign gazebo-1] [INFO] [1790604390.652187885] [amir1.gripper_controller]: Received & accepted new action goal
[ign gazebo-1] [INFO] [1790604390.652532960] [amir2.gripper_controller]: Received & accepted new action goal
[ign gazebo-1] [INFO] [1790604390.904976281] [amir2.gripper_controller]: Received & accepted new action goal
[ign gazebo-1] [INFO] [1790604390.904984219] [amir1.gripper_controller]: Received & accepted new action goal
[coordinator-29] [INFO] [1790604390.946385319] [cooperative_coordinator]: Payload goal: x=0.166, y=-0.000, yaw=0.000
[ign gazebo-1] [INFO] [1790604391.150922840] [amir1.gripper_controller]: Received & accepted new action goal
[ign gazebo-1] [INFO] [1790604391.150990766] [amir2.gripper_controller]: Received & accepted new action goal
[ign gazebo-1] [INFO] [1790604391.291415772] [amir1.gripper_controller]: Received & accepted new action goal
[ign gazebo-1] [INFO] [1790604391.291544703] [amir2.gripper_controller]: Received & accepted new action goal
[ign gazebo-1] [INFO] [1790604391.570624144] [amir2.gripper_controller]: Received & accepted new action goal
[ign gazebo-1] [INFO] [1790604391.570656477] [amir1.gripper_controller]: Received & accepted new action goal
[ign gazebo-1] [INFO] [1790604391.924478812] [amir1.gripper_controller]: Received & accepted new action goal
[ign gazebo-1] [INFO] [1790604391.924579631] [amir2.gripper_controller]: Received & accepted new action goal
[coordinator-29] [INFO] [1790604391.947845800] [cooperative_coordinator]: Payload goal: x=0.166, y=-0.000, yaw=0.000
[ign gazebo-1] [INFO] [1790604392.114754525] [amir1.gripper_controller]: Received & accepted new action goal
[ign gazebo-1] [INFO] [1790604392.114857509] [amir2.gripper_controller]: Received & accepted new action goal
[ign gazebo-1] [INFO] [1790604392.547105946] [amir2.gripper_controller]: Received & accepted new action goal
[ign gazebo-1] [INFO] [1790604392.547260420] [amir1.gripper_controller]: Received & accepted new action goal
[ign gazebo-1] [INFO] [1790604392.860161760] [amir1.gripper_controller]: Received & accepted new action goal
[friction_grasp_manager-22] [WARN] [1790604392.860518815] [friction_grasp_manager]: amir2 finger force above 26.0 N; backing off.
[ign gazebo-1] [INFO] [1790604392.860780558] [amir2.gripper_controller]: Received & accepted new action goal
[coordinator-29] [INFO] [1790604392.957111759] [cooperative_coordinator]: Payload goal: x=0.170, y=-0.000, yaw=0.000
[ign gazebo-1] [INFO] [1790604392.963810296] [amir1.gripper_controller]: Received & accepted new action goal
[ign gazebo-1] [INFO] [1790604392.963995633] [amir2.gripper_controller]: Received & accepted new action goal
[ign gazebo-1] [INFO] [1790604393.314864154] [amir1.gripper_controller]: Received & accepted new action goal
[ign gazebo-1] [INFO] [1790604393.606919923] [amir1.gripper_controller]: Received & accepted new action goal
[ign gazebo-1] [INFO] [1790604393.607084850] [amir2.gripper_controller]: Received & accepted new action goal
[ign gazebo-1] [INFO] [1790604393.818465945] [amir1.gripper_controller]: Received & accepted new action goal
[coordinator-29] [INFO] [1790604393.957623724] [cooperative_coordinator]: Payload goal: x=0.190, y=-0.000, yaw=0.000
[ign gazebo-1] [INFO] [1790604394.499155955] [amir1.gripper_controller]: Received & accepted new action goal
[ign gazebo-1] [INFO] [1790604394.499259448] [amir2.gripper_controller]: Received & accepted new action goal
[ign gazebo-1] [INFO] [1790604394.691755725] [amir2.gripper_controller]: Received & accepted new action goal
[ign gazebo-1] [INFO] [1790604394.691838910] [amir1.gripper_controller]: Received & accepted new action goal
[coordinator-29] [INFO] [1790604394.971787462] [cooperative_coordinator]: Payload goal: x=0.190, y=-0.000, yaw=0.000
[ign gazebo-1] [INFO] [1790604395.128012892] [amir1.gripper_controller]: Received & accepted new action goal
[ign gazebo-1] [INFO] [1790604395.128311807] [amir2.gripper_controller]: Received & accepted new action goal
[ign gazebo-1] [INFO] [1790604395.369767111] [amir1.gripper_controller]: Received & accepted new action goal
[ign gazebo-1] [INFO] [1790604395.370068711] [amir2.gripper_controller]: Received & accepted new action goal
[ign gazebo-1] [INFO] [1790604395.550970092] [amir1.gripper_controller]: Received & accepted new action goal
[ign gazebo-1] [INFO] [1790604395.551049599] [amir2.gripper_controller]: Received & accepted new action goal
[ign gazebo-1] [INFO] [1790604395.947276887] [amir2.gripper_controller]: Received & accepted new action goal
[ign gazebo-1] [INFO] [1790604395.947399305] [amir1.gripper_controller]: Received & accepted new action goal
[coordinator-29] [INFO] [1790604395.983217799] [cooperative_coordinator]: Payload goal: x=0.190, y=-0.000, yaw=0.000
[ign gazebo-1] [INFO] [1790604396.349619136] [amir2.gripper_controller]: Received & accepted new action goal
[ign gazebo-1] [INFO] [1790604396.349658023] [amir1.gripper_controller]: Received & accepted new action goal
[ign gazebo-1] [INFO] [1790604396.544814961] [amir1.gripper_controller]: Received & accepted new action goal
[ign gazebo-1] [INFO] [1790604396.544824983] [amir2.gripper_controller]: Received & accepted new action goal
[ign gazebo-1] [INFO] [1790604396.963375705] [amir2.gripper_controller]: Received & accepted new action goal
[ign gazebo-1] [INFO] [1790604396.963412494] [amir1.gripper_controller]: Received & accepted new action goal
[coordinator-29] [INFO] [1790604396.992926855] [cooperative_coordinator]: Payload goal: x=0.190, y=-0.000, yaw=0.000
[ign gazebo-1] [INFO] [1790604397.353982843] [amir2.gripper_controller]: Received & accepted new action goal
[ign gazebo-1] [INFO] [1790604397.354011458] [amir1.gripper_controller]: Received & accepted new action goal
[ign gazebo-1] [INFO] [1790604397.567451346] [amir1.gripper_controller]: Received & accepted new action goal
[ign gazebo-1] [INFO] [1790604397.567702185] [amir2.gripper_controller]: Received & accepted new action goal
[ign gazebo-1] [INFO] [1790604397.800083752] [amir1.gripper_controller]: Received & accepted new action goal
[ign gazebo-1] [INFO] [1790604397.800167892] [amir2.gripper_controller]: Received & accepted new action goal
[coordinator-29] [INFO] [1790604398.003225581] [cooperative_coordinator]: Payload goal: x=0.190, y=-0.000, yaw=0.000
[ign gazebo-1] [INFO] [1790604398.130766965] [amir1.gripper_controller]: Received & accepted new action goal
[ign gazebo-1] [INFO] [1790604398.130906009] [amir2.gripper_controller]: Received & accepted new action goal
[ign gazebo-1] [INFO] [1790604398.303298137] [amir1.gripper_controller]: Received & accepted new action goal
[ign gazebo-1] [INFO] [1790604398.303345102] [amir2.gripper_controller]: Received & accepted new action goal
[ign gazebo-1] [INFO] [1790604398.711277964] [amir1.gripper_controller]: Received & accepted new action goal
[ign gazebo-1] [INFO] [1790604398.711286345] [amir2.gripper_controller]: Received & accepted new action goal
[coordinator-29] [INFO] [1790604399.016477697] [cooperative_coordinator]: Payload goal: x=0.213, y=-0.000, yaw=0.000
[ign gazebo-1] [INFO] [1790604399.117051881] [amir1.gripper_controller]: Received & accepted new action goal
[ign gazebo-1] [INFO] [1790604399.117221496] [amir2.gripper_controller]: Received & accepted new action goal
[ign gazebo-1] [INFO] [1790604399.329190491] [amir1.gripper_controller]: Received & accepted new action goal
[ign gazebo-1] [INFO] [1790604399.329257424] [amir2.gripper_controller]: Received & accepted new action goal
[ign gazebo-1] [INFO] [1790604399.744646625] [amir1.gripper_controller]: Received & accepted new action goal
[ign gazebo-1] [INFO] [1790604399.744731017] [amir2.gripper_controller]: Received & accepted new action goal
[coordinator-29] [INFO] [1790604400.019876067] [cooperative_coordinator]: Payload goal: x=0.214, y=-0.000, yaw=0.000
[ign gazebo-1] [INFO] [1790604400.071719957] [amir1.gripper_controller]: Received & accepted new action goal
[ign gazebo-1] [INFO] [1790604400.071784538] [amir2.gripper_controller]: Received & accepted new action goal
[ign gazebo-1] [INFO] [1790604400.227399793] [amir1.gripper_controller]: Received & accepted new action goal
[ign gazebo-1] [INFO] [1790604400.227623907] [amir2.gripper_controller]: Received & accepted new action goal
[coordinator-29] [INFO] [1790604401.045797083] [cooperative_coordinator]: Payload goal: x=0.214, y=-0.000, yaw=0.000
[ign gazebo-1] [INFO] [1790604401.057492754] [amir1.gripper_controller]: Received & accepted new action goal
[ign gazebo-1] [INFO] [1790604401.057574149] [amir2.gripper_controller]: Received & accepted new action goal
[ign gazebo-1] [INFO] [1790604401.252595366] [amir1.gripper_controller]: Received & accepted new action goal
[ign gazebo-1] [INFO] [1790604401.252669943] [amir2.gripper_controller]: Received & accepted new action goal
[ign gazebo-1] [INFO] [1790604401.661331866] [amir1.gripper_controller]: Received & accepted new action goal
[ign gazebo-1] [INFO] [1790604401.661470261] [amir2.gripper_controller]: Received & accepted new action goal
[coordinator-29] [INFO] [1790604402.055016790] [cooperative_coordinator]: Payload goal: x=0.214, y=-0.000, yaw=0.000
[ign gazebo-1] [INFO] [1790604402.095774518] [amir1.gripper_controller]: Received & accepted new action goal
[ign gazebo-1] [INFO] [1790604402.095849146] [amir2.gripper_controller]: Received & accepted new action goal
[ign gazebo-1] [INFO] [1790604402.301504583] [amir2.gripper_controller]: Received & accepted new action goal
[ign gazebo-1] [INFO] [1790604402.301568354] [amir1.gripper_controller]: Received & accepted new action goal
[ign gazebo-1] [INFO] [1790604402.712615520] [amir1.gripper_controller]: Received & accepted new action goal
[ign gazebo-1] [INFO] [1790604402.712775117] [amir2.gripper_controller]: Received & accepted new action goal
[coordinator-29] [INFO] [1790604403.058815609] [cooperative_coordinator]: Payload goal: x=0.214, y=-0.000, yaw=0.000
[ign gazebo-1] [INFO] [1790604403.125240567] [amir1.gripper_controller]: Received & accepted new action goal
[ign gazebo-1] [INFO] [1790604403.125607192] [amir2.gripper_controller]: Received & accepted new action goal
[ign gazebo-1] [INFO] [1790604403.339032688] [amir1.gripper_controller]: Received & accepted new action goal
[ign gazebo-1] [INFO] [1790604403.339928927] [amir2.gripper_controller]: Received & accepted new action goal
[ign gazebo-1] [INFO] [1790604403.754195055] [amir1.gripper_controller]: Received & accepted new action goal
[ign gazebo-1] [INFO] [1790604403.754242057] [amir2.gripper_controller]: Received & accepted new action goal
[coordinator-29] [INFO] [1790604404.063310417] [cooperative_coordinator]: Payload goal: x=0.214, y=-0.000, yaw=0.000
[ign gazebo-1] [INFO] [1790604404.148231150] [amir1.gripper_controller]: Received & accepted new action goal
[ign gazebo-1] [INFO] [1790604404.148460133] [amir2.gripper_controller]: Received & accepted new action goal
[ign gazebo-1] [INFO] [1790604404.316922851] [amir1.gripper_controller]: Received & accepted new action goal
[ign gazebo-1] [INFO] [1790604404.317264716] [amir2.gripper_controller]: Received & accepted new action goal
[ign gazebo-1] [INFO] [1790604404.660643334] [amir1.gripper_controller]: Received & accepted new action goal
[ign gazebo-1] [INFO] [1790604404.660909659] [amir2.gripper_controller]: Received & accepted new action goal
[ign gazebo-1] [INFO] [1790604404.940211398] [amir1.gripper_controller]: Received & accepted new action goal
[ign gazebo-1] [INFO] [1790604404.940289198] [amir2.gripper_controller]: Received & accepted new action goal
[coordinator-29] [INFO] [1790604405.067931565] [cooperative_coordinator]: Payload goal: x=0.239, y=-0.000, yaw=0.000
[ign gazebo-1] [INFO] [1790604405.108862159] [amir2.gripper_controller]: Received & accepted new action goal
[ign gazebo-1] [INFO] [1790604405.504629417] [amir1.gripper_controller]: Received & accepted new action goal
[ign gazebo-1] [INFO] [1790604405.504786768] [amir2.gripper_controller]: Received & accepted new action goal
[ign gazebo-1] [INFO] [1790604405.951953686] [amir1.gripper_controller]: Received & accepted new action goal
[ign gazebo-1] [INFO] [1790604405.952176594] [amir2.gripper_controller]: Received & accepted new action goal
[coordinator-29] [INFO] [1790604406.069530973] [cooperative_coordinator]: Payload goal: x=0.239, y=-0.000, yaw=0.000
[ign gazebo-1] [INFO] [1790604406.094359116] [amir1.gripper_controller]: Received & accepted new action goal
[ign gazebo-1] [INFO] [1790604406.094485455] [amir2.gripper_controller]: Received & accepted new action goal
[ign gazebo-1] [INFO] [1790604406.489386456] [amir1.gripper_controller]: Received & accepted new action goal
[ign gazebo-1] [INFO] [1790604406.489447958] [amir2.gripper_controller]: Received & accepted new action goal
[ign gazebo-1] [INFO] [1790604406.898962568] [amir1.gripper_controller]: Received & accepted new action goal
[ign gazebo-1] [INFO] [1790604406.899162590] [amir2.gripper_controller]: Received & accepted new action goal
[coordinator-29] [INFO] [1790604407.075793723] [cooperative_coordinator]: Payload goal: x=0.239, y=-0.000, yaw=0.000
[ign gazebo-1] [INFO] [1790604407.136240038] [amir1.gripper_controller]: Received & accepted new action goal
[ign gazebo-1] [INFO] [1790604407.136463134] [amir2.gripper_controller]: Received & accepted new action goal
[ign gazebo-1] [INFO] [1790604407.576885089] [amir1.gripper_controller]: Received & accepted new action goal
[ign gazebo-1] [INFO] [1790604407.577214976] [amir2.gripper_controller]: Received & accepted new action goal
[ign gazebo-1] [INFO] [1790604407.887402453] [amir2.gripper_controller]: Received & accepted new action goal
[ign gazebo-1] [INFO] [1790604407.887419169] [amir1.gripper_controller]: Received & accepted new action goal
[ign gazebo-1] [INFO] [1790604408.020206842] [amir1.gripper_controller]: Received & accepted new action goal
[ign gazebo-1] [INFO] [1790604408.020241888] [amir2.gripper_controller]: Received & accepted new action goal
[coordinator-29] [INFO] [1790604408.081850994] [cooperative_coordinator]: Payload goal: x=0.239, y=-0.000, yaw=0.000
[ign gazebo-1] [INFO] [1790604408.340553401] [amir1.gripper_controller]: Received & accepted new action goal
[ign gazebo-1] [INFO] [1790604408.340794682] [amir2.gripper_controller]: Received & accepted new action goal
[ign gazebo-1] [INFO] [1790604408.650286091] [amir1.gripper_controller]: Received & accepted new action goal
[ign gazebo-1] [INFO] [1790604408.650287314] [amir2.gripper_controller]: Received & accepted new action goal
[friction_grasp_manager-22] [WARN] [1790604408.777949171] [friction_grasp_manager]: amir1 finger force above 26.0 N; backing off.
[ign gazebo-1] [INFO] [1790604408.778188362] [amir1.gripper_controller]: Received & accepted new action goal
[ign gazebo-1] [INFO] [1790604408.778486644] [amir2.gripper_controller]: Received & accepted new action goal
[ign gazebo-1] [INFO] [1790604409.024523896] [amir1.gripper_controller]: Received & accepted new action goal
[ign gazebo-1] [INFO] [1790604409.024541553] [amir2.gripper_controller]: Received & accepted new action goal
[coordinator-29] [INFO] [1790604409.092211150] [cooperative_coordinator]: Payload goal: x=0.239, y=-0.000, yaw=0.000
[ign gazebo-1] [INFO] [1790604409.479030707] [amir1.gripper_controller]: Received & accepted new action goal
[ign gazebo-1] [INFO] [1790604409.479455055] [amir2.gripper_controller]: Received & accepted new action goal
[ign gazebo-1] [INFO] [1790604409.635287954] [amir1.gripper_controller]: Received & accepted new action goal
[ign gazebo-1] [INFO] [1790604409.635390241] [amir2.gripper_controller]: Received & accepted new action goal
[ign gazebo-1] [INFO] [1790604410.053967122] [amir1.gripper_controller]: Received & accepted new action goal
[ign gazebo-1] [INFO] [1790604410.054048572] [amir2.gripper_controller]: Received & accepted new action goal
[coordinator-29] [INFO] [1790604410.099299979] [cooperative_coordinator]: Payload goal: x=0.258, y=-0.000, yaw=0.000
[ign gazebo-1] [INFO] [1790604410.497219365] [amir1.gripper_controller]: Received & accepted new action goal
[ign gazebo-1] [INFO] [1790604410.497320710] [amir2.gripper_controller]: Received & accepted new action goal
[ign gazebo-1] [INFO] [1790604410.703027990] [amir1.gripper_controller]: Received & accepted new action goal
[ign gazebo-1] [INFO] [1790604410.703149739] [amir2.gripper_controller]: Received & accepted new action goal
[ign gazebo-1] [INFO] [1790604410.998892692] [amir1.gripper_controller]: Received & accepted new action goal
[ign gazebo-1] [INFO] [1790604410.998990725] [amir2.gripper_controller]: Received & accepted new action goal
[coordinator-29] [INFO] [1790604411.115314202] [cooperative_coordinator]: Payload goal: x=0.263, y=-0.000, yaw=0.000
[ign gazebo-1] [INFO] [1790604411.397004261] [amir1.gripper_controller]: Received & accepted new action goal
[ign gazebo-1] [INFO] [1790604411.397529519] [amir2.gripper_controller]: Received & accepted new action goal
[ign gazebo-1] [INFO] [1790604411.548909430] [amir1.gripper_controller]: Received & accepted new action goal
[ign gazebo-1] [INFO] [1790604411.548986401] [amir2.gripper_controller]: Received & accepted new action goal
[ign gazebo-1] [INFO] [1790604411.912551893] [amir1.gripper_controller]: Received & accepted new action goal
[ign gazebo-1] [INFO] [1790604411.912621136] [amir2.gripper_controller]: Received & accepted new action goal
[coordinator-29] [INFO] [1790604412.121963989] [cooperative_coordinator]: Payload goal: x=0.263, y=-0.000, yaw=0.000
[ign gazebo-1] [INFO] [1790604412.311341012] [amir1.gripper_controller]: Received & accepted new action goal
[ign gazebo-1] [INFO] [1790604412.311535719] [amir2.gripper_controller]: Received & accepted new action goal
[ign gazebo-1] [INFO] [1790604412.505826403] [amir1.gripper_controller]: Received & accepted new action goal
[ign gazebo-1] [INFO] [1790604412.505917790] [amir2.gripper_controller]: Received & accepted new action goal
[ign gazebo-1] [INFO] [1790604412.917756337] [amir1.gripper_controller]: Received & accepted new action goal
[ign gazebo-1] [INFO] [1790604412.917923689] [amir2.gripper_controller]: Received & accepted new action goal
[coordinator-29] [INFO] [1790604413.139778052] [cooperative_coordinator]: Payload goal: x=0.263, y=-0.000, yaw=0.000
[ign gazebo-1] [INFO] [1790604413.334093677] [amir1.gripper_controller]: Received & accepted new action goal
[ign gazebo-1] [INFO] [1790604413.334303404] [amir2.gripper_controller]: Received & accepted new action goal
[ign gazebo-1] [INFO] [1790604413.477193075] [amir1.gripper_controller]: Received & accepted new action goal
[ign gazebo-1] [INFO] [1790604413.477204497] [amir2.gripper_controller]: Received & accepted new action goal
[ign gazebo-1] [INFO] [1790604413.778392917] [amir1.gripper_controller]: Received & accepted new action goal
[ign gazebo-1] [INFO] [1790604413.778489954] [amir2.gripper_controller]: Received & accepted new action goal
[ign gazebo-1] [INFO] [1790604414.122960655] [amir1.gripper_controller]: Received & accepted new action goal
[ign gazebo-1] [INFO] [1790604414.123034784] [amir2.gripper_controller]: Received & accepted new action goal
[coordinator-29] [INFO] [1790604414.146931278] [cooperative_coordinator]: Payload goal: x=0.263, y=-0.000, yaw=0.000
[ign gazebo-1] [INFO] [1790604414.351045593] [amir1.gripper_controller]: Received & accepted new action goal
[ign gazebo-1] [INFO] [1790604414.351083718] [amir2.gripper_controller]: Received & accepted new action goal
[ign gazebo-1] [INFO] [1790604414.666375184] [amir1.gripper_controller]: Received & accepted new action goal
[ign gazebo-1] [INFO] [1790604414.666382216] [amir2.gripper_controller]: Received & accepted new action goal
[ign gazebo-1] [INFO] [1790604414.897505358] [amir1.gripper_controller]: Received & accepted new action goal
[friction_grasp_manager-22] [WARN] [1790604414.897526730] [friction_grasp_manager]: amir2 finger force above 26.0 N; backing off.
[ign gazebo-1] [INFO] [1790604414.897915721] [amir2.gripper_controller]: Received & accepted new action goal
[ign gazebo-1] [INFO] [1790604415.006289010] [amir1.gripper_controller]: Received & accepted new action goal
[ign gazebo-1] [INFO] [1790604415.006399071] [amir2.gripper_controller]: Received & accepted new action goal
[coordinator-29] [INFO] [1790604415.154655185] [cooperative_coordinator]: Payload goal: x=0.280, y=-0.000, yaw=0.000
[ign gazebo-1] [INFO] [1790604415.359386385] [amir2.gripper_controller]: Received & accepted new action goal
[ign gazebo-1] [INFO] [1790604415.359410809] [amir1.gripper_controller]: Received & accepted new action goal
[ign gazebo-1] [INFO] [1790604415.602228162] [amir1.gripper_controller]: Received & accepted new action goal
[ign gazebo-1] [INFO] [1790604415.602346305] [amir2.gripper_controller]: Received & accepted new action goal
[ign gazebo-1] [INFO] [1790604415.717347701] [amir1.gripper_controller]: Received & accepted new action goal
[ign gazebo-1] [INFO] [1790604415.717502463] [amir2.gripper_controller]: Received & accepted new action goal
[coordinator-29] [INFO] [1790604416.165704868] [cooperative_coordinator]: Payload goal: x=0.286, y=-0.000, yaw=0.000
[ign gazebo-1] [INFO] [1790604416.468397842] [amir1.gripper_controller]: Received & accepted new action goal
[ign gazebo-1] [INFO] [1790604416.657942372] [amir1.gripper_controller]: Received & accepted new action goal
[ign gazebo-1] [INFO] [1790604416.658032708] [amir2.gripper_controller]: Received & accepted new action goal
[ign gazebo-1] [INFO] [1790604416.974713672] [amir1.gripper_controller]: Received & accepted new action goal
[ign gazebo-1] [INFO] [1790604416.975139382] [amir2.gripper_controller]: Received & accepted new action goal
[coordinator-29] [INFO] [1790604417.166045717] [cooperative_coordinator]: Payload goal: x=0.286, y=-0.000, yaw=0.000
[ign gazebo-1] [INFO] [1790604417.384367234] [amir1.gripper_controller]: Received & accepted new action goal
[ign gazebo-1] [INFO] [1790604417.384471593] [amir2.gripper_controller]: Received & accepted new action goal
[ign gazebo-1] [INFO] [1790604417.599498170] [amir1.gripper_controller]: Received & accepted new action goal
[ign gazebo-1] [INFO] [1790604417.599549346] [amir2.gripper_controller]: Received & accepted new action goal
[ign gazebo-1] [INFO] [1790604417.890275816] [amir1.gripper_controller]: Received & accepted new action goal
[ign gazebo-1] [INFO] [1790604417.890435758] [amir2.gripper_controller]: Received & accepted new action goal
[ign gazebo-1] [INFO] [1790604418.131425887] [amir2.gripper_controller]: Received & accepted new action goal
[coordinator-29] [INFO] [1790604418.171374280] [cooperative_coordinator]: Payload goal: x=0.286, y=-0.000, yaw=0.000
[ign gazebo-1] [INFO] [1790604418.250687194] [amir1.gripper_controller]: Received & accepted new action goal
[ign gazebo-1] [INFO] [1790604418.251029271] [amir2.gripper_controller]: Received & accepted new action goal
[ign gazebo-1] [INFO] [1790604418.561421114] [amir1.gripper_controller]: Received & accepted new action goal
[ign gazebo-1] [INFO] [1790604418.561643879] [amir2.gripper_controller]: Received & accepted new action goal
[ign gazebo-1] [INFO] [1790604418.924755071] [amir1.gripper_controller]: Received & accepted new action goal
[ign gazebo-1] [INFO] [1790604419.095918515] [amir1.gripper_controller]: Received & accepted new action goal
[coordinator-29] [INFO] [1790604419.193159259] [cooperative_coordinator]: Payload goal: x=0.286, y=-0.000, yaw=0.000
[ign gazebo-1] [INFO] [1790604419.474025192] [amir1.gripper_controller]: Received & accepted new action goal
[ign gazebo-1] [INFO] [1790604419.474142135] [amir2.gripper_controller]: Received & accepted new action goal
[ign gazebo-1] [INFO] [1790604419.771701045] [amir1.gripper_controller]: Received & accepted new action goal
[ign gazebo-1] [INFO] [1790604419.771744149] [amir2.gripper_controller]: Received & accepted new action goal
[ign gazebo-1] [INFO] [1790604419.916691570] [amir1.gripper_controller]: Received & accepted new action goal
[ign gazebo-1] [INFO] [1790604419.916692575] [amir2.gripper_controller]: Received & accepted new action goal
[ign gazebo-1] [INFO] [1790604420.155856830] [amir1.gripper_controller]: Received & accepted new action goal
[ign gazebo-1] [INFO] [1790604420.155979989] [amir2.gripper_controller]: Received & accepted new action goal
[coordinator-29] [INFO] [1790604420.200829017] [cooperative_coordinator]: Payload goal: x=0.311, y=-0.000, yaw=0.000
[friction_grasp_manager-22] [WARN] [1790604420.431807428] [friction_grasp_manager]: amir2 finger force above 26.0 N; backing off.
[ign gazebo-1] [INFO] [1790604420.432176020] [amir2.gripper_controller]: Received & accepted new action goal
[ign gazebo-1] [INFO] [1790604420.567584091] [amir1.gripper_controller]: Received & accepted new action goal
[ign gazebo-1] [INFO] [1790604420.567660771] [amir2.gripper_controller]: Received & accepted new action goal
[ign gazebo-1] [INFO] [1790604420.885639351] [amir1.gripper_controller]: Received & accepted new action goal
[ign gazebo-1] [INFO] [1790604420.885728064] [amir2.gripper_controller]: Received & accepted new action goal
[ign gazebo-1] [INFO] [1790604421.135487855] [amir1.gripper_controller]: Received & accepted new action goal
[ign gazebo-1] [INFO] [1790604421.135564141] [amir2.gripper_controller]: Received & accepted new action goal
[coordinator-29] [INFO] [1790604421.205630990] [cooperative_coordinator]: Payload goal: x=0.311, y=-0.000, yaw=0.000
[ign gazebo-1] [INFO] [1790604421.332879110] [amir1.gripper_controller]: Received & accepted new action goal
[ign gazebo-1] [INFO] [1790604421.333171505] [amir2.gripper_controller]: Received & accepted new action goal
[ign gazebo-1] [INFO] [1790604421.745625439] [amir1.gripper_controller]: Received & accepted new action goal
[friction_grasp_manager-22] [WARN] [1790604421.746766502] [friction_grasp_manager]: amir2 finger force above 26.0 N; backing off.
[ign gazebo-1] [INFO] [1790604421.747237964] [amir2.gripper_controller]: Received & accepted new action goal
[ign gazebo-1] [INFO] [1790604422.025751045] [amir1.gripper_controller]: Received & accepted new action goal
[ign gazebo-1] [INFO] [1790604422.025803490] [amir2.gripper_controller]: Received & accepted new action goal
[ign gazebo-1] [INFO] [1790604422.211262400] [amir2.gripper_controller]: Received & accepted new action goal
[ign gazebo-1] [INFO] [1790604422.211326527] [amir1.gripper_controller]: Received & accepted new action goal
[coordinator-29] [INFO] [1790604422.212920912] [cooperative_coordinator]: Payload goal: x=0.311, y=-0.000, yaw=0.000
[ign gazebo-1] [INFO] [1790604422.462264963] [amir1.gripper_controller]: Received & accepted new action goal
[ign gazebo-1] [INFO] [1790604422.462288056] [amir2.gripper_controller]: Received & accepted new action goal
[ign gazebo-1] [INFO] [1790604422.801781999] [amir1.gripper_controller]: Received & accepted new action goal
[ign gazebo-1] [INFO] [1790604422.801982033] [amir2.gripper_controller]: Received & accepted new action goal
[friction_grasp_manager-22] [WARN] [1790604422.937076284] [friction_grasp_manager]: amir2 finger force above 26.0 N; backing off.
[ign gazebo-1] [INFO] [1790604422.937297733] [amir2.gripper_controller]: Received & accepted new action goal
[ign gazebo-1] [INFO] [1790604423.182363812] [amir2.gripper_controller]: Received & accepted new action goal
[coordinator-29] [INFO] [1790604423.215761559] [cooperative_coordinator]: Payload goal: x=0.311, y=-0.000, yaw=0.000
[ign gazebo-1] [INFO] [1790604423.533391568] [amir2.gripper_controller]: Received & accepted new action goal
[ign gazebo-1] [INFO] [1790604423.686135813] [amir1.gripper_controller]: Received & accepted new action goal
[ign gazebo-1] [INFO] [1790604423.686275833] [amir2.gripper_controller]: Received & accepted new action goal
[coordinator-29] [INFO] [1790604424.236552921] [cooperative_coordinator]: Payload goal: x=0.315, y=-0.000, yaw=0.000
[ign gazebo-1] [INFO] [1790604424.474256328] [amir1.gripper_controller]: Received & accepted new action goal
[ign gazebo-1] [INFO] [1790604424.474319819] [amir2.gripper_controller]: Received & accepted new action goal
[ign gazebo-1] [INFO] [1790604424.891285809] [amir2.gripper_controller]: Received & accepted new action goal
[ign gazebo-1] [INFO] [1790604424.891467941] [amir1.gripper_controller]: Received & accepted new action goal
[ign gazebo-1] [INFO] [1790604425.038570504] [amir1.gripper_controller]: Received & accepted new action goal
[ign gazebo-1] [INFO] [1790604425.038723766] [amir2.gripper_controller]: Received & accepted new action goal
[coordinator-29] [INFO] [1790604425.253346889] [cooperative_coordinator]: Payload goal: x=0.336, y=-0.000, yaw=0.000
[ign gazebo-1] [INFO] [1790604425.478124098] [amir2.gripper_controller]: Received & accepted new action goal
[ign gazebo-1] [INFO] [1790604425.478167043] [amir1.gripper_controller]: Received & accepted new action goal
[ign gazebo-1] [INFO] [1790604425.949092664] [amir1.gripper_controller]: Received & accepted new action goal
[ign gazebo-1] [INFO] [1790604425.949140371] [amir2.gripper_controller]: Received & accepted new action goal
[ign gazebo-1] [INFO] [1790604426.131880996] [amir1.gripper_controller]: Received & accepted new action goal
[ign gazebo-1] [INFO] [1790604426.132602212] [amir2.gripper_controller]: Received & accepted new action goal
[coordinator-29] [INFO] [1790604426.255060850] [cooperative_coordinator]: Payload goal: x=0.336, y=-0.000, yaw=0.000
[ign gazebo-1] [INFO] [1790604426.620729538] [amir1.gripper_controller]: Received & accepted new action goal
[ign gazebo-1] [INFO] [1790604426.621145721] [amir2.gripper_controller]: Received & accepted new action goal
[ign gazebo-1] [INFO] [1790604427.037841447] [amir1.gripper_controller]: Received & accepted new action goal
[ign gazebo-1] [INFO] [1790604427.038025703] [amir2.gripper_controller]: Received & accepted new action goal
[ign gazebo-1] [INFO] [1790604427.213889250] [amir1.gripper_controller]: Received & accepted new action goal
[ign gazebo-1] [INFO] [1790604427.213986929] [amir2.gripper_controller]: Received & accepted new action goal
[coordinator-29] [INFO] [1790604427.261075877] [cooperative_coordinator]: Payload goal: x=0.336, y=-0.000, yaw=0.000
[ign gazebo-1] [INFO] [1790604427.610799000] [amir2.gripper_controller]: Received & accepted new action goal
[ign gazebo-1] [INFO] [1790604427.610809048] [amir1.gripper_controller]: Received & accepted new action goal
[ign gazebo-1] [INFO] [1790604428.044239172] [amir2.gripper_controller]: Received & accepted new action goal
[ign gazebo-1] [INFO] [1790604428.044253442] [amir1.gripper_controller]: Received & accepted new action goal
[ign gazebo-1] [INFO] [1790604428.198007798] [amir1.gripper_controller]: Received & accepted new action goal
[ign gazebo-1] [INFO] [1790604428.198025592] [amir2.gripper_controller]: Received & accepted new action goal
[coordinator-29] [INFO] [1790604428.287707599] [cooperative_coordinator]: Payload goal: x=0.336, y=-0.000, yaw=0.000
[ign gazebo-1] [INFO] [1790604428.596461158] [amir1.gripper_controller]: Received & accepted new action goal
[ign gazebo-1] [INFO] [1790604428.596649614] [amir2.gripper_controller]: Received & accepted new action goal
[ign gazebo-1] [INFO] [1790604429.044373257] [amir1.gripper_controller]: Received & accepted new action goal
[ign gazebo-1] [INFO] [1790604429.044442494] [amir2.gripper_controller]: Received & accepted new action goal
[ign gazebo-1] [INFO] [1790604429.239931132] [amir1.gripper_controller]: Received & accepted new action goal
[ign gazebo-1] [INFO] [1790604429.240019923] [amir2.gripper_controller]: Received & accepted new action goal
[coordinator-29] [INFO] [1790604429.292965037] [cooperative_coordinator]: Payload goal: x=0.336, y=-0.000, yaw=0.000
[ign gazebo-1] [INFO] [1790604429.538640342] [amir1.gripper_controller]: Received & accepted new action goal
[ign gazebo-1] [INFO] [1790604429.538966259] [amir2.gripper_controller]: Received & accepted new action goal
[ign gazebo-1] [INFO] [1790604429.920889225] [amir1.gripper_controller]: Received & accepted new action goal
[ign gazebo-1] [INFO] [1790604429.920940354] [amir2.gripper_controller]: Received & accepted new action goal
[ign gazebo-1] [INFO] [1790604430.099826097] [amir1.gripper_controller]: Received & accepted new action goal
[ign gazebo-1] [INFO] [1790604430.099895504] [amir2.gripper_controller]: Received & accepted new action goal
[coordinator-29] [INFO] [1790604430.301722917] [cooperative_coordinator]: Payload goal: x=0.340, y=-0.000, yaw=0.000
[ign gazebo-1] [INFO] [1790604430.397863448] [amir1.gripper_controller]: Received & accepted new action goal
[ign gazebo-1] [INFO] [1790604430.397927915] [amir2.gripper_controller]: Received & accepted new action goal
[ign gazebo-1] [INFO] [1790604430.793634886] [amir2.gripper_controller]: Received & accepted new action goal
[ign gazebo-1] [INFO] [1790604430.793738678] [amir1.gripper_controller]: Received & accepted new action goal
[ign gazebo-1] [INFO] [1790604431.004249094] [amir2.gripper_controller]: Received & accepted new action goal
[ign gazebo-1] [INFO] [1790604431.004262030] [amir1.gripper_controller]: Received & accepted new action goal
[coordinator-29] [INFO] [1790604431.305871981] [cooperative_coordinator]: Payload goal: x=0.360, y=-0.000, yaw=0.000
[ign gazebo-1] [INFO] [1790604431.460230637] [amir2.gripper_controller]: Received & accepted new action goal
[ign gazebo-1] [INFO] [1790604431.460284970] [amir1.gripper_controller]: Received & accepted new action goal
[ign gazebo-1] [INFO] [1790604431.888779518] [amir2.gripper_controller]: Received & accepted new action goal
[ign gazebo-1] [INFO] [1790604431.888859346] [amir1.gripper_controller]: Received & accepted new action goal
[ign gazebo-1] [INFO] [1790604432.016990047] [amir2.gripper_controller]: Received & accepted new action goal
[ign gazebo-1] [INFO] [1790604432.292376219] [amir1.gripper_controller]: Received & accepted new action goal
[ign gazebo-1] [INFO] [1790604432.292506688] [amir2.gripper_controller]: Received & accepted new action goal
[coordinator-29] [INFO] [1790604432.314432557] [cooperative_coordinator]: Payload goal: x=0.360, y=-0.000, yaw=0.000
[ign gazebo-1] [INFO] [1790604432.591757856] [amir1.gripper_controller]: Received & accepted new action goal
[ign gazebo-1] [INFO] [1790604432.591871811] [amir2.gripper_controller]: Received & accepted new action goal
[ign gazebo-1] [INFO] [1790604432.801583196] [amir1.gripper_controller]: Received & accepted new action goal
[ign gazebo-1] [INFO] [1790604432.801838511] [amir2.gripper_controller]: Received & accepted new action goal
[ign gazebo-1] [INFO] [1790604433.070840148] [amir1.gripper_controller]: Received & accepted new action goal
[ign gazebo-1] [INFO] [1790604433.070886595] [amir2.gripper_controller]: Received & accepted new action goal
[coordinator-29] [INFO] [1790604433.337030523] [cooperative_coordinator]: Payload goal: x=0.360, y=-0.000, yaw=0.000
[ign gazebo-1] [INFO] [1790604433.486969012] [amir1.gripper_controller]: Received & accepted new action goal
[ign gazebo-1] [INFO] [1790604433.487139040] [amir2.gripper_controller]: Received & accepted new action goal
[ign gazebo-1] [INFO] [1790604433.625835919] [amir1.gripper_controller]: Received & accepted new action goal
[ign gazebo-1] [INFO] [1790604433.626105680] [amir2.gripper_controller]: Received & accepted new action goal
[ign gazebo-1] [INFO] [1790604434.013576041] [amir1.gripper_controller]: Received & accepted new action goal
[ign gazebo-1] [INFO] [1790604434.013741353] [amir2.gripper_controller]: Received & accepted new action goal
[coordinator-29] [INFO] [1790604434.343120084] [cooperative_coordinator]: Payload goal: x=0.360, y=-0.000, yaw=0.000
[ign gazebo-1] [INFO] [1790604434.436296609] [amir1.gripper_controller]: Received & accepted new action goal
[ign gazebo-1] [INFO] [1790604434.436553259] [amir2.gripper_controller]: Received & accepted new action goal
[ign gazebo-1] [INFO] [1790604434.628397175] [amir1.gripper_controller]: Received & accepted new action goal
[ign gazebo-1] [INFO] [1790604434.628517572] [amir2.gripper_controller]: Received & accepted new action goal
[ign gazebo-1] [INFO] [1790604434.907998679] [amir2.gripper_controller]: Received & accepted new action goal
[ign gazebo-1] [INFO] [1790604434.908090612] [amir1.gripper_controller]: Received & accepted new action goal
[ign gazebo-1] [INFO] [1790604435.288870850] [amir1.gripper_controller]: Received & accepted new action goal
[ign gazebo-1] [INFO] [1790604435.288970001] [amir2.gripper_controller]: Received & accepted new action goal
[coordinator-29] [INFO] [1790604435.351800790] [cooperative_coordinator]: Payload goal: x=0.363, y=-0.000, yaw=0.000
[ign gazebo-1] [INFO] [1790604435.446573599] [amir1.gripper_controller]: Received & accepted new action goal
[ign gazebo-1] [INFO] [1790604435.446642698] [amir2.gripper_controller]: Received & accepted new action goal
[ign gazebo-1] [INFO] [1790604435.865580371] [amir1.gripper_controller]: Received & accepted new action goal
[ign gazebo-1] [INFO] [1790604435.865665519] [amir2.gripper_controller]: Received & accepted new action goal
[ign gazebo-1] [INFO] [1790604436.309967183] [amir1.gripper_controller]: Received & accepted new action goal
[ign gazebo-1] [INFO] [1790604436.310034985] [amir2.gripper_controller]: Received & accepted new action goal
[coordinator-29] [INFO] [1790604436.373613721] [cooperative_coordinator]: Payload goal: x=0.384, y=-0.000, yaw=0.000
[ign gazebo-1] [INFO] [1790604436.516399304] [amir1.gripper_controller]: Received & accepted new action goal
[ign gazebo-1] [INFO] [1790604436.516480552] [amir2.gripper_controller]: Received & accepted new action goal
[ign gazebo-1] [INFO] [1790604436.902909903] [amir1.gripper_controller]: Received & accepted new action goal
[ign gazebo-1] [INFO] [1790604436.902924531] [amir2.gripper_controller]: Received & accepted new action goal
[ign gazebo-1] [INFO] [1790604437.380373273] [amir1.gripper_controller]: Received & accepted new action goal
[ign gazebo-1] [INFO] [1790604437.380505878] [amir2.gripper_controller]: Received & accepted new action goal
[coordinator-29] [INFO] [1790604437.382398972] [cooperative_coordinator]: Payload goal: x=0.384, y=-0.000, yaw=0.000
[ign gazebo-1] [INFO] [1790604437.539486747] [amir2.gripper_controller]: Received & accepted new action goal
[ign gazebo-1] [INFO] [1790604437.539520565] [amir1.gripper_controller]: Received & accepted new action goal
[ign gazebo-1] [INFO] [1790604437.827973380] [amir1.gripper_controller]: Received & accepted new action goal
[ign gazebo-1] [INFO] [1790604437.828066207] [amir2.gripper_controller]: Received & accepted new action goal
[friction_grasp_manager-22] [WARN] [1790604438.344300734] [friction_grasp_manager]: amir1 finger force above 26.0 N; backing off.
[ign gazebo-1] [INFO] [1790604438.344497564] [amir1.gripper_controller]: Received & accepted new action goal
[ign gazebo-1] [INFO] [1790604438.344558713] [amir2.gripper_controller]: Received & accepted new action goal
[coordinator-29] [INFO] [1790604438.384634275] [cooperative_coordinator]: Payload goal: x=0.384, y=-0.000, yaw=0.000
[ign gazebo-1] [INFO] [1790604438.662641466] [amir1.gripper_controller]: Received & accepted new action goal
[ign gazebo-1] [INFO] [1790604438.662763574] [amir2.gripper_controller]: Received & accepted new action goal
[ign gazebo-1] [INFO] [1790604439.072998784] [amir1.gripper_controller]: Received & accepted new action goal
[ign gazebo-1] [INFO] [1790604439.073204614] [amir2.gripper_controller]: Received & accepted new action goal
[ign gazebo-1] [INFO] [1790604439.220082860] [amir1.gripper_controller]: Received & accepted new action goal
[ign gazebo-1] [INFO] [1790604439.220333770] [amir2.gripper_controller]: Received & accepted new action goal
[coordinator-29] [INFO] [1790604439.395921595] [cooperative_coordinator]: Payload goal: x=0.384, y=-0.000, yaw=0.000
[ign gazebo-1] [INFO] [1790604439.468810548] [amir2.gripper_controller]: Received & accepted new action goal
[ign gazebo-1] [INFO] [1790604439.762285085] [amir1.gripper_controller]: Received & accepted new action goal
[ign gazebo-1] [INFO] [1790604439.762443704] [amir2.gripper_controller]: Received & accepted new action goal
[ign gazebo-1] [INFO] [1790604439.906516102] [amir1.gripper_controller]: Received & accepted new action goal
[ign gazebo-1] [INFO] [1790604439.906656346] [amir2.gripper_controller]: Received & accepted new action goal
[ign gazebo-1] [INFO] [1790604440.169561473] [amir1.gripper_controller]: Received & accepted new action goal
[ign gazebo-1] [INFO] [1790604440.169631709] [amir2.gripper_controller]: Received & accepted new action goal
[coordinator-29] [INFO] [1790604440.404380017] [cooperative_coordinator]: Payload goal: x=0.385, y=-0.000, yaw=0.000
[ign gazebo-1] [INFO] [1790604440.656242886] [amir1.gripper_controller]: Received & accepted new action goal
[ign gazebo-1] [INFO] [1790604440.656318183] [amir2.gripper_controller]: Received & accepted new action goal
[ign gazebo-1] [INFO] [1790604440.981523538] [amir2.gripper_controller]: Received & accepted new action goal
[ign gazebo-1] [INFO] [1790604441.211726370] [amir2.gripper_controller]: Received & accepted new action goal
[ign gazebo-1] [INFO] [1790604441.411897391] [amir2.gripper_controller]: Received & accepted new action goal
[coordinator-29] [INFO] [1790604441.414516527] [cooperative_coordinator]: Payload goal: x=0.408, y=-0.000, yaw=0.000
[ign gazebo-1] [INFO] [1790604441.882446665] [amir2.gripper_controller]: Received & accepted new action goal
[coordinator-29] [INFO] [1790604442.418543846] [cooperative_coordinator]: Payload goal: x=0.408, y=-0.000, yaw=0.000
[ign gazebo-1] [INFO] [1790604443.283586487] [amir2.gripper_controller]: Received & accepted new action goal
[coordinator-29] [INFO] [1790604443.421690010] [cooperative_coordinator]: Payload goal: x=0.408, y=-0.000, yaw=0.000
[ign gazebo-1] [INFO] [1790604443.527467628] [amir1.gripper_controller]: Received & accepted new action goal
[ign gazebo-1] [INFO] [1790604443.527592172] [amir2.gripper_controller]: Received & accepted new action goal
[ign gazebo-1] [INFO] [1790604443.887334867] [amir1.gripper_controller]: Received & accepted new action goal
[ign gazebo-1] [INFO] [1790604443.887399244] [amir2.gripper_controller]: Received & accepted new action goal
[ign gazebo-1] [INFO] [1790604444.296223488] [amir1.gripper_controller]: Received & accepted new action goal
[ign gazebo-1] [INFO] [1790604444.296462063] [amir2.gripper_controller]: Received & accepted new action goal
[coordinator-29] [INFO] [1790604444.435505399] [cooperative_coordinator]: Payload goal: x=0.408, y=-0.000, yaw=0.000
[ign gazebo-1] [INFO] [1790604444.495310412] [amir1.gripper_controller]: Received & accepted new action goal
[ign gazebo-1] [INFO] [1790604444.495515481] [amir2.gripper_controller]: Received & accepted new action goal
[ign gazebo-1] [INFO] [1790604444.903935801] [amir1.gripper_controller]: Received & accepted new action goal
[ign gazebo-1] [INFO] [1790604444.904051539] [amir2.gripper_controller]: Received & accepted new action goal
[ign gazebo-1] [INFO] [1790604445.202848453] [amir1.gripper_controller]: Received & accepted new action goal
[ign gazebo-1] [INFO] [1790604445.202908816] [amir2.gripper_controller]: Received & accepted new action goal
[coordinator-29] [INFO] [1790604445.439653225] [cooperative_coordinator]: Payload goal: x=0.408, y=-0.000, yaw=0.000
[ign gazebo-1] [INFO] [1790604445.745743767] [amir1.gripper_controller]: Received & accepted new action goal
[ign gazebo-1] [INFO] [1790604445.745839232] [amir2.gripper_controller]: Received & accepted new action goal
[ign gazebo-1] [INFO] [1790604446.184931871] [amir1.gripper_controller]: Received & accepted new action goal
[ign gazebo-1] [INFO] [1790604446.185016279] [amir2.gripper_controller]: Received & accepted new action goal
[ign gazebo-1] [INFO] [1790604446.382195746] [amir1.gripper_controller]: Received & accepted new action goal
[ign gazebo-1] [INFO] [1790604446.382283783] [amir2.gripper_controller]: Received & accepted new action goal
[coordinator-29] [INFO] [1790604446.439716440] [cooperative_coordinator]: Payload goal: x=0.421, y=-0.000, yaw=0.000
[ign gazebo-1] [INFO] [1790604446.808757402] [amir1.gripper_controller]: Received & accepted new action goal
[ign gazebo-1] [INFO] [1790604446.809047005] [amir2.gripper_controller]: Received & accepted new action goal
[ign gazebo-1] [INFO] [1790604447.107030372] [amir1.gripper_controller]: Received & accepted new action goal
[ign gazebo-1] [INFO] [1790604447.107091458] [amir2.gripper_controller]: Received & accepted new action goal
[ign gazebo-1] [INFO] [1790604447.318646213] [amir1.gripper_controller]: Received & accepted new action goal
[ign gazebo-1] [INFO] [1790604447.318849090] [amir2.gripper_controller]: Received & accepted new action goal
[coordinator-29] [INFO] [1790604447.443636492] [cooperative_coordinator]: Payload goal: x=0.432, y=-0.000, yaw=0.000
[ign gazebo-1] [INFO] [1790604447.756934885] [amir1.gripper_controller]: Received & accepted new action goal
[ign gazebo-1] [INFO] [1790604447.757100762] [amir2.gripper_controller]: Received & accepted new action goal
[ign gazebo-1] [INFO] [1790604448.181935832] [amir1.gripper_controller]: Received & accepted new action goal
[ign gazebo-1] [INFO] [1790604448.181980009] [amir2.gripper_controller]: Received & accepted new action goal
[ign gazebo-1] [INFO] [1790604448.339223641] [amir2.gripper_controller]: Received & accepted new action goal
[coordinator-29] [INFO] [1790604448.456224777] [cooperative_coordinator]: Payload goal: x=0.432, y=-0.000, yaw=0.000
[ign gazebo-1] [INFO] [1790604448.756569031] [amir1.gripper_controller]: Received & accepted new action goal
[ign gazebo-1] [INFO] [1790604448.756627334] [amir2.gripper_controller]: Received & accepted new action goal
[ign gazebo-1] [INFO] [1790604449.177435154] [amir1.gripper_controller]: Received & accepted new action goal
[ign gazebo-1] [INFO] [1790604449.177532528] [amir2.gripper_controller]: Received & accepted new action goal
[ign gazebo-1] [INFO] [1790604449.392047045] [amir1.gripper_controller]: Received & accepted new action goal
[ign gazebo-1] [INFO] [1790604449.392362738] [amir2.gripper_controller]: Received & accepted new action goal
[coordinator-29] [INFO] [1790604449.473280366] [cooperative_coordinator]: Payload goal: x=0.432, y=-0.000, yaw=0.000
[ign gazebo-1] [INFO] [1790604449.818077227] [amir1.gripper_controller]: Received & accepted new action goal
[ign gazebo-1] [INFO] [1790604449.818221246] [amir2.gripper_controller]: Received & accepted new action goal
[ign gazebo-1] [INFO] [1790604450.200458977] [amir1.gripper_controller]: Received & accepted new action goal
[ign gazebo-1] [INFO] [1790604450.200460116] [amir2.gripper_controller]: Received & accepted new action goal
[coordinator-29] [INFO] [1790604450.489163841] [cooperative_coordinator]: Payload goal: x=0.432, y=-0.000, yaw=0.000
[ign gazebo-1] [INFO] [1790604450.591965101] [amir1.gripper_controller]: Received & accepted new action goal
[ign gazebo-1] [INFO] [1790604450.592020059] [amir2.gripper_controller]: Received & accepted new action goal
[ign gazebo-1] [INFO] [1790604450.872283702] [amir1.gripper_controller]: Received & accepted new action goal
[ign gazebo-1] [INFO] [1790604450.872352142] [amir2.gripper_controller]: Received & accepted new action goal
[WARNING] [launch]: user interrupted with ctrl-c (SIGINT)
[parameter_bridge-17] [INFO] [1790604451.042642890] [rclcpp]: signal_handler(SIGINT/SIGTERM)
[transport_pose_filter-3] [INFO] [1790604451.042652123] [rclcpp]: signal_handler(SIGINT/SIGTERM)
[parameter_bridge-15] [INFO] [1790604451.042650857] [rclcpp]: signal_handler(SIGINT/SIGTERM)
[parameter_bridge-6] [INFO] [1790604451.042675246] [rclcpp]: signal_handler(SIGINT/SIGTERM)
[rover_twist_relay_ign.py-18] Traceback (most recent call last):
[rover_twist_relay_ign.py-18]   File "/home/dars5070/ros2_humble_ws/install/mecanumrover_description/lib/mecanumrover_description/rover_twist_relay_ign.py", line 36, in <module>
[rover_twist_relay_ign.py-18]     main()
[rover_twist_relay_ign.py-18]   File "/home/dars5070/ros2_humble_ws/install/mecanumrover_description/lib/mecanumrover_description/rover_twist_relay_ign.py", line 31, in main
[parameter_bridge-16] [INFO] [1790604451.042803043] [rclcpp]: signal_handler(SIGINT/SIGTERM)
[INFO] [pivot_rotation_controller-33]: sending signal 'SIGINT' to process[pivot_rotation_controller-33]
[INFO] [dual_base_approach-32]: sending signal 'SIGINT' to process[dual_base_approach-32]
[INFO] [slip_monitor-31]: sending signal 'SIGINT' to process[slip_monitor-31]
[ERROR] [pivot_rotation_controller-33]: process has died [pid 37857, exit code -2, cmd '/home/dars5070/ros2_humble_ws/install/cooperative_transport_control/lib/cooperative_transport_control/pivot_rotation_controller --ros-args -p use_sim_time:=True -p use_sim_time:=True --params-file /tmp/launch_params_r97wgoni'].
[INFO] [safety_monitor-30]: sending signal 'SIGINT' to process[safety_monitor-30]
[INFO] [coordinator-29]: sending signal 'SIGINT' to process[coordinator-29]
[INFO] [grasp_support_remover-28]: sending signal 'SIGINT' to process[grasp_support_remover-28]
[ERROR] [slip_monitor-31]: process has died [pid 37710, exit code -2, cmd '/home/dars5070/ros2_humble_ws/install/cooperative_transport_control/lib/cooperative_transport_control/slip_monitor --ros-args -p use_sim_time:=True -p use_sim_time:=True --params-file /home/dars5070/ros2_humble_ws/install/cooperative_transport_control/share/cooperative_transport_control/config/friction_transport.yaml --params-file /tmp/launch_params_nwv33igp --params-file /tmp/launch_params_a27rg326 --params-file /tmp/launch_params_sw8lex8o'].
[INFO] [rotation_controller-26]: sending signal 'SIGINT' to process[rotation_controller-26]
[INFO] [arm_home_positioner-23]: sending signal 'SIGINT' to process[arm_home_positioner-23]
[ERROR] [coordinator-29]: process has died [pid 37706, exit code -2, cmd '/home/dars5070/ros2_humble_ws/install/cooperative_transport_control/lib/cooperative_transport_control/coordinator --ros-args -p use_sim_time:=True -p use_sim_time:=True --params-file /home/dars5070/ros2_humble_ws/install/cooperative_transport_control/share/cooperative_transport_control/config/friction_transport.yaml --params-file /tmp/launch_params_vcindcqj --params-file /tmp/launch_params_nvyb2fbb --params-file /tmp/launch_params_vgm89x37'].
[ERROR] [grasp_support_remover-28]: process has died [pid 37704, exit code -2, cmd '/home/dars5070/ros2_humble_ws/install/cooperative_transport_control/lib/cooperative_transport_control/grasp_support_remover --ros-args -p use_sim_time:=True -p use_sim_time:=True --params-file /home/dars5070/ros2_humble_ws/install/cooperative_transport_control/share/cooperative_transport_control/config/friction_transport.yaml --params-file /tmp/launch_params_j2rh096u'].
[ERROR] [rover_twist_relay_ign.py-18]: process has died [pid 37223, exit code -2, cmd '/home/dars5070/ros2_humble_ws/install/mecanumrover_description/lib/mecanumrover_description/rover_twist_relay_ign.py --ros-args -r __node:=rover_twist_relay_ign -r __ns:=/amir2 -p use_sim_time:=True -p use_sim_time:=True --params-file /tmp/launch_params_d8xr5mu0'].
[ERROR] [safety_monitor-30]: process has died [pid 37708, exit code -2, cmd '/home/dars5070/ros2_humble_ws/install/cooperative_transport_control/lib/cooperative_transport_control/safety_monitor --ros-args -p use_sim_time:=True -p use_sim_time:=True --params-file /home/dars5070/ros2_humble_ws/install/cooperative_transport_control/share/cooperative_transport_control/config/friction_transport.yaml --params-file /tmp/launch_params_e6s086jq --params-file /tmp/launch_params_dr13eoit'].
[INFO] [friction_grasp_manager-22]: sending signal 'SIGINT' to process[friction_grasp_manager-22]
[ERROR] [rotation_controller-26]: process has died [pid 37642, exit code -2, cmd '/home/dars5070/ros2_humble_ws/install/cooperative_rotation/lib/cooperative_rotation/rotation_controller --ros-args -p use_sim_time:=True -p use_sim_time:=True --params-file /home/dars5070/ros2_humble_ws/install/cooperative_rotation/share/cooperative_rotation/config/rotation_params.yaml --params-file /tmp/launch_params_i7ncf6n3'].
[ERROR] [rover_twist_relay_ign.py-9]: process has died [pid 36913, exit code -2, cmd '/home/dars5070/ros2_humble_ws/install/mecanumrover_description/lib/mecanumrover_description/rover_twist_relay_ign.py --ros-args -r __node:=rover_twist_relay_ign -r __ns:=/amir1 -p use_sim_time:=True --params-file /tmp/launch_params_ohbha8pr'].
[ERROR] [arm_home_positioner-23]: process has died [pid 37520, exit code -2, cmd '/home/dars5070/ros2_humble_ws/install/coop_transport_controller/lib/coop_transport_controller/arm_home_positioner --ros-args -p use_sim_time:=True -p use_sim_time:=True --params-file /tmp/launch_params_p4fmz95k'].
[INFO] [parameter_bridge-17]: sending signal 'SIGINT' to process[parameter_bridge-17]
[INFO] [parameter_bridge-16]: sending signal 'SIGINT' to process[parameter_bridge-16]
[ERROR] [friction_grasp_manager-22]: process has died [pid 37484, exit code -2, cmd '/home/dars5070/ros2_humble_ws/install/cooperative_transport_control/lib/cooperative_transport_control/friction_grasp_manager --ros-args -p use_sim_time:=True -p use_sim_time:=True --params-file /home/dars5070/ros2_humble_ws/install/cooperative_transport_control/share/cooperative_transport_control/config/friction_transport.yaml --params-file /tmp/launch_params_7kbw3huo --params-file /tmp/launch_params_55hdrp1f'].
[INFO] [parameter_bridge-15]: sending signal 'SIGINT' to process[parameter_bridge-15]
[INFO] [robot_state_publisher-13]: sending signal 'SIGINT' to process[robot_state_publisher-13]
[INFO] [parameter_bridge-8]: sending signal 'SIGINT' to process[parameter_bridge-8]
[ERROR] [robot_state_publisher-13]: process has died [pid 37213, exit code -2, cmd '/opt/ros/humble/lib/robot_state_publisher/robot_state_publisher --ros-args -r __node:=robot_state_publisher -r __ns:=/amir2 -p use_sim_time:=True -p use_sim_time:=True --params-file /tmp/launch_params_yvqtdiow -r /tf:=tf -r /tf_static:=tf_static'].
[INFO] [parameter_bridge-7]: sending signal 'SIGINT' to process[parameter_bridge-7]
[INFO] [parameter_bridge-6]: sending signal 'SIGINT' to process[parameter_bridge-6]
[INFO] [robot_state_publisher-4]: sending signal 'SIGINT' to process[robot_state_publisher-4]
[INFO] [transport_pose_filter-3]: sending signal 'SIGINT' to process[transport_pose_filter-3]
[INFO] [parameter_bridge-2]: sending signal 'SIGINT' to process[parameter_bridge-2]
[ERROR] [robot_state_publisher-4]: process has died [pid 36903, exit code -2, cmd '/opt/ros/humble/lib/robot_state_publisher/robot_state_publisher --ros-args -r __node:=robot_state_publisher -r __ns:=/amir1 -p use_sim_time:=True --params-file /tmp/launch_params_nalmtaxp -r /tf:=tf -r /tf_static:=tf_static'].
[INFO] [ign gazebo-1]: sending signal 'SIGINT' to process[ign gazebo-1]
[rover_twist_relay_ign.py-18]     rclpy.spin(RoverTwistRelayIgn())
[rover_twist_relay_ign.py-18]   File "/opt/ros/humble/local/lib/python3.10/dist-packages/rclpy/__init__.py", line 229, in spin
[rover_twist_relay_ign.py-18]     executor.spin_once()
[rover_twist_relay_ign.py-18]   File "/opt/ros/humble/local/lib/python3.10/dist-packages/rclpy/executors.py", line 776, in spin_once
[rover_twist_relay_ign.py-18]     self._spin_once_impl(timeout_sec)
[rover_twist_relay_ign.py-18]   File "/opt/ros/humble/local/lib/python3.10/dist-packages/rclpy/executors.py", line 765, in _spin_once_impl
[rover_twist_relay_ign.py-18]     handler, entity, node = self.wait_for_ready_callbacks(timeout_sec=timeout_sec)
[rover_twist_relay_ign.py-18]   File "/opt/ros/humble/local/lib/python3.10/dist-packages/rclpy/executors.py", line 748, in wait_for_ready_callbacks
[rover_twist_relay_ign.py-18]     return next(self._cb_iter)
[rover_twist_relay_ign.py-18]   File "/opt/ros/humble/local/lib/python3.10/dist-packages/rclpy/executors.py", line 645, in _wait_for_ready_callbacks
[rover_twist_relay_ign.py-18]     wait_set.wait(timeout_nsec)
[rover_twist_relay_ign.py-18] KeyboardInterrupt
[ERROR] [transport_pose_filter-3]: process has died [pid 36814, exit code -2, cmd '/home/dars5070/ros2_humble_ws/install/cooperative_transport_gazebo/lib/cooperative_transport_gazebo/transport_pose_filter --ros-args --params-file /tmp/launch_params_6owair0s'].
[parameter_bridge-2] [INFO] [1790604451.043083164] [rclcpp]: signal_handler(SIGINT/SIGTERM)
[parameter_bridge-8] [INFO] [1790604451.043244667] [rclcpp]: signal_handler(SIGINT/SIGTERM)
[parameter_bridge-7] [INFO] [1790604451.043531170] [rclcpp]: signal_handler(SIGINT/SIGTERM)
[robot_state_publisher-4] [INFO] [1790604451.043539836] [rclcpp]: signal_handler(SIGINT/SIGTERM)
[ign gazebo-1] [INFO] [1790604451.044378881] [rclcpp]: signal_handler(SIGINT/SIGTERM)
[ign gazebo-1] [INFO] [1790604451.044439745] [amir2.controller_manager]: Shutdown request received....
[ign gazebo-1] [INFO] [1790604451.044504678] [amir2.controller_manager]: Shutting down all controllers in the controller manager.
[ign gazebo-1] [INFO] [1790604451.044535743] [amir2.controller_manager]: Deactivating controller 'joint_state_broadcaster'
[ign gazebo-1] [INFO] [1790604451.044584007] [amir2.controller_manager]: Shutting down controller 'joint_state_broadcaster'
[ign gazebo-1] [INFO] [1790604451.044624298] [amir2.controller_manager]: Deactivating controller 'arm_controller'
[ign gazebo-1] [INFO] [1790604451.044664160] [amir2.controller_manager]: Shutting down controller 'arm_controller'
[ign gazebo-1] [INFO] [1790604451.044685570] [amir2.controller_manager]: Deactivating controller 'gripper_controller'
[ign gazebo-1] [INFO] [1790604451.044713344] [amir2.controller_manager]: Shutting down controller 'gripper_controller'
[ign gazebo-1] [INFO] [1790604451.044732689] [amir2.controller_manager]: Deactivating controller 'mecanum_drive_controller'
[ign gazebo-1] [INFO] [1790604451.044759948] [amir2.controller_manager]: Shutting down controller 'mecanum_drive_controller'
[ign gazebo-1] [INFO] [1790604451.044789597] [resource_manager]: 'deactivate' hardware 'AmirGazeboSystem' 
[ign gazebo-1] [INFO] [1790604451.044807083] [resource_manager]: Successful 'deactivate' of hardware 'AmirGazeboSystem'
[ign gazebo-1] [INFO] [1790604451.044812655] [resource_manager]: 'shutdown' hardware 'AmirGazeboSystem' 
[ign gazebo-1] [INFO] [1790604451.044818218] [resource_manager]: Successful 'shutdown' of hardware 'AmirGazeboSystem'
[ign gazebo-1] [INFO] [1790604451.044824668] [resource_manager]: 'deactivate' hardware 'MecanumSystem' 
[ign gazebo-1] [INFO] [1790604451.044830205] [resource_manager]: Successful 'deactivate' of hardware 'MecanumSystem'
[ign gazebo-1] [INFO] [1790604451.044834358] [resource_manager]: 'shutdown' hardware 'MecanumSystem' 
[ign gazebo-1] [INFO] [1790604451.044839168] [resource_manager]: Successful 'shutdown' of hardware 'MecanumSystem'
[ign gazebo-1] [INFO] [1790604451.044843536] [amir2.controller_manager]: Shutting down the controller manager.
[ign gazebo-1] [INFO] [1790604451.044853309] [amir1.controller_manager]: Shutdown request received....
[ign gazebo-1] [INFO] [1790604451.044876028] [amir1.controller_manager]: Shutting down all controllers in the controller manager.
[ign gazebo-1] [INFO] [1790604451.044890842] [amir1.controller_manager]: Deactivating controller 'joint_state_broadcaster'
[ign gazebo-1] [INFO] [1790604451.044915613] [amir1.controller_manager]: Shutting down controller 'joint_state_broadcaster'
[ign gazebo-1] [INFO] [1790604451.044934605] [amir1.controller_manager]: Deactivating controller 'arm_controller'
[ign gazebo-1] [INFO] [1790604451.044984790] [amir1.controller_manager]: Shutting down controller 'arm_controller'
[ign gazebo-1] [INFO] [1790604451.045005544] [amir1.controller_manager]: Deactivating controller 'gripper_controller'
[ign gazebo-1] [INFO] [1790604451.045027166] [amir1.controller_manager]: Shutting down controller 'gripper_controller'
[ign gazebo-1] [INFO] [1790604451.045046360] [amir1.controller_manager]: Deactivating controller 'mecanum_drive_controller'
[ign gazebo-1] [INFO] [1790604451.045072688] [amir1.controller_manager]: Shutting down controller 'mecanum_drive_controller'
[ign gazebo-1] [INFO] [1790604451.045093900] [resource_manager]: 'deactivate' hardware 'AmirGazeboSystem' 
[ign gazebo-1] [INFO] [1790604451.045100831] [resource_manager]: Successful 'deactivate' of hardware 'AmirGazeboSystem'
[ign gazebo-1] [INFO] [1790604451.045105330] [resource_manager]: 'shutdown' hardware 'AmirGazeboSystem' 
[ign gazebo-1] [INFO] [1790604451.045110284] [resource_manager]: Successful 'shutdown' of hardware 'AmirGazeboSystem'
[ign gazebo-1] [INFO] [1790604451.045115563] [resource_manager]: 'deactivate' hardware 'MecanumSystem' 
[ign gazebo-1] [INFO] [1790604451.045120792] [resource_manager]: Successful 'deactivate' of hardware 'MecanumSystem'
[ign gazebo-1] [INFO] [1790604451.045124964] [resource_manager]: 'shutdown' hardware 'MecanumSystem' 
[ign gazebo-1] [INFO] [1790604451.045129804] [resource_manager]: Successful 'shutdown' of hardware 'MecanumSystem'
[ign gazebo-1] [INFO] [1790604451.045134065] [amir1.controller_manager]: Shutting down the controller manager.
[robot_state_publisher-13] [INFO] [1790604451.046078305] [rclcpp]: signal_handler(SIGINT/SIGTERM)
[rover_twist_relay_ign.py-9] Traceback (most recent call last):
[rover_twist_relay_ign.py-9]   File "/home/dars5070/ros2_humble_ws/install/mecanumrover_description/lib/mecanumrover_description/rover_twist_relay_ign.py", line 36, in <module>
[rover_twist_relay_ign.py-9]     main()
[rover_twist_relay_ign.py-9]   File "/home/dars5070/ros2_humble_ws/install/mecanumrover_description/lib/mecanumrover_description/rover_twist_relay_ign.py", line 31, in main
[rover_twist_relay_ign.py-9]     rclpy.spin(RoverTwistRelayIgn())
[rover_twist_relay_ign.py-9]   File "/opt/ros/humble/local/lib/python3.10/dist-packages/rclpy/__init__.py", line 229, in spin
[rover_twist_relay_ign.py-9]     executor.spin_once()
[rover_twist_relay_ign.py-9]   File "/opt/ros/humble/local/lib/python3.10/dist-packages/rclpy/executors.py", line 776, in spin_once
[rover_twist_relay_ign.py-9]     self._spin_once_impl(timeout_sec)
[rover_twist_relay_ign.py-9]   File "/opt/ros/humble/local/lib/python3.10/dist-packages/rclpy/executors.py", line 765, in _spin_once_impl
[rover_twist_relay_ign.py-9]     handler, entity, node = self.wait_for_ready_callbacks(timeout_sec=timeout_sec)
[rover_twist_relay_ign.py-9]   File "/opt/ros/humble/local/lib/python3.10/dist-packages/rclpy/executors.py", line 748, in wait_for_ready_callbacks
[rover_twist_relay_ign.py-9]     return next(self._cb_iter)
[rover_twist_relay_ign.py-9]   File "/opt/ros/humble/local/lib/python3.10/dist-packages/rclpy/executors.py", line 645, in _wait_for_ready_callbacks
[rover_twist_relay_ign.py-9]     wait_set.wait(timeout_nsec)
[rover_twist_relay_ign.py-9] KeyboardInterrupt
[dual_base_approach-32] Traceback (most recent call last):
[dual_base_approach-32]   File "/home/dars5070/ros2_humble_ws/install/cooperative_transport_control/lib/cooperative_transport_control/dual_base_approach", line 33, in <module>
[dual_base_approach-32]     sys.exit(load_entry_point('cooperative-transport-control', 'console_scripts', 'dual_base_approach')())
[dual_base_approach-32]   File "/home/dars5070/ros2_humble_ws/build/cooperative_transport_control/cooperative_transport_control/dual_base_approach.py", line 391, in main
[dual_base_approach-32]     rclpy.shutdown()
[dual_base_approach-32]   File "/opt/ros/humble/local/lib/python3.10/dist-packages/rclpy/__init__.py", line 130, in shutdown
[dual_base_approach-32]     _shutdown(context=context)
[dual_base_approach-32]   File "/opt/ros/humble/local/lib/python3.10/dist-packages/rclpy/utilities.py", line 58, in shutdown
[dual_base_approach-32]     return context.shutdown()
[dual_base_approach-32]   File "/opt/ros/humble/local/lib/python3.10/dist-packages/rclpy/context.py", line 102, in shutdown
[dual_base_approach-32]     self.__context.shutdown()
[dual_base_approach-32] rclpy._rclpy_pybind11.RCLError: failed to shutdown: rcl_shutdown already called on the given context, at ./src/rcl/init.c:241
[dual_base_approach-32] Error in sys.excepthook:
[dual_base_approach-32] Traceback (most recent call last):
[dual_base_approach-32]   File "/usr/lib/python3/dist-packages/apport_python_hook.py", line 72, in apport_excepthook
[dual_base_approach-32]     from apport.fileutils import likely_packaged, get_recent_crashes
[dual_base_approach-32]   File "/usr/lib/python3/dist-packages/apport/__init__.py", line 5, in <module>
[dual_base_approach-32]     from apport.report import Report
[dual_base_approach-32]   File "/usr/lib/python3/dist-packages/apport/report.py", line 21, in <module>
[dual_base_approach-32]     from urllib.request import urlopen
[dual_base_approach-32]   File "/usr/lib/python3.10/urllib/request.py", line 88, in <module>
[dual_base_approach-32]     import http.client
[dual_base_approach-32]   File "/usr/lib/python3.10/http/__init__.py", line 6, in <module>
[dual_base_approach-32]     class HTTPStatus(IntEnum):
[dual_base_approach-32]   File "/usr/lib/python3.10/enum.py", line 302, in __new__
[dual_base_approach-32]     if canonical_member._value_ == enum_member._value_:
[dual_base_approach-32] KeyboardInterrupt
[dual_base_approach-32] 
[dual_base_approach-32] Original exception was:
[dual_base_approach-32] Traceback (most recent call last):
[dual_base_approach-32]   File "/home/dars5070/ros2_humble_ws/install/cooperative_transport_control/lib/cooperative_transport_control/dual_base_approach", line 33, in <module>
[dual_base_approach-32]     sys.exit(load_entry_point('cooperative-transport-control', 'console_scripts', 'dual_base_approach')())
[dual_base_approach-32]   File "/home/dars5070/ros2_humble_ws/build/cooperative_transport_control/cooperative_transport_control/dual_base_approach.py", line 391, in main
[dual_base_approach-32]     rclpy.shutdown()
[dual_base_approach-32]   File "/opt/ros/humble/local/lib/python3.10/dist-packages/rclpy/__init__.py", line 130, in shutdown
[dual_base_approach-32]     _shutdown(context=context)
[dual_base_approach-32]   File "/opt/ros/humble/local/lib/python3.10/dist-packages/rclpy/utilities.py", line 58, in shutdown
[dual_base_approach-32]     return context.shutdown()
[dual_base_approach-32]   File "/opt/ros/humble/local/lib/python3.10/dist-packages/rclpy/context.py", line 102, in shutdown
[dual_base_approach-32]     self.__context.shutdown()
[dual_base_approach-32] rclpy._rclpy_pybind11.RCLError: failed to shutdown: rcl_shutdown already called on the given context, at ./src/rcl/init.c:241
[parameter_bridge-17] [INFO] [1790604451.108193442] [rclcpp]: signal_handler(SIGINT/SIGTERM)
[parameter_bridge-16] [INFO] [1790604451.111253253] [rclcpp]: signal_handler(SIGINT/SIGTERM)
[parameter_bridge-15] [INFO] [1790604451.113881819] [rclcpp]: signal_handler(SIGINT/SIGTERM)
[parameter_bridge-8] [INFO] [1790604451.132314643] [rclcpp]: signal_handler(SIGINT/SIGTERM)
[parameter_bridge-7] [INFO] [1790604451.135209460] [rclcpp]: signal_handler(SIGINT/SIGTERM)
[parameter_bridge-6] [INFO] [1790604451.137946623] [rclcpp]: signal_handler(SIGINT/SIGTERM)
[parameter_bridge-2] [INFO] [1790604451.146622020] [rclcpp]: signal_handler(SIGINT/SIGTERM)
[INFO] [parameter_bridge-7]: process has finished cleanly [pid 36909]
[INFO] [parameter_bridge-2]: process has finished cleanly [pid 36811]
[INFO] [parameter_bridge-15]: process has finished cleanly [pid 37217]
[INFO] [parameter_bridge-6]: process has finished cleanly [pid 36907]
[INFO] [parameter_bridge-17]: process has finished cleanly [pid 37221]
[INFO] [parameter_bridge-16]: process has finished cleanly [pid 37219]
[INFO] [parameter_bridge-8]: process has finished cleanly [pid 36911]
[ERROR] [dual_base_approach-32]: process has died [pid 37712, exit code 1, cmd '/home/dars5070/ros2_humble_ws/install/cooperative_transport_control/lib/cooperative_transport_control/dual_base_approach --ros-args -p use_sim_time:=True -p use_sim_time:=True --params-file /tmp/launch_params__lizxgrz'].
[ERROR] [ign gazebo-1]: process has died [pid 36809, exit code -2, cmd 'ruby /usr/bin/ign gazebo -s -r -v 1 /home/dars5070/ros2_humble_ws/install/cooperative_transport_gazebo/share/cooperative_transport_gazebo/worlds/cooperative_transport_contact.sdf --force-version 6'].
[INFO] [launch]: process[ign gazebo-1] was required: shutting down launched system
