[INFO] [launch]: All log files can be found below /home/dars5070/.ros/log/2026-09-28-23-37-27-528459-dars5070-Katana-15-HX-B14WGK-50003
[INFO] [launch]: Default logging verbosity is set to INFO
[INFO] [ign gazebo-1]: process started with pid [50017]
[INFO] [parameter_bridge-2]: process started with pid [50019]
[INFO] [transport_pose_filter-3]: process started with pid [50022]
[INFO] [finger_contact_aggregator-4]: process started with pid [50024]
[INFO] [simulation_startup_gate-5]: process started with pid [50026]
[INFO] [rotation_controller-6]: process started with pid [50028]
[INFO] [pivot_rotation_controller-7]: process started with pid [50030]
[transport_pose_filter-3] [INFO] [1790606247.788822254] [transport_pose_filter]: Filtering /world/cooperative_transport_friction/pose/info -> /cooperative_transport/model_poses (3 models)
[parameter_bridge-2] [INFO] [1790606247.808742734] [cooperative_transport_friction_bridge]: Creating GZ->ROS Bridge: [/clock (gz.msgs.Clock) -> /clock (rosgraph_msgs/msg/Clock)] (Lazy 0)
[parameter_bridge-2] [INFO] [1790606247.809549956] [cooperative_transport_friction_bridge]: Creating GZ->ROS Bridge: [/world/cooperative_transport_friction/pose/info (gz.msgs.Pose_V) -> /world/cooperative_transport_friction/pose/info (tf2_msgs/msg/TFMessage)] (Lazy 0)
[pivot_rotation_controller-7] [INFO] [1790606248.085837590] [pivot_rotation_controller]: Waiting for grasp; pivot=amir1, follower=amir2, target=30.0 deg
[simulation_startup_gate-5] [INFO] [1790606248.118154365] [startup_world_ready]: Waiting for world: ['amir1']
[rotation_controller-6] [INFO] [1790606248.141752112] [cooperative_rotation_controller]: Rotation controller ready: target=30.0 deg, axis=[0.0, 0.0, 1.0]
[simulation_startup_gate-5] [INFO] [1790606250.710272334] [startup_world_ready]: Ready: world_ready
[INFO] [simulation_startup_gate-5]: process has finished cleanly [pid 50026]
[INFO] [robot_state_publisher-8]: process started with pid [50308]
[INFO] [simulation_startup_gate-9]: process started with pid [50310]
[INFO] [parameter_bridge-10]: process started with pid [50312]
[INFO] [parameter_bridge-11]: process started with pid [50314]
[INFO] [parameter_bridge-12]: process started with pid [50316]
[INFO] [rover_twist_relay_ign.py-13]: process started with pid [50318]
[INFO] [simulation_startup_gate-14]: process started with pid [50320]
[robot_state_publisher-8] [INFO] [1790606251.171166507] [amir1.robot_state_publisher]: got segment back_left_arm
[robot_state_publisher-8] [INFO] [1790606251.171271007] [amir1.robot_state_publisher]: got segment back_left_wheel_1
[robot_state_publisher-8] [INFO] [1790606251.171279362] [amir1.robot_state_publisher]: got segment back_right_arm
[robot_state_publisher-8] [INFO] [1790606251.171284402] [amir1.robot_state_publisher]: got segment back_right_wheel_1
[robot_state_publisher-8] [INFO] [1790606251.171288651] [amir1.robot_state_publisher]: got segment base_footprint
[robot_state_publisher-8] [INFO] [1790606251.171292433] [amir1.robot_state_publisher]: got segment base_link
[robot_state_publisher-8] [INFO] [1790606251.171295696] [amir1.robot_state_publisher]: got segment finger_left_1
[robot_state_publisher-8] [INFO] [1790606251.171300059] [amir1.robot_state_publisher]: got segment finger_right_1
[robot_state_publisher-8] [INFO] [1790606251.171304139] [amir1.robot_state_publisher]: got segment front_left_arm
[robot_state_publisher-8] [INFO] [1790606251.171308385] [amir1.robot_state_publisher]: got segment front_left_wheel_1
[robot_state_publisher-8] [INFO] [1790606251.171312690] [amir1.robot_state_publisher]: got segment front_lrf_link
[robot_state_publisher-8] [INFO] [1790606251.171316996] [amir1.robot_state_publisher]: got segment front_right_arm
[robot_state_publisher-8] [INFO] [1790606251.171319971] [amir1.robot_state_publisher]: got segment front_right_wheel_1
[robot_state_publisher-8] [INFO] [1790606251.171323372] [amir1.robot_state_publisher]: got segment gripper_base_1
[robot_state_publisher-8] [INFO] [1790606251.171327759] [amir1.robot_state_publisher]: got segment inner_link_left_1
[robot_state_publisher-8] [INFO] [1790606251.171331745] [amir1.robot_state_publisher]: got segment inner_link_right_1
[robot_state_publisher-8] [INFO] [1790606251.171334464] [amir1.robot_state_publisher]: got segment link0_1
[robot_state_publisher-8] [INFO] [1790606251.171337304] [amir1.robot_state_publisher]: got segment link1_1
[robot_state_publisher-8] [INFO] [1790606251.171341452] [amir1.robot_state_publisher]: got segment link2_1
[robot_state_publisher-8] [INFO] [1790606251.171345851] [amir1.robot_state_publisher]: got segment link3_1
[robot_state_publisher-8] [INFO] [1790606251.171350125] [amir1.robot_state_publisher]: got segment link4_1
[robot_state_publisher-8] [INFO] [1790606251.171353665] [amir1.robot_state_publisher]: got segment outer_link_left_1
[robot_state_publisher-8] [INFO] [1790606251.171356236] [amir1.robot_state_publisher]: got segment outer_link_right_1
[robot_state_publisher-8] [INFO] [1790606251.171358780] [amir1.robot_state_publisher]: got segment tcp_link
[parameter_bridge-10] [INFO] [1790606251.178111737] [amir1.odom_bridge]: Creating GZ->ROS Bridge: [/amir1/odom (gz.msgs.Odometry) -> /amir1/odom (nav_msgs/msg/Odometry)] (Lazy 0)
[parameter_bridge-11] [INFO] [1790606251.178376899] [amir1.finger_ft_bridge]: Creating GZ->ROS Bridge: [/amir1/finger_left_wrench (gz.msgs.Wrench) -> /amir1/finger_left_wrench (geometry_msgs/msg/WrenchStamped)] (Lazy 0)
[parameter_bridge-10] [INFO] [1790606251.179913558] [amir1.odom_bridge]: Creating GZ->ROS Bridge: [/amir1/odom/tf (gz.msgs.Pose_V) -> /amir1/odom/tf (tf2_msgs/msg/TFMessage)] (Lazy 0)
[parameter_bridge-11] [INFO] [1790606251.180215024] [amir1.finger_ft_bridge]: Creating GZ->ROS Bridge: [/amir1/finger_right_wrench (gz.msgs.Wrench) -> /amir1/finger_right_wrench (geometry_msgs/msg/WrenchStamped)] (Lazy 0)
[parameter_bridge-12] [INFO] [1790606251.187623348] [amir1.finger_contact_bridge]: Creating GZ->ROS Bridge: [/world/cooperative_transport_friction/model/amir1/link/finger_left_1/sensor/finger_left_contact_sensor/contact (gz.msgs.Contacts) -> /world/cooperative_transport_friction/model/amir1/link/finger_left_1/sensor/finger_left_contact_sensor/contact (ros_gz_interfaces/msg/Contacts)] (Lazy 0)
[parameter_bridge-12] [INFO] [1790606251.189012119] [amir1.finger_contact_bridge]: Creating GZ->ROS Bridge: [/world/cooperative_transport_friction/model/amir1/link/finger_left_1/sensor/finger_left_contact_sensor_1/contact (gz.msgs.Contacts) -> /world/cooperative_transport_friction/model/amir1/link/finger_left_1/sensor/finger_left_contact_sensor_1/contact (ros_gz_interfaces/msg/Contacts)] (Lazy 0)
[parameter_bridge-12] [INFO] [1790606251.189351628] [amir1.finger_contact_bridge]: Creating GZ->ROS Bridge: [/world/cooperative_transport_friction/model/amir1/link/finger_left_1/sensor/finger_left_contact_sensor_2/contact (gz.msgs.Contacts) -> /world/cooperative_transport_friction/model/amir1/link/finger_left_1/sensor/finger_left_contact_sensor_2/contact (ros_gz_interfaces/msg/Contacts)] (Lazy 0)
[parameter_bridge-12] [INFO] [1790606251.189945658] [amir1.finger_contact_bridge]: Creating GZ->ROS Bridge: [/world/cooperative_transport_friction/model/amir1/link/finger_left_1/sensor/finger_left_contact_sensor_3/contact (gz.msgs.Contacts) -> /world/cooperative_transport_friction/model/amir1/link/finger_left_1/sensor/finger_left_contact_sensor_3/contact (ros_gz_interfaces/msg/Contacts)] (Lazy 0)
[parameter_bridge-12] [INFO] [1790606251.190332635] [amir1.finger_contact_bridge]: Creating GZ->ROS Bridge: [/world/cooperative_transport_friction/model/amir1/link/finger_left_1/sensor/finger_left_contact_sensor_4/contact (gz.msgs.Contacts) -> /world/cooperative_transport_friction/model/amir1/link/finger_left_1/sensor/finger_left_contact_sensor_4/contact (ros_gz_interfaces/msg/Contacts)] (Lazy 0)
[parameter_bridge-12] [INFO] [1790606251.190637467] [amir1.finger_contact_bridge]: Creating GZ->ROS Bridge: [/world/cooperative_transport_friction/model/amir1/link/finger_left_1/sensor/finger_left_contact_sensor_5/contact (gz.msgs.Contacts) -> /world/cooperative_transport_friction/model/amir1/link/finger_left_1/sensor/finger_left_contact_sensor_5/contact (ros_gz_interfaces/msg/Contacts)] (Lazy 0)
[parameter_bridge-12] [INFO] [1790606251.190922378] [amir1.finger_contact_bridge]: Creating GZ->ROS Bridge: [/world/cooperative_transport_friction/model/amir1/link/finger_left_1/sensor/finger_left_contact_sensor_6/contact (gz.msgs.Contacts) -> /world/cooperative_transport_friction/model/amir1/link/finger_left_1/sensor/finger_left_contact_sensor_6/contact (ros_gz_interfaces/msg/Contacts)] (Lazy 0)
[parameter_bridge-12] [INFO] [1790606251.191321597] [amir1.finger_contact_bridge]: Creating GZ->ROS Bridge: [/world/cooperative_transport_friction/model/amir1/link/finger_left_1/sensor/finger_left_contact_sensor_7/contact (gz.msgs.Contacts) -> /world/cooperative_transport_friction/model/amir1/link/finger_left_1/sensor/finger_left_contact_sensor_7/contact (ros_gz_interfaces/msg/Contacts)] (Lazy 0)
[parameter_bridge-12] [INFO] [1790606251.191656866] [amir1.finger_contact_bridge]: Creating GZ->ROS Bridge: [/world/cooperative_transport_friction/model/amir1/link/finger_left_1/sensor/finger_left_contact_sensor_8/contact (gz.msgs.Contacts) -> /world/cooperative_transport_friction/model/amir1/link/finger_left_1/sensor/finger_left_contact_sensor_8/contact (ros_gz_interfaces/msg/Contacts)] (Lazy 0)
[parameter_bridge-12] [INFO] [1790606251.191928617] [amir1.finger_contact_bridge]: Creating GZ->ROS Bridge: [/world/cooperative_transport_friction/model/amir1/link/finger_right_1/sensor/finger_right_contact_sensor/contact (gz.msgs.Contacts) -> /world/cooperative_transport_friction/model/amir1/link/finger_right_1/sensor/finger_right_contact_sensor/contact (ros_gz_interfaces/msg/Contacts)] (Lazy 0)
[parameter_bridge-12] [INFO] [1790606251.192207488] [amir1.finger_contact_bridge]: Creating GZ->ROS Bridge: [/world/cooperative_transport_friction/model/amir1/link/finger_right_1/sensor/finger_right_contact_sensor_1/contact (gz.msgs.Contacts) -> /world/cooperative_transport_friction/model/amir1/link/finger_right_1/sensor/finger_right_contact_sensor_1/contact (ros_gz_interfaces/msg/Contacts)] (Lazy 0)
[parameter_bridge-12] [INFO] [1790606251.192531817] [amir1.finger_contact_bridge]: Creating GZ->ROS Bridge: [/world/cooperative_transport_friction/model/amir1/link/finger_right_1/sensor/finger_right_contact_sensor_2/contact (gz.msgs.Contacts) -> /world/cooperative_transport_friction/model/amir1/link/finger_right_1/sensor/finger_right_contact_sensor_2/contact (ros_gz_interfaces/msg/Contacts)] (Lazy 0)
[parameter_bridge-12] [INFO] [1790606251.192911557] [amir1.finger_contact_bridge]: Creating GZ->ROS Bridge: [/world/cooperative_transport_friction/model/amir1/link/finger_right_1/sensor/finger_right_contact_sensor_3/contact (gz.msgs.Contacts) -> /world/cooperative_transport_friction/model/amir1/link/finger_right_1/sensor/finger_right_contact_sensor_3/contact (ros_gz_interfaces/msg/Contacts)] (Lazy 0)
[parameter_bridge-12] [INFO] [1790606251.193506141] [amir1.finger_contact_bridge]: Creating GZ->ROS Bridge: [/world/cooperative_transport_friction/model/amir1/link/finger_right_1/sensor/finger_right_contact_sensor_4/contact (gz.msgs.Contacts) -> /world/cooperative_transport_friction/model/amir1/link/finger_right_1/sensor/finger_right_contact_sensor_4/contact (ros_gz_interfaces/msg/Contacts)] (Lazy 0)
[parameter_bridge-12] [INFO] [1790606251.194027865] [amir1.finger_contact_bridge]: Creating GZ->ROS Bridge: [/world/cooperative_transport_friction/model/amir1/link/finger_right_1/sensor/finger_right_contact_sensor_5/contact (gz.msgs.Contacts) -> /world/cooperative_transport_friction/model/amir1/link/finger_right_1/sensor/finger_right_contact_sensor_5/contact (ros_gz_interfaces/msg/Contacts)] (Lazy 0)
[parameter_bridge-12] [INFO] [1790606251.194562785] [amir1.finger_contact_bridge]: Creating GZ->ROS Bridge: [/world/cooperative_transport_friction/model/amir1/link/finger_right_1/sensor/finger_right_contact_sensor_6/contact (gz.msgs.Contacts) -> /world/cooperative_transport_friction/model/amir1/link/finger_right_1/sensor/finger_right_contact_sensor_6/contact (ros_gz_interfaces/msg/Contacts)] (Lazy 0)
[parameter_bridge-12] [INFO] [1790606251.195096692] [amir1.finger_contact_bridge]: Creating GZ->ROS Bridge: [/world/cooperative_transport_friction/model/amir1/link/finger_right_1/sensor/finger_right_contact_sensor_7/contact (gz.msgs.Contacts) -> /world/cooperative_transport_friction/model/amir1/link/finger_right_1/sensor/finger_right_contact_sensor_7/contact (ros_gz_interfaces/msg/Contacts)] (Lazy 0)
[parameter_bridge-12] [INFO] [1790606251.195640702] [amir1.finger_contact_bridge]: Creating GZ->ROS Bridge: [/world/cooperative_transport_friction/model/amir1/link/finger_right_1/sensor/finger_right_contact_sensor_8/contact (gz.msgs.Contacts) -> /world/cooperative_transport_friction/model/amir1/link/finger_right_1/sensor/finger_right_contact_sensor_8/contact (ros_gz_interfaces/msg/Contacts)] (Lazy 0)
[rover_twist_relay_ign.py-13] [INFO] [1790606251.414267012] [amir1.rover_twist_relay_ign]: rover_twist_relay_ign: /rover_twist → /mecanum_drive_controller/reference_unstamped
[simulation_startup_gate-9] [INFO] [1790606251.554426580] [amir1.description_ready]: Waiting for description: ['amir1']
[simulation_startup_gate-14] [INFO] [1790606251.561970365] [startup_amir1_controllers_ready]: Waiting for controllers: ['amir1']
[simulation_startup_gate-9] [INFO] [1790606252.943541433] [amir1.description_ready]: Ready: amir1_description_ready
[INFO] [simulation_startup_gate-9]: process has finished cleanly [pid 50310]
[INFO] [create-15]: process started with pid [50490]
[create-15] [INFO] [1790606253.148913706] [amir1.ros_gz_sim]: Requesting list of world names.
[create-15] [INFO] [1790606253.352277053] [amir1.ros_gz_sim]: Requested creation of entity.
[create-15] [INFO] [1790606253.352383101] [amir1.ros_gz_sim]: OK creation of entity.
[ign gazebo-1] [INFO] [1790606253.469859457] [GazeboSimROS2ControlPlugin]: robot_param_node is robot_state_publisher
[ign gazebo-1] [INFO] [1790606253.469881295] [GazeboSimROS2ControlPlugin]: robot_param_node is robot_description
[INFO] [create-15]: process has finished cleanly [pid 50490]
[INFO] [simulation_startup_gate-16]: process started with pid [50509]
[ign gazebo-1] [INFO] [1790606253.730117347] [amir1.gz_ros2_control]: connected to service!! /amir1/robot_state_publisher asking for robot_description
[ign gazebo-1] [INFO] [1790606253.730939471] [amir1.gz_ros2_control]: Received URDF from param server
[ign gazebo-1] [INFO] [1790606253.737507500] [amir1.gz_ros2_control]: The position_proportional_gain has been set to: 0.1
[ign gazebo-1] [INFO] [1790606253.737570659] [amir1.gz_ros2_control]: Loading joint: front_left_joint
[ign gazebo-1] [INFO] [1790606253.737578480] [amir1.gz_ros2_control]: 	State:
[ign gazebo-1] [INFO] [1790606253.737582688] [amir1.gz_ros2_control]: 		 position
[ign gazebo-1] [INFO] [1790606253.737586415] [amir1.gz_ros2_control]: 		 velocity
[ign gazebo-1] [INFO] [1790606253.737589770] [amir1.gz_ros2_control]: 	Command:
[ign gazebo-1] [INFO] [1790606253.737592727] [amir1.gz_ros2_control]: 		 velocity
[ign gazebo-1] [INFO] [1790606253.737611476] [amir1.gz_ros2_control]: Loading joint: front_right_joint
[ign gazebo-1] [INFO] [1790606253.737617346] [amir1.gz_ros2_control]: 	State:
[ign gazebo-1] [INFO] [1790606253.737621419] [amir1.gz_ros2_control]: 		 position
[ign gazebo-1] [INFO] [1790606253.737626012] [amir1.gz_ros2_control]: 		 velocity
[ign gazebo-1] [INFO] [1790606253.737629246] [amir1.gz_ros2_control]: 	Command:
[ign gazebo-1] [INFO] [1790606253.737631975] [amir1.gz_ros2_control]: 		 velocity
[ign gazebo-1] [INFO] [1790606253.737645611] [amir1.gz_ros2_control]: Loading joint: back_left_joint
[ign gazebo-1] [INFO] [1790606253.737649040] [amir1.gz_ros2_control]: 	State:
[ign gazebo-1] [INFO] [1790606253.737651698] [amir1.gz_ros2_control]: 		 position
[ign gazebo-1] [INFO] [1790606253.737654475] [amir1.gz_ros2_control]: 		 velocity
[ign gazebo-1] [INFO] [1790606253.737657029] [amir1.gz_ros2_control]: 	Command:
[ign gazebo-1] [INFO] [1790606253.737659504] [amir1.gz_ros2_control]: 		 velocity
[ign gazebo-1] [INFO] [1790606253.737670452] [amir1.gz_ros2_control]: Loading joint: back_right_joint
[ign gazebo-1] [INFO] [1790606253.737673659] [amir1.gz_ros2_control]: 	State:
[ign gazebo-1] [INFO] [1790606253.737676318] [amir1.gz_ros2_control]: 		 position
[ign gazebo-1] [INFO] [1790606253.737679280] [amir1.gz_ros2_control]: 		 velocity
[ign gazebo-1] [INFO] [1790606253.737681873] [amir1.gz_ros2_control]: 	Command:
[ign gazebo-1] [INFO] [1790606253.737684634] [amir1.gz_ros2_control]: 		 velocity
[ign gazebo-1] [INFO] [1790606253.737766370] [amir1.gz_ros2_control]: Loading sensor: finger_right_force_sensor
[ign gazebo-1] [INFO] [1790606253.737770780] [amir1.gz_ros2_control]: 	State:
[ign gazebo-1] [WARN] [1790606253.737774098] [amir1.gz_ros2_control]: ForceTorque sensor 'finger_right_force_sensor' not found in hardware_info, skipping.
[ign gazebo-1] [INFO] [1790606253.737777679] [amir1.gz_ros2_control]: Loading sensor: finger_left_force_sensor
[ign gazebo-1] [INFO] [1790606253.737780470] [amir1.gz_ros2_control]: 	State:
[ign gazebo-1] [WARN] [1790606253.737783198] [amir1.gz_ros2_control]: ForceTorque sensor 'finger_left_force_sensor' not found in hardware_info, skipping.
[ign gazebo-1] [INFO] [1790606253.737794162] [resource_manager]: Initialize hardware 'MecanumSystem' 
[ign gazebo-1] [INFO] [1790606253.737835949] [resource_manager]: Successful initialization of hardware 'MecanumSystem'
[ign gazebo-1] [INFO] [1790606253.737857259] [resource_manager]: 'configure' hardware 'MecanumSystem' 
[ign gazebo-1] [INFO] [1790606253.737859683] [amir1.gz_ros2_control]: System Successfully configured!
[ign gazebo-1] [INFO] [1790606253.737868470] [resource_manager]: Successful 'configure' of hardware 'MecanumSystem'
[ign gazebo-1] [INFO] [1790606253.737883661] [resource_manager]: 'activate' hardware 'MecanumSystem' 
[ign gazebo-1] [INFO] [1790606253.737888363] [resource_manager]: Successful 'activate' of hardware 'MecanumSystem'
[ign gazebo-1] [INFO] [1790606253.737957041] [amir1.gz_ros2_control]: The position_proportional_gain has been set to: 0.1
[ign gazebo-1] [INFO] [1790606253.737970894] [amir1.gz_ros2_control]: Loading joint: Joint_1
[ign gazebo-1] [INFO] [1790606253.737974452] [amir1.gz_ros2_control]: 	State:
[ign gazebo-1] [INFO] [1790606253.737977486] [amir1.gz_ros2_control]: 		 position
[ign gazebo-1] [INFO] [1790606253.737982149] [amir1.gz_ros2_control]: 			 found initial value: 0.000000
[ign gazebo-1] [INFO] [1790606253.737986244] [amir1.gz_ros2_control]: 		 velocity
[ign gazebo-1] [INFO] [1790606253.737989033] [amir1.gz_ros2_control]: 	Command:
[ign gazebo-1] [INFO] [1790606253.737991719] [amir1.gz_ros2_control]: 		 position
[ign gazebo-1] [INFO] [1790606253.738005720] [amir1.gz_ros2_control]: Loading joint: Joint_2
[ign gazebo-1] [INFO] [1790606253.738008745] [amir1.gz_ros2_control]: 	State:
[ign gazebo-1] [INFO] [1790606253.738011284] [amir1.gz_ros2_control]: 		 position
[ign gazebo-1] [INFO] [1790606253.738014691] [amir1.gz_ros2_control]: 			 found initial value: 1.400000
[ign gazebo-1] [INFO] [1790606253.738036035] [amir1.gz_ros2_control]: 		 velocity
[ign gazebo-1] [INFO] [1790606253.738038842] [amir1.gz_ros2_control]: 	Command:
[ign gazebo-1] [INFO] [1790606253.738041347] [amir1.gz_ros2_control]: 		 position
[ign gazebo-1] [INFO] [1790606253.738053241] [amir1.gz_ros2_control]: Loading joint: Joint_3
[ign gazebo-1] [INFO] [1790606253.738056178] [amir1.gz_ros2_control]: 	State:
[ign gazebo-1] [INFO] [1790606253.738058792] [amir1.gz_ros2_control]: 		 position
[ign gazebo-1] [INFO] [1790606253.738061374] [amir1.gz_ros2_control]: 			 found initial value: -1.600000
[ign gazebo-1] [INFO] [1790606253.738077977] [amir1.gz_ros2_control]: 		 velocity
[ign gazebo-1] [INFO] [1790606253.738080555] [amir1.gz_ros2_control]: 	Command:
[ign gazebo-1] [INFO] [1790606253.738083186] [amir1.gz_ros2_control]: 		 position
[ign gazebo-1] [INFO] [1790606253.738093590] [amir1.gz_ros2_control]: Loading joint: Joint_4
[ign gazebo-1] [INFO] [1790606253.738096636] [amir1.gz_ros2_control]: 	State:
[ign gazebo-1] [INFO] [1790606253.738099244] [amir1.gz_ros2_control]: 		 position
[ign gazebo-1] [INFO] [1790606253.738102009] [amir1.gz_ros2_control]: 			 found initial value: 0.200000
[ign gazebo-1] [INFO] [1790606253.738105230] [amir1.gz_ros2_control]: 		 velocity
[ign gazebo-1] [INFO] [1790606253.738107750] [amir1.gz_ros2_control]: 	Command:
[ign gazebo-1] [INFO] [1790606253.738110453] [amir1.gz_ros2_control]: 		 position
[ign gazebo-1] [INFO] [1790606253.738120244] [amir1.gz_ros2_control]: Loading joint: Joint_5
[ign gazebo-1] [INFO] [1790606253.738125501] [amir1.gz_ros2_control]: 	State:
[ign gazebo-1] [INFO] [1790606253.738134577] [amir1.gz_ros2_control]: 		 position
[ign gazebo-1] [INFO] [1790606253.738140208] [amir1.gz_ros2_control]: 			 found initial value: 1.570796
[ign gazebo-1] [INFO] [1790606253.738144922] [amir1.gz_ros2_control]: 		 velocity
[ign gazebo-1] [INFO] [1790606253.738147551] [amir1.gz_ros2_control]: 	Command:
[ign gazebo-1] [INFO] [1790606253.738150352] [amir1.gz_ros2_control]: 		 position
[ign gazebo-1] [INFO] [1790606253.738160631] [amir1.gz_ros2_control]: Loading joint: Gripper
[ign gazebo-1] [INFO] [1790606253.738163720] [amir1.gz_ros2_control]: 	State:
[ign gazebo-1] [INFO] [1790606253.738166293] [amir1.gz_ros2_control]: 		 position
[ign gazebo-1] [INFO] [1790606253.738168841] [amir1.gz_ros2_control]: 			 found initial value: -1.000000
[ign gazebo-1] [INFO] [1790606253.738171937] [amir1.gz_ros2_control]: 		 velocity
[ign gazebo-1] [INFO] [1790606253.738174584] [amir1.gz_ros2_control]: 	Command:
[ign gazebo-1] [INFO] [1790606253.738177310] [amir1.gz_ros2_control]: 		 position
[ign gazebo-1] [INFO] [1790606253.738187516] [amir1.gz_ros2_control]: Loading joint: left_inner_back_joint
[ign gazebo-1] [INFO] [1790606253.738192407] [amir1.gz_ros2_control]: Joint 'left_inner_back_joint'is mimicking joint 'Gripper' with multiplier: 1
[ign gazebo-1] [INFO] [1790606253.738195794] [amir1.gz_ros2_control]: 	State:
[ign gazebo-1] [INFO] [1790606253.738198514] [amir1.gz_ros2_control]: 		 position
[ign gazebo-1] [INFO] [1790606253.738201395] [amir1.gz_ros2_control]: 		 velocity
[ign gazebo-1] [INFO] [1790606253.738204112] [amir1.gz_ros2_control]: 	Command:
[ign gazebo-1] [INFO] [1790606253.738206732] [amir1.gz_ros2_control]: 		 position
[ign gazebo-1] [INFO] [1790606253.738216671] [amir1.gz_ros2_control]: Loading joint: right_outer_back_joint
[ign gazebo-1] [INFO] [1790606253.738220290] [amir1.gz_ros2_control]: Joint 'right_outer_back_joint'is mimicking joint 'Gripper' with multiplier: 1
[ign gazebo-1] [INFO] [1790606253.738223019] [amir1.gz_ros2_control]: 	State:
[ign gazebo-1] [INFO] [1790606253.738225652] [amir1.gz_ros2_control]: 		 position
[ign gazebo-1] [INFO] [1790606253.738228193] [amir1.gz_ros2_control]: 		 velocity
[ign gazebo-1] [INFO] [1790606253.738230777] [amir1.gz_ros2_control]: 	Command:
[ign gazebo-1] [INFO] [1790606253.738233265] [amir1.gz_ros2_control]: 		 position
[ign gazebo-1] [INFO] [1790606253.738242554] [amir1.gz_ros2_control]: Loading joint: left_outer_back_joint
[ign gazebo-1] [INFO] [1790606253.738246528] [amir1.gz_ros2_control]: Joint 'left_outer_back_joint'is mimicking joint 'Gripper' with multiplier: 1
[ign gazebo-1] [INFO] [1790606253.738249342] [amir1.gz_ros2_control]: 	State:
[ign gazebo-1] [INFO] [1790606253.738251918] [amir1.gz_ros2_control]: 		 position
[ign gazebo-1] [INFO] [1790606253.738256953] [amir1.gz_ros2_control]: 		 velocity
[ign gazebo-1] [INFO] [1790606253.738259722] [amir1.gz_ros2_control]: 	Command:
[ign gazebo-1] [INFO] [1790606253.738262257] [amir1.gz_ros2_control]: 		 position
[ign gazebo-1] [INFO] [1790606253.738274098] [amir1.gz_ros2_control]: Loading joint: right_inner_front_joint
[ign gazebo-1] [INFO] [1790606253.738277746] [amir1.gz_ros2_control]: Joint 'right_inner_front_joint'is mimicking joint 'Gripper' with multiplier: 1
[ign gazebo-1] [INFO] [1790606253.738285190] [amir1.gz_ros2_control]: 	State:
[ign gazebo-1] [INFO] [1790606253.738289014] [amir1.gz_ros2_control]: 		 position
[ign gazebo-1] [INFO] [1790606253.738293917] [amir1.gz_ros2_control]: 		 velocity
[ign gazebo-1] [INFO] [1790606253.738296593] [amir1.gz_ros2_control]: 	Command:
[ign gazebo-1] [INFO] [1790606253.738299059] [amir1.gz_ros2_control]: 		 position
[ign gazebo-1] [INFO] [1790606253.738309412] [amir1.gz_ros2_control]: Loading joint: left_inner_front_joint
[ign gazebo-1] [INFO] [1790606253.738313116] [amir1.gz_ros2_control]: Joint 'left_inner_front_joint'is mimicking joint 'Gripper' with multiplier: 1
[ign gazebo-1] [INFO] [1790606253.738316022] [amir1.gz_ros2_control]: 	State:
[ign gazebo-1] [INFO] [1790606253.738318566] [amir1.gz_ros2_control]: 		 position
[ign gazebo-1] [INFO] [1790606253.738321333] [amir1.gz_ros2_control]: 		 velocity
[ign gazebo-1] [INFO] [1790606253.738323880] [amir1.gz_ros2_control]: 	Command:
[ign gazebo-1] [INFO] [1790606253.738326421] [amir1.gz_ros2_control]: 		 position
[ign gazebo-1] [INFO] [1790606253.738335463] [amir1.gz_ros2_control]: Loading sensor: finger_right_force_sensor
[ign gazebo-1] [INFO] [1790606253.738338631] [amir1.gz_ros2_control]: 	State:
[ign gazebo-1] [WARN] [1790606253.738342720] [amir1.gz_ros2_control]: ForceTorque sensor 'finger_right_force_sensor' not found in hardware_info, skipping.
[ign gazebo-1] [INFO] [1790606253.738347297] [amir1.gz_ros2_control]: Loading sensor: finger_left_force_sensor
[ign gazebo-1] [INFO] [1790606253.738351241] [amir1.gz_ros2_control]: 	State:
[ign gazebo-1] [WARN] [1790606253.738356512] [amir1.gz_ros2_control]: ForceTorque sensor 'finger_left_force_sensor' not found in hardware_info, skipping.
[ign gazebo-1] [INFO] [1790606253.738360792] [resource_manager]: Initialize hardware 'AmirGazeboSystem' 
[ign gazebo-1] [INFO] [1790606253.738372327] [resource_manager]: Successful initialization of hardware 'AmirGazeboSystem'
[ign gazebo-1] [INFO] [1790606253.738389776] [resource_manager]: 'configure' hardware 'AmirGazeboSystem' 
[ign gazebo-1] [INFO] [1790606253.738391942] [amir1.gz_ros2_control]: System Successfully configured!
[ign gazebo-1] [INFO] [1790606253.738396124] [resource_manager]: Successful 'configure' of hardware 'AmirGazeboSystem'
[ign gazebo-1] [INFO] [1790606253.738401313] [resource_manager]: 'activate' hardware 'AmirGazeboSystem' 
[ign gazebo-1] [INFO] [1790606253.738404007] [resource_manager]: Successful 'activate' of hardware 'AmirGazeboSystem'
[ign gazebo-1] [INFO] [1790606253.738406208] [amir1.gz_ros2_control]: Loading controller_manager
[simulation_startup_gate-16] [INFO] [1790606253.793985270] [amir1.manager_ready]: Waiting for manager: ['amir1']
[simulation_startup_gate-16] [INFO] [1790606254.783806900] [amir1.manager_ready]: Ready: amir1_manager_ready
[INFO] [simulation_startup_gate-16]: process has finished cleanly [pid 50509]
[INFO] [spawner-17]: process started with pid [50592]
[ign gazebo-1] [INFO] [1790606255.188529817] [amir1.controller_manager]: Loading controller 'joint_state_broadcaster'
[spawner-17] [INFO] [1790606255.215814960] [amir1.spawner_joint_state_broadcaster]: [94mLoaded [1mjoint_state_broadcaster[0m
[ign gazebo-1] [INFO] [1790606255.216885152] [amir1.controller_manager]: Configuring controller 'joint_state_broadcaster'
[ign gazebo-1] [INFO] [1790606255.217005025] [amir1.joint_state_broadcaster]: 'joints' or 'interfaces' parameter is empty. All available state interfaces will be published
[spawner-17] [INFO] [1790606255.229957302] [amir1.spawner_joint_state_broadcaster]: [92mConfigured and activated [1mjoint_state_broadcaster[0m
[INFO] [spawner-17]: process has finished cleanly [pid 50592]
[INFO] [spawner-18]: process started with pid [50630]
[spawner-18] [INFO] [1790606256.662531932] [amir1.spawner_arm_controller]: [96mSetting controller param "type" to "joint_trajectory_controller/JointTrajectoryController" for [1marm_controller[0m
[spawner-18] [INFO] [1790606256.667306728] [amir1.spawner_arm_controller]: [96mSetting controller param "params_file" to "['/home/dars5070/ros2_humble_ws/install/amir_gazebo/share/amir_gazebo/config/arm_controllers.yaml']" for [1marm_controller[0m
[ign gazebo-1] [INFO] [1790606256.671430551] [amir1.controller_manager]: Loading controller 'arm_controller'
[ign gazebo-1] [WARN] [1790606256.680856682] [amir1.arm_controller]: [Deprecated]: "allow_nonzero_velocity_at_trajectory_end" is set to true. The default behavior will change to false.
[spawner-18] [INFO] [1790606256.683505990] [amir1.spawner_arm_controller]: [94mLoaded [1marm_controller[0m
[ign gazebo-1] [INFO] [1790606256.684762326] [amir1.controller_manager]: Configuring controller 'arm_controller'
[ign gazebo-1] [INFO] [1790606256.684884627] [amir1.arm_controller]: No specific joint names are used for command interfaces. Using 'joints' parameter.
[ign gazebo-1] [INFO] [1790606256.684898913] [amir1.arm_controller]: Command interfaces are [position] and state interfaces are [position velocity].
[ign gazebo-1] [INFO] [1790606256.684914984] [amir1.arm_controller]: Using 'splines' interpolation method.
[ign gazebo-1] [INFO] [1790606256.685722208] [amir1.arm_controller]: Controller state will be published at 100.00 Hz.
[ign gazebo-1] [INFO] [1790606256.687253269] [amir1.arm_controller]: Goals with partial set of joints are allowed
[ign gazebo-1] [INFO] [1790606256.687271682] [amir1.arm_controller]: Action status changes will be monitored at 20.00 Hz.
[spawner-18] [INFO] [1790606256.702384321] [amir1.spawner_arm_controller]: [92mConfigured and activated [1marm_controller[0m
[INFO] [spawner-18]: process has finished cleanly [pid 50630]
[INFO] [spawner-19]: process started with pid [50674]
[ign gazebo-1] [INFO] [1790606257.089344815] [amir1.controller_manager]: Loading controller 'mecanum_drive_controller'
[spawner-19] [INFO] [1790606257.110806237] [amir1.spawner_mecanum_drive_controller]: [94mLoaded [1mmecanum_drive_controller[0m
[ign gazebo-1] [INFO] [1790606257.111539189] [amir1.controller_manager]: Configuring controller 'mecanum_drive_controller'
[ign gazebo-1] [INFO] [1790606257.115410905] [amir1.mecanum_drive_controller]: MecanumDriveController configured successfully
[spawner-19] [INFO] [1790606257.124678718] [amir1.spawner_mecanum_drive_controller]: [92mConfigured and activated [1mmecanum_drive_controller[0m
[INFO] [spawner-19]: process has finished cleanly [pid 50674]
[INFO] [spawner-20]: process started with pid [50713]
[spawner-20] [INFO] [1790606257.525905928] [amir1.spawner_gripper_controller]: [96mSetting controller param "type" to "position_controllers/GripperActionController" for [1mgripper_controller[0m
[spawner-20] [INFO] [1790606257.531709868] [amir1.spawner_gripper_controller]: [96mSetting controller param "params_file" to "['/home/dars5070/ros2_humble_ws/install/amir_gazebo/share/amir_gazebo/config/arm_controllers.yaml']" for [1mgripper_controller[0m
[ign gazebo-1] [INFO] [1790606257.535659704] [amir1.controller_manager]: Loading controller 'gripper_controller'
[spawner-20] [INFO] [1790606257.543924860] [amir1.spawner_gripper_controller]: [94mLoaded [1mgripper_controller[0m
[ign gazebo-1] [INFO] [1790606257.544784839] [amir1.controller_manager]: Configuring controller 'gripper_controller'
[ign gazebo-1] [INFO] [1790606257.544906786] [amir1.gripper_controller]: Action status changes will be monitored at 20.000000 Hz.
[spawner-20] [INFO] [1790606257.556388494] [amir1.spawner_gripper_controller]: [92mConfigured and activated [1mgripper_controller[0m
[INFO] [spawner-20]: process has finished cleanly [pid 50713]
[simulation_startup_gate-14] [INFO] [1790606258.752516225] [startup_amir1_controllers_ready]: Ready: amir1_controllers_ready
[INFO] [simulation_startup_gate-14]: process has finished cleanly [pid 50320]
[INFO] [robot_state_publisher-21]: process started with pid [50756]
[INFO] [simulation_startup_gate-22]: process started with pid [50758]
[INFO] [parameter_bridge-23]: process started with pid [50760]
[INFO] [parameter_bridge-24]: process started with pid [50762]
[INFO] [parameter_bridge-25]: process started with pid [50764]
[INFO] [rover_twist_relay_ign.py-26]: process started with pid [50766]
[INFO] [simulation_startup_gate-27]: process started with pid [50778]
[robot_state_publisher-21] [INFO] [1790606259.270023742] [amir2.robot_state_publisher]: got segment back_left_arm
[robot_state_publisher-21] [INFO] [1790606259.270138221] [amir2.robot_state_publisher]: got segment back_left_wheel_1
[robot_state_publisher-21] [INFO] [1790606259.270145725] [amir2.robot_state_publisher]: got segment back_right_arm
[robot_state_publisher-21] [INFO] [1790606259.270150721] [amir2.robot_state_publisher]: got segment back_right_wheel_1
[robot_state_publisher-21] [INFO] [1790606259.270155367] [amir2.robot_state_publisher]: got segment base_footprint
[robot_state_publisher-21] [INFO] [1790606259.270159820] [amir2.robot_state_publisher]: got segment base_link
[robot_state_publisher-21] [INFO] [1790606259.270164107] [amir2.robot_state_publisher]: got segment finger_left_1
[robot_state_publisher-21] [INFO] [1790606259.270168554] [amir2.robot_state_publisher]: got segment finger_right_1
[robot_state_publisher-21] [INFO] [1790606259.270172940] [amir2.robot_state_publisher]: got segment front_left_arm
[robot_state_publisher-21] [INFO] [1790606259.270177374] [amir2.robot_state_publisher]: got segment front_left_wheel_1
[robot_state_publisher-21] [INFO] [1790606259.270181802] [amir2.robot_state_publisher]: got segment front_lrf_link
[robot_state_publisher-21] [INFO] [1790606259.270186185] [amir2.robot_state_publisher]: got segment front_right_arm
[robot_state_publisher-21] [INFO] [1790606259.270190568] [amir2.robot_state_publisher]: got segment front_right_wheel_1
[robot_state_publisher-21] [INFO] [1790606259.270195241] [amir2.robot_state_publisher]: got segment gripper_base_1
[robot_state_publisher-21] [INFO] [1790606259.270199526] [amir2.robot_state_publisher]: got segment inner_link_left_1
[robot_state_publisher-21] [INFO] [1790606259.270203884] [amir2.robot_state_publisher]: got segment inner_link_right_1
[robot_state_publisher-21] [INFO] [1790606259.270208361] [amir2.robot_state_publisher]: got segment link0_1
[robot_state_publisher-21] [INFO] [1790606259.270212788] [amir2.robot_state_publisher]: got segment link1_1
[robot_state_publisher-21] [INFO] [1790606259.270217101] [amir2.robot_state_publisher]: got segment link2_1
[robot_state_publisher-21] [INFO] [1790606259.270221570] [amir2.robot_state_publisher]: got segment link3_1
[robot_state_publisher-21] [INFO] [1790606259.270225999] [amir2.robot_state_publisher]: got segment link4_1
[robot_state_publisher-21] [INFO] [1790606259.270230702] [amir2.robot_state_publisher]: got segment outer_link_left_1
[robot_state_publisher-21] [INFO] [1790606259.270235184] [amir2.robot_state_publisher]: got segment outer_link_right_1
[robot_state_publisher-21] [INFO] [1790606259.270239527] [amir2.robot_state_publisher]: got segment tcp_link
[parameter_bridge-25] [INFO] [1790606259.281264438] [amir2.finger_contact_bridge]: Creating GZ->ROS Bridge: [/world/cooperative_transport_friction/model/amir2/link/finger_left_1/sensor/finger_left_contact_sensor/contact (gz.msgs.Contacts) -> /world/cooperative_transport_friction/model/amir2/link/finger_left_1/sensor/finger_left_contact_sensor/contact (ros_gz_interfaces/msg/Contacts)] (Lazy 0)
[parameter_bridge-25] [INFO] [1790606259.283199579] [amir2.finger_contact_bridge]: Creating GZ->ROS Bridge: [/world/cooperative_transport_friction/model/amir2/link/finger_left_1/sensor/finger_left_contact_sensor_1/contact (gz.msgs.Contacts) -> /world/cooperative_transport_friction/model/amir2/link/finger_left_1/sensor/finger_left_contact_sensor_1/contact (ros_gz_interfaces/msg/Contacts)] (Lazy 0)
[parameter_bridge-25] [INFO] [1790606259.284003274] [amir2.finger_contact_bridge]: Creating GZ->ROS Bridge: [/world/cooperative_transport_friction/model/amir2/link/finger_left_1/sensor/finger_left_contact_sensor_2/contact (gz.msgs.Contacts) -> /world/cooperative_transport_friction/model/amir2/link/finger_left_1/sensor/finger_left_contact_sensor_2/contact (ros_gz_interfaces/msg/Contacts)] (Lazy 0)
[parameter_bridge-25] [INFO] [1790606259.284729475] [amir2.finger_contact_bridge]: Creating GZ->ROS Bridge: [/world/cooperative_transport_friction/model/amir2/link/finger_left_1/sensor/finger_left_contact_sensor_3/contact (gz.msgs.Contacts) -> /world/cooperative_transport_friction/model/amir2/link/finger_left_1/sensor/finger_left_contact_sensor_3/contact (ros_gz_interfaces/msg/Contacts)] (Lazy 0)
[parameter_bridge-25] [INFO] [1790606259.285310224] [amir2.finger_contact_bridge]: Creating GZ->ROS Bridge: [/world/cooperative_transport_friction/model/amir2/link/finger_left_1/sensor/finger_left_contact_sensor_4/contact (gz.msgs.Contacts) -> /world/cooperative_transport_friction/model/amir2/link/finger_left_1/sensor/finger_left_contact_sensor_4/contact (ros_gz_interfaces/msg/Contacts)] (Lazy 0)
[parameter_bridge-25] [INFO] [1790606259.285900222] [amir2.finger_contact_bridge]: Creating GZ->ROS Bridge: [/world/cooperative_transport_friction/model/amir2/link/finger_left_1/sensor/finger_left_contact_sensor_5/contact (gz.msgs.Contacts) -> /world/cooperative_transport_friction/model/amir2/link/finger_left_1/sensor/finger_left_contact_sensor_5/contact (ros_gz_interfaces/msg/Contacts)] (Lazy 0)
[parameter_bridge-25] [INFO] [1790606259.286423015] [amir2.finger_contact_bridge]: Creating GZ->ROS Bridge: [/world/cooperative_transport_friction/model/amir2/link/finger_left_1/sensor/finger_left_contact_sensor_6/contact (gz.msgs.Contacts) -> /world/cooperative_transport_friction/model/amir2/link/finger_left_1/sensor/finger_left_contact_sensor_6/contact (ros_gz_interfaces/msg/Contacts)] (Lazy 0)
[parameter_bridge-25] [INFO] [1790606259.286984455] [amir2.finger_contact_bridge]: Creating GZ->ROS Bridge: [/world/cooperative_transport_friction/model/amir2/link/finger_left_1/sensor/finger_left_contact_sensor_7/contact (gz.msgs.Contacts) -> /world/cooperative_transport_friction/model/amir2/link/finger_left_1/sensor/finger_left_contact_sensor_7/contact (ros_gz_interfaces/msg/Contacts)] (Lazy 0)
[parameter_bridge-25] [INFO] [1790606259.287346417] [amir2.finger_contact_bridge]: Creating GZ->ROS Bridge: [/world/cooperative_transport_friction/model/amir2/link/finger_left_1/sensor/finger_left_contact_sensor_8/contact (gz.msgs.Contacts) -> /world/cooperative_transport_friction/model/amir2/link/finger_left_1/sensor/finger_left_contact_sensor_8/contact (ros_gz_interfaces/msg/Contacts)] (Lazy 0)
[parameter_bridge-25] [INFO] [1790606259.287701632] [amir2.finger_contact_bridge]: Creating GZ->ROS Bridge: [/world/cooperative_transport_friction/model/amir2/link/finger_right_1/sensor/finger_right_contact_sensor/contact (gz.msgs.Contacts) -> /world/cooperative_transport_friction/model/amir2/link/finger_right_1/sensor/finger_right_contact_sensor/contact (ros_gz_interfaces/msg/Contacts)] (Lazy 0)
[parameter_bridge-25] [INFO] [1790606259.288060233] [amir2.finger_contact_bridge]: Creating GZ->ROS Bridge: [/world/cooperative_transport_friction/model/amir2/link/finger_right_1/sensor/finger_right_contact_sensor_1/contact (gz.msgs.Contacts) -> /world/cooperative_transport_friction/model/amir2/link/finger_right_1/sensor/finger_right_contact_sensor_1/contact (ros_gz_interfaces/msg/Contacts)] (Lazy 0)
[parameter_bridge-25] [INFO] [1790606259.288480392] [amir2.finger_contact_bridge]: Creating GZ->ROS Bridge: [/world/cooperative_transport_friction/model/amir2/link/finger_right_1/sensor/finger_right_contact_sensor_2/contact (gz.msgs.Contacts) -> /world/cooperative_transport_friction/model/amir2/link/finger_right_1/sensor/finger_right_contact_sensor_2/contact (ros_gz_interfaces/msg/Contacts)] (Lazy 0)
[parameter_bridge-25] [INFO] [1790606259.288866690] [amir2.finger_contact_bridge]: Creating GZ->ROS Bridge: [/world/cooperative_transport_friction/model/amir2/link/finger_right_1/sensor/finger_right_contact_sensor_3/contact (gz.msgs.Contacts) -> /world/cooperative_transport_friction/model/amir2/link/finger_right_1/sensor/finger_right_contact_sensor_3/contact (ros_gz_interfaces/msg/Contacts)] (Lazy 0)
[parameter_bridge-25] [INFO] [1790606259.289313457] [amir2.finger_contact_bridge]: Creating GZ->ROS Bridge: [/world/cooperative_transport_friction/model/amir2/link/finger_right_1/sensor/finger_right_contact_sensor_4/contact (gz.msgs.Contacts) -> /world/cooperative_transport_friction/model/amir2/link/finger_right_1/sensor/finger_right_contact_sensor_4/contact (ros_gz_interfaces/msg/Contacts)] (Lazy 0)
[parameter_bridge-25] [INFO] [1790606259.289928958] [amir2.finger_contact_bridge]: Creating GZ->ROS Bridge: [/world/cooperative_transport_friction/model/amir2/link/finger_right_1/sensor/finger_right_contact_sensor_5/contact (gz.msgs.Contacts) -> /world/cooperative_transport_friction/model/amir2/link/finger_right_1/sensor/finger_right_contact_sensor_5/contact (ros_gz_interfaces/msg/Contacts)] (Lazy 0)
[parameter_bridge-25] [INFO] [1790606259.290711825] [amir2.finger_contact_bridge]: Creating GZ->ROS Bridge: [/world/cooperative_transport_friction/model/amir2/link/finger_right_1/sensor/finger_right_contact_sensor_6/contact (gz.msgs.Contacts) -> /world/cooperative_transport_friction/model/amir2/link/finger_right_1/sensor/finger_right_contact_sensor_6/contact (ros_gz_interfaces/msg/Contacts)] (Lazy 0)
[parameter_bridge-25] [INFO] [1790606259.291433633] [amir2.finger_contact_bridge]: Creating GZ->ROS Bridge: [/world/cooperative_transport_friction/model/amir2/link/finger_right_1/sensor/finger_right_contact_sensor_7/contact (gz.msgs.Contacts) -> /world/cooperative_transport_friction/model/amir2/link/finger_right_1/sensor/finger_right_contact_sensor_7/contact (ros_gz_interfaces/msg/Contacts)] (Lazy 0)
[parameter_bridge-25] [INFO] [1790606259.291828767] [amir2.finger_contact_bridge]: Creating GZ->ROS Bridge: [/world/cooperative_transport_friction/model/amir2/link/finger_right_1/sensor/finger_right_contact_sensor_8/contact (gz.msgs.Contacts) -> /world/cooperative_transport_friction/model/amir2/link/finger_right_1/sensor/finger_right_contact_sensor_8/contact (ros_gz_interfaces/msg/Contacts)] (Lazy 0)
[rover_twist_relay_ign.py-26] [INFO] [1790606259.522704202] [amir2.rover_twist_relay_ign]: rover_twist_relay_ign: /rover_twist → /mecanum_drive_controller/reference_unstamped
[parameter_bridge-24] [INFO] [1790606259.612713243] [amir2.finger_ft_bridge]: Creating GZ->ROS Bridge: [/amir2/finger_left_wrench (gz.msgs.Wrench) -> /amir2/finger_left_wrench (geometry_msgs/msg/WrenchStamped)] (Lazy 0)
[parameter_bridge-24] [INFO] [1790606259.614853463] [amir2.finger_ft_bridge]: Creating GZ->ROS Bridge: [/amir2/finger_right_wrench (gz.msgs.Wrench) -> /amir2/finger_right_wrench (geometry_msgs/msg/WrenchStamped)] (Lazy 0)
[parameter_bridge-23] [INFO] [1790606259.617111838] [amir2.odom_bridge]: Creating GZ->ROS Bridge: [/amir2/odom (gz.msgs.Odometry) -> /amir2/odom (nav_msgs/msg/Odometry)] (Lazy 0)
[parameter_bridge-23] [INFO] [1790606259.622603471] [amir2.odom_bridge]: Creating GZ->ROS Bridge: [/amir2/odom/tf (gz.msgs.Pose_V) -> /amir2/odom/tf (tf2_msgs/msg/TFMessage)] (Lazy 0)
[simulation_startup_gate-22] [INFO] [1790606259.651584362] [amir2.description_ready]: Waiting for description: ['amir2']
[simulation_startup_gate-27] [INFO] [1790606259.665836328] [startup_robots_ready]: Waiting for controllers: ['amir2']
[simulation_startup_gate-22] [INFO] [1790606260.640874291] [amir2.description_ready]: Ready: amir2_description_ready
[INFO] [simulation_startup_gate-22]: process has finished cleanly [pid 50758]
[INFO] [create-28]: process started with pid [50934]
[create-28] [INFO] [1790606260.834853609] [amir2.ros_gz_sim]: Requesting list of world names.
[create-28] [INFO] [1790606261.101168654] [amir2.ros_gz_sim]: Requested creation of entity.
[create-28] [INFO] [1790606261.101246330] [amir2.ros_gz_sim]: OK creation of entity.
[ign gazebo-1] [INFO] [1790606261.193229300] [GazeboSimROS2ControlPlugin]: robot_param_node is robot_state_publisher
[ign gazebo-1] [INFO] [1790606261.193255187] [GazeboSimROS2ControlPlugin]: robot_param_node is robot_description
[ign gazebo-1] [INFO] [1790606261.200440540] [amir2.gz_ros2_control]: connected to service!! /amir2/robot_state_publisher asking for robot_description
[ign gazebo-1] [INFO] [1790606261.200772011] [amir2.gz_ros2_control]: Received URDF from param server
[ign gazebo-1] [INFO] [1790606261.204615012] [amir2.gz_ros2_control]: The position_proportional_gain has been set to: 0.1
[ign gazebo-1] [INFO] [1790606261.204664167] [amir2.gz_ros2_control]: Loading joint: front_left_joint
[ign gazebo-1] [INFO] [1790606261.204669259] [amir2.gz_ros2_control]: 	State:
[ign gazebo-1] [INFO] [1790606261.204672425] [amir2.gz_ros2_control]: 		 position
[ign gazebo-1] [INFO] [1790606261.204675624] [amir2.gz_ros2_control]: 		 velocity
[ign gazebo-1] [INFO] [1790606261.204678259] [amir2.gz_ros2_control]: 	Command:
[ign gazebo-1] [INFO] [1790606261.204680902] [amir2.gz_ros2_control]: 		 velocity
[ign gazebo-1] [INFO] [1790606261.204710151] [amir2.gz_ros2_control]: Loading joint: front_right_joint
[ign gazebo-1] [INFO] [1790606261.204713654] [amir2.gz_ros2_control]: 	State:
[ign gazebo-1] [INFO] [1790606261.204716215] [amir2.gz_ros2_control]: 		 position
[ign gazebo-1] [INFO] [1790606261.204718838] [amir2.gz_ros2_control]: 		 velocity
[ign gazebo-1] [INFO] [1790606261.204721315] [amir2.gz_ros2_control]: 	Command:
[ign gazebo-1] [INFO] [1790606261.204723772] [amir2.gz_ros2_control]: 		 velocity
[ign gazebo-1] [INFO] [1790606261.204746194] [amir2.gz_ros2_control]: Loading joint: back_left_joint
[ign gazebo-1] [INFO] [1790606261.204751113] [amir2.gz_ros2_control]: 	State:
[ign gazebo-1] [INFO] [1790606261.204755130] [amir2.gz_ros2_control]: 		 position
[ign gazebo-1] [INFO] [1790606261.204759727] [amir2.gz_ros2_control]: 		 velocity
[ign gazebo-1] [INFO] [1790606261.204764308] [amir2.gz_ros2_control]: 	Command:
[ign gazebo-1] [INFO] [1790606261.204768733] [amir2.gz_ros2_control]: 		 velocity
[ign gazebo-1] [INFO] [1790606261.204786232] [amir2.gz_ros2_control]: Loading joint: back_right_joint
[ign gazebo-1] [INFO] [1790606261.204790645] [amir2.gz_ros2_control]: 	State:
[ign gazebo-1] [INFO] [1790606261.204794848] [amir2.gz_ros2_control]: 		 position
[ign gazebo-1] [INFO] [1790606261.204799090] [amir2.gz_ros2_control]: 		 velocity
[ign gazebo-1] [INFO] [1790606261.204803347] [amir2.gz_ros2_control]: 	Command:
[ign gazebo-1] [INFO] [1790606261.204807639] [amir2.gz_ros2_control]: 		 velocity
[ign gazebo-1] [INFO] [1790606261.204818345] [amir2.gz_ros2_control]: Loading sensor: finger_right_force_sensor
[ign gazebo-1] [INFO] [1790606261.204822729] [amir2.gz_ros2_control]: Topic name: /amir1/finger_right_wrench
[ign gazebo-1] [INFO] [1790606261.204825609] [amir2.gz_ros2_control]: 	State:
[ign gazebo-1] [WARN] [1790606261.204829001] [amir2.gz_ros2_control]: ForceTorque sensor 'finger_right_force_sensor' not found in hardware_info, skipping.
[ign gazebo-1] [INFO] [1790606261.204833017] [amir2.gz_ros2_control]: Loading sensor: finger_left_force_sensor
[ign gazebo-1] [INFO] [1790606261.204836498] [amir2.gz_ros2_control]: Topic name: /amir1/finger_left_wrench
[ign gazebo-1] [INFO] [1790606261.204839094] [amir2.gz_ros2_control]: 	State:
[ign gazebo-1] [WARN] [1790606261.204841950] [amir2.gz_ros2_control]: ForceTorque sensor 'finger_left_force_sensor' not found in hardware_info, skipping.
[ign gazebo-1] [INFO] [1790606261.204845056] [amir2.gz_ros2_control]: Loading sensor: finger_right_force_sensor
[ign gazebo-1] [INFO] [1790606261.204847826] [amir2.gz_ros2_control]: 	State:
[ign gazebo-1] [WARN] [1790606261.204850662] [amir2.gz_ros2_control]: ForceTorque sensor 'finger_right_force_sensor' not found in hardware_info, skipping.
[ign gazebo-1] [INFO] [1790606261.204853600] [amir2.gz_ros2_control]: Loading sensor: finger_left_force_sensor
[ign gazebo-1] [INFO] [1790606261.204856294] [amir2.gz_ros2_control]: 	State:
[ign gazebo-1] [WARN] [1790606261.204859063] [amir2.gz_ros2_control]: ForceTorque sensor 'finger_left_force_sensor' not found in hardware_info, skipping.
[ign gazebo-1] [INFO] [1790606261.204863332] [resource_manager]: Initialize hardware 'MecanumSystem' 
[ign gazebo-1] [INFO] [1790606261.204875929] [resource_manager]: Successful initialization of hardware 'MecanumSystem'
[ign gazebo-1] [INFO] [1790606261.204886935] [resource_manager]: 'configure' hardware 'MecanumSystem' 
[ign gazebo-1] [INFO] [1790606261.204889089] [amir2.gz_ros2_control]: System Successfully configured!
[ign gazebo-1] [INFO] [1790606261.204893399] [resource_manager]: Successful 'configure' of hardware 'MecanumSystem'
[ign gazebo-1] [INFO] [1790606261.204896799] [resource_manager]: 'activate' hardware 'MecanumSystem' 
[ign gazebo-1] [INFO] [1790606261.204916736] [resource_manager]: Successful 'activate' of hardware 'MecanumSystem'
[ign gazebo-1] [INFO] [1790606261.204960763] [amir2.gz_ros2_control]: The position_proportional_gain has been set to: 0.1
[ign gazebo-1] [INFO] [1790606261.204976401] [amir2.gz_ros2_control]: Loading joint: Joint_1
[ign gazebo-1] [INFO] [1790606261.204980752] [amir2.gz_ros2_control]: 	State:
[ign gazebo-1] [INFO] [1790606261.204983904] [amir2.gz_ros2_control]: 		 position
[ign gazebo-1] [INFO] [1790606261.204987692] [amir2.gz_ros2_control]: 			 found initial value: 0.000000
[ign gazebo-1] [INFO] [1790606261.204991661] [amir2.gz_ros2_control]: 		 velocity
[ign gazebo-1] [INFO] [1790606261.204994534] [amir2.gz_ros2_control]: 	Command:
[ign gazebo-1] [INFO] [1790606261.204997308] [amir2.gz_ros2_control]: 		 position
[ign gazebo-1] [INFO] [1790606261.205014236] [amir2.gz_ros2_control]: Loading joint: Joint_2
[ign gazebo-1] [INFO] [1790606261.205019355] [amir2.gz_ros2_control]: 	State:
[ign gazebo-1] [INFO] [1790606261.205022479] [amir2.gz_ros2_control]: 		 position
[ign gazebo-1] [INFO] [1790606261.205025727] [amir2.gz_ros2_control]: 			 found initial value: 1.400000
[ign gazebo-1] [INFO] [1790606261.205029273] [amir2.gz_ros2_control]: 		 velocity
[ign gazebo-1] [INFO] [1790606261.205031990] [amir2.gz_ros2_control]: 	Command:
[ign gazebo-1] [INFO] [1790606261.205034592] [amir2.gz_ros2_control]: 		 position
[ign gazebo-1] [INFO] [1790606261.205048910] [amir2.gz_ros2_control]: Loading joint: Joint_3
[ign gazebo-1] [INFO] [1790606261.205051899] [amir2.gz_ros2_control]: 	State:
[ign gazebo-1] [INFO] [1790606261.205054547] [amir2.gz_ros2_control]: 		 position
[ign gazebo-1] [INFO] [1790606261.205057311] [amir2.gz_ros2_control]: 			 found initial value: -1.600000
[ign gazebo-1] [INFO] [1790606261.205060609] [amir2.gz_ros2_control]: 		 velocity
[ign gazebo-1] [INFO] [1790606261.205069226] [amir2.gz_ros2_control]: 	Command:
[ign gazebo-1] [INFO] [1790606261.205072439] [amir2.gz_ros2_control]: 		 position
[ign gazebo-1] [INFO] [1790606261.205088097] [amir2.gz_ros2_control]: Loading joint: Joint_4
[ign gazebo-1] [INFO] [1790606261.205092353] [amir2.gz_ros2_control]: 	State:
[ign gazebo-1] [INFO] [1790606261.205096774] [amir2.gz_ros2_control]: 		 position
[ign gazebo-1] [INFO] [1790606261.205102310] [amir2.gz_ros2_control]: 			 found initial value: 0.200000
[ign gazebo-1] [INFO] [1790606261.205107399] [amir2.gz_ros2_control]: 		 velocity
[ign gazebo-1] [INFO] [1790606261.205110018] [amir2.gz_ros2_control]: 	Command:
[ign gazebo-1] [INFO] [1790606261.205113102] [amir2.gz_ros2_control]: 		 position
[ign gazebo-1] [INFO] [1790606261.205129671] [amir2.gz_ros2_control]: Loading joint: Joint_5
[ign gazebo-1] [INFO] [1790606261.205132985] [amir2.gz_ros2_control]: 	State:
[ign gazebo-1] [INFO] [1790606261.205136070] [amir2.gz_ros2_control]: 		 position
[ign gazebo-1] [INFO] [1790606261.205143817] [amir2.gz_ros2_control]: 			 found initial value: 1.570796
[ign gazebo-1] [INFO] [1790606261.205147493] [amir2.gz_ros2_control]: 		 velocity
[ign gazebo-1] [INFO] [1790606261.205150357] [amir2.gz_ros2_control]: 	Command:
[ign gazebo-1] [INFO] [1790606261.205153222] [amir2.gz_ros2_control]: 		 position
[ign gazebo-1] [INFO] [1790606261.205165138] [amir2.gz_ros2_control]: Loading joint: Gripper
[ign gazebo-1] [INFO] [1790606261.205168543] [amir2.gz_ros2_control]: 	State:
[ign gazebo-1] [INFO] [1790606261.205171373] [amir2.gz_ros2_control]: 		 position
[ign gazebo-1] [INFO] [1790606261.205174137] [amir2.gz_ros2_control]: 			 found initial value: -1.000000
[ign gazebo-1] [INFO] [1790606261.205177561] [amir2.gz_ros2_control]: 		 velocity
[ign gazebo-1] [INFO] [1790606261.205180464] [amir2.gz_ros2_control]: 	Command:
[ign gazebo-1] [INFO] [1790606261.205183145] [amir2.gz_ros2_control]: 		 position
[ign gazebo-1] [INFO] [1790606261.205193915] [amir2.gz_ros2_control]: Loading joint: left_inner_back_joint
[ign gazebo-1] [INFO] [1790606261.205198970] [amir2.gz_ros2_control]: Joint 'left_inner_back_joint'is mimicking joint 'Gripper' with multiplier: 1
[ign gazebo-1] [INFO] [1790606261.205202293] [amir2.gz_ros2_control]: 	State:
[ign gazebo-1] [INFO] [1790606261.205205091] [amir2.gz_ros2_control]: 		 position
[ign gazebo-1] [INFO] [1790606261.205208001] [amir2.gz_ros2_control]: 		 velocity
[ign gazebo-1] [INFO] [1790606261.205210721] [amir2.gz_ros2_control]: 	Command:
[ign gazebo-1] [INFO] [1790606261.205213593] [amir2.gz_ros2_control]: 		 position
[ign gazebo-1] [INFO] [1790606261.205224275] [amir2.gz_ros2_control]: Loading joint: right_outer_back_joint
[ign gazebo-1] [INFO] [1790606261.205228214] [amir2.gz_ros2_control]: Joint 'right_outer_back_joint'is mimicking joint 'Gripper' with multiplier: 1
[ign gazebo-1] [INFO] [1790606261.205231020] [amir2.gz_ros2_control]: 	State:
[ign gazebo-1] [INFO] [1790606261.205233743] [amir2.gz_ros2_control]: 		 position
[ign gazebo-1] [INFO] [1790606261.205241177] [amir2.gz_ros2_control]: 		 velocity
[ign gazebo-1] [INFO] [1790606261.205243963] [amir2.gz_ros2_control]: 	Command:
[ign gazebo-1] [INFO] [1790606261.205246888] [amir2.gz_ros2_control]: 		 position
[ign gazebo-1] [INFO] [1790606261.205256825] [amir2.gz_ros2_control]: Loading joint: left_outer_back_joint
[ign gazebo-1] [INFO] [1790606261.205261267] [amir2.gz_ros2_control]: Joint 'left_outer_back_joint'is mimicking joint 'Gripper' with multiplier: 1
[ign gazebo-1] [INFO] [1790606261.205265366] [amir2.gz_ros2_control]: 	State:
[ign gazebo-1] [INFO] [1790606261.205270310] [amir2.gz_ros2_control]: 		 position
[ign gazebo-1] [INFO] [1790606261.205273754] [amir2.gz_ros2_control]: 		 velocity
[ign gazebo-1] [INFO] [1790606261.205276534] [amir2.gz_ros2_control]: 	Command:
[ign gazebo-1] [INFO] [1790606261.205279127] [amir2.gz_ros2_control]: 		 position
[ign gazebo-1] [INFO] [1790606261.205290446] [amir2.gz_ros2_control]: Loading joint: right_inner_front_joint
[ign gazebo-1] [INFO] [1790606261.205294938] [amir2.gz_ros2_control]: Joint 'right_inner_front_joint'is mimicking joint 'Gripper' with multiplier: 1
[ign gazebo-1] [INFO] [1790606261.205298064] [amir2.gz_ros2_control]: 	State:
[ign gazebo-1] [INFO] [1790606261.205300756] [amir2.gz_ros2_control]: 		 position
[ign gazebo-1] [INFO] [1790606261.205304139] [amir2.gz_ros2_control]: 		 velocity
[ign gazebo-1] [INFO] [1790606261.205306941] [amir2.gz_ros2_control]: 	Command:
[ign gazebo-1] [INFO] [1790606261.205309588] [amir2.gz_ros2_control]: 		 position
[ign gazebo-1] [INFO] [1790606261.205319323] [amir2.gz_ros2_control]: Loading joint: left_inner_front_joint
[ign gazebo-1] [INFO] [1790606261.205323144] [amir2.gz_ros2_control]: Joint 'left_inner_front_joint'is mimicking joint 'Gripper' with multiplier: 1
[ign gazebo-1] [INFO] [1790606261.205326443] [amir2.gz_ros2_control]: 	State:
[ign gazebo-1] [INFO] [1790606261.205329237] [amir2.gz_ros2_control]: 		 position
[ign gazebo-1] [INFO] [1790606261.205332152] [amir2.gz_ros2_control]: 		 velocity
[ign gazebo-1] [INFO] [1790606261.205334867] [amir2.gz_ros2_control]: 	Command:
[ign gazebo-1] [INFO] [1790606261.205337478] [amir2.gz_ros2_control]: 		 position
[ign gazebo-1] [INFO] [1790606261.205344269] [amir2.gz_ros2_control]: Loading sensor: finger_right_force_sensor
[ign gazebo-1] [INFO] [1790606261.205347865] [amir2.gz_ros2_control]: Topic name: /amir1/finger_right_wrench
[ign gazebo-1] [INFO] [1790606261.205350784] [amir2.gz_ros2_control]: 	State:
[ign gazebo-1] [WARN] [1790606261.205360988] [amir2.gz_ros2_control]: ForceTorque sensor 'finger_right_force_sensor' not found in hardware_info, skipping.
[ign gazebo-1] [INFO] [1790606261.205365946] [amir2.gz_ros2_control]: Loading sensor: finger_left_force_sensor
[ign gazebo-1] [INFO] [1790606261.205370453] [amir2.gz_ros2_control]: Topic name: /amir1/finger_left_wrench
[ign gazebo-1] [INFO] [1790606261.205374793] [amir2.gz_ros2_control]: 	State:
[ign gazebo-1] [WARN] [1790606261.205379340] [amir2.gz_ros2_control]: ForceTorque sensor 'finger_left_force_sensor' not found in hardware_info, skipping.
[ign gazebo-1] [INFO] [1790606261.205383818] [amir2.gz_ros2_control]: Loading sensor: finger_right_force_sensor
[ign gazebo-1] [INFO] [1790606261.205386542] [amir2.gz_ros2_control]: 	State:
[ign gazebo-1] [WARN] [1790606261.205389277] [amir2.gz_ros2_control]: ForceTorque sensor 'finger_right_force_sensor' not found in hardware_info, skipping.
[ign gazebo-1] [INFO] [1790606261.205392210] [amir2.gz_ros2_control]: Loading sensor: finger_left_force_sensor
[ign gazebo-1] [INFO] [1790606261.205395308] [amir2.gz_ros2_control]: 	State:
[ign gazebo-1] [WARN] [1790606261.205398033] [amir2.gz_ros2_control]: ForceTorque sensor 'finger_left_force_sensor' not found in hardware_info, skipping.
[ign gazebo-1] [INFO] [1790606261.205401260] [resource_manager]: Initialize hardware 'AmirGazeboSystem' 
[ign gazebo-1] [INFO] [1790606261.205412502] [resource_manager]: Successful initialization of hardware 'AmirGazeboSystem'
[ign gazebo-1] [INFO] [1790606261.205427124] [resource_manager]: 'configure' hardware 'AmirGazeboSystem' 
[ign gazebo-1] [INFO] [1790606261.205429261] [amir2.gz_ros2_control]: System Successfully configured!
[ign gazebo-1] [INFO] [1790606261.205433412] [resource_manager]: Successful 'configure' of hardware 'AmirGazeboSystem'
[ign gazebo-1] [INFO] [1790606261.205439129] [resource_manager]: 'activate' hardware 'AmirGazeboSystem' 
[ign gazebo-1] [INFO] [1790606261.205441906] [resource_manager]: Successful 'activate' of hardware 'AmirGazeboSystem'
[ign gazebo-1] [INFO] [1790606261.205444248] [amir2.gz_ros2_control]: Loading controller_manager
[INFO] [create-28]: process has finished cleanly [pid 50934]
[INFO] [simulation_startup_gate-29]: process started with pid [50982]
[simulation_startup_gate-29] [INFO] [1790606261.894495174] [amir2.manager_ready]: Waiting for manager: ['amir2']
[simulation_startup_gate-29] [INFO] [1790606263.681178168] [amir2.manager_ready]: Ready: amir2_manager_ready
[INFO] [simulation_startup_gate-29]: process has finished cleanly [pid 50982]
[INFO] [spawner-30]: process started with pid [51031]
[ign gazebo-1] [INFO] [1790606265.077678084] [amir2.controller_manager]: Loading controller 'joint_state_broadcaster'
[spawner-30] [INFO] [1790606265.100248394] [amir2.spawner_joint_state_broadcaster]: [94mLoaded [1mjoint_state_broadcaster[0m
[ign gazebo-1] [INFO] [1790606265.101121515] [amir2.controller_manager]: Configuring controller 'joint_state_broadcaster'
[ign gazebo-1] [INFO] [1790606265.101165147] [amir2.joint_state_broadcaster]: 'joints' or 'interfaces' parameter is empty. All available state interfaces will be published
[spawner-30] [INFO] [1790606265.112276534] [amir2.spawner_joint_state_broadcaster]: [92mConfigured and activated [1mjoint_state_broadcaster[0m
[INFO] [spawner-30]: process has finished cleanly [pid 51031]
[INFO] [spawner-31]: process started with pid [51075]
[spawner-31] [INFO] [1790606266.553303391] [amir2.spawner_arm_controller]: [96mSetting controller param "type" to "joint_trajectory_controller/JointTrajectoryController" for [1marm_controller[0m
[spawner-31] [INFO] [1790606266.558400823] [amir2.spawner_arm_controller]: [96mSetting controller param "params_file" to "['/home/dars5070/ros2_humble_ws/install/amir_gazebo/share/amir_gazebo/config/arm_controllers.yaml']" for [1marm_controller[0m
[ign gazebo-1] [INFO] [1790606266.562395583] [amir2.controller_manager]: Loading controller 'arm_controller'
[ign gazebo-1] [WARN] [1790606266.584887703] [amir2.arm_controller]: [Deprecated]: "allow_nonzero_velocity_at_trajectory_end" is set to true. The default behavior will change to false.
[spawner-31] [INFO] [1790606266.589215579] [amir2.spawner_arm_controller]: [94mLoaded [1marm_controller[0m
[ign gazebo-1] [INFO] [1790606266.590518648] [amir2.controller_manager]: Configuring controller 'arm_controller'
[ign gazebo-1] [INFO] [1790606266.590627307] [amir2.arm_controller]: No specific joint names are used for command interfaces. Using 'joints' parameter.
[ign gazebo-1] [INFO] [1790606266.590637516] [amir2.arm_controller]: Command interfaces are [position] and state interfaces are [position velocity].
[ign gazebo-1] [INFO] [1790606266.590645214] [amir2.arm_controller]: Using 'splines' interpolation method.
[ign gazebo-1] [INFO] [1790606266.591089268] [amir2.arm_controller]: Controller state will be published at 100.00 Hz.
[ign gazebo-1] [INFO] [1790606266.592071248] [amir2.arm_controller]: Goals with partial set of joints are allowed
[ign gazebo-1] [INFO] [1790606266.592084671] [amir2.arm_controller]: Action status changes will be monitored at 20.00 Hz.
[spawner-31] [INFO] [1790606266.608465956] [amir2.spawner_arm_controller]: [92mConfigured and activated [1marm_controller[0m
[INFO] [spawner-31]: process has finished cleanly [pid 51075]
[INFO] [spawner-32]: process started with pid [51116]
[spawner-32] [INFO] [1790606267.014605156] [amir2.spawner_mecanum_drive_controller]: waiting for service /amir2/controller_manager/list_controllers to become available...
[ign gazebo-1] [INFO] [1790606268.043580488] [amir2.controller_manager]: Loading controller 'mecanum_drive_controller'
[spawner-32] [INFO] [1790606268.078862382] [amir2.spawner_mecanum_drive_controller]: [94mLoaded [1mmecanum_drive_controller[0m
[ign gazebo-1] [INFO] [1790606268.081298083] [amir2.controller_manager]: Configuring controller 'mecanum_drive_controller'
[ign gazebo-1] [INFO] [1790606268.084086443] [amir2.mecanum_drive_controller]: MecanumDriveController configured successfully
[spawner-32] [INFO] [1790606268.095230621] [amir2.spawner_mecanum_drive_controller]: [92mConfigured and activated [1mmecanum_drive_controller[0m
[INFO] [spawner-32]: process has finished cleanly [pid 51116]
[INFO] [spawner-33]: process started with pid [51158]
[ign gazebo-1] [WARN] [1790606269.600301747] [amir2.controller_manager.rclcpp]: failed to send response to /amir2/controller_manager/list_controllers (timeout): client will not receive response, at ./src/rmw_response.cpp:154, at ./src/rcl/service.c:314
[spawner-33] [WARN] [1790606328.498598082] [amir2.spawner_gripper_controller]: Failed getting a result from calling /amir2/controller_manager/list_controllers in 60.0. (Attempt 1 of 3.)
[spawner-33] [INFO] [1790606328.503371516] [amir2.spawner_gripper_controller]: [96mSetting controller param "type" to "position_controllers/GripperActionController" for [1mgripper_controller[0m
[spawner-33] [INFO] [1790606328.509859953] [amir2.spawner_gripper_controller]: [96mSetting controller param "params_file" to "['/home/dars5070/ros2_humble_ws/install/amir_gazebo/share/amir_gazebo/config/arm_controllers.yaml']" for [1mgripper_controller[0m
[ign gazebo-1] [INFO] [1790606328.515220146] [amir2.controller_manager]: Loading controller 'gripper_controller'
[spawner-33] [INFO] [1790606328.533189908] [amir2.spawner_gripper_controller]: [94mLoaded [1mgripper_controller[0m
[ign gazebo-1] [INFO] [1790606328.534227584] [amir2.controller_manager]: Configuring controller 'gripper_controller'
[ign gazebo-1] [INFO] [1790606328.534275982] [amir2.gripper_controller]: Action status changes will be monitored at 20.000000 Hz.
[spawner-33] [INFO] [1790606328.544652754] [amir2.spawner_gripper_controller]: [92mConfigured and activated [1mgripper_controller[0m
[INFO] [spawner-33]: process has finished cleanly [pid 51158]
[simulation_startup_gate-27] [INFO] [1790606329.854791588] [startup_robots_ready]: Ready: robots_ready
[INFO] [simulation_startup_gate-27]: process has finished cleanly [pid 50778]
[INFO] [friction_grasp_manager-34]: process started with pid [51447]
[INFO] [arm_home_positioner-35]: process started with pid [51449]
[INFO] [simulation_startup_gate-36]: process started with pid [51451]
[arm_home_positioner-35] [INFO] [1790606330.481516308] [arm_home_positioner]: Waiting to move all ('amir1', 'amir2') to Q_HOME=[0.0, 1.4, -1.6, 0.2, 1.570796] rad
[simulation_startup_gate-36] [INFO] [1790606330.783359042] [startup_grippers_and_home_ready]: Waiting for open_home: ['amir1', 'amir2']
[friction_grasp_manager-34] [INFO] [1790606330.825152750] [friction_grasp_manager]: Friction grasp manager ready; no detachable joint will be used.
[ign gazebo-1] [INFO] [1790606331.038673914] [amir1.arm_controller]: Received new action goal
[ign gazebo-1] [INFO] [1790606331.038685755] [amir2.arm_controller]: Received new action goal
[ign gazebo-1] [INFO] [1790606331.038782713] [amir1.arm_controller]: Accepted new action goal
[ign gazebo-1] [INFO] [1790606331.038785585] [amir2.arm_controller]: Accepted new action goal
[arm_home_positioner-35] [INFO] [1790606331.038940923] [arm_home_positioner]: Sent Q_HOME=[0.0, 1.4, -1.6, 0.2, 1.570796] rad goals to all arm controllers
[arm_home_positioner-35] [INFO] [1790606331.077664087] [arm_home_positioner]: All AMIR arm controllers accepted Q_HOME
[friction_grasp_manager-34] [INFO] [1790606331.373373727] [friction_grasp_manager]: Friction grasp state: OPENING_GRIPPERS
[ign gazebo-1] [INFO] [1790606331.461651695] [amir1.gripper_controller]: Received & accepted new action goal
[ign gazebo-1] [INFO] [1790606331.461653944] [amir2.gripper_controller]: Received & accepted new action goal
[friction_grasp_manager-34] [INFO] [1790606333.484156186] [friction_grasp_manager]: Friction grasp state: READY_TO_GRASP
[simulation_startup_gate-36] [INFO] [1790606334.145686528] [startup_grippers_and_home_ready]: Ready: grippers_and_home_ready
[INFO] [simulation_startup_gate-36]: process has finished cleanly [pid 51451]
[INFO] [create-37]: process started with pid [51575]
[create-37] [INFO] [1790606334.533191389] [spawn_friction_payload]: Requested creation of entity.
[create-37] [INFO] [1790606334.533301308] [spawn_friction_payload]: OK creation of entity.
[INFO] [create-37]: process has finished cleanly [pid 51575]
[INFO] [grasp_support_remover-38]: process started with pid [51617]
[INFO] [coordinator-39]: process started with pid [51619]
[INFO] [safety_monitor-40]: process started with pid [51621]
[INFO] [slip_monitor-41]: process started with pid [51623]
[INFO] [dual_base_approach-42]: process started with pid [51625]
[grasp_support_remover-38] [INFO] [1790606335.002399853] [grasp_support_remover]: Temporary grasp support will be removed after both configured grasp conditions have been satisfied.
[coordinator-39] [INFO] [1790606335.104321739] [cooperative_coordinator]: Coordinator ready: /amir1/rover_twist and /amir2/rover_twist
[safety_monitor-40] [INFO] [1790606335.143566009] [safety_monitor]: Safety monitor ready; emergency stop affects both robots.
[dual_base_approach-42] [INFO] [1790606335.453439590] [dual_base_approach]: Waiting for the payload, opening both grippers to their safe maximum, then moving both AMIR bases 0.110 m toward it
[slip_monitor-41] [INFO] [1790606335.475903671] [slip_monitor]: Payload slip monitor ready.
[ign gazebo-1] [INFO] [1790606336.432019863] [amir1.gripper_controller]: Received & accepted new action goal
[ign gazebo-1] [INFO] [1790606336.432299824] [amir2.gripper_controller]: Received & accepted new action goal
[dual_base_approach-42] [INFO] [1790606336.433027505] [dual_base_approach]: Opening both grippers to the safe maximum (-1.000000 rad) before base approach
[dual_base_approach-42] [INFO] [1790606336.462691488] [dual_base_approach]: Both grippers are at their safe-open position. Payload detached at base positions: amir1=-1.174999, amir2=1.174999; approaching targets: amir1=-1.064999, amir2=1.064999
[ign gazebo-1] [INFO] [1790606339.694031446] [amir2.arm_controller]: Goal reached, success!
[ign gazebo-1] [INFO] [1790606339.694105629] [amir1.arm_controller]: Goal reached, success!
[arm_home_positioner-35] [INFO] [1790606339.778560469] [arm_home_positioner]: All AMIR arms reached Q_HOME
[dual_base_approach-42] [INFO] [1790606359.019800321] [dual_base_approach]: Both AMIR bases completed the 0.110 m payload approach
[friction_grasp_manager-34] [INFO] [1790606359.059693352] [friction_grasp_manager]: Friction grasp state: CLOSING_GRIPPERS
[dual_base_approach-42] [INFO] [1790606359.061614636] [dual_base_approach]: Both bases reached the payload; gripper-close sequence requested. Holding both bases stopped during grasp.
[ign gazebo-1] [INFO] [1790606359.091549198] [amir1.gripper_controller]: Received & accepted new action goal
[ign gazebo-1] [INFO] [1790606359.091827915] [amir2.gripper_controller]: Received & accepted new action goal
[ign gazebo-1] [INFO] [1790606359.196921184] [amir1.gripper_controller]: Received & accepted new action goal
[ign gazebo-1] [INFO] [1790606359.197355531] [amir2.gripper_controller]: Received & accepted new action goal
[ign gazebo-1] [INFO] [1790606359.415910800] [amir1.gripper_controller]: Received & accepted new action goal
[ign gazebo-1] [INFO] [1790606359.416031341] [amir2.gripper_controller]: Received & accepted new action goal
[ign gazebo-1] [INFO] [1790606359.519394118] [amir1.gripper_controller]: Received & accepted new action goal
[ign gazebo-1] [INFO] [1790606359.519593720] [amir2.gripper_controller]: Received & accepted new action goal
[ign gazebo-1] [INFO] [1790606359.726028937] [amir1.gripper_controller]: Received & accepted new action goal
[ign gazebo-1] [INFO] [1790606359.726286575] [amir2.gripper_controller]: Received & accepted new action goal
[ign gazebo-1] [INFO] [1790606359.936957101] [amir1.gripper_controller]: Received & accepted new action goal
[ign gazebo-1] [INFO] [1790606359.937037296] [amir2.gripper_controller]: Received & accepted new action goal
[ign gazebo-1] [INFO] [1790606360.039621639] [amir1.gripper_controller]: Received & accepted new action goal
[ign gazebo-1] [INFO] [1790606360.040049074] [amir2.gripper_controller]: Received & accepted new action goal
[ign gazebo-1] [INFO] [1790606360.245716115] [amir1.gripper_controller]: Received & accepted new action goal
[ign gazebo-1] [INFO] [1790606360.245815507] [amir2.gripper_controller]: Received & accepted new action goal
[ign gazebo-1] [INFO] [1790606360.458630901] [amir1.gripper_controller]: Received & accepted new action goal
[ign gazebo-1] [INFO] [1790606360.458885398] [amir2.gripper_controller]: Received & accepted new action goal
[ign gazebo-1] [INFO] [1790606360.560236464] [amir1.gripper_controller]: Received & accepted new action goal
[ign gazebo-1] [INFO] [1790606360.560297744] [amir2.gripper_controller]: Received & accepted new action goal
[ign gazebo-1] [INFO] [1790606360.768059581] [amir1.gripper_controller]: Received & accepted new action goal
[ign gazebo-1] [INFO] [1790606360.768077959] [amir2.gripper_controller]: Received & accepted new action goal
[ign gazebo-1] [INFO] [1790606360.977795553] [amir1.gripper_controller]: Received & accepted new action goal
[ign gazebo-1] [INFO] [1790606360.977852232] [amir2.gripper_controller]: Received & accepted new action goal
[ign gazebo-1] [INFO] [1790606361.083917890] [amir1.gripper_controller]: Received & accepted new action goal
[ign gazebo-1] [INFO] [1790606361.084001925] [amir2.gripper_controller]: Received & accepted new action goal
[ign gazebo-1] [INFO] [1790606361.297372963] [amir1.gripper_controller]: Received & accepted new action goal
[ign gazebo-1] [INFO] [1790606361.297587122] [amir2.gripper_controller]: Received & accepted new action goal
[ign gazebo-1] [INFO] [1790606361.507949300] [amir1.gripper_controller]: Received & accepted new action goal
[ign gazebo-1] [INFO] [1790606361.508160953] [amir2.gripper_controller]: Received & accepted new action goal
[ign gazebo-1] [INFO] [1790606361.610923478] [amir1.gripper_controller]: Received & accepted new action goal
[ign gazebo-1] [INFO] [1790606361.611049060] [amir2.gripper_controller]: Received & accepted new action goal
[ign gazebo-1] [INFO] [1790606361.826049461] [amir1.gripper_controller]: Received & accepted new action goal
[ign gazebo-1] [INFO] [1790606361.826196513] [amir2.gripper_controller]: Received & accepted new action goal
[ign gazebo-1] [INFO] [1790606362.039827028] [amir1.gripper_controller]: Received & accepted new action goal
[ign gazebo-1] [INFO] [1790606362.039834292] [amir2.gripper_controller]: Received & accepted new action goal
[ign gazebo-1] [INFO] [1790606362.141094357] [amir1.gripper_controller]: Received & accepted new action goal
[ign gazebo-1] [INFO] [1790606362.141144541] [amir2.gripper_controller]: Received & accepted new action goal
[ign gazebo-1] [INFO] [1790606362.348985923] [amir1.gripper_controller]: Received & accepted new action goal
[ign gazebo-1] [INFO] [1790606362.349106402] [amir2.gripper_controller]: Received & accepted new action goal
[ign gazebo-1] [INFO] [1790606362.561334038] [amir1.gripper_controller]: Received & accepted new action goal
[ign gazebo-1] [INFO] [1790606362.561412433] [amir2.gripper_controller]: Received & accepted new action goal
[ign gazebo-1] [INFO] [1790606362.665535355] [amir1.gripper_controller]: Received & accepted new action goal
[ign gazebo-1] [INFO] [1790606362.665752912] [amir2.gripper_controller]: Received & accepted new action goal
[ign gazebo-1] [INFO] [1790606362.882733118] [amir1.gripper_controller]: Received & accepted new action goal
[ign gazebo-1] [INFO] [1790606362.882814394] [amir2.gripper_controller]: Received & accepted new action goal
[ign gazebo-1] [INFO] [1790606363.088930813] [amir1.gripper_controller]: Received & accepted new action goal
[ign gazebo-1] [INFO] [1790606363.089089219] [amir2.gripper_controller]: Received & accepted new action goal
[ign gazebo-1] [INFO] [1790606363.194225917] [amir1.gripper_controller]: Received & accepted new action goal
[ign gazebo-1] [INFO] [1790606363.194409474] [amir2.gripper_controller]: Received & accepted new action goal
[ign gazebo-1] [INFO] [1790606363.402107253] [amir1.gripper_controller]: Received & accepted new action goal
[ign gazebo-1] [INFO] [1790606363.402149562] [amir2.gripper_controller]: Received & accepted new action goal
[ign gazebo-1] [INFO] [1790606363.609317450] [amir2.gripper_controller]: Received & accepted new action goal
[ign gazebo-1] [INFO] [1790606363.609348807] [amir1.gripper_controller]: Received & accepted new action goal
[ign gazebo-1] [INFO] [1790606363.713150953] [amir1.gripper_controller]: Received & accepted new action goal
[ign gazebo-1] [INFO] [1790606363.713258666] [amir2.gripper_controller]: Received & accepted new action goal
[ign gazebo-1] [INFO] [1790606363.925246372] [amir1.gripper_controller]: Received & accepted new action goal
[ign gazebo-1] [INFO] [1790606363.925419286] [amir2.gripper_controller]: Received & accepted new action goal
[ign gazebo-1] [INFO] [1790606364.140759874] [amir1.gripper_controller]: Received & accepted new action goal
[ign gazebo-1] [INFO] [1790606364.140829592] [amir2.gripper_controller]: Received & accepted new action goal
[ign gazebo-1] [INFO] [1790606364.241552450] [amir1.gripper_controller]: Received & accepted new action goal
[ign gazebo-1] [INFO] [1790606364.241668542] [amir2.gripper_controller]: Received & accepted new action goal
[ign gazebo-1] [INFO] [1790606364.449372709] [amir1.gripper_controller]: Received & accepted new action goal
[ign gazebo-1] [INFO] [1790606364.449480290] [amir2.gripper_controller]: Received & accepted new action goal
[ign gazebo-1] [INFO] [1790606364.660212899] [amir1.gripper_controller]: Received & accepted new action goal
[ign gazebo-1] [INFO] [1790606364.660390446] [amir2.gripper_controller]: Received & accepted new action goal
[ign gazebo-1] [INFO] [1790606364.765381863] [amir1.gripper_controller]: Received & accepted new action goal
[ign gazebo-1] [INFO] [1790606364.765828773] [amir2.gripper_controller]: Received & accepted new action goal
[ign gazebo-1] [INFO] [1790606364.974451885] [amir1.gripper_controller]: Received & accepted new action goal
[ign gazebo-1] [INFO] [1790606364.974592972] [amir2.gripper_controller]: Received & accepted new action goal
[ign gazebo-1] [INFO] [1790606365.194213176] [amir1.gripper_controller]: Received & accepted new action goal
[ign gazebo-1] [INFO] [1790606365.194339562] [amir2.gripper_controller]: Received & accepted new action goal
[ign gazebo-1] [INFO] [1790606365.301133557] [amir1.gripper_controller]: Received & accepted new action goal
[ign gazebo-1] [INFO] [1790606365.301296485] [amir2.gripper_controller]: Received & accepted new action goal
[ign gazebo-1] [INFO] [1790606365.518868496] [amir1.gripper_controller]: Received & accepted new action goal
[ign gazebo-1] [INFO] [1790606365.518961126] [amir2.gripper_controller]: Received & accepted new action goal
[ign gazebo-1] [INFO] [1790606365.731705957] [amir1.gripper_controller]: Received & accepted new action goal
[ign gazebo-1] [INFO] [1790606365.731873999] [amir2.gripper_controller]: Received & accepted new action goal
[ign gazebo-1] [INFO] [1790606365.834010302] [amir1.gripper_controller]: Received & accepted new action goal
[ign gazebo-1] [INFO] [1790606365.834210740] [amir2.gripper_controller]: Received & accepted new action goal
[ign gazebo-1] [INFO] [1790606366.047250290] [amir1.gripper_controller]: Received & accepted new action goal
[ign gazebo-1] [INFO] [1790606366.047890798] [amir2.gripper_controller]: Received & accepted new action goal
[ign gazebo-1] [INFO] [1790606366.260304046] [amir1.gripper_controller]: Received & accepted new action goal
[ign gazebo-1] [INFO] [1790606366.260462964] [amir2.gripper_controller]: Received & accepted new action goal
[ign gazebo-1] [INFO] [1790606366.366808852] [amir1.gripper_controller]: Received & accepted new action goal
[ign gazebo-1] [INFO] [1790606366.366866695] [amir2.gripper_controller]: Received & accepted new action goal
[ign gazebo-1] [INFO] [1790606366.579603397] [amir1.gripper_controller]: Received & accepted new action goal
[ign gazebo-1] [INFO] [1790606366.579894653] [amir2.gripper_controller]: Received & accepted new action goal
[ign gazebo-1] [INFO] [1790606366.780968142] [amir1.gripper_controller]: Received & accepted new action goal
[ign gazebo-1] [INFO] [1790606366.781107933] [amir2.gripper_controller]: Received & accepted new action goal
[ign gazebo-1] [INFO] [1790606366.887320878] [amir1.gripper_controller]: Received & accepted new action goal
[ign gazebo-1] [INFO] [1790606366.887927245] [amir2.gripper_controller]: Received & accepted new action goal
[ign gazebo-1] [INFO] [1790606367.090659924] [amir1.gripper_controller]: Received & accepted new action goal
[ign gazebo-1] [INFO] [1790606367.090800465] [amir2.gripper_controller]: Received & accepted new action goal
[ign gazebo-1] [INFO] [1790606367.303413907] [amir1.gripper_controller]: Received & accepted new action goal
[ign gazebo-1] [INFO] [1790606367.303548214] [amir2.gripper_controller]: Received & accepted new action goal
[ign gazebo-1] [INFO] [1790606367.412306919] [amir1.gripper_controller]: Received & accepted new action goal
[ign gazebo-1] [INFO] [1790606367.412810434] [amir2.gripper_controller]: Received & accepted new action goal
[ign gazebo-1] [INFO] [1790606367.626593438] [amir1.gripper_controller]: Received & accepted new action goal
[ign gazebo-1] [INFO] [1790606367.626783669] [amir2.gripper_controller]: Received & accepted new action goal
[ign gazebo-1] [INFO] [1790606367.835150837] [amir1.gripper_controller]: Received & accepted new action goal
[ign gazebo-1] [INFO] [1790606367.835329812] [amir2.gripper_controller]: Received & accepted new action goal
[ign gazebo-1] [INFO] [1790606367.947085418] [amir1.gripper_controller]: Received & accepted new action goal
[ign gazebo-1] [INFO] [1790606367.947242448] [amir2.gripper_controller]: Received & accepted new action goal
[ign gazebo-1] [INFO] [1790606368.183630966] [amir1.gripper_controller]: Received & accepted new action goal
[ign gazebo-1] [INFO] [1790606368.183705360] [amir2.gripper_controller]: Received & accepted new action goal
[ign gazebo-1] [INFO] [1790606368.393619097] [amir1.gripper_controller]: Received & accepted new action goal
[ign gazebo-1] [INFO] [1790606368.393698459] [amir2.gripper_controller]: Received & accepted new action goal
[ign gazebo-1] [INFO] [1790606368.499521051] [amir1.gripper_controller]: Received & accepted new action goal
[ign gazebo-1] [INFO] [1790606368.499723640] [amir2.gripper_controller]: Received & accepted new action goal
[ign gazebo-1] [INFO] [1790606368.778899938] [amir1.gripper_controller]: Received & accepted new action goal
[ign gazebo-1] [INFO] [1790606368.778902541] [amir2.gripper_controller]: Received & accepted new action goal
[ign gazebo-1] [INFO] [1790606369.004816820] [amir1.gripper_controller]: Received & accepted new action goal
[ign gazebo-1] [INFO] [1790606369.004900667] [amir2.gripper_controller]: Received & accepted new action goal
[ign gazebo-1] [INFO] [1790606369.239312903] [amir1.gripper_controller]: Received & accepted new action goal
[ign gazebo-1] [INFO] [1790606369.239372952] [amir2.gripper_controller]: Received & accepted new action goal
[ign gazebo-1] [INFO] [1790606369.353633251] [amir1.gripper_controller]: Received & accepted new action goal
[ign gazebo-1] [INFO] [1790606369.354043256] [amir2.gripper_controller]: Received & accepted new action goal
[ign gazebo-1] [INFO] [1790606369.603457746] [amir1.gripper_controller]: Received & accepted new action goal
[ign gazebo-1] [INFO] [1790606369.603664029] [amir2.gripper_controller]: Received & accepted new action goal
[ign gazebo-1] [INFO] [1790606369.848316537] [amir1.gripper_controller]: Received & accepted new action goal
[ign gazebo-1] [INFO] [1790606369.848513121] [amir2.gripper_controller]: Received & accepted new action goal
[ign gazebo-1] [INFO] [1790606369.955795411] [amir1.gripper_controller]: Received & accepted new action goal
[ign gazebo-1] [INFO] [1790606369.956443227] [amir2.gripper_controller]: Received & accepted new action goal
[ign gazebo-1] [INFO] [1790606370.202033644] [amir1.gripper_controller]: Received & accepted new action goal
[ign gazebo-1] [INFO] [1790606370.202214144] [amir2.gripper_controller]: Received & accepted new action goal
[ign gazebo-1] [INFO] [1790606370.448519516] [amir1.gripper_controller]: Received & accepted new action goal
[ign gazebo-1] [INFO] [1790606370.448527574] [amir2.gripper_controller]: Received & accepted new action goal
[ign gazebo-1] [INFO] [1790606370.565716128] [amir1.gripper_controller]: Received & accepted new action goal
[ign gazebo-1] [INFO] [1790606370.566029847] [amir2.gripper_controller]: Received & accepted new action goal
[ign gazebo-1] [INFO] [1790606370.799202843] [amir1.gripper_controller]: Received & accepted new action goal
[ign gazebo-1] [INFO] [1790606370.799398356] [amir2.gripper_controller]: Received & accepted new action goal
[ign gazebo-1] [INFO] [1790606371.034834446] [amir1.gripper_controller]: Received & accepted new action goal
[ign gazebo-1] [INFO] [1790606371.034924780] [amir2.gripper_controller]: Received & accepted new action goal
[ign gazebo-1] [INFO] [1790606371.144401207] [amir1.gripper_controller]: Received & accepted new action goal
[ign gazebo-1] [INFO] [1790606371.144535062] [amir2.gripper_controller]: Received & accepted new action goal
[ign gazebo-1] [INFO] [1790606371.365524238] [amir1.gripper_controller]: Received & accepted new action goal
[ign gazebo-1] [INFO] [1790606371.365648980] [amir2.gripper_controller]: Received & accepted new action goal
[ign gazebo-1] [INFO] [1790606371.638199889] [amir1.gripper_controller]: Received & accepted new action goal
[ign gazebo-1] [INFO] [1790606371.638311002] [amir2.gripper_controller]: Received & accepted new action goal
[ign gazebo-1] [INFO] [1790606371.755015748] [amir1.gripper_controller]: Received & accepted new action goal
[ign gazebo-1] [INFO] [1790606371.755464231] [amir2.gripper_controller]: Received & accepted new action goal
[ign gazebo-1] [INFO] [1790606371.994988983] [amir1.gripper_controller]: Received & accepted new action goal
[ign gazebo-1] [INFO] [1790606371.995267830] [amir2.gripper_controller]: Received & accepted new action goal
[ign gazebo-1] [INFO] [1790606372.213606777] [amir1.gripper_controller]: Received & accepted new action goal
[ign gazebo-1] [INFO] [1790606372.213771680] [amir2.gripper_controller]: Received & accepted new action goal
[ign gazebo-1] [INFO] [1790606372.322364346] [amir1.gripper_controller]: Received & accepted new action goal
[ign gazebo-1] [INFO] [1790606372.322936009] [amir2.gripper_controller]: Received & accepted new action goal
[ign gazebo-1] [INFO] [1790606372.597721980] [amir1.gripper_controller]: Received & accepted new action goal
[ign gazebo-1] [INFO] [1790606372.597866078] [amir2.gripper_controller]: Received & accepted new action goal
[ign gazebo-1] [INFO] [1790606372.879383495] [amir1.gripper_controller]: Received & accepted new action goal
[ign gazebo-1] [INFO] [1790606372.879549263] [amir2.gripper_controller]: Received & accepted new action goal
[ign gazebo-1] [INFO] [1790606372.990091008] [amir1.gripper_controller]: Received & accepted new action goal
[ign gazebo-1] [INFO] [1790606372.990155410] [amir2.gripper_controller]: Received & accepted new action goal
[ign gazebo-1] [INFO] [1790606373.240121172] [amir1.gripper_controller]: Received & accepted new action goal
[ign gazebo-1] [INFO] [1790606373.240333495] [amir2.gripper_controller]: Received & accepted new action goal
[ign gazebo-1] [INFO] [1790606373.459656082] [amir1.gripper_controller]: Received & accepted new action goal
[ign gazebo-1] [INFO] [1790606373.459669757] [amir2.gripper_controller]: Received & accepted new action goal
[ign gazebo-1] [INFO] [1790606373.596241343] [amir1.gripper_controller]: Received & accepted new action goal
[ign gazebo-1] [INFO] [1790606373.596466611] [amir2.gripper_controller]: Received & accepted new action goal
[ign gazebo-1] [INFO] [1790606373.831661083] [amir1.gripper_controller]: Received & accepted new action goal
[ign gazebo-1] [INFO] [1790606373.831746623] [amir2.gripper_controller]: Received & accepted new action goal
[ign gazebo-1] [INFO] [1790606374.082842727] [amir1.gripper_controller]: Received & accepted new action goal
[ign gazebo-1] [INFO] [1790606374.082896020] [amir2.gripper_controller]: Received & accepted new action goal
[ign gazebo-1] [INFO] [1790606374.196408774] [amir1.gripper_controller]: Received & accepted new action goal
[ign gazebo-1] [INFO] [1790606374.196682368] [amir2.gripper_controller]: Received & accepted new action goal
[ign gazebo-1] [INFO] [1790606374.428955555] [amir1.gripper_controller]: Received & accepted new action goal
[ign gazebo-1] [INFO] [1790606374.429020853] [amir2.gripper_controller]: Received & accepted new action goal
[ign gazebo-1] [INFO] [1790606374.714164529] [amir1.gripper_controller]: Received & accepted new action goal
[ign gazebo-1] [INFO] [1790606374.714796231] [amir2.gripper_controller]: Received & accepted new action goal
[ign gazebo-1] [INFO] [1790606374.844593140] [amir1.gripper_controller]: Received & accepted new action goal
[ign gazebo-1] [INFO] [1790606374.844820993] [amir2.gripper_controller]: Received & accepted new action goal
[ign gazebo-1] [INFO] [1790606375.075350597] [amir1.gripper_controller]: Received & accepted new action goal
[ign gazebo-1] [INFO] [1790606375.075956749] [amir2.gripper_controller]: Received & accepted new action goal
[ign gazebo-1] [INFO] [1790606375.302415594] [amir1.gripper_controller]: Received & accepted new action goal
[ign gazebo-1] [INFO] [1790606375.302509852] [amir2.gripper_controller]: Received & accepted new action goal
[ign gazebo-1] [INFO] [1790606375.430417594] [amir1.gripper_controller]: Received & accepted new action goal
[ign gazebo-1] [INFO] [1790606375.430464381] [amir2.gripper_controller]: Received & accepted new action goal
[ign gazebo-1] [INFO] [1790606375.682658837] [amir1.gripper_controller]: Received & accepted new action goal
[ign gazebo-1] [INFO] [1790606375.682953392] [amir2.gripper_controller]: Received & accepted new action goal
[ign gazebo-1] [INFO] [1790606375.935814511] [amir1.gripper_controller]: Received & accepted new action goal
[ign gazebo-1] [INFO] [1790606375.936175917] [amir2.gripper_controller]: Received & accepted new action goal
[ign gazebo-1] [INFO] [1790606376.079559449] [amir1.gripper_controller]: Received & accepted new action goal
[ign gazebo-1] [INFO] [1790606376.080017187] [amir2.gripper_controller]: Received & accepted new action goal
[ign gazebo-1] [INFO] [1790606376.309383750] [amir1.gripper_controller]: Received & accepted new action goal
[ign gazebo-1] [INFO] [1790606376.309486753] [amir2.gripper_controller]: Received & accepted new action goal
[ign gazebo-1] [INFO] [1790606376.537294544] [amir1.gripper_controller]: Received & accepted new action goal
[ign gazebo-1] [INFO] [1790606376.537425160] [amir2.gripper_controller]: Received & accepted new action goal
[ign gazebo-1] [INFO] [1790606376.641844121] [amir1.gripper_controller]: Received & accepted new action goal
[ign gazebo-1] [INFO] [1790606376.641894052] [amir2.gripper_controller]: Received & accepted new action goal
[ign gazebo-1] [INFO] [1790606376.938549541] [amir1.gripper_controller]: Received & accepted new action goal
[ign gazebo-1] [INFO] [1790606376.938688702] [amir2.gripper_controller]: Received & accepted new action goal
[ign gazebo-1] [INFO] [1790606377.160380933] [amir1.gripper_controller]: Received & accepted new action goal
[ign gazebo-1] [INFO] [1790606377.160860373] [amir2.gripper_controller]: Received & accepted new action goal
[ign gazebo-1] [INFO] [1790606377.287749995] [amir1.gripper_controller]: Received & accepted new action goal
[ign gazebo-1] [INFO] [1790606377.288075185] [amir2.gripper_controller]: Received & accepted new action goal
[ign gazebo-1] [INFO] [1790606377.578678406] [amir1.gripper_controller]: Received & accepted new action goal
[ign gazebo-1] [INFO] [1790606377.578965189] [amir2.gripper_controller]: Received & accepted new action goal
[ign gazebo-1] [INFO] [1790606377.862489813] [amir1.gripper_controller]: Received & accepted new action goal
[ign gazebo-1] [INFO] [1790606377.862611057] [amir2.gripper_controller]: Received & accepted new action goal
[ign gazebo-1] [INFO] [1790606377.968177003] [amir1.gripper_controller]: Received & accepted new action goal
[ign gazebo-1] [INFO] [1790606377.968326893] [amir2.gripper_controller]: Received & accepted new action goal
[ign gazebo-1] [INFO] [1790606378.190907020] [amir1.gripper_controller]: Received & accepted new action goal
[ign gazebo-1] [INFO] [1790606378.191012028] [amir2.gripper_controller]: Received & accepted new action goal
[ign gazebo-1] [INFO] [1790606378.444634792] [amir1.gripper_controller]: Received & accepted new action goal
[ign gazebo-1] [INFO] [1790606378.444919442] [amir2.gripper_controller]: Received & accepted new action goal
[ign gazebo-1] [INFO] [1790606378.547426011] [amir1.gripper_controller]: Received & accepted new action goal
[ign gazebo-1] [INFO] [1790606378.547610412] [amir2.gripper_controller]: Received & accepted new action goal
[ign gazebo-1] [INFO] [1790606378.804403636] [amir1.gripper_controller]: Received & accepted new action goal
[ign gazebo-1] [INFO] [1790606378.804507597] [amir2.gripper_controller]: Received & accepted new action goal
[ign gazebo-1] [INFO] [1790606379.025803501] [amir1.gripper_controller]: Received & accepted new action goal
[ign gazebo-1] [INFO] [1790606379.025883537] [amir2.gripper_controller]: Received & accepted new action goal
[ign gazebo-1] [INFO] [1790606379.141430463] [amir1.gripper_controller]: Received & accepted new action goal
[ign gazebo-1] [INFO] [1790606379.141602068] [amir2.gripper_controller]: Received & accepted new action goal
[ign gazebo-1] [INFO] [1790606379.369681813] [amir1.gripper_controller]: Received & accepted new action goal
[ign gazebo-1] [INFO] [1790606379.369901315] [amir2.gripper_controller]: Received & accepted new action goal
[ign gazebo-1] [INFO] [1790606379.588824885] [amir1.gripper_controller]: Received & accepted new action goal
[ign gazebo-1] [INFO] [1790606379.589071503] [amir2.gripper_controller]: Received & accepted new action goal
[ign gazebo-1] [INFO] [1790606379.694404097] [amir1.gripper_controller]: Received & accepted new action goal
[ign gazebo-1] [INFO] [1790606379.694552107] [amir2.gripper_controller]: Received & accepted new action goal
[ign gazebo-1] [INFO] [1790606379.914642014] [amir1.gripper_controller]: Received & accepted new action goal
[ign gazebo-1] [INFO] [1790606379.914735907] [amir2.gripper_controller]: Received & accepted new action goal
[ign gazebo-1] [INFO] [1790606380.136414979] [amir1.gripper_controller]: Received & accepted new action goal
[ign gazebo-1] [INFO] [1790606380.136490287] [amir2.gripper_controller]: Received & accepted new action goal
[ign gazebo-1] [INFO] [1790606380.239911642] [amir2.gripper_controller]: Received & accepted new action goal
[ign gazebo-1] [INFO] [1790606380.239993063] [amir1.gripper_controller]: Received & accepted new action goal
[ign gazebo-1] [INFO] [1790606380.559674702] [amir1.gripper_controller]: Received & accepted new action goal
[ign gazebo-1] [INFO] [1790606380.559778880] [amir2.gripper_controller]: Received & accepted new action goal
[ign gazebo-1] [INFO] [1790606380.797965504] [amir1.gripper_controller]: Received & accepted new action goal
[ign gazebo-1] [INFO] [1790606380.798087731] [amir2.gripper_controller]: Received & accepted new action goal
[ign gazebo-1] [INFO] [1790606380.907394158] [amir1.gripper_controller]: Received & accepted new action goal
[ign gazebo-1] [INFO] [1790606380.907444163] [amir2.gripper_controller]: Received & accepted new action goal
[ign gazebo-1] [INFO] [1790606381.159331794] [amir1.gripper_controller]: Received & accepted new action goal
[ign gazebo-1] [INFO] [1790606381.159475014] [amir2.gripper_controller]: Received & accepted new action goal
[ign gazebo-1] [INFO] [1790606381.431115207] [amir1.gripper_controller]: Received & accepted new action goal
[ign gazebo-1] [INFO] [1790606381.431281403] [amir2.gripper_controller]: Received & accepted new action goal
[ign gazebo-1] [INFO] [1790606381.543534525] [amir1.gripper_controller]: Received & accepted new action goal
[ign gazebo-1] [INFO] [1790606381.544056005] [amir2.gripper_controller]: Received & accepted new action goal
[ign gazebo-1] [INFO] [1790606381.773491894] [amir2.gripper_controller]: Received & accepted new action goal
[ign gazebo-1] [INFO] [1790606381.773509913] [amir1.gripper_controller]: Received & accepted new action goal
[ign gazebo-1] [INFO] [1790606382.000472797] [amir1.gripper_controller]: Received & accepted new action goal
[ign gazebo-1] [INFO] [1790606382.000575037] [amir2.gripper_controller]: Received & accepted new action goal
[ign gazebo-1] [INFO] [1790606382.111143635] [amir1.gripper_controller]: Received & accepted new action goal
[ign gazebo-1] [INFO] [1790606382.111211832] [amir2.gripper_controller]: Received & accepted new action goal
[ign gazebo-1] [INFO] [1790606382.360932226] [amir1.gripper_controller]: Received & accepted new action goal
[ign gazebo-1] [INFO] [1790606382.361287949] [amir2.gripper_controller]: Received & accepted new action goal
[ign gazebo-1] [INFO] [1790606382.619616278] [amir1.gripper_controller]: Received & accepted new action goal
[ign gazebo-1] [INFO] [1790606382.619705984] [amir2.gripper_controller]: Received & accepted new action goal
[ign gazebo-1] [INFO] [1790606382.725839453] [amir1.gripper_controller]: Received & accepted new action goal
[ign gazebo-1] [INFO] [1790606382.725957388] [amir2.gripper_controller]: Received & accepted new action goal
[ign gazebo-1] [INFO] [1790606382.984394317] [amir1.gripper_controller]: Received & accepted new action goal
[ign gazebo-1] [INFO] [1790606382.984646704] [amir2.gripper_controller]: Received & accepted new action goal
[ign gazebo-1] [INFO] [1790606383.236752651] [amir1.gripper_controller]: Received & accepted new action goal
[ign gazebo-1] [INFO] [1790606383.236836054] [amir2.gripper_controller]: Received & accepted new action goal
[ign gazebo-1] [INFO] [1790606383.344394057] [amir1.gripper_controller]: Received & accepted new action goal
[ign gazebo-1] [INFO] [1790606383.344554871] [amir2.gripper_controller]: Received & accepted new action goal
[ign gazebo-1] [INFO] [1790606383.567503491] [amir1.gripper_controller]: Received & accepted new action goal
[ign gazebo-1] [INFO] [1790606383.567557179] [amir2.gripper_controller]: Received & accepted new action goal
[ign gazebo-1] [INFO] [1790606383.818186539] [amir1.gripper_controller]: Received & accepted new action goal
[ign gazebo-1] [INFO] [1790606383.818340589] [amir2.gripper_controller]: Received & accepted new action goal
[ign gazebo-1] [INFO] [1790606383.942995356] [amir1.gripper_controller]: Received & accepted new action goal
[ign gazebo-1] [INFO] [1790606383.943199030] [amir2.gripper_controller]: Received & accepted new action goal
[ign gazebo-1] [INFO] [1790606384.164709904] [amir1.gripper_controller]: Received & accepted new action goal
[ign gazebo-1] [INFO] [1790606384.164808296] [amir2.gripper_controller]: Received & accepted new action goal
[ign gazebo-1] [INFO] [1790606384.414002420] [amir2.gripper_controller]: Received & accepted new action goal
[ign gazebo-1] [INFO] [1790606384.414013795] [amir1.gripper_controller]: Received & accepted new action goal
[ign gazebo-1] [INFO] [1790606384.519569942] [amir1.gripper_controller]: Received & accepted new action goal
[ign gazebo-1] [INFO] [1790606384.519574943] [amir2.gripper_controller]: Received & accepted new action goal
[ign gazebo-1] [INFO] [1790606384.736506531] [amir1.gripper_controller]: Received & accepted new action goal
[ign gazebo-1] [INFO] [1790606384.736604784] [amir2.gripper_controller]: Received & accepted new action goal
[ign gazebo-1] [INFO] [1790606384.961916638] [amir1.gripper_controller]: Received & accepted new action goal
[ign gazebo-1] [INFO] [1790606384.961994418] [amir2.gripper_controller]: Received & accepted new action goal
[ign gazebo-1] [INFO] [1790606385.073890918] [amir1.gripper_controller]: Received & accepted new action goal
[ign gazebo-1] [INFO] [1790606385.073963022] [amir2.gripper_controller]: Received & accepted new action goal
[ign gazebo-1] [INFO] [1790606385.298849461] [amir1.gripper_controller]: Received & accepted new action goal
[ign gazebo-1] [INFO] [1790606385.298915212] [amir2.gripper_controller]: Received & accepted new action goal
[ign gazebo-1] [INFO] [1790606385.527385517] [amir2.gripper_controller]: Received & accepted new action goal
[ign gazebo-1] [INFO] [1790606385.527411227] [amir1.gripper_controller]: Received & accepted new action goal
[ign gazebo-1] [INFO] [1790606385.752007700] [amir1.gripper_controller]: Received & accepted new action goal
[ign gazebo-1] [INFO] [1790606385.752121447] [amir2.gripper_controller]: Received & accepted new action goal
[ign gazebo-1] [INFO] [1790606385.987574125] [amir1.gripper_controller]: Received & accepted new action goal
[ign gazebo-1] [INFO] [1790606385.987634558] [amir2.gripper_controller]: Received & accepted new action goal
[ign gazebo-1] [INFO] [1790606386.090681303] [amir1.gripper_controller]: Received & accepted new action goal
[ign gazebo-1] [INFO] [1790606386.090827565] [amir2.gripper_controller]: Received & accepted new action goal
[ign gazebo-1] [INFO] [1790606386.340807255] [amir1.gripper_controller]: Received & accepted new action goal
[ign gazebo-1] [INFO] [1790606386.340903436] [amir2.gripper_controller]: Received & accepted new action goal
[ign gazebo-1] [INFO] [1790606386.616172396] [amir1.gripper_controller]: Received & accepted new action goal
[ign gazebo-1] [INFO] [1790606386.616630412] [amir2.gripper_controller]: Received & accepted new action goal
[ign gazebo-1] [INFO] [1790606386.735514514] [amir1.gripper_controller]: Received & accepted new action goal
[ign gazebo-1] [INFO] [1790606386.736028993] [amir2.gripper_controller]: Received & accepted new action goal
[ign gazebo-1] [INFO] [1790606386.982308167] [amir1.gripper_controller]: Received & accepted new action goal
[ign gazebo-1] [INFO] [1790606386.982358809] [amir2.gripper_controller]: Received & accepted new action goal
[ign gazebo-1] [INFO] [1790606387.225704778] [amir1.gripper_controller]: Received & accepted new action goal
[ign gazebo-1] [INFO] [1790606387.225830494] [amir2.gripper_controller]: Received & accepted new action goal
[ign gazebo-1] [INFO] [1790606387.355774631] [amir1.gripper_controller]: Received & accepted new action goal
[ign gazebo-1] [INFO] [1790606387.355897615] [amir2.gripper_controller]: Received & accepted new action goal
[ign gazebo-1] [INFO] [1790606387.564914213] [amir1.gripper_controller]: Received & accepted new action goal
[ign gazebo-1] [INFO] [1790606387.565008581] [amir2.gripper_controller]: Received & accepted new action goal
[ign gazebo-1] [INFO] [1790606387.803821268] [amir1.gripper_controller]: Received & accepted new action goal
[ign gazebo-1] [INFO] [1790606387.803829784] [amir2.gripper_controller]: Received & accepted new action goal
[ign gazebo-1] [INFO] [1790606387.917331182] [amir1.gripper_controller]: Received & accepted new action goal
[ign gazebo-1] [INFO] [1790606387.917421676] [amir2.gripper_controller]: Received & accepted new action goal
[ign gazebo-1] [INFO] [1790606388.150951652] [amir1.gripper_controller]: Received & accepted new action goal
[ign gazebo-1] [INFO] [1790606388.151027849] [amir2.gripper_controller]: Received & accepted new action goal
[ign gazebo-1] [INFO] [1790606388.378521850] [amir1.gripper_controller]: Received & accepted new action goal
[ign gazebo-1] [INFO] [1790606388.378625840] [amir2.gripper_controller]: Received & accepted new action goal
[ign gazebo-1] [INFO] [1790606388.494987308] [amir1.gripper_controller]: Received & accepted new action goal
[ign gazebo-1] [INFO] [1790606388.495099753] [amir2.gripper_controller]: Received & accepted new action goal
[ign gazebo-1] [INFO] [1790606388.784706120] [amir1.gripper_controller]: Received & accepted new action goal
[ign gazebo-1] [INFO] [1790606388.784863375] [amir2.gripper_controller]: Received & accepted new action goal
[ign gazebo-1] [INFO] [1790606389.089752533] [amir1.gripper_controller]: Received & accepted new action goal
[ign gazebo-1] [INFO] [1790606389.089788817] [amir2.gripper_controller]: Received & accepted new action goal
[ign gazebo-1] [INFO] [1790606389.199523820] [amir1.gripper_controller]: Received & accepted new action goal
[ign gazebo-1] [INFO] [1790606389.199656206] [amir2.gripper_controller]: Received & accepted new action goal
[ign gazebo-1] [INFO] [1790606389.437125979] [amir1.gripper_controller]: Received & accepted new action goal
[ign gazebo-1] [INFO] [1790606389.437204344] [amir2.gripper_controller]: Received & accepted new action goal
[ign gazebo-1] [INFO] [1790606389.722894540] [amir1.gripper_controller]: Received & accepted new action goal
[ign gazebo-1] [INFO] [1790606389.722963724] [amir2.gripper_controller]: Received & accepted new action goal
[ign gazebo-1] [INFO] [1790606389.848200876] [amir1.gripper_controller]: Received & accepted new action goal
[ign gazebo-1] [INFO] [1790606389.848225341] [amir2.gripper_controller]: Received & accepted new action goal
[ign gazebo-1] [INFO] [1790606390.094217588] [amir1.gripper_controller]: Received & accepted new action goal
[ign gazebo-1] [INFO] [1790606390.094440312] [amir2.gripper_controller]: Received & accepted new action goal
[ign gazebo-1] [INFO] [1790606390.331405382] [amir1.gripper_controller]: Received & accepted new action goal
[ign gazebo-1] [INFO] [1790606390.331409265] [amir2.gripper_controller]: Received & accepted new action goal
[ign gazebo-1] [INFO] [1790606390.449335112] [amir1.gripper_controller]: Received & accepted new action goal
[ign gazebo-1] [INFO] [1790606390.449420104] [amir2.gripper_controller]: Received & accepted new action goal
[ign gazebo-1] [INFO] [1790606390.692346204] [amir1.gripper_controller]: Received & accepted new action goal
[ign gazebo-1] [INFO] [1790606390.693025686] [amir2.gripper_controller]: Received & accepted new action goal
[ign gazebo-1] [INFO] [1790606390.929962363] [amir1.gripper_controller]: Received & accepted new action goal
[ign gazebo-1] [INFO] [1790606390.930125226] [amir2.gripper_controller]: Received & accepted new action goal
[ign gazebo-1] [INFO] [1790606391.033664347] [amir1.gripper_controller]: Received & accepted new action goal
[ign gazebo-1] [INFO] [1790606391.033783881] [amir2.gripper_controller]: Received & accepted new action goal
[ign gazebo-1] [INFO] [1790606391.256873944] [amir1.gripper_controller]: Received & accepted new action goal
[ign gazebo-1] [INFO] [1790606391.257014980] [amir2.gripper_controller]: Received & accepted new action goal
[ign gazebo-1] [INFO] [1790606391.481003940] [amir1.gripper_controller]: Received & accepted new action goal
[ign gazebo-1] [INFO] [1790606391.481152647] [amir2.gripper_controller]: Received & accepted new action goal
[ign gazebo-1] [INFO] [1790606391.582684098] [amir1.gripper_controller]: Received & accepted new action goal
[ign gazebo-1] [INFO] [1790606391.582810330] [amir2.gripper_controller]: Received & accepted new action goal
[ign gazebo-1] [INFO] [1790606391.805183355] [amir1.gripper_controller]: Received & accepted new action goal
[ign gazebo-1] [INFO] [1790606391.805282582] [amir2.gripper_controller]: Received & accepted new action goal
[ign gazebo-1] [INFO] [1790606392.079505967] [amir1.gripper_controller]: Received & accepted new action goal
[ign gazebo-1] [INFO] [1790606392.079637606] [amir2.gripper_controller]: Received & accepted new action goal
[ign gazebo-1] [INFO] [1790606392.191977035] [amir1.gripper_controller]: Received & accepted new action goal
[ign gazebo-1] [INFO] [1790606392.192462979] [amir2.gripper_controller]: Received & accepted new action goal
[ign gazebo-1] [INFO] [1790606392.429560141] [amir1.gripper_controller]: Received & accepted new action goal
[ign gazebo-1] [INFO] [1790606392.429786637] [amir2.gripper_controller]: Received & accepted new action goal
[friction_grasp_manager-34] [INFO] [1790606393.375758785] [friction_grasp_manager]: Finger wrench bias captured: amir1/left=18.0N, amir1/right=20.9N, amir2/left=17.6N, amir2/right=20.5N
[friction_grasp_manager-34] [INFO] [1790606393.376212669] [friction_grasp_manager]: Friction grasp state: HOLDING
[slip_monitor-41] [INFO] [1790606393.406166686] [slip_monitor]: Captured friction-grasp payload baseline: x=-0.000, y=0.000, z=0.657
[ign gazebo-1] [INFO] [1790606393.734588969] [amir1.gripper_controller]: Received & accepted new action goal
[ign gazebo-1] [INFO] [1790606393.734740373] [amir2.gripper_controller]: Received & accepted new action goal
[ign gazebo-1] [INFO] [1790606393.924275156] [amir2.gripper_controller]: Received & accepted new action goal
[ign gazebo-1] [INFO] [1790606393.924483381] [amir1.gripper_controller]: Received & accepted new action goal
[ign gazebo-1] [INFO] [1790606394.245683244] [amir1.gripper_controller]: Received & accepted new action goal
[ign gazebo-1] [INFO] [1790606394.245857406] [amir2.gripper_controller]: Received & accepted new action goal
[ign gazebo-1] [INFO] [1790606394.850760316] [amir2.gripper_controller]: Received & accepted new action goal
[ign gazebo-1] [INFO] [1790606394.850858692] [amir1.gripper_controller]: Received & accepted new action goal
[ign gazebo-1] [INFO] [1790606395.203001241] [amir1.gripper_controller]: Received & accepted new action goal
[ign gazebo-1] [INFO] [1790606395.203173358] [amir2.gripper_controller]: Received & accepted new action goal
[ign gazebo-1] [INFO] [1790606395.584846360] [amir1.gripper_controller]: Received & accepted new action goal
[ign gazebo-1] [INFO] [1790606395.584884941] [amir2.gripper_controller]: Received & accepted new action goal
[ign gazebo-1] [INFO] [1790606395.764664409] [amir1.gripper_controller]: Received & accepted new action goal
[ign gazebo-1] [INFO] [1790606395.764726250] [amir2.gripper_controller]: Received & accepted new action goal
[ign gazebo-1] [INFO] [1790606396.211614191] [amir1.gripper_controller]: Received & accepted new action goal
[ign gazebo-1] [INFO] [1790606396.211932473] [amir2.gripper_controller]: Received & accepted new action goal
[ign gazebo-1] [INFO] [1790606396.606865655] [amir1.gripper_controller]: Received & accepted new action goal
[ign gazebo-1] [INFO] [1790606396.606883552] [amir2.gripper_controller]: Received & accepted new action goal
[grasp_support_remover-38] [INFO] [1790606396.709775887] [grasp_support_remover]: Removed temporary support model "grasp_support"; transport may start.
[ign gazebo-1] [INFO] [1790606396.998265377] [amir1.gripper_controller]: Received & accepted new action goal
[ign gazebo-1] [INFO] [1790606396.998403831] [amir2.gripper_controller]: Received & accepted new action goal
[ign gazebo-1] [INFO] [1790606397.394404265] [amir1.gripper_controller]: Received & accepted new action goal
[ign gazebo-1] [INFO] [1790606397.394627156] [amir2.gripper_controller]: Received & accepted new action goal
[ign gazebo-1] [INFO] [1790606397.632682091] [amir1.gripper_controller]: Received & accepted new action goal
[ign gazebo-1] [INFO] [1790606397.632793149] [amir2.gripper_controller]: Received & accepted new action goal
[ign gazebo-1] [INFO] [1790606397.793925098] [amir1.gripper_controller]: Received & accepted new action goal
[ign gazebo-1] [INFO] [1790606397.793997606] [amir2.gripper_controller]: Received & accepted new action goal
[ign gazebo-1] [INFO] [1790606398.175129662] [amir1.gripper_controller]: Received & accepted new action goal
[ign gazebo-1] [INFO] [1790606398.175485347] [amir2.gripper_controller]: Received & accepted new action goal
[ign gazebo-1] [INFO] [1790606398.572139076] [amir1.gripper_controller]: Received & accepted new action goal
[ign gazebo-1] [INFO] [1790606398.572213429] [amir2.gripper_controller]: Received & accepted new action goal
[rotation_controller-6] [INFO] [1790606398.804076106] [cooperative_rotation_controller]: シーケンス開始: 搬送（直進） （0.500 m）
[coordinator-39] [INFO] [1790606398.832479163] [cooperative_coordinator]: Payload goal: x=-0.000, y=0.000, yaw=-0.000
[coordinator-39] [INFO] [1790606398.833106025] [cooperative_coordinator]: Formation-distance reference captured: 2.1340 m
[ign gazebo-1] [INFO] [1790606398.956312856] [amir1.gripper_controller]: Received & accepted new action goal
[ign gazebo-1] [INFO] [1790606398.956561117] [amir2.gripper_controller]: Received & accepted new action goal
[ign gazebo-1] [INFO] [1790606399.320171292] [amir1.gripper_controller]: Received & accepted new action goal
[ign gazebo-1] [INFO] [1790606399.320275162] [amir2.gripper_controller]: Received & accepted new action goal
[ign gazebo-1] [INFO] [1790606399.489381130] [amir1.gripper_controller]: Received & accepted new action goal
[ign gazebo-1] [INFO] [1790606399.489550828] [amir2.gripper_controller]: Received & accepted new action goal
[coordinator-39] [INFO] [1790606399.849214048] [cooperative_coordinator]: Payload goal: x=0.004, y=0.000, yaw=-0.000
[ign gazebo-1] [INFO] [1790606399.893593314] [amir2.gripper_controller]: Received & accepted new action goal
[ign gazebo-1] [INFO] [1790606399.893779483] [amir1.gripper_controller]: Received & accepted new action goal
[ign gazebo-1] [INFO] [1790606400.216406490] [amir1.gripper_controller]: Received & accepted new action goal
[ign gazebo-1] [INFO] [1790606400.216458457] [amir2.gripper_controller]: Received & accepted new action goal
[ign gazebo-1] [INFO] [1790606400.335225814] [amir1.gripper_controller]: Received & accepted new action goal
[ign gazebo-1] [INFO] [1790606400.335332023] [amir2.gripper_controller]: Received & accepted new action goal
[ign gazebo-1] [INFO] [1790606400.737907350] [amir1.gripper_controller]: Received & accepted new action goal
[ign gazebo-1] [INFO] [1790606400.737984493] [amir2.gripper_controller]: Received & accepted new action goal
[coordinator-39] [INFO] [1790606400.865807040] [cooperative_coordinator]: Payload goal: x=0.017, y=0.000, yaw=-0.000
[ign gazebo-1] [INFO] [1790606401.119757660] [amir1.gripper_controller]: Received & accepted new action goal
[ign gazebo-1] [INFO] [1790606401.119765176] [amir2.gripper_controller]: Received & accepted new action goal
[ign gazebo-1] [INFO] [1790606401.305683629] [amir1.gripper_controller]: Received & accepted new action goal
[ign gazebo-1] [INFO] [1790606401.305786651] [amir2.gripper_controller]: Received & accepted new action goal
[ign gazebo-1] [INFO] [1790606401.757625249] [amir1.gripper_controller]: Received & accepted new action goal
[ign gazebo-1] [INFO] [1790606401.757706303] [amir2.gripper_controller]: Received & accepted new action goal
[coordinator-39] [INFO] [1790606401.878877906] [cooperative_coordinator]: Payload goal: x=0.033, y=0.000, yaw=-0.000
[ign gazebo-1] [INFO] [1790606402.186081928] [amir1.gripper_controller]: Received & accepted new action goal
[ign gazebo-1] [INFO] [1790606402.186131210] [amir2.gripper_controller]: Received & accepted new action goal
[ign gazebo-1] [INFO] [1790606402.384195449] [amir1.gripper_controller]: Received & accepted new action goal
[ign gazebo-1] [INFO] [1790606402.384353397] [amir2.gripper_controller]: Received & accepted new action goal
[ign gazebo-1] [INFO] [1790606402.879007214] [amir1.gripper_controller]: Received & accepted new action goal
[ign gazebo-1] [INFO] [1790606402.879035077] [amir2.gripper_controller]: Received & accepted new action goal
[coordinator-39] [INFO] [1790606402.880424244] [cooperative_coordinator]: Payload goal: x=0.045, y=0.000, yaw=-0.000
[ign gazebo-1] [INFO] [1790606403.105015840] [amir1.gripper_controller]: Received & accepted new action goal
[ign gazebo-1] [INFO] [1790606403.105115790] [amir2.gripper_controller]: Received & accepted new action goal
[ign gazebo-1] [INFO] [1790606403.266915862] [amir1.gripper_controller]: Received & accepted new action goal
[ign gazebo-1] [INFO] [1790606403.266981476] [amir2.gripper_controller]: Received & accepted new action goal
[ign gazebo-1] [INFO] [1790606403.614008803] [amir2.gripper_controller]: Received & accepted new action goal
[ign gazebo-1] [INFO] [1790606403.614010441] [amir1.gripper_controller]: Received & accepted new action goal
[coordinator-39] [INFO] [1790606403.894639626] [cooperative_coordinator]: Payload goal: x=0.045, y=0.000, yaw=-0.000
[ign gazebo-1] [INFO] [1790606404.030348717] [amir2.gripper_controller]: Received & accepted new action goal
[ign gazebo-1] [INFO] [1790606404.030479465] [amir1.gripper_controller]: Received & accepted new action goal
[ign gazebo-1] [INFO] [1790606404.257506460] [amir1.gripper_controller]: Received & accepted new action goal
[ign gazebo-1] [INFO] [1790606404.257535660] [amir2.gripper_controller]: Received & accepted new action goal
[ign gazebo-1] [INFO] [1790606404.698862471] [amir1.gripper_controller]: Received & accepted new action goal
[ign gazebo-1] [INFO] [1790606404.698907514] [amir2.gripper_controller]: Received & accepted new action goal
[coordinator-39] [INFO] [1790606404.914913894] [cooperative_coordinator]: Payload goal: x=0.045, y=0.000, yaw=-0.000
[ign gazebo-1] [INFO] [1790606405.029875470] [amir1.gripper_controller]: Received & accepted new action goal
[ign gazebo-1] [INFO] [1790606405.029995793] [amir2.gripper_controller]: Received & accepted new action goal
[ign gazebo-1] [INFO] [1790606405.246059539] [amir1.gripper_controller]: Received & accepted new action goal
[ign gazebo-1] [INFO] [1790606405.246302118] [amir2.gripper_controller]: Received & accepted new action goal
[ign gazebo-1] [INFO] [1790606405.565633857] [amir2.gripper_controller]: Received & accepted new action goal
[ign gazebo-1] [INFO] [1790606405.565740249] [amir1.gripper_controller]: Received & accepted new action goal
[coordinator-39] [INFO] [1790606405.915578927] [cooperative_coordinator]: Payload goal: x=0.045, y=0.000, yaw=-0.000
[ign gazebo-1] [INFO] [1790606405.959248952] [amir1.gripper_controller]: Received & accepted new action goal
[ign gazebo-1] [INFO] [1790606405.959302890] [amir2.gripper_controller]: Received & accepted new action goal
[ign gazebo-1] [INFO] [1790606406.150021397] [amir1.gripper_controller]: Received & accepted new action goal
[ign gazebo-1] [INFO] [1790606406.150140621] [amir2.gripper_controller]: Received & accepted new action goal
[ign gazebo-1] [INFO] [1790606406.546115357] [amir1.gripper_controller]: Received & accepted new action goal
[ign gazebo-1] [INFO] [1790606406.546348388] [amir2.gripper_controller]: Received & accepted new action goal
[ign gazebo-1] [INFO] [1790606406.908628276] [amir1.gripper_controller]: Received & accepted new action goal
[ign gazebo-1] [INFO] [1790606406.908671565] [amir2.gripper_controller]: Received & accepted new action goal
[coordinator-39] [INFO] [1790606406.929217596] [cooperative_coordinator]: Payload goal: x=0.045, y=0.000, yaw=-0.000
[ign gazebo-1] [INFO] [1790606407.096773618] [amir1.gripper_controller]: Received & accepted new action goal
[ign gazebo-1] [INFO] [1790606407.096775708] [amir2.gripper_controller]: Received & accepted new action goal
[ign gazebo-1] [INFO] [1790606407.525690242] [amir1.gripper_controller]: Received & accepted new action goal
[ign gazebo-1] [INFO] [1790606407.525753110] [amir2.gripper_controller]: Received & accepted new action goal
[ign gazebo-1] [INFO] [1790606407.884188247] [amir1.gripper_controller]: Received & accepted new action goal
[ign gazebo-1] [INFO] [1790606407.884412663] [amir2.gripper_controller]: Received & accepted new action goal
[coordinator-39] [INFO] [1790606407.930127654] [cooperative_coordinator]: Payload goal: x=0.067, y=0.000, yaw=-0.000
[ign gazebo-1] [INFO] [1790606408.024392155] [amir2.gripper_controller]: Received & accepted new action goal
[ign gazebo-1] [INFO] [1790606408.320505828] [amir1.gripper_controller]: Received & accepted new action goal
[ign gazebo-1] [INFO] [1790606408.320757642] [amir2.gripper_controller]: Received & accepted new action goal
[ign gazebo-1] [INFO] [1790606408.609396212] [amir1.gripper_controller]: Received & accepted new action goal
[ign gazebo-1] [INFO] [1790606408.609402196] [amir2.gripper_controller]: Received & accepted new action goal
[ign gazebo-1] [INFO] [1790606408.807325275] [amir1.gripper_controller]: Received & accepted new action goal
[ign gazebo-1] [INFO] [1790606408.807359936] [amir2.gripper_controller]: Received & accepted new action goal
[coordinator-39] [INFO] [1790606408.946588643] [cooperative_coordinator]: Payload goal: x=0.069, y=0.000, yaw=-0.000
[ign gazebo-1] [INFO] [1790606409.197175068] [amir1.gripper_controller]: Received & accepted new action goal
[ign gazebo-1] [INFO] [1790606409.197248300] [amir2.gripper_controller]: Received & accepted new action goal
[ign gazebo-1] [INFO] [1790606409.673701185] [amir1.gripper_controller]: Received & accepted new action goal
[ign gazebo-1] [INFO] [1790606409.673837085] [amir2.gripper_controller]: Received & accepted new action goal
[ign gazebo-1] [INFO] [1790606409.884430110] [amir1.gripper_controller]: Received & accepted new action goal
[ign gazebo-1] [INFO] [1790606409.884484757] [amir2.gripper_controller]: Received & accepted new action goal
[coordinator-39] [INFO] [1790606409.972883386] [cooperative_coordinator]: Payload goal: x=0.069, y=0.000, yaw=-0.000
[ign gazebo-1] [INFO] [1790606410.309676093] [amir1.gripper_controller]: Received & accepted new action goal
[ign gazebo-1] [INFO] [1790606410.309761220] [amir2.gripper_controller]: Received & accepted new action goal
[ign gazebo-1] [INFO] [1790606410.746087967] [amir1.gripper_controller]: Received & accepted new action goal
[ign gazebo-1] [INFO] [1790606410.746305678] [amir2.gripper_controller]: Received & accepted new action goal
[coordinator-39] [INFO] [1790606410.976505792] [cooperative_coordinator]: Payload goal: x=0.069, y=0.000, yaw=-0.000
[ign gazebo-1] [INFO] [1790606411.019197026] [amir1.gripper_controller]: Received & accepted new action goal
[ign gazebo-1] [INFO] [1790606411.019300627] [amir2.gripper_controller]: Received & accepted new action goal
[ign gazebo-1] [INFO] [1790606411.453821914] [amir2.gripper_controller]: Received & accepted new action goal
[ign gazebo-1] [INFO] [1790606411.453823877] [amir1.gripper_controller]: Received & accepted new action goal
[ign gazebo-1] [INFO] [1790606411.790003450] [amir1.gripper_controller]: Received & accepted new action goal
[ign gazebo-1] [INFO] [1790606411.790217645] [amir2.gripper_controller]: Received & accepted new action goal
[coordinator-39] [INFO] [1790606411.980292206] [cooperative_coordinator]: Payload goal: x=0.069, y=0.000, yaw=-0.000
[ign gazebo-1] [INFO] [1790606411.991388311] [amir1.gripper_controller]: Received & accepted new action goal
[ign gazebo-1] [INFO] [1790606411.991474117] [amir2.gripper_controller]: Received & accepted new action goal
[ign gazebo-1] [INFO] [1790606412.448282832] [amir1.gripper_controller]: Received & accepted new action goal
[ign gazebo-1] [INFO] [1790606412.448334229] [amir2.gripper_controller]: Received & accepted new action goal
[ign gazebo-1] [INFO] [1790606412.926702582] [amir2.gripper_controller]: Received & accepted new action goal
[ign gazebo-1] [INFO] [1790606412.926772509] [amir1.gripper_controller]: Received & accepted new action goal
[coordinator-39] [INFO] [1790606412.987410720] [cooperative_coordinator]: Payload goal: x=0.070, y=0.000, yaw=-0.000
[ign gazebo-1] [INFO] [1790606413.082146486] [amir1.gripper_controller]: Received & accepted new action goal
[ign gazebo-1] [INFO] [1790606413.082353215] [amir2.gripper_controller]: Received & accepted new action goal
[ign gazebo-1] [INFO] [1790606413.465706788] [amir1.gripper_controller]: Received & accepted new action goal
[ign gazebo-1] [INFO] [1790606413.465947982] [amir2.gripper_controller]: Received & accepted new action goal
[ign gazebo-1] [INFO] [1790606413.895443607] [amir1.gripper_controller]: Received & accepted new action goal
[ign gazebo-1] [INFO] [1790606413.895469730] [amir2.gripper_controller]: Received & accepted new action goal
[coordinator-39] [INFO] [1790606414.006737494] [cooperative_coordinator]: Payload goal: x=0.092, y=0.000, yaw=-0.000
[ign gazebo-1] [INFO] [1790606414.098556111] [amir1.gripper_controller]: Received & accepted new action goal
[ign gazebo-1] [INFO] [1790606414.098609697] [amir2.gripper_controller]: Received & accepted new action goal
[ign gazebo-1] [INFO] [1790606414.520742004] [amir2.gripper_controller]: Received & accepted new action goal
[ign gazebo-1] [INFO] [1790606414.994813461] [amir2.gripper_controller]: Received & accepted new action goal
[coordinator-39] [INFO] [1790606415.016776197] [cooperative_coordinator]: Payload goal: x=0.092, y=0.000, yaw=-0.000
[ign gazebo-1] [INFO] [1790606415.185928037] [amir2.gripper_controller]: Received & accepted new action goal
[ign gazebo-1] [INFO] [1790606415.616791912] [amir2.gripper_controller]: Received & accepted new action goal
[ign gazebo-1] [INFO] [1790606415.979869915] [amir2.gripper_controller]: Received & accepted new action goal
[coordinator-39] [INFO] [1790606416.030591432] [cooperative_coordinator]: Payload goal: x=0.092, y=0.000, yaw=-0.000
[ign gazebo-1] [INFO] [1790606416.488225021] [amir1.gripper_controller]: Received & accepted new action goal
[ign gazebo-1] [INFO] [1790606416.770721936] [amir1.gripper_controller]: Received & accepted new action goal
[coordinator-39] [INFO] [1790606417.034626393] [cooperative_coordinator]: Payload goal: x=0.092, y=0.000, yaw=-0.000
[ign gazebo-1] [INFO] [1790606417.328342205] [amir1.gripper_controller]: Received & accepted new action goal
[ign gazebo-1] [INFO] [1790606417.717577793] [amir1.gripper_controller]: Received & accepted new action goal
[ign gazebo-1] [INFO] [1790606417.936693508] [amir1.gripper_controller]: Received & accepted new action goal
[ign gazebo-1] [INFO] [1790606417.937060032] [amir2.gripper_controller]: Received & accepted new action goal
[coordinator-39] [INFO] [1790606418.048137059] [cooperative_coordinator]: Payload goal: x=0.092, y=0.000, yaw=-0.000
[ign gazebo-1] [INFO] [1790606418.388502190] [amir1.gripper_controller]: Received & accepted new action goal
[ign gazebo-1] [INFO] [1790606418.388562493] [amir2.gripper_controller]: Received & accepted new action goal
[ign gazebo-1] [INFO] [1790606418.813793104] [amir1.gripper_controller]: Received & accepted new action goal
[ign gazebo-1] [INFO] [1790606418.813910161] [amir2.gripper_controller]: Received & accepted new action goal
[ign gazebo-1] [INFO] [1790606419.034440227] [amir1.gripper_controller]: Received & accepted new action goal
[ign gazebo-1] [INFO] [1790606419.034635624] [amir2.gripper_controller]: Received & accepted new action goal
[coordinator-39] [INFO] [1790606419.061561888] [cooperative_coordinator]: Payload goal: x=0.103, y=0.000, yaw=-0.000
[ign gazebo-1] [INFO] [1790606419.356984475] [amir1.gripper_controller]: Received & accepted new action goal
[ign gazebo-1] [INFO] [1790606419.357036816] [amir2.gripper_controller]: Received & accepted new action goal
[ign gazebo-1] [INFO] [1790606419.803349317] [amir1.gripper_controller]: Received & accepted new action goal
[ign gazebo-1] [INFO] [1790606419.803479571] [amir2.gripper_controller]: Received & accepted new action goal
[ign gazebo-1] [INFO] [1790606419.993570735] [amir1.gripper_controller]: Received & accepted new action goal
[ign gazebo-1] [INFO] [1790606419.993679686] [amir2.gripper_controller]: Received & accepted new action goal
[coordinator-39] [INFO] [1790606420.068768490] [cooperative_coordinator]: Payload goal: x=0.116, y=0.000, yaw=-0.000
[ign gazebo-1] [INFO] [1790606420.308001987] [amir2.gripper_controller]: Received & accepted new action goal
[ign gazebo-1] [INFO] [1790606420.641562042] [amir2.gripper_controller]: Received & accepted new action goal
[ign gazebo-1] [INFO] [1790606420.769460598] [amir1.gripper_controller]: Received & accepted new action goal
[ign gazebo-1] [INFO] [1790606420.769482484] [amir2.gripper_controller]: Received & accepted new action goal
[ign gazebo-1] [INFO] [1790606421.015100342] [amir1.gripper_controller]: Received & accepted new action goal
[ign gazebo-1] [INFO] [1790606421.015193895] [amir2.gripper_controller]: Received & accepted new action goal
[coordinator-39] [INFO] [1790606421.081867163] [cooperative_coordinator]: Payload goal: x=0.116, y=0.000, yaw=-0.000
[friction_grasp_manager-34] [WARN] [1790606421.300792859] [friction_grasp_manager]: amir1 finger force above 26.0 N; backing off.
[ign gazebo-1] [INFO] [1790606421.301019333] [amir1.gripper_controller]: Received & accepted new action goal
[ign gazebo-1] [INFO] [1790606421.301245517] [amir2.gripper_controller]: Received & accepted new action goal
[ign gazebo-1] [INFO] [1790606421.469598857] [amir1.gripper_controller]: Received & accepted new action goal
[ign gazebo-1] [INFO] [1790606421.469794350] [amir2.gripper_controller]: Received & accepted new action goal
[ign gazebo-1] [INFO] [1790606421.771352345] [amir1.gripper_controller]: Received & accepted new action goal
[ign gazebo-1] [INFO] [1790606421.771378955] [amir2.gripper_controller]: Received & accepted new action goal
[coordinator-39] [INFO] [1790606422.088087730] [cooperative_coordinator]: Payload goal: x=0.116, y=0.000, yaw=-0.000
[ign gazebo-1] [INFO] [1790606422.410242137] [amir2.gripper_controller]: Received & accepted new action goal
[ign gazebo-1] [INFO] [1790606422.854862057] [amir1.gripper_controller]: Received & accepted new action goal
[ign gazebo-1] [INFO] [1790606422.855082505] [amir2.gripper_controller]: Received & accepted new action goal
[coordinator-39] [INFO] [1790606423.093740256] [cooperative_coordinator]: Payload goal: x=0.116, y=0.000, yaw=-0.000
[ign gazebo-1] [INFO] [1790606423.343463417] [amir1.gripper_controller]: Received & accepted new action goal
[ign gazebo-1] [INFO] [1790606423.343596696] [amir2.gripper_controller]: Received & accepted new action goal
[ign gazebo-1] [INFO] [1790606423.571534919] [amir1.gripper_controller]: Received & accepted new action goal
[ign gazebo-1] [INFO] [1790606423.571588960] [amir2.gripper_controller]: Received & accepted new action goal
[ign gazebo-1] [INFO] [1790606423.916922410] [amir1.gripper_controller]: Received & accepted new action goal
[ign gazebo-1] [INFO] [1790606423.917068804] [amir2.gripper_controller]: Received & accepted new action goal
[coordinator-39] [INFO] [1790606424.106366211] [cooperative_coordinator]: Payload goal: x=0.123, y=0.000, yaw=-0.000
[ign gazebo-1] [INFO] [1790606424.332527521] [amir1.gripper_controller]: Received & accepted new action goal
[ign gazebo-1] [INFO] [1790606424.332581494] [amir2.gripper_controller]: Received & accepted new action goal
[ign gazebo-1] [INFO] [1790606424.543034072] [amir1.gripper_controller]: Received & accepted new action goal
[ign gazebo-1] [INFO] [1790606424.543283759] [amir2.gripper_controller]: Received & accepted new action goal
[ign gazebo-1] [INFO] [1790606424.938927738] [amir1.gripper_controller]: Received & accepted new action goal
[ign gazebo-1] [INFO] [1790606424.938949185] [amir2.gripper_controller]: Received & accepted new action goal
[coordinator-39] [INFO] [1790606425.111537644] [cooperative_coordinator]: Payload goal: x=0.141, y=0.000, yaw=-0.000
[ign gazebo-1] [INFO] [1790606425.261335493] [amir1.gripper_controller]: Received & accepted new action goal
[ign gazebo-1] [INFO] [1790606425.261492924] [amir2.gripper_controller]: Received & accepted new action goal
[ign gazebo-1] [INFO] [1790606425.451393610] [amir1.gripper_controller]: Received & accepted new action goal
[ign gazebo-1] [INFO] [1790606425.851364226] [amir1.gripper_controller]: Received & accepted new action goal
[ign gazebo-1] [INFO] [1790606425.851381765] [amir2.gripper_controller]: Received & accepted new action goal
[coordinator-39] [INFO] [1790606426.117653247] [cooperative_coordinator]: Payload goal: x=0.141, y=0.000, yaw=-0.000
[ign gazebo-1] [INFO] [1790606426.202326576] [amir1.gripper_controller]: Received & accepted new action goal
[ign gazebo-1] [INFO] [1790606426.202615291] [amir2.gripper_controller]: Received & accepted new action goal
[ign gazebo-1] [INFO] [1790606426.404477524] [amir1.gripper_controller]: Received & accepted new action goal
[ign gazebo-1] [INFO] [1790606426.404586526] [amir2.gripper_controller]: Received & accepted new action goal
[ign gazebo-1] [INFO] [1790606426.794350483] [amir1.gripper_controller]: Received & accepted new action goal
[ign gazebo-1] [INFO] [1790606426.794463480] [amir2.gripper_controller]: Received & accepted new action goal
[coordinator-39] [INFO] [1790606427.121802836] [cooperative_coordinator]: Payload goal: x=0.141, y=0.000, yaw=-0.000
[ign gazebo-1] [INFO] [1790606427.299600704] [amir1.gripper_controller]: Received & accepted new action goal
[ign gazebo-1] [INFO] [1790606427.299770207] [amir2.gripper_controller]: Received & accepted new action goal
[ign gazebo-1] [INFO] [1790606427.536141300] [amir1.gripper_controller]: Received & accepted new action goal
[ign gazebo-1] [INFO] [1790606427.536478918] [amir2.gripper_controller]: Received & accepted new action goal
[ign gazebo-1] [INFO] [1790606427.982390469] [amir1.gripper_controller]: Received & accepted new action goal
[ign gazebo-1] [INFO] [1790606427.982650837] [amir2.gripper_controller]: Received & accepted new action goal
[coordinator-39] [INFO] [1790606428.128134164] [cooperative_coordinator]: Payload goal: x=0.141, y=0.000, yaw=-0.000
[ign gazebo-1] [INFO] [1790606428.409319174] [amir1.gripper_controller]: Received & accepted new action goal
[ign gazebo-1] [INFO] [1790606428.409506038] [amir2.gripper_controller]: Received & accepted new action goal
[ign gazebo-1] [INFO] [1790606428.557092317] [amir2.gripper_controller]: Received & accepted new action goal
[ign gazebo-1] [INFO] [1790606428.557100566] [amir1.gripper_controller]: Received & accepted new action goal
[ign gazebo-1] [INFO] [1790606428.953133010] [amir1.gripper_controller]: Received & accepted new action goal
[ign gazebo-1] [INFO] [1790606428.953194579] [amir2.gripper_controller]: Received & accepted new action goal
[coordinator-39] [INFO] [1790606429.130487960] [cooperative_coordinator]: Payload goal: x=0.141, y=0.000, yaw=-0.000
[ign gazebo-1] [INFO] [1790606429.264209533] [amir1.gripper_controller]: Received & accepted new action goal
[ign gazebo-1] [INFO] [1790606429.264256039] [amir2.gripper_controller]: Received & accepted new action goal
[ign gazebo-1] [INFO] [1790606429.461868309] [amir2.gripper_controller]: Received & accepted new action goal
[ign gazebo-1] [INFO] [1790606429.821870366] [amir1.gripper_controller]: Received & accepted new action goal
[ign gazebo-1] [INFO] [1790606429.822019850] [amir2.gripper_controller]: Received & accepted new action goal
[coordinator-39] [INFO] [1790606430.139626602] [cooperative_coordinator]: Payload goal: x=0.150, y=0.000, yaw=-0.000
[ign gazebo-1] [INFO] [1790606430.190703754] [amir1.gripper_controller]: Received & accepted new action goal
[ign gazebo-1] [INFO] [1790606430.190845488] [amir2.gripper_controller]: Received & accepted new action goal
[ign gazebo-1] [INFO] [1790606430.412730456] [amir2.gripper_controller]: Received & accepted new action goal
[ign gazebo-1] [INFO] [1790606430.412738278] [amir1.gripper_controller]: Received & accepted new action goal
[ign gazebo-1] [INFO] [1790606430.880219889] [amir1.gripper_controller]: Received & accepted new action goal
[ign gazebo-1] [INFO] [1790606430.880415645] [amir2.gripper_controller]: Received & accepted new action goal
[coordinator-39] [INFO] [1790606431.151309819] [cooperative_coordinator]: Payload goal: x=0.164, y=0.000, yaw=-0.000
[ign gazebo-1] [INFO] [1790606431.308430742] [amir1.gripper_controller]: Received & accepted new action goal
[ign gazebo-1] [INFO] [1790606431.308502335] [amir2.gripper_controller]: Received & accepted new action goal
[ign gazebo-1] [INFO] [1790606431.554529337] [amir1.gripper_controller]: Received & accepted new action goal
[ign gazebo-1] [INFO] [1790606431.554651469] [amir2.gripper_controller]: Received & accepted new action goal
[ign gazebo-1] [INFO] [1790606431.992909812] [amir1.gripper_controller]: Received & accepted new action goal
[ign gazebo-1] [INFO] [1790606431.993178541] [amir2.gripper_controller]: Received & accepted new action goal
[coordinator-39] [INFO] [1790606432.155327271] [cooperative_coordinator]: Payload goal: x=0.164, y=0.000, yaw=-0.000
[ign gazebo-1] [INFO] [1790606432.332650696] [amir1.gripper_controller]: Received & accepted new action goal
[ign gazebo-1] [INFO] [1790606432.332687361] [amir2.gripper_controller]: Received & accepted new action goal
[ign gazebo-1] [INFO] [1790606432.485014382] [amir1.gripper_controller]: Received & accepted new action goal
[ign gazebo-1] [INFO] [1790606432.485093416] [amir2.gripper_controller]: Received & accepted new action goal
[ign gazebo-1] [INFO] [1790606432.818971037] [amir2.gripper_controller]: Received & accepted new action goal
[ign gazebo-1] [INFO] [1790606432.818985779] [amir1.gripper_controller]: Received & accepted new action goal
[coordinator-39] [INFO] [1790606433.156006066] [cooperative_coordinator]: Payload goal: x=0.164, y=0.000, yaw=-0.000
[ign gazebo-1] [INFO] [1790606433.958575986] [amir1.gripper_controller]: Received & accepted new action goal
[ign gazebo-1] [INFO] [1790606433.958656510] [amir2.gripper_controller]: Received & accepted new action goal
[coordinator-39] [INFO] [1790606434.171339637] [cooperative_coordinator]: Payload goal: x=0.164, y=0.000, yaw=-0.000
[ign gazebo-1] [INFO] [1790606434.421895426] [amir1.gripper_controller]: Received & accepted new action goal
[ign gazebo-1] [INFO] [1790606434.422028075] [amir2.gripper_controller]: Received & accepted new action goal
[ign gazebo-1] [INFO] [1790606434.643903502] [amir1.gripper_controller]: Received & accepted new action goal
[ign gazebo-1] [INFO] [1790606434.643948089] [amir2.gripper_controller]: Received & accepted new action goal
[ign gazebo-1] [INFO] [1790606435.048661979] [amir2.gripper_controller]: Received & accepted new action goal
[ign gazebo-1] [INFO] [1790606435.048837357] [amir1.gripper_controller]: Received & accepted new action goal
[coordinator-39] [INFO] [1790606435.172399769] [cooperative_coordinator]: Payload goal: x=0.164, y=0.000, yaw=-0.000
[ign gazebo-1] [INFO] [1790606435.459916457] [amir1.gripper_controller]: Received & accepted new action goal
[ign gazebo-1] [INFO] [1790606435.459967958] [amir2.gripper_controller]: Received & accepted new action goal
[ign gazebo-1] [INFO] [1790606435.656263136] [amir1.gripper_controller]: Received & accepted new action goal
[ign gazebo-1] [INFO] [1790606435.656362611] [amir2.gripper_controller]: Received & accepted new action goal
[ign gazebo-1] [INFO] [1790606435.995233975] [amir1.gripper_controller]: Received & accepted new action goal
[ign gazebo-1] [INFO] [1790606435.995364456] [amir2.gripper_controller]: Received & accepted new action goal
[coordinator-39] [INFO] [1790606436.179045011] [cooperative_coordinator]: Payload goal: x=0.178, y=0.000, yaw=-0.000
[ign gazebo-1] [INFO] [1790606436.340031814] [amir1.gripper_controller]: Received & accepted new action goal
[ign gazebo-1] [INFO] [1790606436.340177348] [amir2.gripper_controller]: Received & accepted new action goal
[ign gazebo-1] [INFO] [1790606436.490161402] [amir1.gripper_controller]: Received & accepted new action goal
[ign gazebo-1] [INFO] [1790606436.490235081] [amir2.gripper_controller]: Received & accepted new action goal
[friction_grasp_manager-34] [WARN] [1790606436.775280284] [friction_grasp_manager]: amir1 finger force above 26.0 N; backing off.
[ign gazebo-1] [INFO] [1790606436.775547293] [amir1.gripper_controller]: Received & accepted new action goal
[ign gazebo-1] [INFO] [1790606436.775673301] [amir2.gripper_controller]: Received & accepted new action goal
[ign gazebo-1] [INFO] [1790606437.042580563] [amir1.gripper_controller]: Received & accepted new action goal
[ign gazebo-1] [INFO] [1790606437.042631555] [amir2.gripper_controller]: Received & accepted new action goal
[ign gazebo-1] [INFO] [1790606437.181582903] [amir1.gripper_controller]: Received & accepted new action goal
[ign gazebo-1] [INFO] [1790606437.181808323] [amir2.gripper_controller]: Received & accepted new action goal
[coordinator-39] [INFO] [1790606437.183617494] [cooperative_coordinator]: Payload goal: x=0.187, y=0.000, yaw=-0.000
[ign gazebo-1] [INFO] [1790606437.397409221] [amir1.gripper_controller]: Received & accepted new action goal
[ign gazebo-1] [INFO] [1790606437.397437248] [amir2.gripper_controller]: Received & accepted new action goal
[ign gazebo-1] [INFO] [1790606437.780886886] [amir2.gripper_controller]: Received & accepted new action goal
[ign gazebo-1] [INFO] [1790606437.781010229] [amir1.gripper_controller]: Received & accepted new action goal
[ign gazebo-1] [INFO] [1790606437.993294708] [amir1.gripper_controller]: Received & accepted new action goal
[ign gazebo-1] [INFO] [1790606437.993604559] [amir2.gripper_controller]: Received & accepted new action goal
[coordinator-39] [INFO] [1790606438.194995055] [cooperative_coordinator]: Payload goal: x=0.187, y=0.000, yaw=-0.000
[ign gazebo-1] [INFO] [1790606438.475260173] [amir1.gripper_controller]: Received & accepted new action goal
[ign gazebo-1] [INFO] [1790606438.475782574] [amir2.gripper_controller]: Received & accepted new action goal
[ign gazebo-1] [INFO] [1790606438.919385152] [amir1.gripper_controller]: Received & accepted new action goal
[ign gazebo-1] [INFO] [1790606438.919634990] [amir2.gripper_controller]: Received & accepted new action goal
[ign gazebo-1] [INFO] [1790606439.145634034] [amir1.gripper_controller]: Received & accepted new action goal
[ign gazebo-1] [INFO] [1790606439.145761128] [amir2.gripper_controller]: Received & accepted new action goal
[coordinator-39] [INFO] [1790606439.216500456] [cooperative_coordinator]: Payload goal: x=0.187, y=0.000, yaw=-0.000
[ign gazebo-1] [INFO] [1790606439.583139412] [amir1.gripper_controller]: Received & accepted new action goal
[ign gazebo-1] [INFO] [1790606439.583266345] [amir2.gripper_controller]: Received & accepted new action goal
[ign gazebo-1] [INFO] [1790606439.870171719] [amir2.gripper_controller]: Received & accepted new action goal
[ign gazebo-1] [INFO] [1790606439.870172908] [amir1.gripper_controller]: Received & accepted new action goal
[ign gazebo-1] [INFO] [1790606440.077859282] [amir1.gripper_controller]: Received & accepted new action goal
[coordinator-39] [INFO] [1790606440.222035956] [cooperative_coordinator]: Payload goal: x=0.187, y=0.000, yaw=-0.000
[ign gazebo-1] [INFO] [1790606440.924192512] [amir1.gripper_controller]: Received & accepted new action goal
[ign gazebo-1] [INFO] [1790606440.924352273] [amir2.gripper_controller]: Received & accepted new action goal
[ign gazebo-1] [INFO] [1790606441.081401189] [amir1.gripper_controller]: Received & accepted new action goal
[ign gazebo-1] [INFO] [1790606441.081531412] [amir2.gripper_controller]: Received & accepted new action goal
[coordinator-39] [INFO] [1790606441.227683216] [cooperative_coordinator]: Payload goal: x=0.197, y=0.000, yaw=-0.000
[ign gazebo-1] [INFO] [1790606441.477472530] [amir2.gripper_controller]: Received & accepted new action goal
[ign gazebo-1] [INFO] [1790606441.994289644] [amir1.gripper_controller]: Received & accepted new action goal
[ign gazebo-1] [INFO] [1790606441.994456407] [amir2.gripper_controller]: Received & accepted new action goal
[coordinator-39] [INFO] [1790606442.232346066] [cooperative_coordinator]: Payload goal: x=0.212, y=0.000, yaw=-0.000
[ign gazebo-1] [INFO] [1790606442.244116403] [amir1.gripper_controller]: Received & accepted new action goal
[ign gazebo-1] [INFO] [1790606442.244164027] [amir2.gripper_controller]: Received & accepted new action goal
[ign gazebo-1] [INFO] [1790606442.668507717] [amir1.gripper_controller]: Received & accepted new action goal
[ign gazebo-1] [INFO] [1790606442.668599784] [amir2.gripper_controller]: Received & accepted new action goal
[ign gazebo-1] [INFO] [1790606443.100964557] [amir1.gripper_controller]: Received & accepted new action goal
[ign gazebo-1] [INFO] [1790606443.101143903] [amir2.gripper_controller]: Received & accepted new action goal
[coordinator-39] [INFO] [1790606443.250553169] [cooperative_coordinator]: Payload goal: x=0.212, y=0.000, yaw=-0.000
[ign gazebo-1] [INFO] [1790606443.308012276] [amir1.gripper_controller]: Received & accepted new action goal
[ign gazebo-1] [INFO] [1790606443.308028657] [amir2.gripper_controller]: Received & accepted new action goal
[ign gazebo-1] [INFO] [1790606443.828575837] [amir1.gripper_controller]: Received & accepted new action goal
[ign gazebo-1] [INFO] [1790606443.829018551] [amir2.gripper_controller]: Received & accepted new action goal
[ign gazebo-1] [INFO] [1790606444.161675260] [amir2.gripper_controller]: Received & accepted new action goal
[ign gazebo-1] [INFO] [1790606444.161789916] [amir1.gripper_controller]: Received & accepted new action goal
[coordinator-39] [INFO] [1790606444.255721500] [cooperative_coordinator]: Payload goal: x=0.212, y=0.000, yaw=-0.000
[ign gazebo-1] [INFO] [1790606444.362076577] [amir1.gripper_controller]: Received & accepted new action goal
[ign gazebo-1] [INFO] [1790606444.667697820] [amir1.gripper_controller]: Received & accepted new action goal
[ign gazebo-1] [INFO] [1790606444.667762672] [amir2.gripper_controller]: Received & accepted new action goal
[ign gazebo-1] [INFO] [1790606445.168052056] [amir2.gripper_controller]: Received & accepted new action goal
[coordinator-39] [INFO] [1790606445.280384689] [cooperative_coordinator]: Payload goal: x=0.212, y=0.000, yaw=-0.000
[ign gazebo-1] [INFO] [1790606445.402067375] [amir1.gripper_controller]: Received & accepted new action goal
[ign gazebo-1] [INFO] [1790606445.402174847] [amir2.gripper_controller]: Received & accepted new action goal
[ign gazebo-1] [INFO] [1790606445.917993729] [amir1.gripper_controller]: Received & accepted new action goal
[ign gazebo-1] [INFO] [1790606445.918056569] [amir2.gripper_controller]: Received & accepted new action goal
[coordinator-39] [INFO] [1790606446.292512215] [cooperative_coordinator]: Payload goal: x=0.212, y=0.000, yaw=-0.000
[ign gazebo-1] [INFO] [1790606446.421266023] [amir1.gripper_controller]: Received & accepted new action goal
[ign gazebo-1] [INFO] [1790606446.421304078] [amir2.gripper_controller]: Received & accepted new action goal
[ign gazebo-1] [INFO] [1790606446.653895447] [amir1.gripper_controller]: Received & accepted new action goal
[ign gazebo-1] [INFO] [1790606446.654112202] [amir2.gripper_controller]: Received & accepted new action goal
[ign gazebo-1] [INFO] [1790606447.186819896] [amir1.gripper_controller]: Received & accepted new action goal
[ign gazebo-1] [INFO] [1790606447.186881644] [amir2.gripper_controller]: Received & accepted new action goal
[coordinator-39] [INFO] [1790606447.298776679] [cooperative_coordinator]: Payload goal: x=0.212, y=0.000, yaw=-0.000
[ign gazebo-1] [INFO] [1790606447.660436903] [amir1.gripper_controller]: Received & accepted new action goal
[ign gazebo-1] [INFO] [1790606447.660598184] [amir2.gripper_controller]: Received & accepted new action goal
[ign gazebo-1] [INFO] [1790606447.891292268] [amir1.gripper_controller]: Received & accepted new action goal
[ign gazebo-1] [INFO] [1790606447.891353553] [amir2.gripper_controller]: Received & accepted new action goal
[ign gazebo-1] [INFO] [1790606448.239632534] [amir1.gripper_controller]: Received & accepted new action goal
[ign gazebo-1] [INFO] [1790606448.240021170] [amir2.gripper_controller]: Received & accepted new action goal
[coordinator-39] [INFO] [1790606448.302243282] [cooperative_coordinator]: Payload goal: x=0.234, y=0.000, yaw=-0.000
[ign gazebo-1] [INFO] [1790606448.675686022] [amir1.gripper_controller]: Received & accepted new action goal
[ign gazebo-1] [INFO] [1790606448.676228970] [amir2.gripper_controller]: Received & accepted new action goal
[ign gazebo-1] [INFO] [1790606448.870660036] [amir1.gripper_controller]: Received & accepted new action goal
[friction_grasp_manager-34] [WARN] [1790606448.871053977] [friction_grasp_manager]: amir2 finger force above 26.0 N; backing off.
[ign gazebo-1] [INFO] [1790606448.871355165] [amir2.gripper_controller]: Received & accepted new action goal
[ign gazebo-1] [INFO] [1790606449.131443139] [amir1.gripper_controller]: Received & accepted new action goal
[ign gazebo-1] [INFO] [1790606449.131526750] [amir2.gripper_controller]: Received & accepted new action goal
[coordinator-39] [INFO] [1790606449.313035630] [cooperative_coordinator]: Payload goal: x=0.236, y=0.000, yaw=-0.000
[ign gazebo-1] [INFO] [1790606449.434577689] [amir1.gripper_controller]: Received & accepted new action goal
[ign gazebo-1] [INFO] [1790606449.434728056] [amir2.gripper_controller]: Received & accepted new action goal
[ign gazebo-1] [INFO] [1790606449.612291451] [amir1.gripper_controller]: Received & accepted new action goal
[ign gazebo-1] [INFO] [1790606449.612317949] [amir2.gripper_controller]: Received & accepted new action goal
[ign gazebo-1] [INFO] [1790606450.112501713] [amir1.gripper_controller]: Received & accepted new action goal
[ign gazebo-1] [INFO] [1790606450.112572775] [amir2.gripper_controller]: Received & accepted new action goal
[coordinator-39] [INFO] [1790606450.329072588] [cooperative_coordinator]: Payload goal: x=0.236, y=0.000, yaw=-0.000
[ign gazebo-1] [INFO] [1790606450.591862905] [amir1.gripper_controller]: Received & accepted new action goal
[ign gazebo-1] [INFO] [1790606450.591907960] [amir2.gripper_controller]: Received & accepted new action goal
[ign gazebo-1] [INFO] [1790606450.815280066] [amir1.gripper_controller]: Received & accepted new action goal
[ign gazebo-1] [INFO] [1790606450.815398669] [amir2.gripper_controller]: Received & accepted new action goal
[ign gazebo-1] [INFO] [1790606451.278272526] [amir1.gripper_controller]: Received & accepted new action goal
[ign gazebo-1] [INFO] [1790606451.278359234] [amir2.gripper_controller]: Received & accepted new action goal
[coordinator-39] [INFO] [1790606451.345197899] [cooperative_coordinator]: Payload goal: x=0.236, y=0.000, yaw=-0.000
[ign gazebo-1] [INFO] [1790606451.706038968] [amir1.gripper_controller]: Received & accepted new action goal
[ign gazebo-1] [INFO] [1790606451.706235210] [amir2.gripper_controller]: Received & accepted new action goal
[ign gazebo-1] [INFO] [1790606451.943080113] [amir1.gripper_controller]: Received & accepted new action goal
[ign gazebo-1] [INFO] [1790606451.943201814] [amir2.gripper_controller]: Received & accepted new action goal
[ign gazebo-1] [INFO] [1790606452.292568965] [amir1.gripper_controller]: Received & accepted new action goal
[ign gazebo-1] [INFO] [1790606452.292697113] [amir2.gripper_controller]: Received & accepted new action goal
[coordinator-39] [INFO] [1790606452.345666443] [cooperative_coordinator]: Payload goal: x=0.236, y=0.000, yaw=-0.000
[ign gazebo-1] [INFO] [1790606452.794213836] [amir1.gripper_controller]: Received & accepted new action goal
[ign gazebo-1] [INFO] [1790606452.794301594] [amir2.gripper_controller]: Received & accepted new action goal
[ign gazebo-1] [INFO] [1790606453.021997162] [amir1.gripper_controller]: Received & accepted new action goal
[ign gazebo-1] [INFO] [1790606453.022128050] [amir2.gripper_controller]: Received & accepted new action goal
[coordinator-39] [INFO] [1790606453.352201541] [cooperative_coordinator]: Payload goal: x=0.236, y=0.000, yaw=-0.000
[ign gazebo-1] [INFO] [1790606453.420182904] [amir1.gripper_controller]: Received & accepted new action goal
[ign gazebo-1] [INFO] [1790606453.420481505] [amir2.gripper_controller]: Received & accepted new action goal
[ign gazebo-1] [INFO] [1790606453.888126689] [amir1.gripper_controller]: Received & accepted new action goal
[ign gazebo-1] [INFO] [1790606453.888219673] [amir2.gripper_controller]: Received & accepted new action goal
[ign gazebo-1] [INFO] [1790606454.183995944] [amir1.gripper_controller]: Received & accepted new action goal
[ign gazebo-1] [INFO] [1790606454.184009613] [amir2.gripper_controller]: Received & accepted new action goal
[coordinator-39] [INFO] [1790606454.363793114] [cooperative_coordinator]: Payload goal: x=0.253, y=0.000, yaw=-0.000
[ign gazebo-1] [INFO] [1790606454.697476234] [amir1.gripper_controller]: Received & accepted new action goal
[ign gazebo-1] [INFO] [1790606454.697548927] [amir2.gripper_controller]: Received & accepted new action goal
[ign gazebo-1] [INFO] [1790606455.300709979] [amir1.gripper_controller]: Received & accepted new action goal
[ign gazebo-1] [INFO] [1790606455.300868991] [amir2.gripper_controller]: Received & accepted new action goal
[coordinator-39] [INFO] [1790606455.378273247] [cooperative_coordinator]: Payload goal: x=0.261, y=0.000, yaw=-0.000
[ign gazebo-1] [INFO] [1790606455.555094937] [amir1.gripper_controller]: Received & accepted new action goal
[ign gazebo-1] [INFO] [1790606455.555224163] [amir2.gripper_controller]: Received & accepted new action goal
[ign gazebo-1] [INFO] [1790606456.003351978] [amir1.gripper_controller]: Received & accepted new action goal
[ign gazebo-1] [INFO] [1790606456.003455505] [amir2.gripper_controller]: Received & accepted new action goal
[coordinator-39] [INFO] [1790606456.378156652] [cooperative_coordinator]: Payload goal: x=0.261, y=0.000, yaw=-0.000
[ign gazebo-1] [INFO] [1790606456.445030086] [amir1.gripper_controller]: Received & accepted new action goal
[ign gazebo-1] [INFO] [1790606456.687088259] [amir1.gripper_controller]: Received & accepted new action goal
[ign gazebo-1] [INFO] [1790606456.687242341] [amir2.gripper_controller]: Received & accepted new action goal
[ign gazebo-1] [INFO] [1790606457.077690547] [amir1.gripper_controller]: Received & accepted new action goal
[ign gazebo-1] [INFO] [1790606457.077831849] [amir2.gripper_controller]: Received & accepted new action goal
[coordinator-39] [INFO] [1790606457.378869993] [cooperative_coordinator]: Payload goal: x=0.261, y=0.000, yaw=-0.000
[ign gazebo-1] [INFO] [1790606457.412858910] [amir1.gripper_controller]: Received & accepted new action goal
[ign gazebo-1] [INFO] [1790606457.412999055] [amir2.gripper_controller]: Received & accepted new action goal
[ign gazebo-1] [INFO] [1790606457.707247405] [amir1.gripper_controller]: Received & accepted new action goal
[ign gazebo-1] [INFO] [1790606457.707274170] [amir2.gripper_controller]: Received & accepted new action goal
[ign gazebo-1] [INFO] [1790606458.187744674] [amir1.gripper_controller]: Received & accepted new action goal
[ign gazebo-1] [INFO] [1790606458.187767243] [amir2.gripper_controller]: Received & accepted new action goal
[coordinator-39] [INFO] [1790606458.400493466] [cooperative_coordinator]: Payload goal: x=0.261, y=0.000, yaw=-0.000
[ign gazebo-1] [INFO] [1790606458.735825888] [amir1.gripper_controller]: Received & accepted new action goal
[ign gazebo-1] [INFO] [1790606458.735910446] [amir2.gripper_controller]: Received & accepted new action goal
[ign gazebo-1] [INFO] [1790606458.912490382] [amir2.gripper_controller]: Received & accepted new action goal
[coordinator-39] [INFO] [1790606459.403380272] [cooperative_coordinator]: Payload goal: x=0.261, y=0.000, yaw=-0.000
[ign gazebo-1] [INFO] [1790606459.700201982] [amir2.gripper_controller]: Received & accepted new action goal
[ign gazebo-1] [INFO] [1790606459.945405709] [amir1.gripper_controller]: Received & accepted new action goal
[ign gazebo-1] [INFO] [1790606459.945533811] [amir2.gripper_controller]: Received & accepted new action goal
[ign gazebo-1] [INFO] [1790606460.396023857] [amir1.gripper_controller]: Received & accepted new action goal
[ign gazebo-1] [INFO] [1790606460.396131725] [amir2.gripper_controller]: Received & accepted new action goal
[coordinator-39] [INFO] [1790606460.418229442] [cooperative_coordinator]: Payload goal: x=0.261, y=0.000, yaw=-0.000
[ign gazebo-1] [INFO] [1790606460.729992053] [amir1.gripper_controller]: Received & accepted new action goal
[ign gazebo-1] [INFO] [1790606460.730095926] [amir2.gripper_controller]: Received & accepted new action goal
[ign gazebo-1] [INFO] [1790606460.965958235] [amir1.gripper_controller]: Received & accepted new action goal
[ign gazebo-1] [INFO] [1790606460.966073381] [amir2.gripper_controller]: Received & accepted new action goal
[ign gazebo-1] [INFO] [1790606461.408021779] [amir1.gripper_controller]: Received & accepted new action goal
[ign gazebo-1] [INFO] [1790606461.408126049] [amir2.gripper_controller]: Received & accepted new action goal
[coordinator-39] [INFO] [1790606461.448083865] [cooperative_coordinator]: Payload goal: x=0.285, y=0.000, yaw=-0.000
[ign gazebo-1] [INFO] [1790606461.975677011] [amir1.gripper_controller]: Received & accepted new action goal
[ign gazebo-1] [INFO] [1790606461.975781794] [amir2.gripper_controller]: Received & accepted new action goal
[ign gazebo-1] [INFO] [1790606462.289216723] [amir1.gripper_controller]: Received & accepted new action goal
[ign gazebo-1] [INFO] [1790606462.289218119] [amir2.gripper_controller]: Received & accepted new action goal
[coordinator-39] [INFO] [1790606462.478396423] [cooperative_coordinator]: Payload goal: x=0.285, y=0.000, yaw=-0.000
[ign gazebo-1] [INFO] [1790606462.841931935] [amir1.gripper_controller]: Received & accepted new action goal
[ign gazebo-1] [INFO] [1790606462.842035376] [amir2.gripper_controller]: Received & accepted new action goal
[ign gazebo-1] [INFO] [1790606463.230471520] [amir1.gripper_controller]: Received & accepted new action goal
[ign gazebo-1] [INFO] [1790606463.230581885] [amir2.gripper_controller]: Received & accepted new action goal
[coordinator-39] [INFO] [1790606463.498333841] [cooperative_coordinator]: Payload goal: x=0.285, y=0.000, yaw=-0.000
[ign gazebo-1] [INFO] [1790606463.688144946] [amir1.gripper_controller]: Received & accepted new action goal
[ign gazebo-1] [INFO] [1790606463.688257081] [amir2.gripper_controller]: Received & accepted new action goal
[ign gazebo-1] [INFO] [1790606464.179039364] [amir1.gripper_controller]: Received & accepted new action goal
[ign gazebo-1] [INFO] [1790606464.431652379] [amir2.gripper_controller]: Received & accepted new action goal
[coordinator-39] [INFO] [1790606464.499982933] [cooperative_coordinator]: Payload goal: x=0.285, y=0.000, yaw=-0.000
[ign gazebo-1] [INFO] [1790606464.846225860] [amir1.gripper_controller]: Received & accepted new action goal
[ign gazebo-1] [INFO] [1790606464.846379697] [amir2.gripper_controller]: Received & accepted new action goal
[ign gazebo-1] [INFO] [1790606465.349911401] [amir1.gripper_controller]: Received & accepted new action goal
[ign gazebo-1] [INFO] [1790606465.349979327] [amir2.gripper_controller]: Received & accepted new action goal
[coordinator-39] [INFO] [1790606465.514669055] [cooperative_coordinator]: Payload goal: x=0.285, y=0.000, yaw=-0.000
[ign gazebo-1] [INFO] [1790606466.056630522] [amir1.gripper_controller]: Received & accepted new action goal
[ign gazebo-1] [INFO] [1790606466.056797413] [amir2.gripper_controller]: Received & accepted new action goal
[ign gazebo-1] [INFO] [1790606466.521609475] [amir1.gripper_controller]: Received & accepted new action goal
[ign gazebo-1] [INFO] [1790606466.521775607] [amir2.gripper_controller]: Received & accepted new action goal
[coordinator-39] [INFO] [1790606466.523390228] [cooperative_coordinator]: Payload goal: x=0.285, y=0.000, yaw=-0.000
[ign gazebo-1] [INFO] [1790606466.754724100] [amir1.gripper_controller]: Received & accepted new action goal
[ign gazebo-1] [INFO] [1790606466.754796041] [amir2.gripper_controller]: Received & accepted new action goal
[ign gazebo-1] [INFO] [1790606467.113584011] [amir1.gripper_controller]: Received & accepted new action goal
[ign gazebo-1] [INFO] [1790606467.113690369] [amir2.gripper_controller]: Received & accepted new action goal
[coordinator-39] [INFO] [1790606467.539674139] [cooperative_coordinator]: Payload goal: x=0.298, y=0.000, yaw=-0.000
[ign gazebo-1] [INFO] [1790606467.612529414] [amir1.gripper_controller]: Received & accepted new action goal
[ign gazebo-1] [INFO] [1790606467.612653203] [amir2.gripper_controller]: Received & accepted new action goal
[ign gazebo-1] [INFO] [1790606467.845306371] [amir1.gripper_controller]: Received & accepted new action goal
[ign gazebo-1] [INFO] [1790606467.845660245] [amir2.gripper_controller]: Received & accepted new action goal
[ign gazebo-1] [INFO] [1790606468.312689571] [amir1.gripper_controller]: Received & accepted new action goal
[ign gazebo-1] [INFO] [1790606468.312748979] [amir2.gripper_controller]: Received & accepted new action goal
[coordinator-39] [INFO] [1790606468.573424344] [cooperative_coordinator]: Payload goal: x=0.309, y=0.000, yaw=-0.000
[ign gazebo-1] [INFO] [1790606468.851832248] [amir1.gripper_controller]: Received & accepted new action goal
[ign gazebo-1] [INFO] [1790606468.852022498] [amir2.gripper_controller]: Received & accepted new action goal
[ign gazebo-1] [INFO] [1790606469.037954913] [amir1.gripper_controller]: Received & accepted new action goal
[ign gazebo-1] [INFO] [1790606469.038168864] [amir2.gripper_controller]: Received & accepted new action goal
[ign gazebo-1] [INFO] [1790606469.492299063] [amir1.gripper_controller]: Received & accepted new action goal
[ign gazebo-1] [INFO] [1790606469.492335680] [amir2.gripper_controller]: Received & accepted new action goal
[coordinator-39] [INFO] [1790606469.579737822] [cooperative_coordinator]: Payload goal: x=0.309, y=0.000, yaw=-0.000
[ign gazebo-1] [INFO] [1790606469.941289939] [amir2.gripper_controller]: Received & accepted new action goal
[ign gazebo-1] [INFO] [1790606470.168825709] [amir1.gripper_controller]: Received & accepted new action goal
[ign gazebo-1] [INFO] [1790606470.168898814] [amir2.gripper_controller]: Received & accepted new action goal
[ign gazebo-1] [INFO] [1790606470.541224278] [amir1.gripper_controller]: Received & accepted new action goal
[ign gazebo-1] [INFO] [1790606470.541293389] [amir2.gripper_controller]: Received & accepted new action goal
[coordinator-39] [INFO] [1790606470.596081810] [cooperative_coordinator]: Payload goal: x=0.309, y=0.000, yaw=-0.000
[ign gazebo-1] [INFO] [1790606471.085170919] [amir1.gripper_controller]: Received & accepted new action goal
[ign gazebo-1] [INFO] [1790606471.085185560] [amir2.gripper_controller]: Received & accepted new action goal
[ign gazebo-1] [INFO] [1790606471.252737139] [amir1.gripper_controller]: Received & accepted new action goal
[ign gazebo-1] [INFO] [1790606471.252780961] [amir2.gripper_controller]: Received & accepted new action goal
[coordinator-39] [INFO] [1790606471.631290238] [cooperative_coordinator]: Payload goal: x=0.309, y=0.000, yaw=-0.000
[ign gazebo-1] [INFO] [1790606471.742276216] [amir1.gripper_controller]: Received & accepted new action goal
[ign gazebo-1] [INFO] [1790606471.742382085] [amir2.gripper_controller]: Received & accepted new action goal
[ign gazebo-1] [INFO] [1790606472.193527605] [amir1.gripper_controller]: Received & accepted new action goal
[ign gazebo-1] [INFO] [1790606472.193686532] [amir2.gripper_controller]: Received & accepted new action goal
[ign gazebo-1] [INFO] [1790606472.444339732] [amir1.gripper_controller]: Received & accepted new action goal
[ign gazebo-1] [INFO] [1790606472.444412155] [amir2.gripper_controller]: Received & accepted new action goal
[coordinator-39] [INFO] [1790606472.637589231] [cooperative_coordinator]: Payload goal: x=0.309, y=0.000, yaw=-0.000
[ign gazebo-1] [INFO] [1790606472.803046657] [amir1.gripper_controller]: Received & accepted new action goal
[ign gazebo-1] [INFO] [1790606472.803084331] [amir2.gripper_controller]: Received & accepted new action goal
[ign gazebo-1] [INFO] [1790606473.129258083] [amir2.gripper_controller]: Received & accepted new action goal
[ign gazebo-1] [INFO] [1790606473.256985583] [amir2.gripper_controller]: Received & accepted new action goal
[ign gazebo-1] [INFO] [1790606473.652050944] [amir1.gripper_controller]: Received & accepted new action goal
[ign gazebo-1] [INFO] [1790606473.652171752] [amir2.gripper_controller]: Received & accepted new action goal
[coordinator-39] [INFO] [1790606473.652666829] [cooperative_coordinator]: Payload goal: x=0.318, y=0.000, yaw=-0.000
[ign gazebo-1] [INFO] [1790606474.011344496] [amir1.gripper_controller]: Received & accepted new action goal
[ign gazebo-1] [INFO] [1790606474.011528544] [amir2.gripper_controller]: Received & accepted new action goal
[ign gazebo-1] [INFO] [1790606474.177249819] [amir1.gripper_controller]: Received & accepted new action goal
[ign gazebo-1] [INFO] [1790606474.177348613] [amir2.gripper_controller]: Received & accepted new action goal
[ign gazebo-1] [INFO] [1790606474.602036128] [amir1.gripper_controller]: Received & accepted new action goal
[ign gazebo-1] [INFO] [1790606474.602194211] [amir2.gripper_controller]: Received & accepted new action goal
[coordinator-39] [INFO] [1790606474.676277311] [cooperative_coordinator]: Payload goal: x=0.333, y=0.000, yaw=-0.000
[ign gazebo-1] [INFO] [1790606475.029090454] [amir1.gripper_controller]: Received & accepted new action goal
[ign gazebo-1] [INFO] [1790606475.029169711] [amir2.gripper_controller]: Received & accepted new action goal
[ign gazebo-1] [INFO] [1790606475.286984539] [amir1.gripper_controller]: Received & accepted new action goal
[ign gazebo-1] [INFO] [1790606475.287092414] [amir2.gripper_controller]: Received & accepted new action goal
[coordinator-39] [INFO] [1790606475.699916546] [cooperative_coordinator]: Payload goal: x=0.333, y=0.000, yaw=-0.000
[ign gazebo-1] [INFO] [1790606475.743002200] [amir1.gripper_controller]: Received & accepted new action goal
[ign gazebo-1] [INFO] [1790606475.743093939] [amir2.gripper_controller]: Received & accepted new action goal
[ign gazebo-1] [INFO] [1790606476.208677699] [amir1.gripper_controller]: Received & accepted new action goal
[ign gazebo-1] [INFO] [1790606476.208723194] [amir2.gripper_controller]: Received & accepted new action goal
[ign gazebo-1] [INFO] [1790606476.445824829] [amir1.gripper_controller]: Received & accepted new action goal
[ign gazebo-1] [INFO] [1790606476.445949679] [amir2.gripper_controller]: Received & accepted new action goal
[coordinator-39] [INFO] [1790606476.715707313] [cooperative_coordinator]: Payload goal: x=0.333, y=0.000, yaw=-0.000
[ign gazebo-1] [INFO] [1790606476.930740980] [amir1.gripper_controller]: Received & accepted new action goal
[ign gazebo-1] [INFO] [1790606476.930854096] [amir2.gripper_controller]: Received & accepted new action goal
[ign gazebo-1] [INFO] [1790606477.444168763] [amir1.gripper_controller]: Received & accepted new action goal
[ign gazebo-1] [INFO] [1790606477.444208399] [amir2.gripper_controller]: Received & accepted new action goal
[ign gazebo-1] [INFO] [1790606477.633420114] [amir1.gripper_controller]: Received & accepted new action goal
[ign gazebo-1] [INFO] [1790606477.633461376] [amir2.gripper_controller]: Received & accepted new action goal
[coordinator-39] [INFO] [1790606477.717955658] [cooperative_coordinator]: Payload goal: x=0.333, y=0.000, yaw=-0.000
[ign gazebo-1] [INFO] [1790606478.567345476] [amir1.gripper_controller]: Received & accepted new action goal
[ign gazebo-1] [INFO] [1790606478.567364531] [amir2.gripper_controller]: Received & accepted new action goal
[coordinator-39] [INFO] [1790606478.736544648] [cooperative_coordinator]: Payload goal: x=0.333, y=0.000, yaw=-0.000
[ign gazebo-1] [INFO] [1790606478.822713783] [amir1.gripper_controller]: Received & accepted new action goal
[ign gazebo-1] [INFO] [1790606478.822864489] [amir2.gripper_controller]: Received & accepted new action goal
[ign gazebo-1] [INFO] [1790606479.275696049] [amir1.gripper_controller]: Received & accepted new action goal
[ign gazebo-1] [INFO] [1790606479.275855309] [amir2.gripper_controller]: Received & accepted new action goal
[ign gazebo-1] [INFO] [1790606479.674141600] [amir1.gripper_controller]: Received & accepted new action goal
[ign gazebo-1] [INFO] [1790606479.675113069] [amir2.gripper_controller]: Received & accepted new action goal
[coordinator-39] [INFO] [1790606479.751684865] [cooperative_coordinator]: Payload goal: x=0.334, y=0.000, yaw=-0.000
[ign gazebo-1] [INFO] [1790606479.892877740] [amir1.gripper_controller]: Received & accepted new action goal
[ign gazebo-1] [INFO] [1790606479.893100221] [amir2.gripper_controller]: Received & accepted new action goal
[ign gazebo-1] [INFO] [1790606480.368329249] [amir1.gripper_controller]: Received & accepted new action goal
[ign gazebo-1] [INFO] [1790606480.368423419] [amir2.gripper_controller]: Received & accepted new action goal
[coordinator-39] [INFO] [1790606480.765202132] [cooperative_coordinator]: Payload goal: x=0.354, y=0.000, yaw=-0.000
[ign gazebo-1] [INFO] [1790606480.884850879] [amir1.gripper_controller]: Received & accepted new action goal
[ign gazebo-1] [INFO] [1790606480.884950616] [amir2.gripper_controller]: Received & accepted new action goal
[ign gazebo-1] [INFO] [1790606481.089823555] [amir1.gripper_controller]: Received & accepted new action goal
[ign gazebo-1] [INFO] [1790606481.089948374] [amir2.gripper_controller]: Received & accepted new action goal
[ign gazebo-1] [INFO] [1790606481.455925517] [amir1.gripper_controller]: Received & accepted new action goal
[ign gazebo-1] [INFO] [1790606481.456049495] [amir2.gripper_controller]: Received & accepted new action goal
[coordinator-39] [INFO] [1790606481.774256965] [cooperative_coordinator]: Payload goal: x=0.357, y=0.000, yaw=-0.000
[ign gazebo-1] [INFO] [1790606481.789663777] [amir2.gripper_controller]: Received & accepted new action goal
[ign gazebo-1] [INFO] [1790606482.018142575] [amir2.gripper_controller]: Received & accepted new action goal
[ign gazebo-1] [INFO] [1790606482.404854605] [amir1.gripper_controller]: Received & accepted new action goal
[coordinator-39] [INFO] [1790606482.784493535] [cooperative_coordinator]: Payload goal: x=0.357, y=0.000, yaw=-0.000
[ign gazebo-1] [INFO] [1790606482.795041595] [amir1.gripper_controller]: Received & accepted new action goal
[ign gazebo-1] [INFO] [1790606482.795159691] [amir2.gripper_controller]: Received & accepted new action goal
[ign gazebo-1] [INFO] [1790606482.962592521] [amir2.gripper_controller]: Received & accepted new action goal
[ign gazebo-1] [INFO] [1790606483.416619112] [amir1.gripper_controller]: Received & accepted new action goal
[ign gazebo-1] [INFO] [1790606483.416725321] [amir2.gripper_controller]: Received & accepted new action goal
[coordinator-39] [INFO] [1790606483.821499456] [cooperative_coordinator]: Payload goal: x=0.357, y=0.000, yaw=-0.000
[ign gazebo-1] [INFO] [1790606483.836872497] [amir1.gripper_controller]: Received & accepted new action goal
[ign gazebo-1] [INFO] [1790606483.836917171] [amir2.gripper_controller]: Received & accepted new action goal
[ign gazebo-1] [INFO] [1790606484.058594380] [amir1.gripper_controller]: Received & accepted new action goal
[ign gazebo-1] [INFO] [1790606484.058617610] [amir2.gripper_controller]: Received & accepted new action goal
[ign gazebo-1] [INFO] [1790606484.503244887] [amir1.gripper_controller]: Received & accepted new action goal
[ign gazebo-1] [INFO] [1790606484.503309770] [amir2.gripper_controller]: Received & accepted new action goal
[coordinator-39] [INFO] [1790606484.839436251] [cooperative_coordinator]: Payload goal: x=0.357, y=0.000, yaw=-0.000
[ign gazebo-1] [INFO] [1790606484.917452450] [amir1.gripper_controller]: Received & accepted new action goal
[ign gazebo-1] [INFO] [1790606484.917577364] [amir2.gripper_controller]: Received & accepted new action goal
[ign gazebo-1] [INFO] [1790606485.153811689] [amir1.gripper_controller]: Received & accepted new action goal
[ign gazebo-1] [INFO] [1790606485.153896045] [amir2.gripper_controller]: Received & accepted new action goal
[ign gazebo-1] [INFO] [1790606485.488212874] [amir1.gripper_controller]: Received & accepted new action goal
[ign gazebo-1] [INFO] [1790606485.488292049] [amir2.gripper_controller]: Received & accepted new action goal
[coordinator-39] [INFO] [1790606485.869130713] [cooperative_coordinator]: Payload goal: x=0.359, y=0.000, yaw=-0.000
[ign gazebo-1] [INFO] [1790606485.883745186] [amir2.gripper_controller]: Received & accepted new action goal
[ign gazebo-1] [INFO] [1790606486.093807957] [amir1.gripper_controller]: Received & accepted new action goal
[ign gazebo-1] [INFO] [1790606486.093851092] [amir2.gripper_controller]: Received & accepted new action goal
[ign gazebo-1] [INFO] [1790606486.545996986] [amir1.gripper_controller]: Received & accepted new action goal
[ign gazebo-1] [INFO] [1790606486.546104936] [amir2.gripper_controller]: Received & accepted new action goal
[coordinator-39] [INFO] [1790606486.890553586] [cooperative_coordinator]: Payload goal: x=0.381, y=0.000, yaw=-0.000
[ign gazebo-1] [INFO] [1790606487.074725801] [amir1.gripper_controller]: Received & accepted new action goal
[ign gazebo-1] [INFO] [1790606487.075026014] [amir2.gripper_controller]: Received & accepted new action goal
[ign gazebo-1] [INFO] [1790606487.272241684] [amir1.gripper_controller]: Received & accepted new action goal
[ign gazebo-1] [INFO] [1790606487.272333206] [amir2.gripper_controller]: Received & accepted new action goal
[ign gazebo-1] [INFO] [1790606487.795828988] [amir1.gripper_controller]: Received & accepted new action goal
[ign gazebo-1] [INFO] [1790606487.795929402] [amir2.gripper_controller]: Received & accepted new action goal
[coordinator-39] [INFO] [1790606487.924616066] [cooperative_coordinator]: Payload goal: x=0.382, y=0.000, yaw=-0.000
[ign gazebo-1] [INFO] [1790606488.385318130] [amir1.gripper_controller]: Received & accepted new action goal
[ign gazebo-1] [INFO] [1790606488.385487002] [amir2.gripper_controller]: Received & accepted new action goal
[ign gazebo-1] [INFO] [1790606488.656050216] [amir1.gripper_controller]: Received & accepted new action goal
[ign gazebo-1] [INFO] [1790606488.656205927] [amir2.gripper_controller]: Received & accepted new action goal
[coordinator-39] [INFO] [1790606488.933557611] [cooperative_coordinator]: Payload goal: x=0.382, y=0.000, yaw=-0.000
[ign gazebo-1] [INFO] [1790606489.172067457] [amir1.gripper_controller]: Received & accepted new action goal
[ign gazebo-1] [INFO] [1790606489.172202505] [amir2.gripper_controller]: Received & accepted new action goal
[ign gazebo-1] [INFO] [1790606489.543511385] [amir1.gripper_controller]: Received & accepted new action goal
[ign gazebo-1] [INFO] [1790606489.543756268] [amir2.gripper_controller]: Received & accepted new action goal
[ign gazebo-1] [INFO] [1790606489.750787396] [amir2.gripper_controller]: Received & accepted new action goal
[coordinator-39] [INFO] [1790606489.951068208] [cooperative_coordinator]: Payload goal: x=0.382, y=0.000, yaw=-0.000
[ign gazebo-1] [INFO] [1790606490.033509733] [amir2.gripper_controller]: Received & accepted new action goal
[ign gazebo-1] [INFO] [1790606490.277105151] [amir2.gripper_controller]: Received & accepted new action goal
[ign gazebo-1] [INFO] [1790606490.452583163] [amir2.gripper_controller]: Received & accepted new action goal
[coordinator-39] [INFO] [1790606490.955250577] [cooperative_coordinator]: Payload goal: x=0.382, y=0.000, yaw=-0.000
[ign gazebo-1] [INFO] [1790606491.375200436] [amir1.gripper_controller]: Received & accepted new action goal
[ign gazebo-1] [INFO] [1790606491.375361804] [amir2.gripper_controller]: Received & accepted new action goal
[ign gazebo-1] [INFO] [1790606491.583705781] [amir1.gripper_controller]: Received & accepted new action goal
[ign gazebo-1] [INFO] [1790606491.583874855] [amir2.gripper_controller]: Received & accepted new action goal
[coordinator-39] [INFO] [1790606491.955675910] [cooperative_coordinator]: Payload goal: x=0.382, y=0.000, yaw=-0.000
[ign gazebo-1] [INFO] [1790606491.999901139] [amir1.gripper_controller]: Received & accepted new action goal
[ign gazebo-1] [INFO] [1790606492.000039545] [amir2.gripper_controller]: Received & accepted new action goal
[ign gazebo-1] [INFO] [1790606492.435809090] [amir1.gripper_controller]: Received & accepted new action goal
[ign gazebo-1] [INFO] [1790606492.435968481] [amir2.gripper_controller]: Received & accepted new action goal
[ign gazebo-1] [INFO] [1790606492.662759086] [amir1.gripper_controller]: Received & accepted new action goal
[ign gazebo-1] [INFO] [1790606492.662833210] [amir2.gripper_controller]: Received & accepted new action goal
[coordinator-39] [INFO] [1790606492.964100404] [cooperative_coordinator]: Payload goal: x=0.396, y=0.000, yaw=-0.000
[ign gazebo-1] [INFO] [1790606493.151770094] [amir1.gripper_controller]: Received & accepted new action goal
[ign gazebo-1] [INFO] [1790606493.151854360] [amir2.gripper_controller]: Received & accepted new action goal
[ign gazebo-1] [INFO] [1790606493.548988269] [amir1.gripper_controller]: Received & accepted new action goal
[ign gazebo-1] [INFO] [1790606493.549254528] [amir2.gripper_controller]: Received & accepted new action goal
[ign gazebo-1] [INFO] [1790606493.796158443] [amir1.gripper_controller]: Received & accepted new action goal
[ign gazebo-1] [INFO] [1790606493.796290439] [amir2.gripper_controller]: Received & accepted new action goal
[coordinator-39] [INFO] [1790606493.969595164] [cooperative_coordinator]: Payload goal: x=0.406, y=0.000, yaw=-0.000
[ign gazebo-1] [INFO] [1790606494.305405355] [amir1.gripper_controller]: Received & accepted new action goal
[ign gazebo-1] [INFO] [1790606494.305524577] [amir2.gripper_controller]: Received & accepted new action goal
[ign gazebo-1] [INFO] [1790606494.816735164] [amir1.gripper_controller]: Received & accepted new action goal
[ign gazebo-1] [INFO] [1790606494.816758759] [amir2.gripper_controller]: Received & accepted new action goal
[coordinator-39] [INFO] [1790606494.987315623] [cooperative_coordinator]: Payload goal: x=0.406, y=0.000, yaw=-0.000
[ign gazebo-1] [INFO] [1790606495.110762368] [amir1.gripper_controller]: Received & accepted new action goal
[ign gazebo-1] [INFO] [1790606495.110847130] [amir2.gripper_controller]: Received & accepted new action goal
[ign gazebo-1] [INFO] [1790606495.599739738] [amir2.gripper_controller]: Received & accepted new action goal
[ign gazebo-1] [INFO] [1790606495.599760866] [amir1.gripper_controller]: Received & accepted new action goal
[coordinator-39] [INFO] [1790606495.992567448] [cooperative_coordinator]: Payload goal: x=0.406, y=0.000, yaw=-0.000
[ign gazebo-1] [INFO] [1790606496.064276577] [amir1.gripper_controller]: Received & accepted new action goal
[ign gazebo-1] [INFO] [1790606496.064425642] [amir2.gripper_controller]: Received & accepted new action goal
[ign gazebo-1] [INFO] [1790606496.251270012] [amir1.gripper_controller]: Received & accepted new action goal
[ign gazebo-1] [INFO] [1790606496.251347351] [amir2.gripper_controller]: Received & accepted new action goal
[ign gazebo-1] [INFO] [1790606496.718811327] [amir1.gripper_controller]: Received & accepted new action goal
[ign gazebo-1] [INFO] [1790606496.718902896] [amir2.gripper_controller]: Received & accepted new action goal
[coordinator-39] [INFO] [1790606496.998478750] [cooperative_coordinator]: Payload goal: x=0.406, y=0.000, yaw=-0.000
[ign gazebo-1] [INFO] [1790606497.066574325] [amir1.gripper_controller]: Received & accepted new action goal
[ign gazebo-1] [INFO] [1790606497.066616144] [amir2.gripper_controller]: Received & accepted new action goal
[ign gazebo-1] [INFO] [1790606497.271376777] [amir1.gripper_controller]: Received & accepted new action goal
[ign gazebo-1] [INFO] [1790606497.271525384] [amir2.gripper_controller]: Received & accepted new action goal
[ign gazebo-1] [INFO] [1790606497.777759855] [amir1.gripper_controller]: Received & accepted new action goal
[ign gazebo-1] [INFO] [1790606497.777986076] [amir2.gripper_controller]: Received & accepted new action goal
[coordinator-39] [INFO] [1790606498.007775060] [cooperative_coordinator]: Payload goal: x=0.406, y=0.000, yaw=-0.000
[ign gazebo-1] [INFO] [1790606498.255365404] [amir1.gripper_controller]: Received & accepted new action goal
[ign gazebo-1] [INFO] [1790606498.255427293] [amir2.gripper_controller]: Received & accepted new action goal
[ign gazebo-1] [INFO] [1790606498.509792623] [amir1.gripper_controller]: Received & accepted new action goal
[ign gazebo-1] [INFO] [1790606498.509911331] [amir2.gripper_controller]: Received & accepted new action goal
[ign gazebo-1] [INFO] [1790606499.008142468] [amir1.gripper_controller]: Received & accepted new action goal
[ign gazebo-1] [INFO] [1790606499.008659847] [amir2.gripper_controller]: Received & accepted new action goal
[coordinator-39] [INFO] [1790606499.010204314] [cooperative_coordinator]: Payload goal: x=0.406, y=0.000, yaw=-0.000
[ign gazebo-1] [INFO] [1790606499.494490190] [amir1.gripper_controller]: Received & accepted new action goal
[ign gazebo-1] [INFO] [1790606499.494568861] [amir2.gripper_controller]: Received & accepted new action goal
[ign gazebo-1] [INFO] [1790606499.751428544] [amir1.gripper_controller]: Received & accepted new action goal
[ign gazebo-1] [INFO] [1790606499.751545887] [amir2.gripper_controller]: Received & accepted new action goal
[coordinator-39] [INFO] [1790606500.012168701] [cooperative_coordinator]: Payload goal: x=0.425, y=0.000, yaw=-0.000
[ign gazebo-1] [INFO] [1790606500.205706925] [amir1.gripper_controller]: Received & accepted new action goal
[ign gazebo-1] [INFO] [1790606500.205781564] [amir2.gripper_controller]: Received & accepted new action goal
[ign gazebo-1] [INFO] [1790606500.462238230] [amir2.gripper_controller]: Received & accepted new action goal
[ign gazebo-1] [INFO] [1790606500.620518984] [amir2.gripper_controller]: Received & accepted new action goal
[coordinator-39] [INFO] [1790606501.021599883] [cooperative_coordinator]: Payload goal: x=0.431, y=0.000, yaw=-0.000
[ign gazebo-1] [INFO] [1790606501.043957616] [amir2.gripper_controller]: Received & accepted new action goal
[ign gazebo-1] [INFO] [1790606501.627077938] [amir2.gripper_controller]: Received & accepted new action goal
[ign gazebo-1] [INFO] [1790606501.839995060] [amir2.gripper_controller]: Received & accepted new action goal
[coordinator-39] [INFO] [1790606502.048903259] [cooperative_coordinator]: Payload goal: x=0.431, y=0.000, yaw=-0.000
[ign gazebo-1] [INFO] [1790606502.338146978] [amir2.gripper_controller]: Received & accepted new action goal
[ign gazebo-1] [INFO] [1790606502.848233524] [amir1.gripper_controller]: Received & accepted new action goal
[coordinator-39] [INFO] [1790606503.080151305] [cooperative_coordinator]: Payload goal: x=0.431, y=0.000, yaw=-0.000
[coordinator-39] [INFO] [1790606504.083831997] [cooperative_coordinator]: Payload goal: x=0.431, y=0.000, yaw=-0.000
[ign gazebo-1] [INFO] [1790606504.131278616] [amir1.gripper_controller]: Received & accepted new action goal
[ign gazebo-1] [INFO] [1790606504.131361707] [amir2.gripper_controller]: Received & accepted new action goal
[ign gazebo-1] [INFO] [1790606504.393070015] [amir2.gripper_controller]: Received & accepted new action goal
[ign gazebo-1] [INFO] [1790606504.395361314] [amir1.gripper_controller]: Received & accepted new action goal
[ign gazebo-1] [INFO] [1790606504.790572836] [amir1.gripper_controller]: Received & accepted new action goal
[ign gazebo-1] [INFO] [1790606504.790673317] [amir2.gripper_controller]: Received & accepted new action goal
[coordinator-39] [INFO] [1790606505.089544456] [cooperative_coordinator]: Payload goal: x=0.431, y=0.000, yaw=-0.000
[ign gazebo-1] [INFO] [1790606505.290988012] [amir1.gripper_controller]: Received & accepted new action goal
[ign gazebo-1] [INFO] [1790606505.291132277] [amir2.gripper_controller]: Received & accepted new action goal
[ign gazebo-1] [INFO] [1790606505.555392489] [amir1.gripper_controller]: Received & accepted new action goal
[ign gazebo-1] [INFO] [1790606505.555457699] [amir2.gripper_controller]: Received & accepted new action goal
[ign gazebo-1] [INFO] [1790606505.892009950] [amir1.gripper_controller]: Received & accepted new action goal
[ign gazebo-1] [INFO] [1790606505.892209546] [amir2.gripper_controller]: Received & accepted new action goal
[coordinator-39] [INFO] [1790606506.095310665] [cooperative_coordinator]: Payload goal: x=0.436, y=0.000, yaw=-0.000
[ign gazebo-1] [INFO] [1790606506.358603772] [amir2.gripper_controller]: Received & accepted new action goal
[ign gazebo-1] [INFO] [1790606506.578189016] [amir1.gripper_controller]: Received & accepted new action goal
[ign gazebo-1] [INFO] [1790606506.578293064] [amir2.gripper_controller]: Received & accepted new action goal
[ign gazebo-1] [INFO] [1790606507.029059623] [amir1.gripper_controller]: Received & accepted new action goal
[ign gazebo-1] [INFO] [1790606507.029180767] [amir2.gripper_controller]: Received & accepted new action goal
[coordinator-39] [INFO] [1790606507.104251094] [cooperative_coordinator]: Payload goal: x=0.455, y=0.000, yaw=-0.000
[ign gazebo-1] [INFO] [1790606507.501881754] [amir1.gripper_controller]: Received & accepted new action goal
[ign gazebo-1] [INFO] [1790606507.501934885] [amir2.gripper_controller]: Received & accepted new action goal
[ign gazebo-1] [INFO] [1790606507.735272829] [amir1.gripper_controller]: Received & accepted new action goal
[ign gazebo-1] [INFO] [1790606507.735328863] [amir2.gripper_controller]: Received & accepted new action goal
[coordinator-39] [INFO] [1790606508.128148773] [cooperative_coordinator]: Payload goal: x=0.455, y=0.000, yaw=-0.000
[ign gazebo-1] [INFO] [1790606508.245615421] [amir1.gripper_controller]: Received & accepted new action goal
[ign gazebo-1] [INFO] [1790606508.245864577] [amir2.gripper_controller]: Received & accepted new action goal
[ign gazebo-1] [INFO] [1790606508.606660511] [amir1.gripper_controller]: Received & accepted new action goal
[ign gazebo-1] [INFO] [1790606508.606944634] [amir2.gripper_controller]: Received & accepted new action goal
[coordinator-39] [INFO] [1790606509.144134052] [cooperative_coordinator]: Payload goal: x=0.455, y=0.000, yaw=-0.000
[ign gazebo-1] [INFO] [1790606509.350703937] [amir1.gripper_controller]: Received & accepted new action goal
[ign gazebo-1] [INFO] [1790606509.350848520] [amir2.gripper_controller]: Received & accepted new action goal
[ign gazebo-1] [INFO] [1790606509.824944241] [amir1.gripper_controller]: Received & accepted new action goal
[ign gazebo-1] [INFO] [1790606509.825049936] [amir2.gripper_controller]: Received & accepted new action goal
[ign gazebo-1] [INFO] [1790606509.952168620] [amir2.gripper_controller]: Received & accepted new action goal
[ign gazebo-1] [INFO] [1790606509.952170655] [amir1.gripper_controller]: Received & accepted new action goal
[coordinator-39] [INFO] [1790606510.150556500] [cooperative_coordinator]: Payload goal: x=0.455, y=0.000, yaw=-0.000
[ign gazebo-1] [INFO] [1790606510.302755993] [amir1.gripper_controller]: Received & accepted new action goal
[ign gazebo-1] [INFO] [1790606510.302852573] [amir2.gripper_controller]: Received & accepted new action goal
[ign gazebo-1] [INFO] [1790606510.641575638] [amir1.gripper_controller]: Received & accepted new action goal
[ign gazebo-1] [INFO] [1790606510.641645317] [amir2.gripper_controller]: Received & accepted new action goal
[ign gazebo-1] [INFO] [1790606510.785640763] [amir1.gripper_controller]: Received & accepted new action goal
[ign gazebo-1] [INFO] [1790606510.785692932] [amir2.gripper_controller]: Received & accepted new action goal
[coordinator-39] [INFO] [1790606511.160133262] [cooperative_coordinator]: Payload goal: x=0.455, y=0.000, yaw=-0.000
[ign gazebo-1] [INFO] [1790606511.228033118] [amir1.gripper_controller]: Received & accepted new action goal
[ign gazebo-1] [INFO] [1790606511.228107863] [amir2.gripper_controller]: Received & accepted new action goal
[ign gazebo-1] [INFO] [1790606511.595450150] [amir1.gripper_controller]: Received & accepted new action goal
[ign gazebo-1] [INFO] [1790606511.595517695] [amir2.gripper_controller]: Received & accepted new action goal
[ign gazebo-1] [INFO] [1790606511.811799032] [amir1.gripper_controller]: Received & accepted new action goal
[ign gazebo-1] [INFO] [1790606511.812102503] [amir2.gripper_controller]: Received & accepted new action goal
[coordinator-39] [INFO] [1790606512.167728595] [cooperative_coordinator]: Payload goal: x=0.458, y=0.000, yaw=-0.000
[ign gazebo-1] [INFO] [1790606512.257412765] [amir1.gripper_controller]: Received & accepted new action goal
[ign gazebo-1] [INFO] [1790606512.257474424] [amir2.gripper_controller]: Received & accepted new action goal
[ign gazebo-1] [INFO] [1790606512.812152626] [amir1.gripper_controller]: Received & accepted new action goal
[ign gazebo-1] [INFO] [1790606512.812235015] [amir2.gripper_controller]: Received & accepted new action goal
[ign gazebo-1] [INFO] [1790606513.040646573] [amir1.gripper_controller]: Received & accepted new action goal
[ign gazebo-1] [INFO] [1790606513.040663660] [amir2.gripper_controller]: Received & accepted new action goal
[coordinator-39] [INFO] [1790606513.181206300] [cooperative_coordinator]: Payload goal: x=0.474, y=0.000, yaw=-0.000
[ign gazebo-1] [INFO] [1790606513.356963551] [amir1.gripper_controller]: Received & accepted new action goal
[friction_grasp_manager-34] [WARN] [1790606513.357569149] [friction_grasp_manager]: amir2 finger force above 26.0 N; backing off.
[ign gazebo-1] [INFO] [1790606513.357846066] [amir2.gripper_controller]: Received & accepted new action goal
[ign gazebo-1] [INFO] [1790606513.654546009] [amir1.gripper_controller]: Received & accepted new action goal
[ign gazebo-1] [INFO] [1790606513.654589548] [amir2.gripper_controller]: Received & accepted new action goal
[ign gazebo-1] [INFO] [1790606513.855554821] [amir1.gripper_controller]: Received & accepted new action goal
[ign gazebo-1] [INFO] [1790606513.855559848] [amir2.gripper_controller]: Received & accepted new action goal
[coordinator-39] [INFO] [1790606514.189311522] [cooperative_coordinator]: Payload goal: x=0.481, y=0.000, yaw=-0.000
[ign gazebo-1] [INFO] [1790606514.199372061] [amir1.gripper_controller]: Received & accepted new action goal
[ign gazebo-1] [INFO] [1790606514.199404062] [amir2.gripper_controller]: Received & accepted new action goal
[ign gazebo-1] [INFO] [1790606514.651744288] [amir1.gripper_controller]: Received & accepted new action goal
[ign gazebo-1] [INFO] [1790606514.651865088] [amir2.gripper_controller]: Received & accepted new action goal
[ign gazebo-1] [INFO] [1790606514.892524360] [amir1.gripper_controller]: Received & accepted new action goal
[ign gazebo-1] [INFO] [1790606514.892617872] [amir2.gripper_controller]: Received & accepted new action goal
[coordinator-39] [INFO] [1790606515.197518179] [cooperative_coordinator]: Payload goal: x=0.481, y=0.000, yaw=-0.000
[friction_grasp_manager-34] [WARN] [1790606515.369060813] [friction_grasp_manager]: amir1 finger force above 26.0 N; backing off.
[ign gazebo-1] [INFO] [1790606515.369306560] [amir1.gripper_controller]: Received & accepted new action goal
[ign gazebo-1] [INFO] [1790606515.369800872] [amir2.gripper_controller]: Received & accepted new action goal
[ign gazebo-1] [INFO] [1790606515.721928517] [amir1.gripper_controller]: Received & accepted new action goal
[ign gazebo-1] [INFO] [1790606515.722038223] [amir2.gripper_controller]: Received & accepted new action goal
[ign gazebo-1] [INFO] [1790606515.934582009] [amir1.gripper_controller]: Received & accepted new action goal
[ign gazebo-1] [INFO] [1790606515.934673951] [amir2.gripper_controller]: Received & accepted new action goal
[coordinator-39] [INFO] [1790606516.206601276] [cooperative_coordinator]: Payload goal: x=0.481, y=0.000, yaw=-0.000
[ign gazebo-1] [INFO] [1790606516.246691155] [amir1.gripper_controller]: Received & accepted new action goal
[ign gazebo-1] [INFO] [1790606516.246878993] [amir2.gripper_controller]: Received & accepted new action goal
[ign gazebo-1] [INFO] [1790606516.754607096] [amir1.gripper_controller]: Received & accepted new action goal
[ign gazebo-1] [INFO] [1790606516.754888928] [amir2.gripper_controller]: Received & accepted new action goal
[ign gazebo-1] [INFO] [1790606516.985702732] [amir1.gripper_controller]: Received & accepted new action goal
[ign gazebo-1] [INFO] [1790606516.985787509] [amir2.gripper_controller]: Received & accepted new action goal
[coordinator-39] [INFO] [1790606517.245405410] [cooperative_coordinator]: Payload goal: x=0.481, y=0.000, yaw=-0.000
[ign gazebo-1] [INFO] [1790606517.505344791] [amir1.gripper_controller]: Received & accepted new action goal
[ign gazebo-1] [INFO] [1790606517.505491090] [amir2.gripper_controller]: Received & accepted new action goal
[ign gazebo-1] [INFO] [1790606517.869928714] [amir1.gripper_controller]: Received & accepted new action goal
[ign gazebo-1] [INFO] [1790606517.870041963] [amir2.gripper_controller]: Received & accepted new action goal
[ign gazebo-1] [INFO] [1790606518.069815944] [amir1.gripper_controller]: Received & accepted new action goal
[ign gazebo-1] [INFO] [1790606518.070186738] [amir2.gripper_controller]: Received & accepted new action goal
[coordinator-39] [INFO] [1790606518.247031638] [cooperative_coordinator]: Payload goal: x=0.481, y=0.000, yaw=-0.000
[ign gazebo-1] [INFO] [1790606518.465870979] [amir1.gripper_controller]: Received & accepted new action goal
[ign gazebo-1] [INFO] [1790606518.466069171] [amir2.gripper_controller]: Received & accepted new action goal
[ign gazebo-1] [INFO] [1790606518.921691801] [amir1.gripper_controller]: Received & accepted new action goal
[ign gazebo-1] [INFO] [1790606518.921813450] [amir2.gripper_controller]: Received & accepted new action goal
[ign gazebo-1] [INFO] [1790606519.144783085] [amir1.gripper_controller]: Received & accepted new action goal
[ign gazebo-1] [INFO] [1790606519.144848697] [amir2.gripper_controller]: Received & accepted new action goal
[coordinator-39] [INFO] [1790606519.260677504] [cooperative_coordinator]: Payload goal: x=0.489, y=0.000, yaw=-0.000
[ign gazebo-1] [INFO] [1790606519.629198840] [amir1.gripper_controller]: Received & accepted new action goal
[ign gazebo-1] [INFO] [1790606519.629268234] [amir2.gripper_controller]: Received & accepted new action goal
[ign gazebo-1] [INFO] [1790606520.110366707] [amir1.gripper_controller]: Received & accepted new action goal
[ign gazebo-1] [INFO] [1790606520.110541379] [amir2.gripper_controller]: Received & accepted new action goal
[coordinator-39] [INFO] [1790606520.276663397] [cooperative_coordinator]: Payload goal: x=0.497, y=0.000, yaw=-0.000
[ign gazebo-1] [INFO] [1790606520.356818254] [amir1.gripper_controller]: Received & accepted new action goal
[ign gazebo-1] [INFO] [1790606520.356927505] [amir2.gripper_controller]: Received & accepted new action goal
[ign gazebo-1] [INFO] [1790606520.884880299] [amir1.gripper_controller]: Received & accepted new action goal
[ign gazebo-1] [INFO] [1790606520.884928735] [amir2.gripper_controller]: Received & accepted new action goal
[coordinator-39] [INFO] [1790606521.286875659] [cooperative_coordinator]: Payload goal: x=0.500, y=0.000, yaw=-0.000
[ign gazebo-1] [INFO] [1790606521.298384196] [amir1.gripper_controller]: Received & accepted new action goal
[ign gazebo-1] [INFO] [1790606521.298499912] [amir2.gripper_controller]: Received & accepted new action goal
[ign gazebo-1] [INFO] [1790606521.507181730] [amir1.gripper_controller]: Received & accepted new action goal
[ign gazebo-1] [INFO] [1790606521.507313207] [amir2.gripper_controller]: Received & accepted new action goal
[ign gazebo-1] [INFO] [1790606521.992015404] [amir1.gripper_controller]: Received & accepted new action goal
[ign gazebo-1] [INFO] [1790606521.992104569] [amir2.gripper_controller]: Received & accepted new action goal
[coordinator-39] [INFO] [1790606522.300260032] [cooperative_coordinator]: Payload goal: x=0.500, y=0.000, yaw=-0.000
[ign gazebo-1] [INFO] [1790606522.564025000] [amir1.gripper_controller]: Received & accepted new action goal
[ign gazebo-1] [INFO] [1790606522.564527859] [amir2.gripper_controller]: Received & accepted new action goal
[ign gazebo-1] [INFO] [1790606522.801115547] [amir1.gripper_controller]: Received & accepted new action goal
[ign gazebo-1] [INFO] [1790606522.801191679] [amir2.gripper_controller]: Received & accepted new action goal
[ign gazebo-1] [INFO] [1790606523.296684398] [amir1.gripper_controller]: Received & accepted new action goal
[ign gazebo-1] [INFO] [1790606523.296744216] [amir2.gripper_controller]: Received & accepted new action goal
[coordinator-39] [INFO] [1790606523.322996701] [cooperative_coordinator]: Payload goal: x=0.500, y=0.000, yaw=-0.000
[ign gazebo-1] [INFO] [1790606523.648882590] [amir1.gripper_controller]: Received & accepted new action goal
[ign gazebo-1] [INFO] [1790606523.648905768] [amir2.gripper_controller]: Received & accepted new action goal
[ign gazebo-1] [INFO] [1790606523.844968756] [amir1.gripper_controller]: Received & accepted new action goal
[ign gazebo-1] [INFO] [1790606523.845085229] [amir2.gripper_controller]: Received & accepted new action goal
[ign gazebo-1] [INFO] [1790606524.281751931] [amir1.gripper_controller]: Received & accepted new action goal
[ign gazebo-1] [INFO] [1790606524.282367460] [amir2.gripper_controller]: Received & accepted new action goal
[coordinator-39] [INFO] [1790606524.329915468] [cooperative_coordinator]: Payload goal: x=0.500, y=0.000, yaw=-0.000
[ign gazebo-1] [INFO] [1790606524.632562771] [amir1.gripper_controller]: Received & accepted new action goal
[ign gazebo-1] [INFO] [1790606524.632676869] [amir2.gripper_controller]: Received & accepted new action goal
[ign gazebo-1] [INFO] [1790606524.814754552] [amir1.gripper_controller]: Received & accepted new action goal
[friction_grasp_manager-34] [WARN] [1790606524.815043924] [friction_grasp_manager]: amir2 finger force above 26.0 N; backing off.
[ign gazebo-1] [INFO] [1790606524.815266701] [amir2.gripper_controller]: Received & accepted new action goal
[coordinator-39] [INFO] [1790606525.346928693] [cooperative_coordinator]: Payload goal: x=0.500, y=0.000, yaw=-0.000
[ign gazebo-1] [INFO] [1790606525.951111352] [amir1.gripper_controller]: Received & accepted new action goal
[ign gazebo-1] [INFO] [1790606525.951200244] [amir2.gripper_controller]: Received & accepted new action goal
[ign gazebo-1] [INFO] [1790606526.333315820] [amir1.gripper_controller]: Received & accepted new action goal
[ign gazebo-1] [INFO] [1790606526.333454808] [amir2.gripper_controller]: Received & accepted new action goal
[coordinator-39] [INFO] [1790606526.359472833] [cooperative_coordinator]: Payload goal: x=0.500, y=0.000, yaw=-0.000
[rotation_controller-6] [INFO] [1790606526.581364490] [cooperative_rotation_controller]: シーケンス終了: 搬送（直進）
[rotation_controller-6] [INFO] [1790606526.581617043] [cooperative_rotation_controller]: シーケンス開始: 搬送（回転）
[ign gazebo-1] [INFO] [1790606526.747517422] [amir1.gripper_controller]: Received & accepted new action goal
[ign gazebo-1] [INFO] [1790606526.747608983] [amir2.gripper_controller]: Received & accepted new action goal
[ign gazebo-1] [INFO] [1790606526.943209731] [amir1.gripper_controller]: Received & accepted new action goal
[ign gazebo-1] [INFO] [1790606526.943259341] [amir2.gripper_controller]: Received & accepted new action goal
[ign gazebo-1] [INFO] [1790606527.235483568] [amir1.gripper_controller]: Received & accepted new action goal
[ign gazebo-1] [INFO] [1790606527.235591932] [amir2.gripper_controller]: Received & accepted new action goal
[coordinator-39] [INFO] [1790606527.373498380] [cooperative_coordinator]: Payload goal: x=0.481, y=-0.000, yaw=0.000
[ign gazebo-1] [INFO] [1790606527.566393368] [amir1.gripper_controller]: Received & accepted new action goal
[ign gazebo-1] [INFO] [1790606527.566532451] [amir2.gripper_controller]: Received & accepted new action goal
[ign gazebo-1] [INFO] [1790606527.805860359] [amir1.gripper_controller]: Received & accepted new action goal
[ign gazebo-1] [INFO] [1790606527.805978771] [amir2.gripper_controller]: Received & accepted new action goal
[ign gazebo-1] [INFO] [1790606528.283674517] [amir1.gripper_controller]: Received & accepted new action goal
[ign gazebo-1] [INFO] [1790606528.283808616] [amir2.gripper_controller]: Received & accepted new action goal
[coordinator-39] [INFO] [1790606528.391036474] [cooperative_coordinator]: Payload goal: x=0.481, y=-0.000, yaw=0.002
[ign gazebo-1] [INFO] [1790606528.776806466] [amir1.gripper_controller]: Received & accepted new action goal
[ign gazebo-1] [INFO] [1790606528.776907283] [amir2.gripper_controller]: Received & accepted new action goal
[ign gazebo-1] [INFO] [1790606529.018501299] [amir1.gripper_controller]: Received & accepted new action goal
[ign gazebo-1] [INFO] [1790606529.018621936] [amir2.gripper_controller]: Received & accepted new action goal
[coordinator-39] [INFO] [1790606529.415032002] [cooperative_coordinator]: Payload goal: x=0.481, y=-0.000, yaw=0.004
[ign gazebo-1] [INFO] [1790606529.464405434] [amir1.gripper_controller]: Received & accepted new action goal
[ign gazebo-1] [INFO] [1790606529.464525278] [amir2.gripper_controller]: Received & accepted new action goal
[ign gazebo-1] [INFO] [1790606529.950691530] [amir1.gripper_controller]: Received & accepted new action goal
[ign gazebo-1] [INFO] [1790606529.950755643] [amir2.gripper_controller]: Received & accepted new action goal
[ign gazebo-1] [INFO] [1790606530.157353800] [amir1.gripper_controller]: Received & accepted new action goal
[ign gazebo-1] [INFO] [1790606530.157408066] [amir2.gripper_controller]: Received & accepted new action goal
[coordinator-39] [INFO] [1790606530.415574888] [cooperative_coordinator]: Payload goal: x=0.481, y=-0.000, yaw=0.007
[ign gazebo-1] [INFO] [1790606530.489917745] [amir1.gripper_controller]: Received & accepted new action goal
[ign gazebo-1] [INFO] [1790606530.490107866] [amir2.gripper_controller]: Received & accepted new action goal
[ign gazebo-1] [INFO] [1790606530.873513295] [amir1.gripper_controller]: Received & accepted new action goal
[ign gazebo-1] [INFO] [1790606530.873539740] [amir2.gripper_controller]: Received & accepted new action goal
[ign gazebo-1] [INFO] [1790606531.140359029] [amir1.gripper_controller]: Received & accepted new action goal
[ign gazebo-1] [INFO] [1790606531.140525417] [amir2.gripper_controller]: Received & accepted new action goal
[coordinator-39] [INFO] [1790606531.430797313] [cooperative_coordinator]: Payload goal: x=0.481, y=-0.000, yaw=0.011
[ign gazebo-1] [INFO] [1790606531.751116718] [amir1.gripper_controller]: Received & accepted new action goal
[ign gazebo-1] [INFO] [1790606531.751195628] [amir2.gripper_controller]: Received & accepted new action goal
[ign gazebo-1] [INFO] [1790606532.339121864] [amir1.gripper_controller]: Received & accepted new action goal
[ign gazebo-1] [INFO] [1790606532.339207754] [amir2.gripper_controller]: Received & accepted new action goal
[coordinator-39] [INFO] [1790606532.439476716] [cooperative_coordinator]: Payload goal: x=0.481, y=-0.000, yaw=0.015
[ign gazebo-1] [INFO] [1790606532.605631355] [amir1.gripper_controller]: Received & accepted new action goal
[ign gazebo-1] [INFO] [1790606532.605660244] [amir2.gripper_controller]: Received & accepted new action goal
[ign gazebo-1] [INFO] [1790606533.159423538] [amir1.gripper_controller]: Received & accepted new action goal
[ign gazebo-1] [INFO] [1790606533.159525972] [amir2.gripper_controller]: Received & accepted new action goal
[coordinator-39] [INFO] [1790606533.442220947] [cooperative_coordinator]: Payload goal: x=0.481, y=-0.000, yaw=0.019
[ign gazebo-1] [INFO] [1790606533.717586174] [amir1.gripper_controller]: Received & accepted new action goal
[ign gazebo-1] [INFO] [1790606533.717676976] [amir2.gripper_controller]: Received & accepted new action goal
[ign gazebo-1] [INFO] [1790606533.968475475] [amir1.gripper_controller]: Received & accepted new action goal
[ign gazebo-1] [INFO] [1790606533.968675307] [amir2.gripper_controller]: Received & accepted new action goal
[ign gazebo-1] [INFO] [1790606534.459002243] [amir1.gripper_controller]: Received & accepted new action goal
[ign gazebo-1] [INFO] [1790606534.459058122] [amir2.gripper_controller]: Received & accepted new action goal
[coordinator-39] [INFO] [1790606534.460387915] [cooperative_coordinator]: Payload goal: x=0.481, y=-0.000, yaw=0.025
[ign gazebo-1] [INFO] [1790606534.997018803] [amir1.gripper_controller]: Received & accepted new action goal
[ign gazebo-1] [INFO] [1790606534.997159452] [amir2.gripper_controller]: Received & accepted new action goal
[ign gazebo-1] [INFO] [1790606535.256415643] [amir1.gripper_controller]: Received & accepted new action goal
[ign gazebo-1] [INFO] [1790606535.256481096] [amir2.gripper_controller]: Received & accepted new action goal
[coordinator-39] [INFO] [1790606535.461112495] [cooperative_coordinator]: Payload goal: x=0.481, y=-0.000, yaw=0.031
[ign gazebo-1] [INFO] [1790606535.809216428] [amir1.gripper_controller]: Received & accepted new action goal
[ign gazebo-1] [INFO] [1790606535.809291588] [amir2.gripper_controller]: Received & accepted new action goal
[ign gazebo-1] [INFO] [1790606536.365482022] [amir1.gripper_controller]: Received & accepted new action goal
[ign gazebo-1] [INFO] [1790606536.365559077] [amir2.gripper_controller]: Received & accepted new action goal
[coordinator-39] [INFO] [1790606536.461354246] [cooperative_coordinator]: Payload goal: x=0.481, y=-0.000, yaw=0.037
[ign gazebo-1] [INFO] [1790606536.664963661] [amir1.gripper_controller]: Received & accepted new action goal
[ign gazebo-1] [INFO] [1790606536.665040429] [amir2.gripper_controller]: Received & accepted new action goal
[ign gazebo-1] [INFO] [1790606537.246011803] [amir1.gripper_controller]: Received & accepted new action goal
[ign gazebo-1] [INFO] [1790606537.246014523] [amir2.gripper_controller]: Received & accepted new action goal
[coordinator-39] [INFO] [1790606537.490159393] [cooperative_coordinator]: Payload goal: x=0.481, y=-0.000, yaw=0.043
[ign gazebo-1] [INFO] [1790606537.867336510] [amir1.gripper_controller]: Received & accepted new action goal
[ign gazebo-1] [INFO] [1790606537.867844681] [amir2.gripper_controller]: Received & accepted new action goal
[ign gazebo-1] [INFO] [1790606538.098445126] [amir1.gripper_controller]: Received & accepted new action goal
[ign gazebo-1] [INFO] [1790606538.098576764] [amir2.gripper_controller]: Received & accepted new action goal
[coordinator-39] [INFO] [1790606538.490496500] [cooperative_coordinator]: Payload goal: x=0.481, y=-0.000, yaw=0.049
[ign gazebo-1] [INFO] [1790606538.628785763] [amir1.gripper_controller]: Received & accepted new action goal
[ign gazebo-1] [INFO] [1790606538.629055122] [amir2.gripper_controller]: Received & accepted new action goal
[ign gazebo-1] [INFO] [1790606539.175453271] [amir1.gripper_controller]: Received & accepted new action goal
[ign gazebo-1] [INFO] [1790606539.177209878] [amir2.gripper_controller]: Received & accepted new action goal
[ign gazebo-1] [INFO] [1790606539.483128080] [amir1.gripper_controller]: Received & accepted new action goal
[ign gazebo-1] [INFO] [1790606539.483232758] [amir2.gripper_controller]: Received & accepted new action goal
[coordinator-39] [INFO] [1790606539.515025346] [cooperative_coordinator]: Payload goal: x=0.481, y=-0.000, yaw=0.056
[ign gazebo-1] [INFO] [1790606540.068720370] [amir1.gripper_controller]: Received & accepted new action goal
[ign gazebo-1] [INFO] [1790606540.068829769] [amir2.gripper_controller]: Received & accepted new action goal
[coordinator-39] [INFO] [1790606540.525400031] [cooperative_coordinator]: Payload goal: x=0.481, y=-0.000, yaw=0.062
[ign gazebo-1] [INFO] [1790606540.638369220] [amir1.gripper_controller]: Received & accepted new action goal
[ign gazebo-1] [INFO] [1790606540.638492517] [amir2.gripper_controller]: Received & accepted new action goal
[ign gazebo-1] [INFO] [1790606540.950162973] [amir1.gripper_controller]: Received & accepted new action goal
[ign gazebo-1] [INFO] [1790606540.950244375] [amir2.gripper_controller]: Received & accepted new action goal
[coordinator-39] [INFO] [1790606541.533966999] [cooperative_coordinator]: Payload goal: x=0.481, y=-0.000, yaw=0.068
[ign gazebo-1] [INFO] [1790606541.553652306] [amir1.gripper_controller]: Received & accepted new action goal
[ign gazebo-1] [INFO] [1790606541.553706982] [amir2.gripper_controller]: Received & accepted new action goal
[ign gazebo-1] [INFO] [1790606541.940365696] [amir1.gripper_controller]: Received & accepted new action goal
[ign gazebo-1] [INFO] [1790606541.940419933] [amir2.gripper_controller]: Received & accepted new action goal
[ign gazebo-1] [INFO] [1790606542.212489572] [amir1.gripper_controller]: Received & accepted new action goal
[ign gazebo-1] [INFO] [1790606542.212636417] [amir2.gripper_controller]: Received & accepted new action goal
[coordinator-39] [INFO] [1790606542.566329331] [cooperative_coordinator]: Payload goal: x=0.481, y=-0.000, yaw=0.075
[ign gazebo-1] [INFO] [1790606542.780179964] [amir1.gripper_controller]: Received & accepted new action goal
[ign gazebo-1] [INFO] [1790606542.780322064] [amir2.gripper_controller]: Received & accepted new action goal
[ign gazebo-1] [INFO] [1790606543.420916759] [amir1.gripper_controller]: Received & accepted new action goal
[ign gazebo-1] [INFO] [1790606543.421067046] [amir2.gripper_controller]: Received & accepted new action goal
[coordinator-39] [INFO] [1790606543.606171906] [cooperative_coordinator]: Payload goal: x=0.481, y=-0.000, yaw=0.081
[ign gazebo-1] [INFO] [1790606543.753937666] [amir1.gripper_controller]: Received & accepted new action goal
[ign gazebo-1] [INFO] [1790606543.754086086] [amir2.gripper_controller]: Received & accepted new action goal
[ign gazebo-1] [INFO] [1790606544.390879623] [amir1.gripper_controller]: Received & accepted new action goal
[ign gazebo-1] [INFO] [1790606544.391016496] [amir2.gripper_controller]: Received & accepted new action goal
[coordinator-39] [INFO] [1790606544.607196836] [cooperative_coordinator]: Payload goal: x=0.481, y=-0.000, yaw=0.086
[ign gazebo-1] [INFO] [1790606544.982226747] [amir1.gripper_controller]: Received & accepted new action goal
[ign gazebo-1] [INFO] [1790606544.982290406] [amir2.gripper_controller]: Received & accepted new action goal
[ign gazebo-1] [INFO] [1790606545.269370773] [amir1.gripper_controller]: Received & accepted new action goal
[ign gazebo-1] [INFO] [1790606545.269405173] [amir2.gripper_controller]: Received & accepted new action goal
[coordinator-39] [INFO] [1790606545.623745880] [cooperative_coordinator]: Payload goal: x=0.481, y=-0.000, yaw=0.093
[ign gazebo-1] [INFO] [1790606545.678746909] [amir1.gripper_controller]: Received & accepted new action goal
[ign gazebo-1] [INFO] [1790606545.678873272] [amir2.gripper_controller]: Received & accepted new action goal
[ign gazebo-1] [INFO] [1790606546.245896737] [amir1.gripper_controller]: Received & accepted new action goal
[ign gazebo-1] [INFO] [1790606546.246053737] [amir2.gripper_controller]: Received & accepted new action goal
[ign gazebo-1] [INFO] [1790606546.529924519] [amir1.gripper_controller]: Received & accepted new action goal
[ign gazebo-1] [INFO] [1790606546.530077726] [amir2.gripper_controller]: Received & accepted new action goal
[coordinator-39] [INFO] [1790606546.645398565] [cooperative_coordinator]: Payload goal: x=0.481, y=-0.000, yaw=0.100
[ign gazebo-1] [INFO] [1790606547.104147106] [amir1.gripper_controller]: Received & accepted new action goal
[ign gazebo-1] [INFO] [1790606547.104262513] [amir2.gripper_controller]: Received & accepted new action goal
[coordinator-39] [INFO] [1790606547.664751200] [cooperative_coordinator]: Payload goal: x=0.481, y=-0.000, yaw=0.106
[ign gazebo-1] [INFO] [1790606547.770293657] [amir1.gripper_controller]: Received & accepted new action goal
[ign gazebo-1] [INFO] [1790606547.770434282] [amir2.gripper_controller]: Received & accepted new action goal
[ign gazebo-1] [INFO] [1790606548.093828606] [amir1.gripper_controller]: Received & accepted new action goal
[ign gazebo-1] [INFO] [1790606548.093887672] [amir2.gripper_controller]: Received & accepted new action goal
[ign gazebo-1] [INFO] [1790606548.669695503] [amir1.gripper_controller]: Received & accepted new action goal
[ign gazebo-1] [INFO] [1790606548.669729664] [amir2.gripper_controller]: Received & accepted new action goal
[coordinator-39] [INFO] [1790606548.671318795] [cooperative_coordinator]: Payload goal: x=0.481, y=-0.000, yaw=0.111
[ign gazebo-1] [INFO] [1790606549.242901379] [amir1.gripper_controller]: Received & accepted new action goal
[ign gazebo-1] [INFO] [1790606549.243071788] [amir2.gripper_controller]: Received & accepted new action goal
[ign gazebo-1] [INFO] [1790606549.502476362] [amir2.gripper_controller]: Received & accepted new action goal
[ign gazebo-1] [INFO] [1790606549.502517217] [amir1.gripper_controller]: Received & accepted new action goal
[coordinator-39] [INFO] [1790606549.692847277] [cooperative_coordinator]: Payload goal: x=0.481, y=-0.000, yaw=0.118
[ign gazebo-1] [INFO] [1790606550.033059444] [amir1.gripper_controller]: Received & accepted new action goal
[ign gazebo-1] [INFO] [1790606550.033246402] [amir2.gripper_controller]: Received & accepted new action goal
[ign gazebo-1] [INFO] [1790606550.644679334] [amir1.gripper_controller]: Received & accepted new action goal
[ign gazebo-1] [INFO] [1790606550.644820386] [amir2.gripper_controller]: Received & accepted new action goal
[coordinator-39] [INFO] [1790606550.702059400] [cooperative_coordinator]: Payload goal: x=0.481, y=-0.000, yaw=0.124
[ign gazebo-1] [INFO] [1790606550.951600212] [amir1.gripper_controller]: Received & accepted new action goal
[ign gazebo-1] [INFO] [1790606550.951766428] [amir2.gripper_controller]: Received & accepted new action goal
[ign gazebo-1] [INFO] [1790606551.527834304] [amir1.gripper_controller]: Received & accepted new action goal
[ign gazebo-1] [INFO] [1790606551.527937342] [amir2.gripper_controller]: Received & accepted new action goal
[coordinator-39] [INFO] [1790606551.707974122] [cooperative_coordinator]: Payload goal: x=0.481, y=-0.000, yaw=0.130
[ign gazebo-1] [INFO] [1790606552.180491352] [amir1.gripper_controller]: Received & accepted new action goal
[ign gazebo-1] [INFO] [1790606552.180536394] [amir2.gripper_controller]: Received & accepted new action goal
[ign gazebo-1] [INFO] [1790606552.501036282] [amir1.gripper_controller]: Received & accepted new action goal
[ign gazebo-1] [INFO] [1790606552.501100563] [amir2.gripper_controller]: Received & accepted new action goal
[coordinator-39] [INFO] [1790606552.722655777] [cooperative_coordinator]: Payload goal: x=0.481, y=-0.000, yaw=0.135
[ign gazebo-1] [INFO] [1790606553.059924219] [amir1.gripper_controller]: Received & accepted new action goal
[ign gazebo-1] [INFO] [1790606553.060163471] [amir2.gripper_controller]: Received & accepted new action goal
[ign gazebo-1] [INFO] [1790606553.677314113] [amir1.gripper_controller]: Received & accepted new action goal
[ign gazebo-1] [INFO] [1790606553.677511930] [amir2.gripper_controller]: Received & accepted new action goal
[coordinator-39] [INFO] [1790606553.737437967] [cooperative_coordinator]: Payload goal: x=0.481, y=-0.000, yaw=0.141
[ign gazebo-1] [INFO] [1790606553.971582321] [amir1.gripper_controller]: Received & accepted new action goal
[ign gazebo-1] [INFO] [1790606553.971876981] [amir2.gripper_controller]: Received & accepted new action goal
[ign gazebo-1] [INFO] [1790606554.385748416] [amir1.gripper_controller]: Received & accepted new action goal
[ign gazebo-1] [INFO] [1790606554.385862118] [amir2.gripper_controller]: Received & accepted new action goal
[coordinator-39] [INFO] [1790606554.753765122] [cooperative_coordinator]: Payload goal: x=0.481, y=-0.000, yaw=0.149
[ign gazebo-1] [INFO] [1790606554.992083800] [amir1.gripper_controller]: Received & accepted new action goal
[ign gazebo-1] [INFO] [1790606554.992204333] [amir2.gripper_controller]: Received & accepted new action goal
[ign gazebo-1] [INFO] [1790606555.287652743] [amir1.gripper_controller]: Received & accepted new action goal
[ign gazebo-1] [INFO] [1790606555.287712005] [amir2.gripper_controller]: Received & accepted new action goal
[coordinator-39] [INFO] [1790606555.777323993] [cooperative_coordinator]: Payload goal: x=0.481, y=-0.000, yaw=0.154
[ign gazebo-1] [INFO] [1790606555.885357559] [amir1.gripper_controller]: Received & accepted new action goal
[ign gazebo-1] [INFO] [1790606555.885475331] [amir2.gripper_controller]: Received & accepted new action goal
[ign gazebo-1] [INFO] [1790606556.506948360] [amir1.gripper_controller]: Received & accepted new action goal
[ign gazebo-1] [INFO] [1790606556.507051408] [amir2.gripper_controller]: Received & accepted new action goal
[ign gazebo-1] [INFO] [1790606556.751225733] [amir1.gripper_controller]: Received & accepted new action goal
[ign gazebo-1] [INFO] [1790606556.751282127] [amir2.gripper_controller]: Received & accepted new action goal
[coordinator-39] [INFO] [1790606556.778574480] [cooperative_coordinator]: Payload goal: x=0.481, y=-0.000, yaw=0.160
[ign gazebo-1] [INFO] [1790606557.262818082] [amir2.gripper_controller]: Received & accepted new action goal
[coordinator-39] [INFO] [1790606557.815867560] [cooperative_coordinator]: Payload goal: x=0.481, y=-0.000, yaw=0.167
[ign gazebo-1] [INFO] [1790606557.835054952] [amir2.gripper_controller]: Received & accepted new action goal
[ign gazebo-1] [INFO] [1790606557.835055746] [amir1.gripper_controller]: Received & accepted new action goal
[ign gazebo-1] [INFO] [1790606558.181225045] [amir1.gripper_controller]: Received & accepted new action goal
[ign gazebo-1] [INFO] [1790606558.181253625] [amir2.gripper_controller]: Received & accepted new action goal
[ign gazebo-1] [INFO] [1790606558.813266932] [amir1.gripper_controller]: Received & accepted new action goal
[ign gazebo-1] [INFO] [1790606558.813400043] [amir2.gripper_controller]: Received & accepted new action goal
[coordinator-39] [INFO] [1790606558.844512331] [cooperative_coordinator]: Payload goal: x=0.481, y=-0.000, yaw=0.173
[ign gazebo-1] [INFO] [1790606559.355658014] [amir1.gripper_controller]: Received & accepted new action goal
[ign gazebo-1] [INFO] [1790606559.355756081] [amir2.gripper_controller]: Received & accepted new action goal
[ign gazebo-1] [INFO] [1790606559.630509584] [amir1.gripper_controller]: Received & accepted new action goal
[ign gazebo-1] [INFO] [1790606559.630615945] [amir2.gripper_controller]: Received & accepted new action goal
[coordinator-39] [INFO] [1790606559.859843884] [cooperative_coordinator]: Payload goal: x=0.481, y=-0.000, yaw=0.179
[ign gazebo-1] [INFO] [1790606560.283867567] [amir1.gripper_controller]: Received & accepted new action goal
[coordinator-39] [INFO] [1790606560.886516899] [cooperative_coordinator]: Payload goal: x=0.481, y=-0.000, yaw=0.184
[ign gazebo-1] [INFO] [1790606560.957425395] [amir1.gripper_controller]: Received & accepted new action goal
[ign gazebo-1] [INFO] [1790606561.271053630] [amir1.gripper_controller]: Received & accepted new action goal
[ign gazebo-1] [INFO] [1790606561.877795148] [amir1.gripper_controller]: Received & accepted new action goal
[coordinator-39] [INFO] [1790606561.911588991] [cooperative_coordinator]: Payload goal: x=0.481, y=-0.000, yaw=0.190
[ign gazebo-1] [INFO] [1790606562.438524791] [amir1.gripper_controller]: Received & accepted new action goal
[ign gazebo-1] [INFO] [1790606562.738617285] [amir1.gripper_controller]: Received & accepted new action goal
[ign gazebo-1] [INFO] [1790606562.738685854] [amir2.gripper_controller]: Received & accepted new action goal
[coordinator-39] [INFO] [1790606562.915383152] [cooperative_coordinator]: Payload goal: x=0.481, y=-0.000, yaw=0.196
[ign gazebo-1] [INFO] [1790606563.285013462] [amir1.gripper_controller]: Received & accepted new action goal
[ign gazebo-1] [INFO] [1790606563.285306742] [amir2.gripper_controller]: Received & accepted new action goal
[ign gazebo-1] [INFO] [1790606563.864544753] [amir1.gripper_controller]: Received & accepted new action goal
[ign gazebo-1] [INFO] [1790606563.864675972] [amir2.gripper_controller]: Received & accepted new action goal
[coordinator-39] [INFO] [1790606563.928726976] [cooperative_coordinator]: Payload goal: x=0.481, y=-0.000, yaw=0.202
[ign gazebo-1] [INFO] [1790606564.200638156] [amir1.gripper_controller]: Received & accepted new action goal
[ign gazebo-1] [INFO] [1790606564.200730848] [amir2.gripper_controller]: Received & accepted new action goal
[ign gazebo-1] [INFO] [1790606564.805554495] [amir1.gripper_controller]: Received & accepted new action goal
[ign gazebo-1] [INFO] [1790606564.805695505] [amir2.gripper_controller]: Received & accepted new action goal
[coordinator-39] [INFO] [1790606564.952766230] [cooperative_coordinator]: Payload goal: x=0.481, y=-0.000, yaw=0.208
[ign gazebo-1] [INFO] [1790606565.387019136] [amir1.gripper_controller]: Received & accepted new action goal
[ign gazebo-1] [INFO] [1790606565.387142126] [amir2.gripper_controller]: Received & accepted new action goal
[ign gazebo-1] [INFO] [1790606565.736732995] [amir1.gripper_controller]: Received & accepted new action goal
[ign gazebo-1] [INFO] [1790606565.737093360] [amir2.gripper_controller]: Received & accepted new action goal
[coordinator-39] [INFO] [1790606565.962992098] [cooperative_coordinator]: Payload goal: x=0.481, y=-0.000, yaw=0.214
[ign gazebo-1] [INFO] [1790606566.318572998] [amir1.gripper_controller]: Received & accepted new action goal
[ign gazebo-1] [INFO] [1790606566.318682239] [amir2.gripper_controller]: Received & accepted new action goal
[ign gazebo-1] [INFO] [1790606566.811374225] [amir1.gripper_controller]: Received & accepted new action goal
[ign gazebo-1] [INFO] [1790606566.811437558] [amir2.gripper_controller]: Received & accepted new action goal
[coordinator-39] [INFO] [1790606566.974590951] [cooperative_coordinator]: Payload goal: x=0.481, y=-0.000, yaw=0.221
[ign gazebo-1] [INFO] [1790606567.039561630] [amir1.gripper_controller]: Received & accepted new action goal
[ign gazebo-1] [INFO] [1790606567.039630977] [amir2.gripper_controller]: Received & accepted new action goal
[ign gazebo-1] [INFO] [1790606567.602489520] [amir1.gripper_controller]: Received & accepted new action goal
[ign gazebo-1] [INFO] [1790606567.602540537] [amir2.gripper_controller]: Received & accepted new action goal
[coordinator-39] [INFO] [1790606567.982378345] [cooperative_coordinator]: Payload goal: x=0.481, y=-0.000, yaw=0.227
[ign gazebo-1] [INFO] [1790606568.216085947] [amir1.gripper_controller]: Received & accepted new action goal
[ign gazebo-1] [INFO] [1790606568.216128430] [amir2.gripper_controller]: Received & accepted new action goal
[ign gazebo-1] [INFO] [1790606568.501377512] [amir1.gripper_controller]: Received & accepted new action goal
[ign gazebo-1] [INFO] [1790606568.501448483] [amir2.gripper_controller]: Received & accepted new action goal
[coordinator-39] [INFO] [1790606568.988709218] [cooperative_coordinator]: Payload goal: x=0.481, y=-0.000, yaw=0.233
[ign gazebo-1] [INFO] [1790606569.092035735] [amir1.gripper_controller]: Received & accepted new action goal
[ign gazebo-1] [INFO] [1790606569.092162248] [amir2.gripper_controller]: Received & accepted new action goal
[ign gazebo-1] [INFO] [1790606569.718162314] [amir1.gripper_controller]: Received & accepted new action goal
[ign gazebo-1] [INFO] [1790606569.718272539] [amir2.gripper_controller]: Received & accepted new action goal
[coordinator-39] [INFO] [1790606570.011810669] [cooperative_coordinator]: Payload goal: x=0.481, y=-0.000, yaw=0.239
[ign gazebo-1] [INFO] [1790606570.029130101] [amir1.gripper_controller]: Received & accepted new action goal
[ign gazebo-1] [INFO] [1790606570.029246129] [amir2.gripper_controller]: Received & accepted new action goal
[ign gazebo-1] [INFO] [1790606570.495827806] [amir1.gripper_controller]: Received & accepted new action goal
[ign gazebo-1] [INFO] [1790606570.495891611] [amir2.gripper_controller]: Received & accepted new action goal
[coordinator-39] [INFO] [1790606571.035186245] [cooperative_coordinator]: Payload goal: x=0.481, y=-0.000, yaw=0.246
[ign gazebo-1] [INFO] [1790606571.055865452] [amir1.gripper_controller]: Received & accepted new action goal
[ign gazebo-1] [INFO] [1790606571.055931323] [amir2.gripper_controller]: Received & accepted new action goal
[ign gazebo-1] [INFO] [1790606571.348013987] [amir1.gripper_controller]: Received & accepted new action goal
[ign gazebo-1] [INFO] [1790606571.348097858] [amir2.gripper_controller]: Received & accepted new action goal
[ign gazebo-1] [INFO] [1790606571.888947738] [amir1.gripper_controller]: Received & accepted new action goal
[ign gazebo-1] [INFO] [1790606571.889010957] [amir2.gripper_controller]: Received & accepted new action goal
[coordinator-39] [INFO] [1790606572.045061163] [cooperative_coordinator]: Payload goal: x=0.481, y=-0.000, yaw=0.252
[ign gazebo-1] [INFO] [1790606572.416879338] [amir1.gripper_controller]: Received & accepted new action goal
[ign gazebo-1] [INFO] [1790606572.416942639] [amir2.gripper_controller]: Received & accepted new action goal
[ign gazebo-1] [INFO] [1790606572.685246792] [amir1.gripper_controller]: Received & accepted new action goal
[ign gazebo-1] [INFO] [1790606572.685349957] [amir2.gripper_controller]: Received & accepted new action goal
[coordinator-39] [INFO] [1790606573.054266563] [cooperative_coordinator]: Payload goal: x=0.481, y=-0.000, yaw=0.259
[ign gazebo-1] [INFO] [1790606573.271518875] [amir1.gripper_controller]: Received & accepted new action goal
[ign gazebo-1] [INFO] [1790606573.271623050] [amir2.gripper_controller]: Received & accepted new action goal
[ign gazebo-1] [INFO] [1790606573.869628059] [amir1.gripper_controller]: Received & accepted new action goal
[ign gazebo-1] [INFO] [1790606573.869684076] [amir2.gripper_controller]: Received & accepted new action goal
[coordinator-39] [INFO] [1790606574.080618642] [cooperative_coordinator]: Payload goal: x=0.481, y=-0.000, yaw=0.264
[ign gazebo-1] [INFO] [1790606574.151817736] [amir1.gripper_controller]: Received & accepted new action goal
[ign gazebo-1] [INFO] [1790606574.151908787] [amir2.gripper_controller]: Received & accepted new action goal
[ign gazebo-1] [INFO] [1790606574.679426408] [amir1.gripper_controller]: Received & accepted new action goal
[ign gazebo-1] [INFO] [1790606574.679581012] [amir2.gripper_controller]: Received & accepted new action goal
[coordinator-39] [INFO] [1790606575.112199906] [cooperative_coordinator]: Payload goal: x=0.481, y=-0.000, yaw=0.271
[ign gazebo-1] [INFO] [1790606575.229315828] [amir1.gripper_controller]: Received & accepted new action goal
[ign gazebo-1] [INFO] [1790606575.229440150] [amir2.gripper_controller]: Received & accepted new action goal
[ign gazebo-1] [INFO] [1790606575.500364069] [amir1.gripper_controller]: Received & accepted new action goal
[ign gazebo-1] [INFO] [1790606575.500420798] [amir2.gripper_controller]: Received & accepted new action goal
[ign gazebo-1] [INFO] [1790606576.100675572] [amir1.gripper_controller]: Received & accepted new action goal
[ign gazebo-1] [INFO] [1790606576.100837087] [amir2.gripper_controller]: Received & accepted new action goal
[coordinator-39] [INFO] [1790606576.133756588] [cooperative_coordinator]: Payload goal: x=0.481, y=-0.000, yaw=0.277
[ign gazebo-1] [INFO] [1790606576.674660388] [amir1.gripper_controller]: Received & accepted new action goal
[ign gazebo-1] [INFO] [1790606576.674796565] [amir2.gripper_controller]: Received & accepted new action goal
[ign gazebo-1] [INFO] [1790606576.939666279] [amir1.gripper_controller]: Received & accepted new action goal
[ign gazebo-1] [INFO] [1790606576.939801063] [amir2.gripper_controller]: Received & accepted new action goal
[coordinator-39] [INFO] [1790606577.148004970] [cooperative_coordinator]: Payload goal: x=0.481, y=-0.000, yaw=0.284
[ign gazebo-1] [INFO] [1790606577.553817484] [amir1.gripper_controller]: Received & accepted new action goal
[ign gazebo-1] [INFO] [1790606577.553935224] [amir2.gripper_controller]: Received & accepted new action goal
[ign gazebo-1] [INFO] [1790606578.137738108] [amir1.gripper_controller]: Received & accepted new action goal
[ign gazebo-1] [INFO] [1790606578.137753696] [amir2.gripper_controller]: Received & accepted new action goal
[coordinator-39] [INFO] [1790606578.162347808] [cooperative_coordinator]: Payload goal: x=0.481, y=-0.000, yaw=0.290
[ign gazebo-1] [INFO] [1790606578.389496593] [amir1.gripper_controller]: Received & accepted new action goal
[ign gazebo-1] [INFO] [1790606578.389670389] [amir2.gripper_controller]: Received & accepted new action goal
[ign gazebo-1] [INFO] [1790606579.118288860] [amir1.gripper_controller]: Received & accepted new action goal
[ign gazebo-1] [INFO] [1790606579.118372905] [amir2.gripper_controller]: Received & accepted new action goal
[coordinator-39] [INFO] [1790606579.172237097] [cooperative_coordinator]: Payload goal: x=0.481, y=-0.000, yaw=0.295
[ign gazebo-1] [INFO] [1790606579.723682116] [amir1.gripper_controller]: Received & accepted new action goal
[ign gazebo-1] [INFO] [1790606579.723754952] [amir2.gripper_controller]: Received & accepted new action goal
[ign gazebo-1] [INFO] [1790606580.023345732] [amir1.gripper_controller]: Received & accepted new action goal
[ign gazebo-1] [INFO] [1790606580.023457002] [amir2.gripper_controller]: Received & accepted new action goal
[coordinator-39] [INFO] [1790606580.192686392] [cooperative_coordinator]: Payload goal: x=0.481, y=-0.000, yaw=0.301
[ign gazebo-1] [INFO] [1790606580.610414192] [amir1.gripper_controller]: Received & accepted new action goal
[ign gazebo-1] [INFO] [1790606580.610569926] [amir2.gripper_controller]: Received & accepted new action goal
[coordinator-39] [INFO] [1790606581.195435028] [cooperative_coordinator]: Payload goal: x=0.481, y=-0.000, yaw=0.306
[ign gazebo-1] [INFO] [1790606581.289755580] [amir1.gripper_controller]: Received & accepted new action goal
[ign gazebo-1] [INFO] [1790606581.289828429] [amir2.gripper_controller]: Received & accepted new action goal
[ign gazebo-1] [INFO] [1790606581.598096060] [amir1.gripper_controller]: Received & accepted new action goal
[ign gazebo-1] [INFO] [1790606581.598172713] [amir2.gripper_controller]: Received & accepted new action goal
[coordinator-39] [INFO] [1790606582.229998151] [cooperative_coordinator]: Payload goal: x=0.481, y=-0.000, yaw=0.312
[ign gazebo-1] [INFO] [1790606582.255510393] [amir1.gripper_controller]: Received & accepted new action goal
[ign gazebo-1] [INFO] [1790606582.255583120] [amir2.gripper_controller]: Received & accepted new action goal
[ign gazebo-1] [INFO] [1790606582.802444614] [amir1.gripper_controller]: Received & accepted new action goal
[ign gazebo-1] [INFO] [1790606582.802787373] [amir2.gripper_controller]: Received & accepted new action goal
[ign gazebo-1] [INFO] [1790606583.056153092] [amir1.gripper_controller]: Received & accepted new action goal
[coordinator-39] [INFO] [1790606583.262454311] [cooperative_coordinator]: Payload goal: x=0.481, y=-0.000, yaw=0.319
[ign gazebo-1] [INFO] [1790606583.562793038] [amir2.gripper_controller]: Received & accepted new action goal
[ign gazebo-1] [INFO] [1790606584.096197709] [amir1.gripper_controller]: Received & accepted new action goal
[ign gazebo-1] [INFO] [1790606584.096271939] [amir2.gripper_controller]: Received & accepted new action goal
[coordinator-39] [INFO] [1790606584.287292277] [cooperative_coordinator]: Payload goal: x=0.481, y=-0.000, yaw=0.326
[ign gazebo-1] [INFO] [1790606584.371733970] [amir1.gripper_controller]: Received & accepted new action goal
[ign gazebo-1] [INFO] [1790606584.371872501] [amir2.gripper_controller]: Received & accepted new action goal
[ign gazebo-1] [INFO] [1790606585.002322392] [amir1.gripper_controller]: Received & accepted new action goal
[ign gazebo-1] [INFO] [1790606585.002388128] [amir2.gripper_controller]: Received & accepted new action goal
[coordinator-39] [INFO] [1790606585.309521057] [cooperative_coordinator]: Payload goal: x=0.481, y=-0.000, yaw=0.331
[ign gazebo-1] [INFO] [1790606585.690891741] [amir1.gripper_controller]: Received & accepted new action goal
[ign gazebo-1] [INFO] [1790606585.690910833] [amir2.gripper_controller]: Received & accepted new action goal
[ign gazebo-1] [INFO] [1790606586.040766537] [amir1.gripper_controller]: Received & accepted new action goal
[ign gazebo-1] [INFO] [1790606586.040829026] [amir2.gripper_controller]: Received & accepted new action goal
[coordinator-39] [INFO] [1790606586.315511890] [cooperative_coordinator]: Payload goal: x=0.481, y=-0.000, yaw=0.337
[ign gazebo-1] [INFO] [1790606586.457121525] [amir1.gripper_controller]: Received & accepted new action goal
[ign gazebo-1] [INFO] [1790606586.457165057] [amir2.gripper_controller]: Received & accepted new action goal
[ign gazebo-1] [INFO] [1790606586.994915133] [amir1.gripper_controller]: Received & accepted new action goal
[ign gazebo-1] [INFO] [1790606586.995031636] [amir2.gripper_controller]: Received & accepted new action goal
[ign gazebo-1] [INFO] [1790606587.242331804] [amir1.gripper_controller]: Received & accepted new action goal
[ign gazebo-1] [INFO] [1790606587.242385550] [amir2.gripper_controller]: Received & accepted new action goal
[coordinator-39] [INFO] [1790606587.331717901] [cooperative_coordinator]: Payload goal: x=0.481, y=-0.000, yaw=0.344
[ign gazebo-1] [INFO] [1790606587.816273243] [amir1.gripper_controller]: Received & accepted new action goal
[ign gazebo-1] [INFO] [1790606587.816620484] [amir2.gripper_controller]: Received & accepted new action goal
[coordinator-39] [INFO] [1790606588.352050709] [cooperative_coordinator]: Payload goal: x=0.481, y=-0.000, yaw=0.350
[ign gazebo-1] [INFO] [1790606588.532904226] [amir1.gripper_controller]: Received & accepted new action goal
[ign gazebo-1] [INFO] [1790606588.533047090] [amir2.gripper_controller]: Received & accepted new action goal
[ign gazebo-1] [INFO] [1790606588.811505814] [amir1.gripper_controller]: Received & accepted new action goal
[ign gazebo-1] [INFO] [1790606588.811675802] [amir2.gripper_controller]: Received & accepted new action goal
[coordinator-39] [INFO] [1790606589.389978018] [cooperative_coordinator]: Payload goal: x=0.481, y=-0.000, yaw=0.356
[ign gazebo-1] [INFO] [1790606589.407082354] [amir1.gripper_controller]: Received & accepted new action goal
[ign gazebo-1] [INFO] [1790606589.407136578] [amir2.gripper_controller]: Received & accepted new action goal
[ign gazebo-1] [INFO] [1790606590.013337263] [amir1.gripper_controller]: Received & accepted new action goal
[ign gazebo-1] [INFO] [1790606590.013422555] [amir2.gripper_controller]: Received & accepted new action goal
[ign gazebo-1] [INFO] [1790606590.295712330] [amir1.gripper_controller]: Received & accepted new action goal
[ign gazebo-1] [INFO] [1790606590.295813571] [amir2.gripper_controller]: Received & accepted new action goal
[coordinator-39] [INFO] [1790606590.414562163] [cooperative_coordinator]: Payload goal: x=0.481, y=-0.000, yaw=0.362
[ign gazebo-1] [INFO] [1790606590.813124762] [amir1.gripper_controller]: Received & accepted new action goal
[ign gazebo-1] [INFO] [1790606590.813277247] [amir2.gripper_controller]: Received & accepted new action goal
[ign gazebo-1] [INFO] [1790606591.370167510] [amir1.gripper_controller]: Received & accepted new action goal
[ign gazebo-1] [INFO] [1790606591.370226021] [amir2.gripper_controller]: Received & accepted new action goal
[coordinator-39] [INFO] [1790606591.432489563] [cooperative_coordinator]: Payload goal: x=0.481, y=-0.000, yaw=0.368
[ign gazebo-1] [INFO] [1790606591.630416519] [amir1.gripper_controller]: Received & accepted new action goal
[ign gazebo-1] [INFO] [1790606591.630501605] [amir2.gripper_controller]: Received & accepted new action goal
[ign gazebo-1] [INFO] [1790606592.027753072] [amir1.gripper_controller]: Received & accepted new action goal
[ign gazebo-1] [INFO] [1790606592.027769527] [amir2.gripper_controller]: Received & accepted new action goal
[coordinator-39] [INFO] [1790606592.487805231] [cooperative_coordinator]: Payload goal: x=0.481, y=-0.000, yaw=0.376
[ign gazebo-1] [INFO] [1790606592.627766203] [amir1.gripper_controller]: Received & accepted new action goal
[ign gazebo-1] [INFO] [1790606592.627889512] [amir2.gripper_controller]: Received & accepted new action goal
[ign gazebo-1] [INFO] [1790606592.938774230] [amir1.gripper_controller]: Received & accepted new action goal
[ign gazebo-1] [INFO] [1790606592.938861174] [amir2.gripper_controller]: Received & accepted new action goal
[coordinator-39] [INFO] [1790606593.498180735] [cooperative_coordinator]: Payload goal: x=0.481, y=-0.000, yaw=0.382
[ign gazebo-1] [INFO] [1790606593.516905548] [amir1.gripper_controller]: Received & accepted new action goal
[ign gazebo-1] [INFO] [1790606593.517005348] [amir2.gripper_controller]: Received & accepted new action goal
[ign gazebo-1] [INFO] [1790606594.098617951] [amir1.gripper_controller]: Received & accepted new action goal
[ign gazebo-1] [INFO] [1790606594.098706789] [amir2.gripper_controller]: Received & accepted new action goal
[ign gazebo-1] [INFO] [1790606594.374075405] [amir1.gripper_controller]: Received & accepted new action goal
[ign gazebo-1] [INFO] [1790606594.374195263] [amir2.gripper_controller]: Received & accepted new action goal
[coordinator-39] [INFO] [1790606594.510972363] [cooperative_coordinator]: Payload goal: x=0.481, y=-0.000, yaw=0.388
[ign gazebo-1] [INFO] [1790606594.939857852] [amir1.gripper_controller]: Received & accepted new action goal
[ign gazebo-1] [INFO] [1790606594.939949830] [amir2.gripper_controller]: Received & accepted new action goal
[ign gazebo-1] [INFO] [1790606595.436757069] [amir1.gripper_controller]: Received & accepted new action goal
[ign gazebo-1] [INFO] [1790606595.436834169] [amir2.gripper_controller]: Received & accepted new action goal
[coordinator-39] [INFO] [1790606595.518039603] [cooperative_coordinator]: Payload goal: x=0.481, y=-0.000, yaw=0.395
[ign gazebo-1] [INFO] [1790606595.753708600] [amir1.gripper_controller]: Received & accepted new action goal
[ign gazebo-1] [INFO] [1790606595.753932372] [amir2.gripper_controller]: Received & accepted new action goal
[ign gazebo-1] [INFO] [1790606596.288791003] [amir1.gripper_controller]: Received & accepted new action goal
[ign gazebo-1] [INFO] [1790606596.288799065] [amir2.gripper_controller]: Received & accepted new action goal
[coordinator-39] [INFO] [1790606596.548562770] [cooperative_coordinator]: Payload goal: x=0.481, y=-0.000, yaw=0.401
[ign gazebo-1] [INFO] [1790606596.874684759] [amir1.gripper_controller]: Received & accepted new action goal
[ign gazebo-1] [INFO] [1790606596.874807769] [amir2.gripper_controller]: Received & accepted new action goal
[ign gazebo-1] [INFO] [1790606597.160825680] [amir1.gripper_controller]: Received & accepted new action goal
[ign gazebo-1] [INFO] [1790606597.160889909] [amir2.gripper_controller]: Received & accepted new action goal
[coordinator-39] [INFO] [1790606597.564163070] [cooperative_coordinator]: Payload goal: x=0.481, y=-0.000, yaw=0.407
[ign gazebo-1] [INFO] [1790606597.764609112] [amir1.gripper_controller]: Received & accepted new action goal
[ign gazebo-1] [INFO] [1790606597.764710358] [amir2.gripper_controller]: Received & accepted new action goal
[ign gazebo-1] [INFO] [1790606598.256802054] [amir1.gripper_controller]: Received & accepted new action goal
[ign gazebo-1] [INFO] [1790606598.256891575] [amir2.gripper_controller]: Received & accepted new action goal
[ign gazebo-1] [INFO] [1790606598.529660410] [amir1.gripper_controller]: Received & accepted new action goal
[ign gazebo-1] [INFO] [1790606598.529736611] [amir2.gripper_controller]: Received & accepted new action goal
[coordinator-39] [INFO] [1790606598.566388512] [cooperative_coordinator]: Payload goal: x=0.481, y=-0.000, yaw=0.413
[ign gazebo-1] [INFO] [1790606599.089714690] [amir1.gripper_controller]: Received & accepted new action goal
[ign gazebo-1] [INFO] [1790606599.089898772] [amir2.gripper_controller]: Received & accepted new action goal
[coordinator-39] [INFO] [1790606599.582975188] [cooperative_coordinator]: Payload goal: x=0.481, y=-0.000, yaw=0.420
[ign gazebo-1] [INFO] [1790606599.633571138] [amir1.gripper_controller]: Received & accepted new action goal
[ign gazebo-1] [INFO] [1790606599.633609011] [amir2.gripper_controller]: Received & accepted new action goal
[ign gazebo-1] [INFO] [1790606599.922253957] [amir1.gripper_controller]: Received & accepted new action goal
[ign gazebo-1] [INFO] [1790606599.922383444] [amir2.gripper_controller]: Received & accepted new action goal
[ign gazebo-1] [INFO] [1790606600.457817578] [amir1.gripper_controller]: Received & accepted new action goal
[ign gazebo-1] [INFO] [1790606600.457849477] [amir2.gripper_controller]: Received & accepted new action goal
[coordinator-39] [INFO] [1790606600.621126836] [cooperative_coordinator]: Payload goal: x=0.481, y=-0.000, yaw=0.426
[ign gazebo-1] [INFO] [1790606601.024220792] [amir1.gripper_controller]: Received & accepted new action goal
[ign gazebo-1] [INFO] [1790606601.024273111] [amir2.gripper_controller]: Received & accepted new action goal
[ign gazebo-1] [INFO] [1790606601.305023772] [amir1.gripper_controller]: Received & accepted new action goal
[ign gazebo-1] [INFO] [1790606601.305086815] [amir2.gripper_controller]: Received & accepted new action goal
[coordinator-39] [INFO] [1790606601.637951230] [cooperative_coordinator]: Payload goal: x=0.481, y=-0.000, yaw=0.433
[ign gazebo-1] [INFO] [1790606601.829406994] [amir1.gripper_controller]: Received & accepted new action goal
[ign gazebo-1] [INFO] [1790606601.829452987] [amir2.gripper_controller]: Received & accepted new action goal
[ign gazebo-1] [INFO] [1790606602.468664048] [amir1.gripper_controller]: Received & accepted new action goal
[ign gazebo-1] [INFO] [1790606602.469044439] [amir2.gripper_controller]: Received & accepted new action goal
[coordinator-39] [INFO] [1790606602.662502133] [cooperative_coordinator]: Payload goal: x=0.481, y=-0.000, yaw=0.439
[ign gazebo-1] [INFO] [1790606602.751881827] [amir1.gripper_controller]: Received & accepted new action goal
[ign gazebo-1] [INFO] [1790606602.751981485] [amir2.gripper_controller]: Received & accepted new action goal
[ign gazebo-1] [INFO] [1790606603.443093804] [amir1.gripper_controller]: Received & accepted new action goal
[ign gazebo-1] [INFO] [1790606603.443191775] [amir2.gripper_controller]: Received & accepted new action goal
[coordinator-39] [INFO] [1790606603.667996742] [cooperative_coordinator]: Payload goal: x=0.481, y=-0.000, yaw=0.444
[ign gazebo-1] [INFO] [1790606603.976880652] [amir1.gripper_controller]: Received & accepted new action goal
[ign gazebo-1] [INFO] [1790606603.976967472] [amir2.gripper_controller]: Received & accepted new action goal
[ign gazebo-1] [INFO] [1790606604.242804711] [amir1.gripper_controller]: Received & accepted new action goal
[ign gazebo-1] [INFO] [1790606604.242920241] [amir2.gripper_controller]: Received & accepted new action goal
[coordinator-39] [INFO] [1790606604.687049617] [cooperative_coordinator]: Payload goal: x=0.481, y=-0.000, yaw=0.451
[ign gazebo-1] [INFO] [1790606604.762842184] [amir1.gripper_controller]: Received & accepted new action goal
[ign gazebo-1] [INFO] [1790606604.762969917] [amir2.gripper_controller]: Received & accepted new action goal
[ign gazebo-1] [INFO] [1790606605.303985065] [amir1.gripper_controller]: Received & accepted new action goal
[ign gazebo-1] [INFO] [1790606605.304145541] [amir2.gripper_controller]: Received & accepted new action goal
[ign gazebo-1] [INFO] [1790606605.604707446] [amir1.gripper_controller]: Received & accepted new action goal
[ign gazebo-1] [INFO] [1790606605.604769526] [amir2.gripper_controller]: Received & accepted new action goal
[coordinator-39] [INFO] [1790606605.695283271] [cooperative_coordinator]: Payload goal: x=0.481, y=-0.000, yaw=0.458
[ign gazebo-1] [INFO] [1790606606.141633206] [amir1.gripper_controller]: Received & accepted new action goal
[ign gazebo-1] [INFO] [1790606606.141771360] [amir2.gripper_controller]: Received & accepted new action goal
[ign gazebo-1] [INFO] [1790606606.675443164] [amir1.gripper_controller]: Received & accepted new action goal
[ign gazebo-1] [INFO] [1790606606.675554327] [amir2.gripper_controller]: Received & accepted new action goal
[coordinator-39] [INFO] [1790606606.706388511] [cooperative_coordinator]: Payload goal: x=0.481, y=-0.000, yaw=0.464
[ign gazebo-1] [INFO] [1790606606.944129449] [amir1.gripper_controller]: Received & accepted new action goal
[ign gazebo-1] [INFO] [1790606606.944265541] [amir2.gripper_controller]: Received & accepted new action goal
[ign gazebo-1] [INFO] [1790606607.500289641] [amir1.gripper_controller]: Received & accepted new action goal
[ign gazebo-1] [INFO] [1790606607.500397468] [amir2.gripper_controller]: Received & accepted new action goal
[coordinator-39] [INFO] [1790606607.710685318] [cooperative_coordinator]: Payload goal: x=0.481, y=-0.000, yaw=0.471
[ign gazebo-1] [INFO] [1790606608.026678142] [amir1.gripper_controller]: Received & accepted new action goal
[ign gazebo-1] [INFO] [1790606608.026834878] [amir2.gripper_controller]: Received & accepted new action goal
[ign gazebo-1] [INFO] [1790606608.325344716] [amir1.gripper_controller]: Received & accepted new action goal
[ign gazebo-1] [INFO] [1790606608.325480687] [amir2.gripper_controller]: Received & accepted new action goal
[coordinator-39] [INFO] [1790606608.716641493] [cooperative_coordinator]: Payload goal: x=0.481, y=-0.000, yaw=0.477
[ign gazebo-1] [INFO] [1790606608.911949101] [amir1.gripper_controller]: Received & accepted new action goal
[ign gazebo-1] [INFO] [1790606608.912135333] [amir2.gripper_controller]: Received & accepted new action goal
[ign gazebo-1] [INFO] [1790606609.472752723] [amir1.gripper_controller]: Received & accepted new action goal
[ign gazebo-1] [INFO] [1790606609.472843057] [amir2.gripper_controller]: Received & accepted new action goal
[ign gazebo-1] [INFO] [1790606609.731067924] [amir1.gripper_controller]: Received & accepted new action goal
[ign gazebo-1] [INFO] [1790606609.731108660] [amir2.gripper_controller]: Received & accepted new action goal
[coordinator-39] [INFO] [1790606609.732324571] [cooperative_coordinator]: Payload goal: x=0.481, y=-0.000, yaw=0.483
[ign gazebo-1] [INFO] [1790606610.296633467] [amir1.gripper_controller]: Received & accepted new action goal
[ign gazebo-1] [INFO] [1790606610.296712609] [amir2.gripper_controller]: Received & accepted new action goal
[coordinator-39] [INFO] [1790606610.741694288] [cooperative_coordinator]: Payload goal: x=0.481, y=-0.000, yaw=0.489
[ign gazebo-1] [INFO] [1790606610.872670372] [amir1.gripper_controller]: Received & accepted new action goal
[ign gazebo-1] [INFO] [1790606610.872785513] [amir2.gripper_controller]: Received & accepted new action goal
[ign gazebo-1] [INFO] [1790606611.134974127] [amir1.gripper_controller]: Received & accepted new action goal
[ign gazebo-1] [INFO] [1790606611.135103381] [amir2.gripper_controller]: Received & accepted new action goal
[ign gazebo-1] [INFO] [1790606611.690161199] [amir1.gripper_controller]: Received & accepted new action goal
[ign gazebo-1] [INFO] [1790606611.690213509] [amir2.gripper_controller]: Received & accepted new action goal
[coordinator-39] [INFO] [1790606611.746770233] [cooperative_coordinator]: Payload goal: x=0.481, y=-0.000, yaw=0.495
[ign gazebo-1] [INFO] [1790606612.318236096] [amir1.gripper_controller]: Received & accepted new action goal
[ign gazebo-1] [INFO] [1790606612.318305655] [amir2.gripper_controller]: Received & accepted new action goal
[coordinator-39] [INFO] [1790606612.766865613] [cooperative_coordinator]: Payload goal: x=0.481, y=-0.000, yaw=0.501
[ign gazebo-1] [INFO] [1790606612.853537969] [amir1.gripper_controller]: Received & accepted new action goal
[ign gazebo-1] [INFO] [1790606612.853688920] [amir2.gripper_controller]: Received & accepted new action goal
[ign gazebo-1] [INFO] [1790606613.582718978] [amir1.gripper_controller]: Received & accepted new action goal
[ign gazebo-1] [INFO] [1790606613.582926569] [amir2.gripper_controller]: Received & accepted new action goal
[coordinator-39] [INFO] [1790606613.800182380] [cooperative_coordinator]: Payload goal: x=0.481, y=-0.000, yaw=0.505
[ign gazebo-1] [INFO] [1790606613.831550116] [amir1.gripper_controller]: Received & accepted new action goal
[ign gazebo-1] [INFO] [1790606613.831761606] [amir2.gripper_controller]: Received & accepted new action goal
[ign gazebo-1] [INFO] [1790606614.462601478] [amir1.gripper_controller]: Received & accepted new action goal
[ign gazebo-1] [INFO] [1790606614.462733332] [amir2.gripper_controller]: Received & accepted new action goal
[coordinator-39] [INFO] [1790606614.811312301] [cooperative_coordinator]: Payload goal: x=0.481, y=-0.000, yaw=0.509
[ign gazebo-1] [INFO] [1790606615.010025361] [amir1.gripper_controller]: Received & accepted new action goal
[ign gazebo-1] [INFO] [1790606615.010403191] [amir2.gripper_controller]: Received & accepted new action goal
[ign gazebo-1] [INFO] [1790606615.315115540] [amir1.gripper_controller]: Received & accepted new action goal
[ign gazebo-1] [INFO] [1790606615.315241440] [amir2.gripper_controller]: Received & accepted new action goal
[coordinator-39] [INFO] [1790606615.823965493] [cooperative_coordinator]: Payload goal: x=0.481, y=-0.000, yaw=0.513
[ign gazebo-1] [INFO] [1790606615.840975184] [amir1.gripper_controller]: Received & accepted new action goal
[ign gazebo-1] [INFO] [1790606615.841106110] [amir2.gripper_controller]: Received & accepted new action goal
[ign gazebo-1] [INFO] [1790606616.339041489] [amir1.gripper_controller]: Received & accepted new action goal
[ign gazebo-1] [INFO] [1790606616.339110101] [amir2.gripper_controller]: Received & accepted new action goal
[ign gazebo-1] [INFO] [1790606616.492600506] [amir1.gripper_controller]: Received & accepted new action goal
[ign gazebo-1] [INFO] [1790606616.492717513] [amir2.gripper_controller]: Received & accepted new action goal
[ign gazebo-1] [INFO] [1790606616.765327114] [amir1.gripper_controller]: Received & accepted new action goal
[ign gazebo-1] [INFO] [1790606616.765382702] [amir2.gripper_controller]: Received & accepted new action goal
[coordinator-39] [INFO] [1790606616.837832678] [cooperative_coordinator]: Payload goal: x=0.481, y=-0.000, yaw=0.517
[ign gazebo-1] [INFO] [1790606617.282466671] [amir1.gripper_controller]: Received & accepted new action goal
[ign gazebo-1] [INFO] [1790606617.282555396] [amir2.gripper_controller]: Received & accepted new action goal
[ign gazebo-1] [INFO] [1790606617.605547084] [amir1.gripper_controller]: Received & accepted new action goal
[ign gazebo-1] [INFO] [1790606617.605664875] [amir2.gripper_controller]: Received & accepted new action goal
[coordinator-39] [INFO] [1790606617.846734110] [cooperative_coordinator]: Payload goal: x=0.481, y=-0.000, yaw=0.520
[ign gazebo-1] [INFO] [1790606618.290111983] [amir1.gripper_controller]: Received & accepted new action goal
[ign gazebo-1] [INFO] [1790606618.290192407] [amir2.gripper_controller]: Received & accepted new action goal
[coordinator-39] [INFO] [1790606618.857032598] [cooperative_coordinator]: Payload goal: x=0.481, y=-0.000, yaw=0.521
[ign gazebo-1] [INFO] [1790606618.912945941] [amir1.gripper_controller]: Received & accepted new action goal
[ign gazebo-1] [INFO] [1790606618.913019627] [amir2.gripper_controller]: Received & accepted new action goal
[ign gazebo-1] [INFO] [1790606619.204394110] [amir1.gripper_controller]: Received & accepted new action goal
[ign gazebo-1] [INFO] [1790606619.204442266] [amir2.gripper_controller]: Received & accepted new action goal
[ign gazebo-1] [INFO] [1790606619.816972521] [amir1.gripper_controller]: Received & accepted new action goal
[ign gazebo-1] [INFO] [1790606619.817044491] [amir2.gripper_controller]: Received & accepted new action goal
[coordinator-39] [INFO] [1790606619.865757166] [cooperative_coordinator]: Payload goal: x=0.481, y=-0.000, yaw=0.522
[ign gazebo-1] [INFO] [1790606620.427952312] [amir1.gripper_controller]: Received & accepted new action goal
[ign gazebo-1] [INFO] [1790606620.428082364] [amir2.gripper_controller]: Received & accepted new action goal
[ign gazebo-1] [INFO] [1790606620.668328457] [amir1.gripper_controller]: Received & accepted new action goal
[ign gazebo-1] [INFO] [1790606620.668528760] [amir2.gripper_controller]: Received & accepted new action goal
[coordinator-39] [INFO] [1790606620.872929733] [cooperative_coordinator]: Payload goal: x=0.481, y=-0.000, yaw=0.523
[ign gazebo-1] [INFO] [1790606621.127658484] [amir1.gripper_controller]: Received & accepted new action goal
[ign gazebo-1] [INFO] [1790606621.127752239] [amir2.gripper_controller]: Received & accepted new action goal
[ign gazebo-1] [INFO] [1790606621.650468691] [amir1.gripper_controller]: Received & accepted new action goal
[ign gazebo-1] [INFO] [1790606621.650558868] [amir2.gripper_controller]: Received & accepted new action goal
[coordinator-39] [INFO] [1790606621.883958004] [cooperative_coordinator]: Payload goal: x=0.481, y=-0.000, yaw=0.568
[ign gazebo-1] [INFO] [1790606621.943130334] [amir1.gripper_controller]: Received & accepted new action goal
[ign gazebo-1] [INFO] [1790606621.943313854] [amir2.gripper_controller]: Received & accepted new action goal
[ign gazebo-1] [INFO] [1790606622.605148273] [amir1.gripper_controller]: Received & accepted new action goal
[ign gazebo-1] [INFO] [1790606622.605234248] [amir2.gripper_controller]: Received & accepted new action goal
[coordinator-39] [INFO] [1790606622.889798315] [cooperative_coordinator]: Payload goal: x=0.481, y=-0.000, yaw=0.557
[ign gazebo-1] [INFO] [1790606623.187495384] [amir1.gripper_controller]: Received & accepted new action goal
[ign gazebo-1] [INFO] [1790606623.187612495] [amir2.gripper_controller]: Received & accepted new action goal
[ign gazebo-1] [INFO] [1790606623.542806608] [amir1.gripper_controller]: Received & accepted new action goal
[ign gazebo-1] [INFO] [1790606623.543171250] [amir2.gripper_controller]: Received & accepted new action goal
[coordinator-39] [INFO] [1790606623.898775616] [cooperative_coordinator]: Payload goal: x=0.481, y=-0.000, yaw=0.549
[ign gazebo-1] [INFO] [1790606624.156228336] [amir1.gripper_controller]: Received & accepted new action goal
[ign gazebo-1] [INFO] [1790606624.727493901] [amir1.gripper_controller]: Received & accepted new action goal
[coordinator-39] [INFO] [1790606624.919864556] [cooperative_coordinator]: Payload goal: x=0.481, y=-0.000, yaw=0.540
[ign gazebo-1] [INFO] [1790606625.037857492] [amir1.gripper_controller]: Received & accepted new action goal
[ign gazebo-1] [INFO] [1790606625.692673180] [amir1.gripper_controller]: Received & accepted new action goal
[coordinator-39] [INFO] [1790606625.934975652] [cooperative_coordinator]: Payload goal: x=0.481, y=-0.000, yaw=0.536
[ign gazebo-1] [INFO] [1790606626.306281022] [amir1.gripper_controller]: Received & accepted new action goal
[ign gazebo-1] [INFO] [1790606626.532809266] [amir1.gripper_controller]: Received & accepted new action goal
[coordinator-39] [INFO] [1790606626.937486917] [cooperative_coordinator]: Payload goal: x=0.481, y=-0.000, yaw=0.531
[ign gazebo-1] [INFO] [1790606627.032085381] [amir1.gripper_controller]: Received & accepted new action goal
[ign gazebo-1] [INFO] [1790606627.489078607] [amir1.gripper_controller]: Received & accepted new action goal
[ign gazebo-1] [INFO] [1790606627.690141430] [amir1.gripper_controller]: Received & accepted new action goal
[coordinator-39] [INFO] [1790606627.954052479] [cooperative_coordinator]: Payload goal: x=0.481, y=-0.000, yaw=0.530
[ign gazebo-1] [INFO] [1790606628.092268331] [amir1.gripper_controller]: Received & accepted new action goal
[rotation_controller-6] [INFO] [1790606628.209139649] [cooperative_rotation_controller]: シーケンス終了: 搬送（回転）
[rotation_controller-6] [INFO] [1790606628.209377377] [cooperative_rotation_controller]: シーケンス開始: 搬送（横方向直進） 0.300 m（payload-local right）
[ign gazebo-1] [INFO] [1790606628.536221647] [amir1.gripper_controller]: Received & accepted new action goal
[ign gazebo-1] [INFO] [1790606628.722841381] [amir1.gripper_controller]: Received & accepted new action goal
[coordinator-39] [INFO] [1790606628.958503174] [cooperative_coordinator]: Payload goal: x=0.481, y=-0.001, yaw=0.520
[ign gazebo-1] [INFO] [1790606629.134922959] [amir1.gripper_controller]: Received & accepted new action goal
[ign gazebo-1] [INFO] [1790606629.445850178] [amir1.gripper_controller]: Received & accepted new action goal
[ign gazebo-1] [INFO] [1790606629.663370414] [amir1.gripper_controller]: Received & accepted new action goal
[ign gazebo-1] [INFO] [1790606629.663446073] [amir2.gripper_controller]: Received & accepted new action goal
[coordinator-39] [INFO] [1790606629.966266166] [cooperative_coordinator]: Payload goal: x=0.486, y=-0.009, yaw=0.520
[ign gazebo-1] [INFO] [1790606629.996935895] [amir1.gripper_controller]: Received & accepted new action goal
[ign gazebo-1] [INFO] [1790606629.997037837] [amir2.gripper_controller]: Received & accepted new action goal
[ign gazebo-1] [INFO] [1790606630.478552788] [amir1.gripper_controller]: Received & accepted new action goal
[ign gazebo-1] [INFO] [1790606630.478985934] [amir2.gripper_controller]: Received & accepted new action goal
[ign gazebo-1] [INFO] [1790606630.704882155] [amir1.gripper_controller]: Received & accepted new action goal
[ign gazebo-1] [INFO] [1790606630.704978765] [amir2.gripper_controller]: Received & accepted new action goal
[coordinator-39] [INFO] [1790606630.968193853] [cooperative_coordinator]: Payload goal: x=0.492, y=-0.020, yaw=0.520
[ign gazebo-1] [INFO] [1790606631.188637536] [amir1.gripper_controller]: Received & accepted new action goal
[ign gazebo-1] [INFO] [1790606631.188786752] [amir2.gripper_controller]: Received & accepted new action goal
[ign gazebo-1] [INFO] [1790606631.719384846] [amir1.gripper_controller]: Received & accepted new action goal
[ign gazebo-1] [INFO] [1790606631.719504462] [amir2.gripper_controller]: Received & accepted new action goal
[ign gazebo-1] [INFO] [1790606631.987444297] [amir2.gripper_controller]: Received & accepted new action goal
[coordinator-39] [INFO] [1790606631.988904218] [cooperative_coordinator]: Payload goal: x=0.499, y=-0.033, yaw=0.520
[ign gazebo-1] [INFO] [1790606632.572412788] [amir2.gripper_controller]: Received & accepted new action goal
[ign gazebo-1] [INFO] [1790606633.000925198] [amir2.gripper_controller]: Received & accepted new action goal
[coordinator-39] [INFO] [1790606633.002192511] [cooperative_coordinator]: Payload goal: x=0.503, y=-0.039, yaw=0.520
[ign gazebo-1] [INFO] [1790606633.209860000] [amir1.gripper_controller]: Received & accepted new action goal
[ign gazebo-1] [INFO] [1790606633.209898953] [amir2.gripper_controller]: Received & accepted new action goal
[ign gazebo-1] [INFO] [1790606633.571324805] [amir1.gripper_controller]: Received & accepted new action goal
[ign gazebo-1] [INFO] [1790606633.571410888] [amir2.gripper_controller]: Received & accepted new action goal
[coordinator-39] [INFO] [1790606634.010981260] [cooperative_coordinator]: Payload goal: x=0.503, y=-0.039, yaw=0.520
[ign gazebo-1] [INFO] [1790606634.128192648] [amir1.gripper_controller]: Received & accepted new action goal
[ign gazebo-1] [INFO] [1790606634.128323056] [amir2.gripper_controller]: Received & accepted new action goal
[ign gazebo-1] [INFO] [1790606634.423624058] [amir1.gripper_controller]: Received & accepted new action goal
[ign gazebo-1] [INFO] [1790606634.423735493] [amir2.gripper_controller]: Received & accepted new action goal
[ign gazebo-1] [INFO] [1790606634.999773916] [amir1.gripper_controller]: Received & accepted new action goal
[ign gazebo-1] [INFO] [1790606634.999977369] [amir2.gripper_controller]: Received & accepted new action goal
[coordinator-39] [INFO] [1790606635.038183740] [cooperative_coordinator]: Payload goal: x=0.503, y=-0.039, yaw=0.520
[ign gazebo-1] [INFO] [1790606635.520958999] [amir1.gripper_controller]: Received & accepted new action goal
[ign gazebo-1] [INFO] [1790606635.521008495] [amir2.gripper_controller]: Received & accepted new action goal
[ign gazebo-1] [INFO] [1790606635.778504317] [amir1.gripper_controller]: Received & accepted new action goal
[ign gazebo-1] [INFO] [1790606635.778561663] [amir2.gripper_controller]: Received & accepted new action goal
[coordinator-39] [INFO] [1790606636.043978085] [cooperative_coordinator]: Payload goal: x=0.503, y=-0.039, yaw=0.520
[ign gazebo-1] [INFO] [1790606636.347229094] [amir1.gripper_controller]: Received & accepted new action goal
[ign gazebo-1] [INFO] [1790606636.347373458] [amir2.gripper_controller]: Received & accepted new action goal
[ign gazebo-1] [INFO] [1790606636.760604967] [amir1.gripper_controller]: Received & accepted new action goal
[ign gazebo-1] [INFO] [1790606636.760760307] [amir2.gripper_controller]: Received & accepted new action goal
[ign gazebo-1] [INFO] [1790606636.996475854] [amir1.gripper_controller]: Received & accepted new action goal
[ign gazebo-1] [INFO] [1790606636.996812923] [amir2.gripper_controller]: Received & accepted new action goal
[coordinator-39] [INFO] [1790606637.058260281] [cooperative_coordinator]: Payload goal: x=0.503, y=-0.039, yaw=0.520
[ign gazebo-1] [INFO] [1790606637.547484299] [amir1.gripper_controller]: Received & accepted new action goal
[ign gazebo-1] [INFO] [1790606637.547638648] [amir2.gripper_controller]: Received & accepted new action goal
[ign gazebo-1] [INFO] [1790606638.059243692] [amir1.gripper_controller]: Received & accepted new action goal
[ign gazebo-1] [INFO] [1790606638.059333555] [amir2.gripper_controller]: Received & accepted new action goal
[coordinator-39] [INFO] [1790606638.062162532] [cooperative_coordinator]: Payload goal: x=0.503, y=-0.039, yaw=0.520
[ign gazebo-1] [INFO] [1790606638.282721007] [amir1.gripper_controller]: Received & accepted new action goal
[ign gazebo-1] [INFO] [1790606638.282804418] [amir2.gripper_controller]: Received & accepted new action goal
[ign gazebo-1] [INFO] [1790606638.798875722] [amir1.gripper_controller]: Received & accepted new action goal
[ign gazebo-1] [INFO] [1790606638.798896933] [amir2.gripper_controller]: Received & accepted new action goal
[coordinator-39] [INFO] [1790606639.069401350] [cooperative_coordinator]: Payload goal: x=0.510, y=-0.051, yaw=0.520
[ign gazebo-1] [INFO] [1790606639.205272728] [amir2.gripper_controller]: Received & accepted new action goal
[ign gazebo-1] [INFO] [1790606639.205281031] [amir1.gripper_controller]: Received & accepted new action goal
[ign gazebo-1] [INFO] [1790606639.450378161] [amir1.gripper_controller]: Received & accepted new action goal
[ign gazebo-1] [INFO] [1790606639.450407964] [amir2.gripper_controller]: Received & accepted new action goal
[ign gazebo-1] [INFO] [1790606639.943705643] [amir1.gripper_controller]: Received & accepted new action goal
[ign gazebo-1] [INFO] [1790606639.943856328] [amir2.gripper_controller]: Received & accepted new action goal
[coordinator-39] [INFO] [1790606640.075908461] [cooperative_coordinator]: Payload goal: x=0.515, y=-0.060, yaw=0.520
[ign gazebo-1] [INFO] [1790606640.378520447] [amir1.gripper_controller]: Received & accepted new action goal
[ign gazebo-1] [INFO] [1790606640.378615532] [amir2.gripper_controller]: Received & accepted new action goal
[ign gazebo-1] [INFO] [1790606640.607727692] [amir2.gripper_controller]: Received & accepted new action goal
[coordinator-39] [INFO] [1790606641.078432532] [cooperative_coordinator]: Payload goal: x=0.515, y=-0.060, yaw=0.520
[ign gazebo-1] [INFO] [1790606641.094607935] [amir1.gripper_controller]: Received & accepted new action goal
[ign gazebo-1] [INFO] [1790606641.094762429] [amir2.gripper_controller]: Received & accepted new action goal
[ign gazebo-1] [INFO] [1790606641.601745801] [amir1.gripper_controller]: Received & accepted new action goal
[ign gazebo-1] [INFO] [1790606641.601805539] [amir2.gripper_controller]: Received & accepted new action goal
[ign gazebo-1] [INFO] [1790606641.851860108] [amir1.gripper_controller]: Received & accepted new action goal
[ign gazebo-1] [INFO] [1790606641.851967131] [amir2.gripper_controller]: Received & accepted new action goal
[coordinator-39] [INFO] [1790606642.099152156] [cooperative_coordinator]: Payload goal: x=0.515, y=-0.060, yaw=0.520
[ign gazebo-1] [INFO] [1790606642.373845409] [amir1.gripper_controller]: Received & accepted new action goal
[ign gazebo-1] [INFO] [1790606642.373905180] [amir2.gripper_controller]: Received & accepted new action goal
[ign gazebo-1] [INFO] [1790606642.885989417] [amir1.gripper_controller]: Received & accepted new action goal
[ign gazebo-1] [INFO] [1790606642.886090885] [amir2.gripper_controller]: Received & accepted new action goal
[coordinator-39] [INFO] [1790606643.123199522] [cooperative_coordinator]: Payload goal: x=0.515, y=-0.060, yaw=0.520
[ign gazebo-1] [INFO] [1790606643.141247643] [amir1.gripper_controller]: Received & accepted new action goal
[ign gazebo-1] [INFO] [1790606643.141282540] [amir2.gripper_controller]: Received & accepted new action goal
[ign gazebo-1] [INFO] [1790606643.482493105] [amir1.gripper_controller]: Received & accepted new action goal
[ign gazebo-1] [INFO] [1790606643.482549858] [amir2.gripper_controller]: Received & accepted new action goal
[ign gazebo-1] [INFO] [1790606643.946582655] [amir1.gripper_controller]: Received & accepted new action goal
[ign gazebo-1] [INFO] [1790606643.946700679] [amir2.gripper_controller]: Received & accepted new action goal
[coordinator-39] [INFO] [1790606644.130681907] [cooperative_coordinator]: Payload goal: x=0.515, y=-0.060, yaw=0.520
[ign gazebo-1] [INFO] [1790606644.142593614] [amir1.gripper_controller]: Received & accepted new action goal
[ign gazebo-1] [INFO] [1790606644.142739578] [amir2.gripper_controller]: Received & accepted new action goal
[ign gazebo-1] [INFO] [1790606644.660189472] [amir1.gripper_controller]: Received & accepted new action goal
[ign gazebo-1] [INFO] [1790606644.660325178] [amir2.gripper_controller]: Received & accepted new action goal
[coordinator-39] [INFO] [1790606645.138738799] [cooperative_coordinator]: Payload goal: x=0.515, y=-0.060, yaw=0.520
[ign gazebo-1] [INFO] [1790606645.196204796] [amir1.gripper_controller]: Received & accepted new action goal
[ign gazebo-1] [INFO] [1790606645.196361996] [amir2.gripper_controller]: Received & accepted new action goal
[ign gazebo-1] [INFO] [1790606645.463154222] [amir1.gripper_controller]: Received & accepted new action goal
[ign gazebo-1] [INFO] [1790606645.463347175] [amir2.gripper_controller]: Received & accepted new action goal
[ign gazebo-1] [INFO] [1790606646.002038678] [amir1.gripper_controller]: Received & accepted new action goal
[ign gazebo-1] [INFO] [1790606646.002127296] [amir2.gripper_controller]: Received & accepted new action goal
[coordinator-39] [INFO] [1790606646.140492799] [cooperative_coordinator]: Payload goal: x=0.523, y=-0.074, yaw=0.520
[ign gazebo-1] [INFO] [1790606646.502816169] [amir1.gripper_controller]: Received & accepted new action goal
[ign gazebo-1] [INFO] [1790606646.502882949] [amir2.gripper_controller]: Received & accepted new action goal
[ign gazebo-1] [INFO] [1790606646.729920247] [amir1.gripper_controller]: Received & accepted new action goal
[ign gazebo-1] [INFO] [1790606646.730475800] [amir2.gripper_controller]: Received & accepted new action goal
[coordinator-39] [INFO] [1790606647.143488775] [cooperative_coordinator]: Payload goal: x=0.527, y=-0.081, yaw=0.520
[ign gazebo-1] [INFO] [1790606647.236508007] [amir1.gripper_controller]: Received & accepted new action goal
[ign gazebo-1] [INFO] [1790606647.236627226] [amir2.gripper_controller]: Received & accepted new action goal
[ign gazebo-1] [INFO] [1790606647.619430512] [amir1.gripper_controller]: Received & accepted new action goal
[ign gazebo-1] [INFO] [1790606647.619592649] [amir2.gripper_controller]: Received & accepted new action goal
[ign gazebo-1] [INFO] [1790606647.827969813] [amir1.gripper_controller]: Received & accepted new action goal
[ign gazebo-1] [INFO] [1790606647.828105687] [amir2.gripper_controller]: Received & accepted new action goal
[coordinator-39] [INFO] [1790606648.155008473] [cooperative_coordinator]: Payload goal: x=0.527, y=-0.081, yaw=0.520
[ign gazebo-1] [INFO] [1790606648.332385644] [amir1.gripper_controller]: Received & accepted new action goal
[ign gazebo-1] [INFO] [1790606648.332495310] [amir2.gripper_controller]: Received & accepted new action goal
[ign gazebo-1] [INFO] [1790606648.893285331] [amir1.gripper_controller]: Received & accepted new action goal
[ign gazebo-1] [INFO] [1790606648.893418260] [amir2.gripper_controller]: Received & accepted new action goal
[ign gazebo-1] [INFO] [1790606649.165441767] [amir1.gripper_controller]: Received & accepted new action goal
[ign gazebo-1] [INFO] [1790606649.165601265] [amir2.gripper_controller]: Received & accepted new action goal
[coordinator-39] [INFO] [1790606649.166335893] [cooperative_coordinator]: Payload goal: x=0.527, y=-0.081, yaw=0.520
[ign gazebo-1] [INFO] [1790606649.512410340] [amir1.gripper_controller]: Received & accepted new action goal
[ign gazebo-1] [INFO] [1790606649.512478676] [amir2.gripper_controller]: Received & accepted new action goal
[ign gazebo-1] [INFO] [1790606649.975134933] [amir1.gripper_controller]: Received & accepted new action goal
[ign gazebo-1] [INFO] [1790606649.975223232] [amir2.gripper_controller]: Received & accepted new action goal
[coordinator-39] [INFO] [1790606650.167544883] [cooperative_coordinator]: Payload goal: x=0.527, y=-0.081, yaw=0.520
[ign gazebo-1] [INFO] [1790606650.240790555] [amir1.gripper_controller]: Received & accepted new action goal
[ign gazebo-1] [INFO] [1790606650.240906532] [amir2.gripper_controller]: Received & accepted new action goal
[ign gazebo-1] [INFO] [1790606650.755529352] [amir1.gripper_controller]: Received & accepted new action goal
[ign gazebo-1] [INFO] [1790606650.755585350] [amir2.gripper_controller]: Received & accepted new action goal
[ign gazebo-1] [INFO] [1790606651.124658769] [amir1.gripper_controller]: Received & accepted new action goal
[ign gazebo-1] [INFO] [1790606651.124671522] [amir2.gripper_controller]: Received & accepted new action goal
[coordinator-39] [INFO] [1790606651.176660912] [cooperative_coordinator]: Payload goal: x=0.527, y=-0.081, yaw=0.520
[ign gazebo-1] [INFO] [1790606651.342298810] [amir1.gripper_controller]: Received & accepted new action goal
[ign gazebo-1] [INFO] [1790606651.342383926] [amir2.gripper_controller]: Received & accepted new action goal
[ign gazebo-1] [INFO] [1790606651.839923212] [amir1.gripper_controller]: Received & accepted new action goal
[ign gazebo-1] [INFO] [1790606651.839941628] [amir2.gripper_controller]: Received & accepted new action goal
[coordinator-39] [INFO] [1790606652.186379904] [cooperative_coordinator]: Payload goal: x=0.527, y=-0.081, yaw=0.520
[ign gazebo-1] [INFO] [1790606652.274337301] [amir1.gripper_controller]: Received & accepted new action goal
[ign gazebo-1] [INFO] [1790606652.274459167] [amir2.gripper_controller]: Received & accepted new action goal
[ign gazebo-1] [INFO] [1790606652.515851380] [amir1.gripper_controller]: Received & accepted new action goal
[ign gazebo-1] [INFO] [1790606652.515899945] [amir2.gripper_controller]: Received & accepted new action goal
[ign gazebo-1] [INFO] [1790606652.916218135] [amir1.gripper_controller]: Received & accepted new action goal
[ign gazebo-1] [INFO] [1790606652.916307073] [amir2.gripper_controller]: Received & accepted new action goal
[coordinator-39] [INFO] [1790606653.196763818] [cooperative_coordinator]: Payload goal: x=0.537, y=-0.098, yaw=0.520
[ign gazebo-1] [INFO] [1790606653.441933965] [amir1.gripper_controller]: Received & accepted new action goal
[ign gazebo-1] [INFO] [1790606653.441975347] [amir2.gripper_controller]: Received & accepted new action goal
[ign gazebo-1] [INFO] [1790606653.631425557] [amir1.gripper_controller]: Received & accepted new action goal
[ign gazebo-1] [INFO] [1790606653.631520684] [amir2.gripper_controller]: Received & accepted new action goal
[ign gazebo-1] [INFO] [1790606653.963736153] [amir1.gripper_controller]: Received & accepted new action goal
[ign gazebo-1] [INFO] [1790606653.963844216] [amir2.gripper_controller]: Received & accepted new action goal
[coordinator-39] [INFO] [1790606654.215720092] [cooperative_coordinator]: Payload goal: x=0.540, y=-0.102, yaw=0.520
[ign gazebo-1] [INFO] [1790606654.367255089] [amir1.gripper_controller]: Received & accepted new action goal
[ign gazebo-1] [INFO] [1790606654.538230360] [amir1.gripper_controller]: Received & accepted new action goal
[friction_grasp_manager-34] [WARN] [1790606654.538805580] [friction_grasp_manager]: amir2 finger force above 26.0 N; backing off.
[ign gazebo-1] [INFO] [1790606654.539012760] [amir2.gripper_controller]: Received & accepted new action goal
[ign gazebo-1] [INFO] [1790606654.866161496] [amir1.gripper_controller]: Received & accepted new action goal
[ign gazebo-1] [INFO] [1790606654.866604316] [amir2.gripper_controller]: Received & accepted new action goal
[ign gazebo-1] [INFO] [1790606655.191858631] [amir1.gripper_controller]: Received & accepted new action goal
[ign gazebo-1] [INFO] [1790606655.191956672] [amir2.gripper_controller]: Received & accepted new action goal
[coordinator-39] [INFO] [1790606655.233185714] [cooperative_coordinator]: Payload goal: x=0.540, y=-0.102, yaw=0.520
[ign gazebo-1] [INFO] [1790606655.451227972] [amir1.gripper_controller]: Received & accepted new action goal
[ign gazebo-1] [INFO] [1790606655.451368548] [amir2.gripper_controller]: Received & accepted new action goal
[ign gazebo-1] [INFO] [1790606655.967942068] [amir1.gripper_controller]: Received & accepted new action goal
[ign gazebo-1] [INFO] [1790606655.967999656] [amir2.gripper_controller]: Received & accepted new action goal
[coordinator-39] [INFO] [1790606656.249573020] [cooperative_coordinator]: Payload goal: x=0.540, y=-0.102, yaw=0.520
[ign gazebo-1] [INFO] [1790606656.438626677] [amir1.gripper_controller]: Received & accepted new action goal
[ign gazebo-1] [INFO] [1790606656.438773127] [amir2.gripper_controller]: Received & accepted new action goal
[ign gazebo-1] [INFO] [1790606656.621788220] [amir1.gripper_controller]: Received & accepted new action goal
[ign gazebo-1] [INFO] [1790606656.621871297] [amir2.gripper_controller]: Received & accepted new action goal
[friction_grasp_manager-34] [WARN] [1790606657.061109268] [friction_grasp_manager]: amir1 finger force above 26.0 N; backing off.
[ign gazebo-1] [INFO] [1790606657.061965600] [amir1.gripper_controller]: Received & accepted new action goal
[ign gazebo-1] [INFO] [1790606657.062402280] [amir2.gripper_controller]: Received & accepted new action goal
[coordinator-39] [INFO] [1790606657.255485320] [cooperative_coordinator]: Payload goal: x=0.540, y=-0.102, yaw=0.520
[ign gazebo-1] [INFO] [1790606657.380651162] [amir1.gripper_controller]: Received & accepted new action goal
[ign gazebo-1] [INFO] [1790606657.380774275] [amir2.gripper_controller]: Received & accepted new action goal
[ign gazebo-1] [INFO] [1790606657.611899894] [amir1.gripper_controller]: Received & accepted new action goal
[ign gazebo-1] [INFO] [1790606657.611960801] [amir2.gripper_controller]: Received & accepted new action goal
[ign gazebo-1] [INFO] [1790606658.087367552] [amir1.gripper_controller]: Received & accepted new action goal
[ign gazebo-1] [INFO] [1790606658.087492863] [amir2.gripper_controller]: Received & accepted new action goal
[coordinator-39] [INFO] [1790606658.266507131] [cooperative_coordinator]: Payload goal: x=0.540, y=-0.102, yaw=0.520
[ign gazebo-1] [INFO] [1790606658.486654484] [amir1.gripper_controller]: Received & accepted new action goal
[ign gazebo-1] [INFO] [1790606658.486705805] [amir2.gripper_controller]: Received & accepted new action goal
[ign gazebo-1] [INFO] [1790606658.697049698] [amir1.gripper_controller]: Received & accepted new action goal
[ign gazebo-1] [INFO] [1790606658.697207042] [amir2.gripper_controller]: Received & accepted new action goal
[ign gazebo-1] [INFO] [1790606659.170119610] [amir1.gripper_controller]: Received & accepted new action goal
[ign gazebo-1] [INFO] [1790606659.170222708] [amir2.gripper_controller]: Received & accepted new action goal
[coordinator-39] [INFO] [1790606659.273728637] [cooperative_coordinator]: Payload goal: x=0.547, y=-0.116, yaw=0.520
[ign gazebo-1] [INFO] [1790606659.529117442] [amir1.gripper_controller]: Received & accepted new action goal
[ign gazebo-1] [INFO] [1790606659.529235781] [amir2.gripper_controller]: Received & accepted new action goal
[ign gazebo-1] [INFO] [1790606659.730355873] [amir1.gripper_controller]: Received & accepted new action goal
[ign gazebo-1] [INFO] [1790606659.730538410] [amir2.gripper_controller]: Received & accepted new action goal
[ign gazebo-1] [INFO] [1790606660.272889242] [amir1.gripper_controller]: Received & accepted new action goal
[ign gazebo-1] [INFO] [1790606660.272994121] [amir2.gripper_controller]: Received & accepted new action goal
[coordinator-39] [INFO] [1790606660.296156166] [cooperative_coordinator]: Payload goal: x=0.552, y=-0.124, yaw=0.520
[ign gazebo-1] [INFO] [1790606660.765950100] [amir1.gripper_controller]: Received & accepted new action goal
[ign gazebo-1] [INFO] [1790606660.766011320] [amir2.gripper_controller]: Received & accepted new action goal
[ign gazebo-1] [INFO] [1790606660.955631429] [amir1.gripper_controller]: Received & accepted new action goal
[ign gazebo-1] [INFO] [1790606660.955680894] [amir2.gripper_controller]: Received & accepted new action goal
[coordinator-39] [INFO] [1790606661.313365750] [cooperative_coordinator]: Payload goal: x=0.552, y=-0.124, yaw=0.520
[ign gazebo-1] [INFO] [1790606661.378904174] [amir1.gripper_controller]: Received & accepted new action goal
[ign gazebo-1] [INFO] [1790606661.378974588] [amir2.gripper_controller]: Received & accepted new action goal
[ign gazebo-1] [INFO] [1790606661.870666368] [amir1.gripper_controller]: Received & accepted new action goal
[ign gazebo-1] [INFO] [1790606661.870753351] [amir2.gripper_controller]: Received & accepted new action goal
[ign gazebo-1] [INFO] [1790606662.113713193] [amir1.gripper_controller]: Received & accepted new action goal
[ign gazebo-1] [INFO] [1790606662.113816659] [amir2.gripper_controller]: Received & accepted new action goal
[coordinator-39] [INFO] [1790606662.320019500] [cooperative_coordinator]: Payload goal: x=0.552, y=-0.124, yaw=0.520
[ign gazebo-1] [INFO] [1790606662.578836576] [amir1.gripper_controller]: Received & accepted new action goal
[ign gazebo-1] [INFO] [1790606662.578949169] [amir2.gripper_controller]: Received & accepted new action goal
[ign gazebo-1] [INFO] [1790606663.107346210] [amir2.gripper_controller]: Received & accepted new action goal
[ign gazebo-1] [INFO] [1790606663.108026256] [amir1.gripper_controller]: Received & accepted new action goal
[ign gazebo-1] [INFO] [1790606663.325988787] [amir1.gripper_controller]: Received & accepted new action goal
[ign gazebo-1] [INFO] [1790606663.326094834] [amir2.gripper_controller]: Received & accepted new action goal
[coordinator-39] [INFO] [1790606663.327641229] [cooperative_coordinator]: Payload goal: x=0.552, y=-0.124, yaw=0.520
[ign gazebo-1] [INFO] [1790606663.822994494] [amir1.gripper_controller]: Received & accepted new action goal
[ign gazebo-1] [INFO] [1790606663.823088051] [amir2.gripper_controller]: Received & accepted new action goal
[ign gazebo-1] [INFO] [1790606664.332535701] [amir1.gripper_controller]: Received & accepted new action goal
[ign gazebo-1] [INFO] [1790606664.332564578] [amir2.gripper_controller]: Received & accepted new action goal
[coordinator-39] [INFO] [1790606664.335076344] [cooperative_coordinator]: Payload goal: x=0.552, y=-0.124, yaw=0.520
[ign gazebo-1] [INFO] [1790606664.562108968] [amir1.gripper_controller]: Received & accepted new action goal
[ign gazebo-1] [INFO] [1790606664.562226229] [amir2.gripper_controller]: Received & accepted new action goal
[ign gazebo-1] [INFO] [1790606664.944566267] [amir1.gripper_controller]: Received & accepted new action goal
[ign gazebo-1] [INFO] [1790606664.944725347] [amir2.gripper_controller]: Received & accepted new action goal
[ign gazebo-1] [INFO] [1790606665.301288049] [amir1.gripper_controller]: Received & accepted new action goal
[ign gazebo-1] [INFO] [1790606665.301462166] [amir2.gripper_controller]: Received & accepted new action goal
[coordinator-39] [INFO] [1790606665.340754303] [cooperative_coordinator]: Payload goal: x=0.553, y=-0.126, yaw=0.520
[ign gazebo-1] [INFO] [1790606665.522311221] [amir1.gripper_controller]: Received & accepted new action goal
[ign gazebo-1] [INFO] [1790606665.522337955] [amir2.gripper_controller]: Received & accepted new action goal
[ign gazebo-1] [INFO] [1790606666.088933945] [amir1.gripper_controller]: Received & accepted new action goal
[ign gazebo-1] [INFO] [1790606666.089072200] [amir2.gripper_controller]: Received & accepted new action goal
[coordinator-39] [INFO] [1790606666.356444717] [cooperative_coordinator]: Payload goal: x=0.563, y=-0.143, yaw=0.520
[ign gazebo-1] [INFO] [1790606666.533477529] [amir1.gripper_controller]: Received & accepted new action goal
[ign gazebo-1] [INFO] [1790606666.533599522] [amir2.gripper_controller]: Received & accepted new action goal
[ign gazebo-1] [INFO] [1790606666.742386201] [amir1.gripper_controller]: Received & accepted new action goal
[ign gazebo-1] [INFO] [1790606666.742463850] [amir2.gripper_controller]: Received & accepted new action goal
[ign gazebo-1] [INFO] [1790606667.228075356] [amir1.gripper_controller]: Received & accepted new action goal
[ign gazebo-1] [INFO] [1790606667.228404731] [amir2.gripper_controller]: Received & accepted new action goal
[coordinator-39] [INFO] [1790606667.370227387] [cooperative_coordinator]: Payload goal: x=0.564, y=-0.145, yaw=0.520
[ign gazebo-1] [INFO] [1790606667.730988688] [amir1.gripper_controller]: Received & accepted new action goal
[ign gazebo-1] [INFO] [1790606667.731110822] [amir2.gripper_controller]: Received & accepted new action goal
[ign gazebo-1] [INFO] [1790606667.940212076] [amir1.gripper_controller]: Received & accepted new action goal
[ign gazebo-1] [INFO] [1790606667.940288746] [amir2.gripper_controller]: Received & accepted new action goal
[coordinator-39] [INFO] [1790606668.386392603] [cooperative_coordinator]: Payload goal: x=0.564, y=-0.145, yaw=0.520
[ign gazebo-1] [INFO] [1790606668.434779577] [amir1.gripper_controller]: Received & accepted new action goal
[ign gazebo-1] [INFO] [1790606668.434883595] [amir2.gripper_controller]: Received & accepted new action goal
[ign gazebo-1] [INFO] [1790606668.889332214] [amir1.gripper_controller]: Received & accepted new action goal
[ign gazebo-1] [INFO] [1790606668.889461828] [amir2.gripper_controller]: Received & accepted new action goal
[ign gazebo-1] [INFO] [1790606669.140537921] [amir1.gripper_controller]: Received & accepted new action goal
[ign gazebo-1] [INFO] [1790606669.140576456] [amir2.gripper_controller]: Received & accepted new action goal
[coordinator-39] [INFO] [1790606669.398907640] [cooperative_coordinator]: Payload goal: x=0.564, y=-0.145, yaw=0.520
[ign gazebo-1] [INFO] [1790606669.569010824] [amir1.gripper_controller]: Received & accepted new action goal
[ign gazebo-1] [INFO] [1790606669.569256809] [amir2.gripper_controller]: Received & accepted new action goal
[ign gazebo-1] [INFO] [1790606670.103370176] [amir1.gripper_controller]: Received & accepted new action goal
[ign gazebo-1] [INFO] [1790606670.103472385] [amir2.gripper_controller]: Received & accepted new action goal
[ign gazebo-1] [INFO] [1790606670.328403989] [amir1.gripper_controller]: Received & accepted new action goal
[ign gazebo-1] [INFO] [1790606670.328481699] [amir2.gripper_controller]: Received & accepted new action goal
[coordinator-39] [INFO] [1790606670.411832667] [cooperative_coordinator]: Payload goal: x=0.564, y=-0.145, yaw=0.520
[ign gazebo-1] [INFO] [1790606670.788359118] [amir1.gripper_controller]: Received & accepted new action goal
[ign gazebo-1] [INFO] [1790606670.788496484] [amir2.gripper_controller]: Received & accepted new action goal
[ign gazebo-1] [INFO] [1790606671.152460289] [amir1.gripper_controller]: Received & accepted new action goal
[ign gazebo-1] [INFO] [1790606671.152505182] [amir2.gripper_controller]: Received & accepted new action goal
[ign gazebo-1] [INFO] [1790606671.389609825] [amir1.gripper_controller]: Received & accepted new action goal
[ign gazebo-1] [INFO] [1790606671.389744635] [amir2.gripper_controller]: Received & accepted new action goal
[coordinator-39] [INFO] [1790606671.428869265] [cooperative_coordinator]: Payload goal: x=0.564, y=-0.145, yaw=0.520
[ign gazebo-1] [INFO] [1790606671.875358120] [amir1.gripper_controller]: Received & accepted new action goal
[ign gazebo-1] [INFO] [1790606671.875421910] [amir2.gripper_controller]: Received & accepted new action goal
[ign gazebo-1] [INFO] [1790606672.334332105] [amir1.gripper_controller]: Received & accepted new action goal
[ign gazebo-1] [INFO] [1790606672.334427283] [amir2.gripper_controller]: Received & accepted new action goal
[coordinator-39] [INFO] [1790606672.459138488] [cooperative_coordinator]: Payload goal: x=0.566, y=-0.149, yaw=0.520
[ign gazebo-1] [INFO] [1790606672.553640019] [amir1.gripper_controller]: Received & accepted new action goal
[ign gazebo-1] [INFO] [1790606672.553818753] [amir2.gripper_controller]: Received & accepted new action goal
[ign gazebo-1] [INFO] [1790606673.022465403] [amir1.gripper_controller]: Received & accepted new action goal
[ign gazebo-1] [INFO] [1790606673.022580429] [amir2.gripper_controller]: Received & accepted new action goal
[coordinator-39] [INFO] [1790606673.494017106] [cooperative_coordinator]: Payload goal: x=0.576, y=-0.166, yaw=0.520
[ign gazebo-1] [INFO] [1790606673.513337098] [amir1.gripper_controller]: Received & accepted new action goal
[ign gazebo-1] [INFO] [1790606673.513359076] [amir2.gripper_controller]: Received & accepted new action goal
[ign gazebo-1] [INFO] [1790606673.771352045] [amir1.gripper_controller]: Received & accepted new action goal
[ign gazebo-1] [INFO] [1790606673.771449851] [amir2.gripper_controller]: Received & accepted new action goal
[ign gazebo-1] [INFO] [1790606674.170184004] [amir1.gripper_controller]: Received & accepted new action goal
[ign gazebo-1] [INFO] [1790606674.170272133] [amir2.gripper_controller]: Received & accepted new action goal
[coordinator-39] [INFO] [1790606674.506390884] [cooperative_coordinator]: Payload goal: x=0.576, y=-0.166, yaw=0.520
[ign gazebo-1] [INFO] [1790606674.592118295] [amir1.gripper_controller]: Received & accepted new action goal
[ign gazebo-1] [INFO] [1790606674.592265618] [amir2.gripper_controller]: Received & accepted new action goal
[ign gazebo-1] [INFO] [1790606674.809477045] [amir1.gripper_controller]: Received & accepted new action goal
[ign gazebo-1] [INFO] [1790606674.809588517] [amir2.gripper_controller]: Received & accepted new action goal
[ign gazebo-1] [INFO] [1790606675.288785222] [amir1.gripper_controller]: Received & accepted new action goal
[ign gazebo-1] [INFO] [1790606675.288919405] [amir2.gripper_controller]: Received & accepted new action goal
[coordinator-39] [INFO] [1790606675.549225730] [cooperative_coordinator]: Payload goal: x=0.576, y=-0.166, yaw=0.520
[ign gazebo-1] [INFO] [1790606675.845398114] [amir1.gripper_controller]: Received & accepted new action goal
[ign gazebo-1] [INFO] [1790606675.845637140] [amir2.gripper_controller]: Received & accepted new action goal
[ign gazebo-1] [INFO] [1790606676.137574006] [amir1.gripper_controller]: Received & accepted new action goal
[ign gazebo-1] [INFO] [1790606676.137876918] [amir2.gripper_controller]: Received & accepted new action goal
[coordinator-39] [INFO] [1790606676.550387014] [cooperative_coordinator]: Payload goal: x=0.576, y=-0.166, yaw=0.520
[ign gazebo-1] [INFO] [1790606676.651934315] [amir1.gripper_controller]: Received & accepted new action goal
[ign gazebo-1] [INFO] [1790606676.652283908] [amir2.gripper_controller]: Received & accepted new action goal
[ign gazebo-1] [INFO] [1790606677.122019666] [amir1.gripper_controller]: Received & accepted new action goal
[ign gazebo-1] [INFO] [1790606677.122094739] [amir2.gripper_controller]: Received & accepted new action goal
[ign gazebo-1] [INFO] [1790606677.260634210] [amir1.gripper_controller]: Received & accepted new action goal
[ign gazebo-1] [INFO] [1790606677.260902059] [amir2.gripper_controller]: Received & accepted new action goal
[ign gazebo-1] [INFO] [1790606677.526532612] [amir1.gripper_controller]: Received & accepted new action goal
[ign gazebo-1] [INFO] [1790606677.526645593] [amir2.gripper_controller]: Received & accepted new action goal
[coordinator-39] [INFO] [1790606677.563991174] [cooperative_coordinator]: Payload goal: x=0.576, y=-0.166, yaw=0.520
[ign gazebo-1] [INFO] [1790606677.782810371] [amir1.gripper_controller]: Received & accepted new action goal
[ign gazebo-1] [INFO] [1790606677.782902290] [amir2.gripper_controller]: Received & accepted new action goal
[ign gazebo-1] [INFO] [1790606678.099905991] [amir1.gripper_controller]: Received & accepted new action goal
[ign gazebo-1] [INFO] [1790606678.100019257] [amir2.gripper_controller]: Received & accepted new action goal
[ign gazebo-1] [INFO] [1790606678.404797844] [amir1.gripper_controller]: Received & accepted new action goal
[ign gazebo-1] [INFO] [1790606678.404900742] [amir2.gripper_controller]: Received & accepted new action goal
[coordinator-39] [INFO] [1790606678.565833547] [cooperative_coordinator]: Payload goal: x=0.578, y=-0.169, yaw=0.520
[ign gazebo-1] [INFO] [1790606678.578027443] [amir1.gripper_controller]: Received & accepted new action goal
[ign gazebo-1] [INFO] [1790606678.578088989] [amir2.gripper_controller]: Received & accepted new action goal
[ign gazebo-1] [INFO] [1790606678.850107763] [amir1.gripper_controller]: Received & accepted new action goal
[ign gazebo-1] [INFO] [1790606678.850122030] [amir2.gripper_controller]: Received & accepted new action goal
[ign gazebo-1] [INFO] [1790606679.294592850] [amir2.gripper_controller]: Received & accepted new action goal
[coordinator-39] [INFO] [1790606679.581418864] [cooperative_coordinator]: Payload goal: x=0.588, y=-0.186, yaw=0.520
[coordinator-39] [INFO] [1790606680.588680587] [cooperative_coordinator]: Payload goal: x=0.588, y=-0.186, yaw=0.520
[ign gazebo-1] [INFO] [1790606680.638570964] [amir2.gripper_controller]: Received & accepted new action goal
[ign gazebo-1] [INFO] [1790606680.931500499] [amir2.gripper_controller]: Received & accepted new action goal
[ign gazebo-1] [INFO] [1790606681.510231336] [amir2.gripper_controller]: Received & accepted new action goal
[coordinator-39] [INFO] [1790606681.591569756] [cooperative_coordinator]: Payload goal: x=0.588, y=-0.186, yaw=0.520
[ign gazebo-1] [INFO] [1790606682.023441579] [amir1.gripper_controller]: Received & accepted new action goal
[ign gazebo-1] [INFO] [1790606682.023527957] [amir2.gripper_controller]: Received & accepted new action goal
[ign gazebo-1] [INFO] [1790606682.256362614] [amir1.gripper_controller]: Received & accepted new action goal
[ign gazebo-1] [INFO] [1790606682.256464520] [amir2.gripper_controller]: Received & accepted new action goal
[coordinator-39] [INFO] [1790606682.623430789] [cooperative_coordinator]: Payload goal: x=0.588, y=-0.186, yaw=0.520
[ign gazebo-1] [INFO] [1790606682.727483764] [amir1.gripper_controller]: Received & accepted new action goal
[ign gazebo-1] [INFO] [1790606682.727592536] [amir2.gripper_controller]: Received & accepted new action goal
[ign gazebo-1] [INFO] [1790606683.177534954] [amir1.gripper_controller]: Received & accepted new action goal
[ign gazebo-1] [INFO] [1790606683.177554989] [amir2.gripper_controller]: Received & accepted new action goal
[ign gazebo-1] [INFO] [1790606683.425350567] [amir1.gripper_controller]: Received & accepted new action goal
[ign gazebo-1] [INFO] [1790606683.425423078] [amir2.gripper_controller]: Received & accepted new action goal
[coordinator-39] [INFO] [1790606683.645121704] [cooperative_coordinator]: Payload goal: x=0.588, y=-0.186, yaw=0.520
[ign gazebo-1] [INFO] [1790606683.804927515] [amir1.gripper_controller]: Received & accepted new action goal
[ign gazebo-1] [INFO] [1790606683.804985350] [amir2.gripper_controller]: Received & accepted new action goal
[ign gazebo-1] [INFO] [1790606684.260405495] [amir1.gripper_controller]: Received & accepted new action goal
[ign gazebo-1] [INFO] [1790606684.260536481] [amir2.gripper_controller]: Received & accepted new action goal
[ign gazebo-1] [INFO] [1790606684.509199347] [amir1.gripper_controller]: Received & accepted new action goal
[ign gazebo-1] [INFO] [1790606684.509322676] [amir2.gripper_controller]: Received & accepted new action goal
[coordinator-39] [INFO] [1790606684.648007742] [cooperative_coordinator]: Payload goal: x=0.588, y=-0.186, yaw=0.520
[ign gazebo-1] [INFO] [1790606685.028954664] [amir1.gripper_controller]: Received & accepted new action goal
[ign gazebo-1] [INFO] [1790606685.029040773] [amir2.gripper_controller]: Received & accepted new action goal
[ign gazebo-1] [INFO] [1790606685.405311443] [amir1.gripper_controller]: Received & accepted new action goal
[ign gazebo-1] [INFO] [1790606685.405403242] [amir2.gripper_controller]: Received & accepted new action goal
[ign gazebo-1] [INFO] [1790606685.628998949] [amir2.gripper_controller]: Received & accepted new action goal
[coordinator-39] [INFO] [1790606685.662339819] [cooperative_coordinator]: Payload goal: x=0.592, y=-0.194, yaw=0.520
[ign gazebo-1] [INFO] [1790606686.130664881] [amir2.gripper_controller]: Received & accepted new action goal
[ign gazebo-1] [INFO] [1790606686.627002085] [amir1.gripper_controller]: Received & accepted new action goal
[ign gazebo-1] [INFO] [1790606686.627153518] [amir2.gripper_controller]: Received & accepted new action goal
[coordinator-39] [INFO] [1790606686.665817787] [cooperative_coordinator]: Payload goal: x=0.599, y=-0.206, yaw=0.520
[ign gazebo-1] [INFO] [1790606686.901904990] [amir1.gripper_controller]: Received & accepted new action goal
[ign gazebo-1] [INFO] [1790606686.902058121] [amir2.gripper_controller]: Received & accepted new action goal
[ign gazebo-1] [INFO] [1790606687.382129656] [amir1.gripper_controller]: Received & accepted new action goal
[ign gazebo-1] [INFO] [1790606687.382162889] [amir2.gripper_controller]: Received & accepted new action goal
[coordinator-39] [INFO] [1790606687.670859305] [cooperative_coordinator]: Payload goal: x=0.599, y=-0.206, yaw=0.520
[ign gazebo-1] [INFO] [1790606687.846848342] [amir1.gripper_controller]: Received & accepted new action goal
[ign gazebo-1] [INFO] [1790606687.846905866] [amir2.gripper_controller]: Received & accepted new action goal
[ign gazebo-1] [INFO] [1790606688.106411771] [amir1.gripper_controller]: Received & accepted new action goal
[ign gazebo-1] [INFO] [1790606688.106563831] [amir2.gripper_controller]: Received & accepted new action goal
[ign gazebo-1] [INFO] [1790606688.605030752] [amir1.gripper_controller]: Received & accepted new action goal
[ign gazebo-1] [INFO] [1790606688.605050100] [amir2.gripper_controller]: Received & accepted new action goal
[coordinator-39] [INFO] [1790606688.674395179] [cooperative_coordinator]: Payload goal: x=0.599, y=-0.206, yaw=0.520
[ign gazebo-1] [INFO] [1790606689.142332690] [amir1.gripper_controller]: Received & accepted new action goal
[ign gazebo-1] [INFO] [1790606689.142442621] [amir2.gripper_controller]: Received & accepted new action goal
[ign gazebo-1] [INFO] [1790606689.371757314] [amir1.gripper_controller]: Received & accepted new action goal
[ign gazebo-1] [INFO] [1790606689.371832765] [amir2.gripper_controller]: Received & accepted new action goal
[coordinator-39] [INFO] [1790606689.695241200] [cooperative_coordinator]: Payload goal: x=0.599, y=-0.206, yaw=0.520
[ign gazebo-1] [INFO] [1790606689.873416248] [amir1.gripper_controller]: Received & accepted new action goal
[ign gazebo-1] [INFO] [1790606689.873490850] [amir2.gripper_controller]: Received & accepted new action goal
[ign gazebo-1] [INFO] [1790606690.242259515] [amir1.gripper_controller]: Received & accepted new action goal
[ign gazebo-1] [INFO] [1790606690.242301696] [amir2.gripper_controller]: Received & accepted new action goal
[ign gazebo-1] [INFO] [1790606690.465622433] [amir1.gripper_controller]: Received & accepted new action goal
[ign gazebo-1] [INFO] [1790606690.465710703] [amir2.gripper_controller]: Received & accepted new action goal
[coordinator-39] [INFO] [1790606690.700292217] [cooperative_coordinator]: Payload goal: x=0.599, y=-0.206, yaw=0.520
[ign gazebo-1] [INFO] [1790606690.809364361] [amir1.gripper_controller]: Received & accepted new action goal
[ign gazebo-1] [INFO] [1790606690.809427786] [amir2.gripper_controller]: Received & accepted new action goal
[ign gazebo-1] [INFO] [1790606691.232315422] [amir2.gripper_controller]: Received & accepted new action goal
[ign gazebo-1] [INFO] [1790606691.449008455] [amir1.gripper_controller]: Received & accepted new action goal
[ign gazebo-1] [INFO] [1790606691.449137600] [amir2.gripper_controller]: Received & accepted new action goal
[coordinator-39] [INFO] [1790606691.711434444] [cooperative_coordinator]: Payload goal: x=0.599, y=-0.206, yaw=0.520
[ign gazebo-1] [INFO] [1790606691.924610747] [amir1.gripper_controller]: Received & accepted new action goal
[ign gazebo-1] [INFO] [1790606691.924683153] [amir2.gripper_controller]: Received & accepted new action goal
[ign gazebo-1] [INFO] [1790606692.404252061] [amir1.gripper_controller]: Received & accepted new action goal
[ign gazebo-1] [INFO] [1790606692.404337090] [amir2.gripper_controller]: Received & accepted new action goal
[ign gazebo-1] [INFO] [1790606692.649687863] [amir1.gripper_controller]: Received & accepted new action goal
[ign gazebo-1] [INFO] [1790606692.649756814] [amir2.gripper_controller]: Received & accepted new action goal
[coordinator-39] [INFO] [1790606692.720738447] [cooperative_coordinator]: Payload goal: x=0.607, y=-0.220, yaw=0.520
[ign gazebo-1] [INFO] [1790606693.132445163] [amir1.gripper_controller]: Received & accepted new action goal
[ign gazebo-1] [INFO] [1790606693.132633211] [amir2.gripper_controller]: Received & accepted new action goal
[ign gazebo-1] [INFO] [1790606693.654246161] [amir1.gripper_controller]: Received & accepted new action goal
[ign gazebo-1] [INFO] [1790606693.654268989] [amir2.gripper_controller]: Received & accepted new action goal
[coordinator-39] [INFO] [1790606693.726340576] [cooperative_coordinator]: Payload goal: x=0.611, y=-0.227, yaw=0.520
[ign gazebo-1] [INFO] [1790606693.855584869] [amir1.gripper_controller]: Received & accepted new action goal
[ign gazebo-1] [INFO] [1790606693.855678905] [amir2.gripper_controller]: Received & accepted new action goal
[ign gazebo-1] [INFO] [1790606694.189722208] [amir2.gripper_controller]: Received & accepted new action goal
[ign gazebo-1] [INFO] [1790606694.486134194] [amir2.gripper_controller]: Received & accepted new action goal
[ign gazebo-1] [INFO] [1790606694.618758411] [amir1.gripper_controller]: Received & accepted new action goal
[ign gazebo-1] [INFO] [1790606694.618896107] [amir2.gripper_controller]: Received & accepted new action goal
[coordinator-39] [INFO] [1790606694.737500770] [cooperative_coordinator]: Payload goal: x=0.611, y=-0.227, yaw=0.520
[ign gazebo-1] [INFO] [1790606695.220547051] [amir1.gripper_controller]: Received & accepted new action goal
[ign gazebo-1] [INFO] [1790606695.406096755] [amir1.gripper_controller]: Received & accepted new action goal
[ign gazebo-1] [INFO] [1790606695.406166206] [amir2.gripper_controller]: Received & accepted new action goal
[coordinator-39] [INFO] [1790606695.765491576] [cooperative_coordinator]: Payload goal: x=0.611, y=-0.227, yaw=0.520
[ign gazebo-1] [INFO] [1790606695.785805418] [amir1.gripper_controller]: Received & accepted new action goal
[ign gazebo-1] [INFO] [1790606696.262615369] [amir1.gripper_controller]: Received & accepted new action goal
[ign gazebo-1] [INFO] [1790606696.262789144] [amir2.gripper_controller]: Received & accepted new action goal
[ign gazebo-1] [INFO] [1790606696.466613350] [amir1.gripper_controller]: Received & accepted new action goal
[ign gazebo-1] [INFO] [1790606696.466658010] [amir2.gripper_controller]: Received & accepted new action goal
[coordinator-39] [INFO] [1790606696.780330801] [cooperative_coordinator]: Payload goal: x=0.611, y=-0.227, yaw=0.520
[ign gazebo-1] [INFO] [1790606696.890637674] [amir2.gripper_controller]: Received & accepted new action goal
[ign gazebo-1] [INFO] [1790606697.237600985] [amir1.gripper_controller]: Received & accepted new action goal
[friction_grasp_manager-34] [WARN] [1790606697.237977352] [friction_grasp_manager]: amir2 finger force above 26.0 N; backing off.
[ign gazebo-1] [INFO] [1790606697.238346148] [amir2.gripper_controller]: Received & accepted new action goal
[ign gazebo-1] [INFO] [1790606697.416835780] [amir1.gripper_controller]: Received & accepted new action goal
[ign gazebo-1] [INFO] [1790606697.417221305] [amir2.gripper_controller]: Received & accepted new action goal
[ign gazebo-1] [INFO] [1790606697.775017588] [amir1.gripper_controller]: Received & accepted new action goal
[ign gazebo-1] [INFO] [1790606697.775115349] [amir2.gripper_controller]: Received & accepted new action goal
[coordinator-39] [INFO] [1790606697.804174990] [cooperative_coordinator]: Payload goal: x=0.613, y=-0.231, yaw=0.520
[ign gazebo-1] [INFO] [1790606698.137793015] [amir2.gripper_controller]: Received & accepted new action goal
[ign gazebo-1] [INFO] [1790606698.672773900] [amir1.gripper_controller]: Received & accepted new action goal
[friction_grasp_manager-34] [WARN] [1790606698.673363366] [friction_grasp_manager]: amir2 finger force above 26.0 N; backing off.
[ign gazebo-1] [INFO] [1790606698.673637697] [amir2.gripper_controller]: Received & accepted new action goal
[coordinator-39] [INFO] [1790606698.815546965] [cooperative_coordinator]: Payload goal: x=0.623, y=-0.248, yaw=0.520
[ign gazebo-1] [INFO] [1790606699.007250695] [amir1.gripper_controller]: Received & accepted new action goal
[ign gazebo-1] [INFO] [1790606699.007362854] [amir2.gripper_controller]: Received & accepted new action goal
[ign gazebo-1] [INFO] [1790606699.150419043] [amir1.gripper_controller]: Received & accepted new action goal
[ign gazebo-1] [INFO] [1790606699.150616591] [amir2.gripper_controller]: Received & accepted new action goal
[ign gazebo-1] [INFO] [1790606699.495556072] [amir1.gripper_controller]: Received & accepted new action goal
[ign gazebo-1] [INFO] [1790606699.495624883] [amir2.gripper_controller]: Received & accepted new action goal
[coordinator-39] [INFO] [1790606699.817748568] [cooperative_coordinator]: Payload goal: x=0.625, y=-0.251, yaw=0.520
[ign gazebo-1] [INFO] [1790606699.830599731] [amir1.gripper_controller]: Received & accepted new action goal
[ign gazebo-1] [INFO] [1790606699.830625215] [amir2.gripper_controller]: Received & accepted new action goal
[ign gazebo-1] [INFO] [1790606700.010155848] [amir1.gripper_controller]: Received & accepted new action goal
[ign gazebo-1] [INFO] [1790606700.010375965] [amir2.gripper_controller]: Received & accepted new action goal
[ign gazebo-1] [INFO] [1790606700.358929781] [amir2.gripper_controller]: Received & accepted new action goal
[coordinator-39] [INFO] [1790606700.831349305] [cooperative_coordinator]: Payload goal: x=0.625, y=-0.251, yaw=0.520
[ign gazebo-1] [INFO] [1790606700.843656123] [amir2.gripper_controller]: Received & accepted new action goal
[ign gazebo-1] [INFO] [1790606701.171335441] [amir1.gripper_controller]: Received & accepted new action goal
[ign gazebo-1] [INFO] [1790606701.708883800] [amir1.gripper_controller]: Received & accepted new action goal
[coordinator-39] [INFO] [1790606701.834968228] [cooperative_coordinator]: Payload goal: x=0.625, y=-0.251, yaw=0.520
[ign gazebo-1] [INFO] [1790606702.040671851] [amir1.gripper_controller]: Received & accepted new action goal
[ign gazebo-1] [INFO] [1790606702.040759399] [amir2.gripper_controller]: Received & accepted new action goal
[ign gazebo-1] [INFO] [1790606702.379171437] [amir1.gripper_controller]: Received & accepted new action goal
[ign gazebo-1] [INFO] [1790606702.379232437] [amir2.gripper_controller]: Received & accepted new action goal
[ign gazebo-1] [INFO] [1790606702.611972246] [amir2.gripper_controller]: Received & accepted new action goal
[coordinator-39] [INFO] [1790606702.846297028] [cooperative_coordinator]: Payload goal: x=0.625, y=-0.251, yaw=0.520
[ign gazebo-1] [INFO] [1790606703.013151369] [amir1.gripper_controller]: Received & accepted new action goal
[ign gazebo-1] [INFO] [1790606703.013261411] [amir2.gripper_controller]: Received & accepted new action goal
[ign gazebo-1] [INFO] [1790606703.282151699] [amir1.gripper_controller]: Received & accepted new action goal
[ign gazebo-1] [INFO] [1790606703.282400017] [amir2.gripper_controller]: Received & accepted new action goal
[ign gazebo-1] [INFO] [1790606703.409138766] [amir1.gripper_controller]: Received & accepted new action goal
[ign gazebo-1] [INFO] [1790606703.409227135] [amir2.gripper_controller]: Received & accepted new action goal
[ign gazebo-1] [INFO] [1790606703.747401381] [amir1.gripper_controller]: Received & accepted new action goal
[ign gazebo-1] [INFO] [1790606703.749262891] [amir2.gripper_controller]: Received & accepted new action goal
[coordinator-39] [INFO] [1790606703.854556345] [cooperative_coordinator]: Payload goal: x=0.629, y=-0.258, yaw=0.520
[ign gazebo-1] [INFO] [1790606704.110147433] [amir2.gripper_controller]: Received & accepted new action goal
[ign gazebo-1] [INFO] [1790606704.287408633] [amir2.gripper_controller]: Received & accepted new action goal
[friction_grasp_manager-34] [WARN] [1790606704.606929383] [friction_grasp_manager]: amir1 finger force above 26.0 N; backing off.
[ign gazebo-1] [INFO] [1790606704.607413086] [amir1.gripper_controller]: Received & accepted new action goal
[ign gazebo-1] [INFO] [1790606704.608449164] [amir2.gripper_controller]: Received & accepted new action goal
[coordinator-39] [INFO] [1790606704.866033708] [cooperative_coordinator]: Payload goal: x=0.630, y=-0.260, yaw=0.520
[ign gazebo-1] [INFO] [1790606704.894515511] [amir2.gripper_controller]: Received & accepted new action goal
[ign gazebo-1] [INFO] [1790606705.068493280] [amir1.gripper_controller]: Received & accepted new action goal
[ign gazebo-1] [INFO] [1790606705.068626883] [amir2.gripper_controller]: Received & accepted new action goal
[ign gazebo-1] [INFO] [1790606705.408696552] [amir2.gripper_controller]: Received & accepted new action goal
[ign gazebo-1] [INFO] [1790606705.727607501] [amir2.gripper_controller]: Received & accepted new action goal
[coordinator-39] [INFO] [1790606705.877039990] [cooperative_coordinator]: Payload goal: x=0.630, y=-0.260, yaw=0.520
[ign gazebo-1] [INFO] [1790606705.888222106] [amir1.gripper_controller]: Received & accepted new action goal
[ign gazebo-1] [INFO] [1790606705.888278317] [amir2.gripper_controller]: Received & accepted new action goal
[ign gazebo-1] [INFO] [1790606706.219383450] [amir1.gripper_controller]: Received & accepted new action goal
[ign gazebo-1] [INFO] [1790606706.219454625] [amir2.gripper_controller]: Received & accepted new action goal
[ign gazebo-1] [INFO] [1790606706.494561104] [amir1.gripper_controller]: Received & accepted new action goal
[ign gazebo-1] [INFO] [1790606706.494564476] [amir2.gripper_controller]: Received & accepted new action goal
[ign gazebo-1] [INFO] [1790606706.669464027] [amir1.gripper_controller]: Received & accepted new action goal
[ign gazebo-1] [INFO] [1790606706.669652116] [amir2.gripper_controller]: Received & accepted new action goal
[coordinator-39] [INFO] [1790606706.895261747] [cooperative_coordinator]: Payload goal: x=0.630, y=-0.260, yaw=0.520
[ign gazebo-1] [INFO] [1790606707.006234702] [amir1.gripper_controller]: Received & accepted new action goal
[ign gazebo-1] [INFO] [1790606707.006254951] [amir2.gripper_controller]: Received & accepted new action goal
[ign gazebo-1] [INFO] [1790606707.336712499] [amir2.gripper_controller]: Received & accepted new action goal
[rotation_controller-6] [INFO] [1790606707.432633012] [cooperative_rotation_controller]: シーケンス終了: 搬送（横方向直進）
[rotation_controller-6] [INFO] [1790606707.433083779] [cooperative_rotation_controller]: シーケンス開始: 搬送完了
[pivot_rotation_controller-7] [INFO] [1790606707.462018397] [pivot_rotation_controller]: Pivot rotation started around amir1 (A)
[coordinator-39] [INFO] [1790606707.463674928] [cooperative_coordinator]: Base command control handed to pivot rotation
[ign gazebo-1] [INFO] [1790606708.239518489] [amir1.gripper_controller]: Received & accepted new action goal
[ign gazebo-1] [INFO] [1790606708.239669696] [amir2.gripper_controller]: Received & accepted new action goal
[ign gazebo-1] [INFO] [1790606708.427122980] [amir1.gripper_controller]: Received & accepted new action goal
[ign gazebo-1] [INFO] [1790606708.427231372] [amir2.gripper_controller]: Received & accepted new action goal
[ign gazebo-1] [INFO] [1790606708.798106979] [amir1.gripper_controller]: Received & accepted new action goal
[ign gazebo-1] [INFO] [1790606708.798188764] [amir2.gripper_controller]: Received & accepted new action goal
[ign gazebo-1] [INFO] [1790606709.130694792] [amir1.gripper_controller]: Received & accepted new action goal
[ign gazebo-1] [INFO] [1790606709.130811596] [amir2.gripper_controller]: Received & accepted new action goal
[ign gazebo-1] [INFO] [1790606709.314971586] [amir1.gripper_controller]: Received & accepted new action goal
[ign gazebo-1] [INFO] [1790606709.315060880] [amir2.gripper_controller]: Received & accepted new action goal
[ign gazebo-1] [INFO] [1790606709.758971922] [amir1.gripper_controller]: Received & accepted new action goal
[ign gazebo-1] [INFO] [1790606709.759036325] [amir2.gripper_controller]: Received & accepted new action goal
[ign gazebo-1] [INFO] [1790606710.192930134] [amir1.gripper_controller]: Received & accepted new action goal
[ign gazebo-1] [INFO] [1790606710.192979910] [amir2.gripper_controller]: Received & accepted new action goal
[ign gazebo-1] [INFO] [1790606710.451924140] [amir1.gripper_controller]: Received & accepted new action goal
[ign gazebo-1] [INFO] [1790606710.452037274] [amir2.gripper_controller]: Received & accepted new action goal
[ign gazebo-1] [INFO] [1790606711.013966940] [amir1.gripper_controller]: Received & accepted new action goal
[ign gazebo-1] [INFO] [1790606711.014369632] [amir2.gripper_controller]: Received & accepted new action goal
[ign gazebo-1] [INFO] [1790606711.505506472] [amir1.gripper_controller]: Received & accepted new action goal
[ign gazebo-1] [INFO] [1790606711.505582340] [amir2.gripper_controller]: Received & accepted new action goal
[ign gazebo-1] [INFO] [1790606711.732086197] [amir1.gripper_controller]: Received & accepted new action goal
[ign gazebo-1] [INFO] [1790606711.732152295] [amir2.gripper_controller]: Received & accepted new action goal
[ign gazebo-1] [INFO] [1790606712.164956676] [amir1.gripper_controller]: Received & accepted new action goal
[ign gazebo-1] [INFO] [1790606712.164977502] [amir2.gripper_controller]: Received & accepted new action goal
[ign gazebo-1] [INFO] [1790606712.636377497] [amir1.gripper_controller]: Received & accepted new action goal
[ign gazebo-1] [INFO] [1790606712.636417308] [amir2.gripper_controller]: Received & accepted new action goal
[ign gazebo-1] [INFO] [1790606712.902170107] [amir1.gripper_controller]: Received & accepted new action goal
[ign gazebo-1] [INFO] [1790606712.902257954] [amir2.gripper_controller]: Received & accepted new action goal
[ign gazebo-1] [INFO] [1790606713.415956537] [amir1.gripper_controller]: Received & accepted new action goal
[ign gazebo-1] [INFO] [1790606713.416036164] [amir2.gripper_controller]: Received & accepted new action goal
[ign gazebo-1] [INFO] [1790606713.917146118] [amir1.gripper_controller]: Received & accepted new action goal
[ign gazebo-1] [INFO] [1790606713.917229497] [amir2.gripper_controller]: Received & accepted new action goal
[ign gazebo-1] [INFO] [1790606714.166339562] [amir1.gripper_controller]: Received & accepted new action goal
[ign gazebo-1] [INFO] [1790606714.166484166] [amir2.gripper_controller]: Received & accepted new action goal
[ign gazebo-1] [INFO] [1790606714.653687062] [amir1.gripper_controller]: Received & accepted new action goal
[ign gazebo-1] [INFO] [1790606714.653792665] [amir2.gripper_controller]: Received & accepted new action goal
[ign gazebo-1] [INFO] [1790606714.883156114] [amir2.gripper_controller]: Received & accepted new action goal
[ign gazebo-1] [INFO] [1790606715.280978959] [amir1.gripper_controller]: Received & accepted new action goal
[ign gazebo-1] [INFO] [1790606715.281195440] [amir2.gripper_controller]: Received & accepted new action goal
[ign gazebo-1] [INFO] [1790606715.694699933] [amir1.gripper_controller]: Received & accepted new action goal
[ign gazebo-1] [INFO] [1790606715.694790130] [amir2.gripper_controller]: Received & accepted new action goal
[ign gazebo-1] [INFO] [1790606715.937552800] [amir1.gripper_controller]: Received & accepted new action goal
[ign gazebo-1] [INFO] [1790606715.937607985] [amir2.gripper_controller]: Received & accepted new action goal
[ign gazebo-1] [INFO] [1790606716.505616946] [amir1.gripper_controller]: Received & accepted new action goal
[ign gazebo-1] [INFO] [1790606716.505684809] [amir2.gripper_controller]: Received & accepted new action goal
[ign gazebo-1] [INFO] [1790606717.037307898] [amir1.gripper_controller]: Received & accepted new action goal
[ign gazebo-1] [INFO] [1790606717.037401040] [amir2.gripper_controller]: Received & accepted new action goal
[ign gazebo-1] [INFO] [1790606717.313726380] [amir1.gripper_controller]: Received & accepted new action goal
[ign gazebo-1] [INFO] [1790606717.313845401] [amir2.gripper_controller]: Received & accepted new action goal
[ign gazebo-1] [INFO] [1790606717.944086319] [amir1.gripper_controller]: Received & accepted new action goal
[ign gazebo-1] [INFO] [1790606717.944185555] [amir2.gripper_controller]: Received & accepted new action goal
[ign gazebo-1] [INFO] [1790606718.397915856] [amir1.gripper_controller]: Received & accepted new action goal
[ign gazebo-1] [INFO] [1790606718.398014782] [amir2.gripper_controller]: Received & accepted new action goal
[ign gazebo-1] [INFO] [1790606718.624489606] [amir1.gripper_controller]: Received & accepted new action goal
[ign gazebo-1] [INFO] [1790606718.624534950] [amir2.gripper_controller]: Received & accepted new action goal
[friction_grasp_manager-34] [WARN] [1790606719.164115040] [friction_grasp_manager]: amir1 finger force above 26.0 N; backing off.
[ign gazebo-1] [INFO] [1790606719.164471192] [amir1.gripper_controller]: Received & accepted new action goal
[ign gazebo-1] [INFO] [1790606719.164636719] [amir2.gripper_controller]: Received & accepted new action goal
[ign gazebo-1] [INFO] [1790606719.509455702] [amir1.gripper_controller]: Received & accepted new action goal
[ign gazebo-1] [INFO] [1790606719.509593888] [amir2.gripper_controller]: Received & accepted new action goal
[ign gazebo-1] [INFO] [1790606719.749793863] [amir1.gripper_controller]: Received & accepted new action goal
[ign gazebo-1] [INFO] [1790606719.749857146] [amir2.gripper_controller]: Received & accepted new action goal
[ign gazebo-1] [INFO] [1790606720.333892698] [amir1.gripper_controller]: Received & accepted new action goal
[ign gazebo-1] [INFO] [1790606720.333959648] [amir2.gripper_controller]: Received & accepted new action goal
[ign gazebo-1] [INFO] [1790606720.847939365] [amir1.gripper_controller]: Received & accepted new action goal
[ign gazebo-1] [INFO] [1790606720.848148759] [amir2.gripper_controller]: Received & accepted new action goal
[ign gazebo-1] [INFO] [1790606721.068184200] [amir1.gripper_controller]: Received & accepted new action goal
[ign gazebo-1] [INFO] [1790606721.068308805] [amir2.gripper_controller]: Received & accepted new action goal
[ign gazebo-1] [INFO] [1790606721.592038320] [amir1.gripper_controller]: Received & accepted new action goal
[ign gazebo-1] [INFO] [1790606721.592142827] [amir2.gripper_controller]: Received & accepted new action goal
[ign gazebo-1] [INFO] [1790606722.200642703] [amir1.gripper_controller]: Received & accepted new action goal
[ign gazebo-1] [INFO] [1790606722.200729666] [amir2.gripper_controller]: Received & accepted new action goal
[ign gazebo-1] [INFO] [1790606722.539884987] [amir1.gripper_controller]: Received & accepted new action goal
[ign gazebo-1] [INFO] [1790606722.539941688] [amir2.gripper_controller]: Received & accepted new action goal
[ign gazebo-1] [INFO] [1790606723.094561574] [amir1.gripper_controller]: Received & accepted new action goal
[ign gazebo-1] [INFO] [1790606723.094675780] [amir2.gripper_controller]: Received & accepted new action goal
[ign gazebo-1] [INFO] [1790606723.745127190] [amir1.gripper_controller]: Received & accepted new action goal
[ign gazebo-1] [INFO] [1790606723.745290260] [amir2.gripper_controller]: Received & accepted new action goal
[ign gazebo-1] [INFO] [1790606724.041056805] [amir1.gripper_controller]: Received & accepted new action goal
[ign gazebo-1] [INFO] [1790606724.041136313] [amir2.gripper_controller]: Received & accepted new action goal
[ign gazebo-1] [INFO] [1790606724.528790210] [amir2.gripper_controller]: Received & accepted new action goal
[ign gazebo-1] [INFO] [1790606725.106956538] [amir1.gripper_controller]: Received & accepted new action goal
[ign gazebo-1] [INFO] [1790606725.107049618] [amir2.gripper_controller]: Received & accepted new action goal
[ign gazebo-1] [INFO] [1790606725.330882508] [amir1.gripper_controller]: Received & accepted new action goal
[ign gazebo-1] [INFO] [1790606725.330942267] [amir2.gripper_controller]: Received & accepted new action goal
[ign gazebo-1] [INFO] [1790606725.828571802] [amir1.gripper_controller]: Received & accepted new action goal
[ign gazebo-1] [INFO] [1790606725.828597301] [amir2.gripper_controller]: Received & accepted new action goal
[ign gazebo-1] [INFO] [1790606726.361686269] [amir1.gripper_controller]: Received & accepted new action goal
[ign gazebo-1] [INFO] [1790606726.361893509] [amir2.gripper_controller]: Received & accepted new action goal
[ign gazebo-1] [INFO] [1790606726.656653815] [amir1.gripper_controller]: Received & accepted new action goal
[ign gazebo-1] [INFO] [1790606726.656779205] [amir2.gripper_controller]: Received & accepted new action goal
[ign gazebo-1] [INFO] [1790606727.048920307] [amir2.gripper_controller]: Received & accepted new action goal
[ign gazebo-1] [INFO] [1790606727.568332012] [amir1.gripper_controller]: Received & accepted new action goal
[ign gazebo-1] [INFO] [1790606727.568406479] [amir2.gripper_controller]: Received & accepted new action goal
[ign gazebo-1] [INFO] [1790606727.919268786] [amir1.gripper_controller]: Received & accepted new action goal
[ign gazebo-1] [INFO] [1790606727.919375802] [amir2.gripper_controller]: Received & accepted new action goal
[ign gazebo-1] [INFO] [1790606728.498447330] [amir1.gripper_controller]: Received & accepted new action goal
[ign gazebo-1] [INFO] [1790606728.498573053] [amir2.gripper_controller]: Received & accepted new action goal
[friction_grasp_manager-34] [WARN] [1790606728.783136776] [friction_grasp_manager]: amir2 finger force above 26.0 N; backing off.
[ign gazebo-1] [INFO] [1790606728.783618312] [amir2.gripper_controller]: Received & accepted new action goal
[ign gazebo-1] [INFO] [1790606728.985517870] [amir2.gripper_controller]: Received & accepted new action goal
[ign gazebo-1] [INFO] [1790606729.546108300] [amir1.gripper_controller]: Received & accepted new action goal
[ign gazebo-1] [INFO] [1790606729.546130256] [amir2.gripper_controller]: Received & accepted new action goal
[ign gazebo-1] [INFO] [1790606730.007414404] [amir1.gripper_controller]: Received & accepted new action goal
[ign gazebo-1] [INFO] [1790606730.007508016] [amir2.gripper_controller]: Received & accepted new action goal
[ign gazebo-1] [INFO] [1790606730.280559348] [amir1.gripper_controller]: Received & accepted new action goal
[ign gazebo-1] [INFO] [1790606730.280593616] [amir2.gripper_controller]: Received & accepted new action goal
[ign gazebo-1] [INFO] [1790606730.929309327] [amir1.gripper_controller]: Received & accepted new action goal
[ign gazebo-1] [INFO] [1790606730.929314573] [amir2.gripper_controller]: Received & accepted new action goal
[ign gazebo-1] [INFO] [1790606731.586686406] [amir1.gripper_controller]: Received & accepted new action goal
[ign gazebo-1] [INFO] [1790606731.586964074] [amir2.gripper_controller]: Received & accepted new action goal
[ign gazebo-1] [INFO] [1790606731.935328248] [amir1.gripper_controller]: Received & accepted new action goal
[ign gazebo-1] [INFO] [1790606731.935329250] [amir2.gripper_controller]: Received & accepted new action goal
[ign gazebo-1] [INFO] [1790606732.373576362] [amir1.gripper_controller]: Received & accepted new action goal
[ign gazebo-1] [INFO] [1790606732.373628425] [amir2.gripper_controller]: Received & accepted new action goal
[ign gazebo-1] [INFO] [1790606732.914916895] [amir1.gripper_controller]: Received & accepted new action goal
[ign gazebo-1] [INFO] [1790606732.915290763] [amir2.gripper_controller]: Received & accepted new action goal
[ign gazebo-1] [INFO] [1790606733.251150258] [amir1.gripper_controller]: Received & accepted new action goal
[ign gazebo-1] [INFO] [1790606733.251190464] [amir2.gripper_controller]: Received & accepted new action goal
[ign gazebo-1] [INFO] [1790606733.923168828] [amir1.gripper_controller]: Received & accepted new action goal
[ign gazebo-1] [INFO] [1790606733.923228956] [amir2.gripper_controller]: Received & accepted new action goal
[ign gazebo-1] [INFO] [1790606734.495927747] [amir1.gripper_controller]: Received & accepted new action goal
[ign gazebo-1] [INFO] [1790606734.496029266] [amir2.gripper_controller]: Received & accepted new action goal
[ign gazebo-1] [INFO] [1790606734.760508382] [amir1.gripper_controller]: Received & accepted new action goal
[ign gazebo-1] [INFO] [1790606734.760634403] [amir2.gripper_controller]: Received & accepted new action goal
[ign gazebo-1] [INFO] [1790606735.295852153] [amir1.gripper_controller]: Received & accepted new action goal
[ign gazebo-1] [INFO] [1790606735.296006940] [amir2.gripper_controller]: Received & accepted new action goal
[ign gazebo-1] [INFO] [1790606735.856593582] [amir1.gripper_controller]: Received & accepted new action goal
[ign gazebo-1] [INFO] [1790606735.856700844] [amir2.gripper_controller]: Received & accepted new action goal
[ign gazebo-1] [INFO] [1790606736.136705022] [amir1.gripper_controller]: Received & accepted new action goal
[ign gazebo-1] [INFO] [1790606736.136750413] [amir2.gripper_controller]: Received & accepted new action goal
[ign gazebo-1] [INFO] [1790606736.671355598] [amir1.gripper_controller]: Received & accepted new action goal
[ign gazebo-1] [INFO] [1790606736.671475778] [amir2.gripper_controller]: Received & accepted new action goal
[ign gazebo-1] [INFO] [1790606736.971731137] [amir1.gripper_controller]: Received & accepted new action goal
[ign gazebo-1] [INFO] [1790606736.971798310] [amir2.gripper_controller]: Received & accepted new action goal
[ign gazebo-1] [INFO] [1790606737.130737036] [amir1.gripper_controller]: Received & accepted new action goal
[ign gazebo-1] [INFO] [1790606737.130795520] [amir2.gripper_controller]: Received & accepted new action goal
[ign gazebo-1] [INFO] [1790606737.399469540] [amir1.gripper_controller]: Received & accepted new action goal
[friction_grasp_manager-34] [WARN] [1790606737.400068130] [friction_grasp_manager]: amir2 finger force above 26.0 N; backing off.
[ign gazebo-1] [INFO] [1790606737.400264088] [amir2.gripper_controller]: Received & accepted new action goal
[ign gazebo-1] [INFO] [1790606737.689966430] [amir1.gripper_controller]: Received & accepted new action goal
[ign gazebo-1] [INFO] [1790606737.690480798] [amir2.gripper_controller]: Received & accepted new action goal
[ign gazebo-1] [INFO] [1790606737.880106366] [amir2.gripper_controller]: Received & accepted new action goal
[ign gazebo-1] [INFO] [1790606738.413704549] [amir1.gripper_controller]: Received & accepted new action goal
[ign gazebo-1] [INFO] [1790606738.413804504] [amir2.gripper_controller]: Received & accepted new action goal
[ign gazebo-1] [INFO] [1790606738.827687544] [amir1.gripper_controller]: Received & accepted new action goal
[ign gazebo-1] [INFO] [1790606738.827716069] [amir2.gripper_controller]: Received & accepted new action goal
[ign gazebo-1] [INFO] [1790606738.971712977] [amir1.gripper_controller]: Received & accepted new action goal
[friction_grasp_manager-34] [WARN] [1790606738.972084606] [friction_grasp_manager]: amir2 finger force above 26.0 N; backing off.
[ign gazebo-1] [INFO] [1790606738.972235360] [amir2.gripper_controller]: Received & accepted new action goal
[ign gazebo-1] [INFO] [1790606739.222604000] [amir1.gripper_controller]: Received & accepted new action goal
[ign gazebo-1] [INFO] [1790606739.222912544] [amir2.gripper_controller]: Received & accepted new action goal
[ign gazebo-1] [INFO] [1790606739.626876971] [amir1.gripper_controller]: Received & accepted new action goal
[ign gazebo-1] [INFO] [1790606739.626980685] [amir2.gripper_controller]: Received & accepted new action goal
[ign gazebo-1] [INFO] [1790606739.810242092] [amir2.gripper_controller]: Received & accepted new action goal
[ign gazebo-1] [INFO] [1790606740.335696647] [amir1.gripper_controller]: Received & accepted new action goal
[ign gazebo-1] [INFO] [1790606741.084563258] [amir1.gripper_controller]: Received & accepted new action goal
[ign gazebo-1] [INFO] [1790606741.439120608] [amir1.gripper_controller]: Received & accepted new action goal
[ign gazebo-1] [INFO] [1790606741.439253737] [amir2.gripper_controller]: Received & accepted new action goal
[ign gazebo-1] [INFO] [1790606742.150760691] [amir1.gripper_controller]: Received & accepted new action goal
[ign gazebo-1] [INFO] [1790606742.150853551] [amir2.gripper_controller]: Received & accepted new action goal
[ign gazebo-1] [INFO] [1790606742.862502142] [amir1.gripper_controller]: Received & accepted new action goal
[ign gazebo-1] [INFO] [1790606742.862603979] [amir2.gripper_controller]: Received & accepted new action goal
[ign gazebo-1] [INFO] [1790606743.152137488] [amir1.gripper_controller]: Received & accepted new action goal
[ign gazebo-1] [INFO] [1790606743.152224853] [amir2.gripper_controller]: Received & accepted new action goal
[ign gazebo-1] [INFO] [1790606743.491353755] [amir1.gripper_controller]: Received & accepted new action goal
[ign gazebo-1] [INFO] [1790606743.491403577] [amir2.gripper_controller]: Received & accepted new action goal
[ign gazebo-1] [INFO] [1790606743.900672665] [amir1.gripper_controller]: Received & accepted new action goal
[ign gazebo-1] [INFO] [1790606743.900700003] [amir2.gripper_controller]: Received & accepted new action goal
[ign gazebo-1] [INFO] [1790606744.052799230] [amir1.gripper_controller]: Received & accepted new action goal
[ign gazebo-1] [INFO] [1790606744.052919050] [amir2.gripper_controller]: Received & accepted new action goal
[ign gazebo-1] [INFO] [1790606744.500353040] [amir1.gripper_controller]: Received & accepted new action goal
[ign gazebo-1] [INFO] [1790606744.500438250] [amir2.gripper_controller]: Received & accepted new action goal
[ign gazebo-1] [INFO] [1790606744.898131209] [amir2.gripper_controller]: Received & accepted new action goal
[ign gazebo-1] [INFO] [1790606744.898131815] [amir1.gripper_controller]: Received & accepted new action goal
[ign gazebo-1] [INFO] [1790606745.036631271] [amir1.gripper_controller]: Received & accepted new action goal
[ign gazebo-1] [INFO] [1790606745.036781500] [amir2.gripper_controller]: Received & accepted new action goal
[ign gazebo-1] [INFO] [1790606745.451205018] [amir1.gripper_controller]: Received & accepted new action goal
[friction_grasp_manager-34] [WARN] [1790606745.451454231] [friction_grasp_manager]: amir2 finger force above 26.0 N; backing off.
[ign gazebo-1] [INFO] [1790606745.451606962] [amir2.gripper_controller]: Received & accepted new action goal
[ign gazebo-1] [INFO] [1790606745.744333671] [amir1.gripper_controller]: Received & accepted new action goal
[ign gazebo-1] [INFO] [1790606745.744408404] [amir2.gripper_controller]: Received & accepted new action goal
[ign gazebo-1] [INFO] [1790606745.951205787] [amir1.gripper_controller]: Received & accepted new action goal
[ign gazebo-1] [INFO] [1790606745.951312383] [amir2.gripper_controller]: Received & accepted new action goal
[ign gazebo-1] [INFO] [1790606746.442581002] [amir1.gripper_controller]: Received & accepted new action goal
[ign gazebo-1] [INFO] [1790606746.442699270] [amir2.gripper_controller]: Received & accepted new action goal
[friction_grasp_manager-34] [WARN] [1790606746.897324679] [friction_grasp_manager]: amir2 finger force above 26.0 N; backing off.
[ign gazebo-1] [INFO] [1790606746.897554900] [amir2.gripper_controller]: Received & accepted new action goal
[ign gazebo-1] [INFO] [1790606747.201593713] [amir1.gripper_controller]: Received & accepted new action goal
[ign gazebo-1] [INFO] [1790606747.201686403] [amir2.gripper_controller]: Received & accepted new action goal
[ign gazebo-1] [INFO] [1790606747.871342402] [amir1.gripper_controller]: Received & accepted new action goal
[ign gazebo-1] [INFO] [1790606747.871423400] [amir2.gripper_controller]: Received & accepted new action goal
[ign gazebo-1] [INFO] [1790606748.626409838] [amir1.gripper_controller]: Received & accepted new action goal
[ign gazebo-1] [INFO] [1790606748.626589933] [amir2.gripper_controller]: Received & accepted new action goal
[ign gazebo-1] [INFO] [1790606749.120415579] [amir2.gripper_controller]: Received & accepted new action goal
[ign gazebo-1] [INFO] [1790606749.435856114] [amir1.gripper_controller]: Received & accepted new action goal
[ign gazebo-1] [INFO] [1790606749.435939710] [amir2.gripper_controller]: Received & accepted new action goal
[ign gazebo-1] [INFO] [1790606749.597398718] [amir1.gripper_controller]: Received & accepted new action goal
[ign gazebo-1] [INFO] [1790606749.597482766] [amir2.gripper_controller]: Received & accepted new action goal
[ign gazebo-1] [INFO] [1790606749.939907708] [amir1.gripper_controller]: Received & accepted new action goal
[ign gazebo-1] [INFO] [1790606749.939955474] [amir2.gripper_controller]: Received & accepted new action goal
[ign gazebo-1] [INFO] [1790606750.287125838] [amir1.gripper_controller]: Received & accepted new action goal
[ign gazebo-1] [INFO] [1790606750.287258366] [amir2.gripper_controller]: Received & accepted new action goal
[ign gazebo-1] [INFO] [1790606750.509522964] [amir1.gripper_controller]: Received & accepted new action goal
[ign gazebo-1] [INFO] [1790606750.509524773] [amir2.gripper_controller]: Received & accepted new action goal
[ign gazebo-1] [INFO] [1790606751.003434370] [amir1.gripper_controller]: Received & accepted new action goal
[ign gazebo-1] [INFO] [1790606751.003928488] [amir2.gripper_controller]: Received & accepted new action goal
[ign gazebo-1] [INFO] [1790606751.396829496] [amir1.gripper_controller]: Received & accepted new action goal
[ign gazebo-1] [INFO] [1790606751.396883234] [amir2.gripper_controller]: Received & accepted new action goal
[ign gazebo-1] [INFO] [1790606751.654495950] [amir1.gripper_controller]: Received & accepted new action goal
[ign gazebo-1] [INFO] [1790606751.654570317] [amir2.gripper_controller]: Received & accepted new action goal
[ign gazebo-1] [INFO] [1790606752.134773556] [amir1.gripper_controller]: Received & accepted new action goal
[ign gazebo-1] [INFO] [1790606752.134936472] [amir2.gripper_controller]: Received & accepted new action goal
[ign gazebo-1] [INFO] [1790606752.680631539] [amir1.gripper_controller]: Received & accepted new action goal
[ign gazebo-1] [INFO] [1790606752.680695944] [amir2.gripper_controller]: Received & accepted new action goal
[ign gazebo-1] [INFO] [1790606752.994634608] [amir1.gripper_controller]: Received & accepted new action goal
[ign gazebo-1] [INFO] [1790606752.994665660] [amir2.gripper_controller]: Received & accepted new action goal
[ign gazebo-1] [INFO] [1790606753.685570496] [amir1.gripper_controller]: Received & accepted new action goal
[ign gazebo-1] [INFO] [1790606753.685730704] [amir2.gripper_controller]: Received & accepted new action goal
[ign gazebo-1] [INFO] [1790606754.231250845] [amir1.gripper_controller]: Received & accepted new action goal
[ign gazebo-1] [INFO] [1790606754.231351317] [amir2.gripper_controller]: Received & accepted new action goal
[ign gazebo-1] [INFO] [1790606754.581961599] [amir1.gripper_controller]: Received & accepted new action goal
[ign gazebo-1] [INFO] [1790606754.582095204] [amir2.gripper_controller]: Received & accepted new action goal
[ign gazebo-1] [INFO] [1790606755.256486222] [amir1.gripper_controller]: Received & accepted new action goal
[ign gazebo-1] [INFO] [1790606755.256576362] [amir2.gripper_controller]: Received & accepted new action goal
[ign gazebo-1] [INFO] [1790606755.973722724] [amir1.gripper_controller]: Received & accepted new action goal
[ign gazebo-1] [INFO] [1790606755.973803923] [amir2.gripper_controller]: Received & accepted new action goal
[ign gazebo-1] [INFO] [1790606756.281330872] [amir1.gripper_controller]: Received & accepted new action goal
[ign gazebo-1] [INFO] [1790606756.281380502] [amir2.gripper_controller]: Received & accepted new action goal
[ign gazebo-1] [INFO] [1790606756.835740397] [amir1.gripper_controller]: Received & accepted new action goal
[ign gazebo-1] [INFO] [1790606756.835777273] [amir2.gripper_controller]: Received & accepted new action goal
[ign gazebo-1] [INFO] [1790606757.415942224] [amir1.gripper_controller]: Received & accepted new action goal
[ign gazebo-1] [INFO] [1790606757.415981678] [amir2.gripper_controller]: Received & accepted new action goal
[ign gazebo-1] [INFO] [1790606757.739442584] [amir1.gripper_controller]: Received & accepted new action goal
[ign gazebo-1] [INFO] [1790606757.739747009] [amir2.gripper_controller]: Received & accepted new action goal
[ign gazebo-1] [INFO] [1790606758.431990899] [amir1.gripper_controller]: Received & accepted new action goal
[ign gazebo-1] [INFO] [1790606758.432073463] [amir2.gripper_controller]: Received & accepted new action goal
[ign gazebo-1] [INFO] [1790606759.124887607] [amir1.gripper_controller]: Received & accepted new action goal
[ign gazebo-1] [INFO] [1790606759.125026929] [amir2.gripper_controller]: Received & accepted new action goal
[ign gazebo-1] [INFO] [1790606759.292848871] [amir1.gripper_controller]: Received & accepted new action goal
[ign gazebo-1] [INFO] [1790606759.292966326] [amir2.gripper_controller]: Received & accepted new action goal
[ign gazebo-1] [INFO] [1790606759.531701430] [amir1.gripper_controller]: Received & accepted new action goal
[ign gazebo-1] [INFO] [1790606759.531753632] [amir2.gripper_controller]: Received & accepted new action goal
[ign gazebo-1] [INFO] [1790606759.906034987] [amir1.gripper_controller]: Received & accepted new action goal
[ign gazebo-1] [INFO] [1790606759.906059613] [amir2.gripper_controller]: Received & accepted new action goal
[friction_grasp_manager-34] [WARN] [1790606760.041910499] [friction_grasp_manager]: amir1 finger force above 26.0 N; backing off.
[ign gazebo-1] [INFO] [1790606760.042156184] [amir1.gripper_controller]: Received & accepted new action goal
[ign gazebo-1] [INFO] [1790606760.042354807] [amir2.gripper_controller]: Received & accepted new action goal
[ign gazebo-1] [INFO] [1790606760.346357836] [amir2.gripper_controller]: Received & accepted new action goal
[ign gazebo-1] [INFO] [1790606760.615824538] [amir1.gripper_controller]: Received & accepted new action goal
[ign gazebo-1] [INFO] [1790606760.615910800] [amir2.gripper_controller]: Received & accepted new action goal
[ign gazebo-1] [INFO] [1790606760.796199582] [amir1.gripper_controller]: Received & accepted new action goal
[ign gazebo-1] [INFO] [1790606761.270931039] [amir1.gripper_controller]: Received & accepted new action goal
[ign gazebo-1] [INFO] [1790606761.271054488] [amir2.gripper_controller]: Received & accepted new action goal
[ign gazebo-1] [INFO] [1790606761.667889749] [amir1.gripper_controller]: Received & accepted new action goal
[ign gazebo-1] [INFO] [1790606761.667936120] [amir2.gripper_controller]: Received & accepted new action goal
[ign gazebo-1] [INFO] [1790606761.827744659] [amir1.gripper_controller]: Received & accepted new action goal
[friction_grasp_manager-34] [WARN] [1790606761.828422943] [friction_grasp_manager]: amir2 finger force above 26.0 N; backing off.
[ign gazebo-1] [INFO] [1790606761.828744158] [amir2.gripper_controller]: Received & accepted new action goal
[ign gazebo-1] [INFO] [1790606762.165454459] [amir1.gripper_controller]: Received & accepted new action goal
[ign gazebo-1] [INFO] [1790606762.165609637] [amir2.gripper_controller]: Received & accepted new action goal
[ign gazebo-1] [INFO] [1790606762.572920280] [amir1.gripper_controller]: Received & accepted new action goal
[ign gazebo-1] [INFO] [1790606762.573238229] [amir2.gripper_controller]: Received & accepted new action goal
[ign gazebo-1] [INFO] [1790606763.120447198] [amir1.gripper_controller]: Received & accepted new action goal
[ign gazebo-1] [INFO] [1790606763.120583895] [amir2.gripper_controller]: Received & accepted new action goal
[ign gazebo-1] [INFO] [1790606763.467159557] [amir1.gripper_controller]: Received & accepted new action goal
[ign gazebo-1] [INFO] [1790606763.616203563] [amir2.gripper_controller]: Received & accepted new action goal
[ign gazebo-1] [INFO] [1790606764.165785645] [amir1.gripper_controller]: Received & accepted new action goal
[ign gazebo-1] [INFO] [1790606764.165793231] [amir2.gripper_controller]: Received & accepted new action goal
[ign gazebo-1] [INFO] [1790606764.751964421] [amir1.gripper_controller]: Received & accepted new action goal
[ign gazebo-1] [INFO] [1790606764.752097272] [amir2.gripper_controller]: Received & accepted new action goal
[ign gazebo-1] [INFO] [1790606765.076628647] [amir1.gripper_controller]: Received & accepted new action goal
[ign gazebo-1] [INFO] [1790606765.076706962] [amir2.gripper_controller]: Received & accepted new action goal
[ign gazebo-1] [INFO] [1790606765.706754268] [amir1.gripper_controller]: Received & accepted new action goal
[ign gazebo-1] [INFO] [1790606765.706846804] [amir2.gripper_controller]: Received & accepted new action goal
[ign gazebo-1] [INFO] [1790606766.358420966] [amir2.gripper_controller]: Received & accepted new action goal
[ign gazebo-1] [INFO] [1790606766.715241657] [amir1.gripper_controller]: Received & accepted new action goal
[ign gazebo-1] [INFO] [1790606766.715346801] [amir2.gripper_controller]: Received & accepted new action goal
[ign gazebo-1] [INFO] [1790606767.269751184] [amir1.gripper_controller]: Received & accepted new action goal
[ign gazebo-1] [INFO] [1790606767.269857007] [amir2.gripper_controller]: Received & accepted new action goal
[ign gazebo-1] [INFO] [1790606767.902434301] [amir1.gripper_controller]: Received & accepted new action goal
[ign gazebo-1] [INFO] [1790606767.902583861] [amir2.gripper_controller]: Received & accepted new action goal
[ign gazebo-1] [INFO] [1790606768.035357746] [amir1.gripper_controller]: Received & accepted new action goal
[ign gazebo-1] [INFO] [1790606768.035414723] [amir2.gripper_controller]: Received & accepted new action goal
[ign gazebo-1] [INFO] [1790606768.460738746] [amir1.gripper_controller]: Received & accepted new action goal
[ign gazebo-1] [INFO] [1790606768.460910426] [amir2.gripper_controller]: Received & accepted new action goal
[ign gazebo-1] [INFO] [1790606768.868177732] [amir1.gripper_controller]: Received & accepted new action goal
[ign gazebo-1] [INFO] [1790606768.868286969] [amir2.gripper_controller]: Received & accepted new action goal
[ign gazebo-1] [INFO] [1790606769.121724511] [amir1.gripper_controller]: Received & accepted new action goal
[ign gazebo-1] [INFO] [1790606769.121781008] [amir2.gripper_controller]: Received & accepted new action goal
[ign gazebo-1] [INFO] [1790606769.689487970] [amir1.gripper_controller]: Received & accepted new action goal
[ign gazebo-1] [INFO] [1790606769.689632313] [amir2.gripper_controller]: Received & accepted new action goal
[ign gazebo-1] [INFO] [1790606770.086592835] [amir2.gripper_controller]: Received & accepted new action goal
[ign gazebo-1] [INFO] [1790606770.285682500] [amir1.gripper_controller]: Received & accepted new action goal
[friction_grasp_manager-34] [WARN] [1790606770.286040856] [friction_grasp_manager]: amir2 finger force above 26.0 N; backing off.
[ign gazebo-1] [INFO] [1790606770.286257139] [amir2.gripper_controller]: Received & accepted new action goal
[ign gazebo-1] [INFO] [1790606770.715915044] [amir2.gripper_controller]: Received & accepted new action goal
[ign gazebo-1] [INFO] [1790606771.041704519] [amir2.gripper_controller]: Received & accepted new action goal
[ign gazebo-1] [INFO] [1790606771.174322436] [amir1.gripper_controller]: Received & accepted new action goal
[ign gazebo-1] [INFO] [1790606771.174370612] [amir2.gripper_controller]: Received & accepted new action goal
[ign gazebo-1] [INFO] [1790606771.518336915] [amir1.gripper_controller]: Received & accepted new action goal
[ign gazebo-1] [INFO] [1790606771.518680335] [amir2.gripper_controller]: Received & accepted new action goal
[ign gazebo-1] [INFO] [1790606771.888198738] [amir1.gripper_controller]: Received & accepted new action goal
[ign gazebo-1] [INFO] [1790606771.888265461] [amir2.gripper_controller]: Received & accepted new action goal
[ign gazebo-1] [INFO] [1790606772.086857099] [amir1.gripper_controller]: Received & accepted new action goal
[ign gazebo-1] [INFO] [1790606772.086992860] [amir2.gripper_controller]: Received & accepted new action goal
[ign gazebo-1] [INFO] [1790606772.434490529] [amir1.gripper_controller]: Received & accepted new action goal
[ign gazebo-1] [INFO] [1790606772.434546045] [amir2.gripper_controller]: Received & accepted new action goal
[ign gazebo-1] [INFO] [1790606772.820790025] [amir1.gripper_controller]: Received & accepted new action goal
[ign gazebo-1] [INFO] [1790606772.820867810] [amir2.gripper_controller]: Received & accepted new action goal
[ign gazebo-1] [INFO] [1790606772.978559954] [amir1.gripper_controller]: Received & accepted new action goal
[ign gazebo-1] [INFO] [1790606772.978590701] [amir2.gripper_controller]: Received & accepted new action goal
[ign gazebo-1] [INFO] [1790606773.348067340] [amir2.gripper_controller]: Received & accepted new action goal
[ign gazebo-1] [INFO] [1790606773.770313190] [amir1.gripper_controller]: Received & accepted new action goal
[ign gazebo-1] [INFO] [1790606773.770394746] [amir2.gripper_controller]: Received & accepted new action goal
[ign gazebo-1] [INFO] [1790606773.965357192] [amir1.gripper_controller]: Received & accepted new action goal
[ign gazebo-1] [INFO] [1790606773.965538581] [amir2.gripper_controller]: Received & accepted new action goal
[ign gazebo-1] [INFO] [1790606774.298861619] [amir1.gripper_controller]: Received & accepted new action goal
[ign gazebo-1] [INFO] [1790606774.298980674] [amir2.gripper_controller]: Received & accepted new action goal
[ign gazebo-1] [INFO] [1790606774.673734434] [amir2.gripper_controller]: Received & accepted new action goal
[friction_grasp_manager-34] [WARN] [1790606774.838384876] [friction_grasp_manager]: amir2 finger force above 26.0 N; backing off.
[ign gazebo-1] [INFO] [1790606774.838586475] [amir2.gripper_controller]: Received & accepted new action goal
[ign gazebo-1] [INFO] [1790606775.365495194] [amir1.gripper_controller]: Received & accepted new action goal
[ign gazebo-1] [INFO] [1790606775.365611137] [amir2.gripper_controller]: Received & accepted new action goal
[ign gazebo-1] [INFO] [1790606776.116153096] [amir1.gripper_controller]: Received & accepted new action goal
[ign gazebo-1] [INFO] [1790606776.116277697] [amir2.gripper_controller]: Received & accepted new action goal
[ign gazebo-1] [INFO] [1790606776.383474011] [amir1.gripper_controller]: Received & accepted new action goal
[ign gazebo-1] [INFO] [1790606776.383578750] [amir2.gripper_controller]: Received & accepted new action goal
[ign gazebo-1] [INFO] [1790606776.856655026] [amir1.gripper_controller]: Received & accepted new action goal
[ign gazebo-1] [INFO] [1790606776.856729786] [amir2.gripper_controller]: Received & accepted new action goal
[ign gazebo-1] [INFO] [1790606777.503512431] [amir1.gripper_controller]: Received & accepted new action goal
[ign gazebo-1] [INFO] [1790606777.503530574] [amir2.gripper_controller]: Received & accepted new action goal
[ign gazebo-1] [INFO] [1790606777.798618921] [amir1.gripper_controller]: Received & accepted new action goal
[ign gazebo-1] [INFO] [1790606777.798649225] [amir2.gripper_controller]: Received & accepted new action goal
[ign gazebo-1] [INFO] [1790606778.372948953] [amir1.gripper_controller]: Received & accepted new action goal
[ign gazebo-1] [INFO] [1790606778.373023681] [amir2.gripper_controller]: Received & accepted new action goal
[ign gazebo-1] [INFO] [1790606778.922497126] [amir1.gripper_controller]: Received & accepted new action goal
[ign gazebo-1] [INFO] [1790606778.922741946] [amir2.gripper_controller]: Received & accepted new action goal
[ign gazebo-1] [INFO] [1790606779.199422978] [amir1.gripper_controller]: Received & accepted new action goal
[ign gazebo-1] [INFO] [1790606779.199431932] [amir2.gripper_controller]: Received & accepted new action goal
[ign gazebo-1] [INFO] [1790606779.756893421] [amir1.gripper_controller]: Received & accepted new action goal
[ign gazebo-1] [INFO] [1790606779.757022699] [amir2.gripper_controller]: Received & accepted new action goal
[ign gazebo-1] [INFO] [1790606780.253337091] [amir2.gripper_controller]: Received & accepted new action goal
[ign gazebo-1] [INFO] [1790606780.253337083] [amir1.gripper_controller]: Received & accepted new action goal
[ign gazebo-1] [INFO] [1790606780.501420558] [amir1.gripper_controller]: Received & accepted new action goal
[ign gazebo-1] [INFO] [1790606780.501515688] [amir2.gripper_controller]: Received & accepted new action goal
[ign gazebo-1] [INFO] [1790606781.116996999] [amir1.gripper_controller]: Received & accepted new action goal
[ign gazebo-1] [INFO] [1790606781.117071134] [amir2.gripper_controller]: Received & accepted new action goal
[ign gazebo-1] [INFO] [1790606781.732584107] [amir2.gripper_controller]: Received & accepted new action goal
[ign gazebo-1] [INFO] [1790606781.732737457] [amir1.gripper_controller]: Received & accepted new action goal
[ign gazebo-1] [INFO] [1790606782.039658005] [amir1.gripper_controller]: Received & accepted new action goal
[ign gazebo-1] [INFO] [1790606782.039749387] [amir2.gripper_controller]: Received & accepted new action goal
[ign gazebo-1] [INFO] [1790606782.607216286] [amir2.gripper_controller]: Received & accepted new action goal
[ign gazebo-1] [INFO] [1790606782.607327865] [amir1.gripper_controller]: Received & accepted new action goal
[ign gazebo-1] [INFO] [1790606783.126605431] [amir1.gripper_controller]: Received & accepted new action goal
[ign gazebo-1] [INFO] [1790606783.126644506] [amir2.gripper_controller]: Received & accepted new action goal
[ign gazebo-1] [INFO] [1790606783.388434954] [amir2.gripper_controller]: Received & accepted new action goal
[ign gazebo-1] [INFO] [1790606783.388520506] [amir1.gripper_controller]: Received & accepted new action goal
[ign gazebo-1] [INFO] [1790606783.956770996] [amir1.gripper_controller]: Received & accepted new action goal
[ign gazebo-1] [INFO] [1790606783.957397958] [amir2.gripper_controller]: Received & accepted new action goal
[ign gazebo-1] [INFO] [1790606784.597463513] [amir1.gripper_controller]: Received & accepted new action goal
[ign gazebo-1] [INFO] [1790606784.597536129] [amir2.gripper_controller]: Received & accepted new action goal
[ign gazebo-1] [INFO] [1790606784.831069140] [amir1.gripper_controller]: Received & accepted new action goal
[ign gazebo-1] [INFO] [1790606784.831130584] [amir2.gripper_controller]: Received & accepted new action goal
[ign gazebo-1] [INFO] [1790606785.205209720] [amir2.gripper_controller]: Received & accepted new action goal
[ign gazebo-1] [INFO] [1790606785.814871824] [amir1.gripper_controller]: Received & accepted new action goal
[ign gazebo-1] [INFO] [1790606785.814883773] [amir2.gripper_controller]: Received & accepted new action goal
[ign gazebo-1] [INFO] [1790606786.122288469] [amir1.gripper_controller]: Received & accepted new action goal
[ign gazebo-1] [INFO] [1790606786.122437463] [amir2.gripper_controller]: Received & accepted new action goal
[ign gazebo-1] [INFO] [1790606786.747601992] [amir2.gripper_controller]: Received & accepted new action goal
[ign gazebo-1] [INFO] [1790606786.747642677] [amir1.gripper_controller]: Received & accepted new action goal
[ign gazebo-1] [INFO] [1790606787.092670318] [amir1.gripper_controller]: Received & accepted new action goal
[ign gazebo-1] [INFO] [1790606787.092733317] [amir2.gripper_controller]: Received & accepted new action goal
[ign gazebo-1] [INFO] [1790606787.311653674] [amir2.gripper_controller]: Received & accepted new action goal
[ign gazebo-1] [INFO] [1790606787.961792897] [amir1.gripper_controller]: Received & accepted new action goal
[ign gazebo-1] [INFO] [1790606787.961872248] [amir2.gripper_controller]: Received & accepted new action goal
[ign gazebo-1] [INFO] [1790606788.472682898] [amir1.gripper_controller]: Received & accepted new action goal
[ign gazebo-1] [INFO] [1790606788.472687993] [amir2.gripper_controller]: Received & accepted new action goal
[friction_grasp_manager-34] [WARN] [1790606788.647213271] [friction_grasp_manager]: amir1 finger force above 26.0 N; backing off.
[ign gazebo-1] [INFO] [1790606788.647404735] [amir1.gripper_controller]: Received & accepted new action goal
[ign gazebo-1] [INFO] [1790606788.647724090] [amir2.gripper_controller]: Received & accepted new action goal
[ign gazebo-1] [INFO] [1790606788.779662763] [amir1.gripper_controller]: Received & accepted new action goal
[ign gazebo-1] [INFO] [1790606788.779879031] [amir2.gripper_controller]: Received & accepted new action goal
[ign gazebo-1] [INFO] [1790606789.103421204] [amir1.gripper_controller]: Received & accepted new action goal
[ign gazebo-1] [INFO] [1790606789.279053035] [amir1.gripper_controller]: Received & accepted new action goal
[ign gazebo-1] [INFO] [1790606789.279649291] [amir2.gripper_controller]: Received & accepted new action goal
[ign gazebo-1] [INFO] [1790606789.455269688] [amir1.gripper_controller]: Received & accepted new action goal
[ign gazebo-1] [INFO] [1790606789.455389742] [amir2.gripper_controller]: Received & accepted new action goal
[ign gazebo-1] [INFO] [1790606789.854123637] [amir1.gripper_controller]: Received & accepted new action goal
[ign gazebo-1] [INFO] [1790606789.854341061] [amir2.gripper_controller]: Received & accepted new action goal
[ign gazebo-1] [INFO] [1790606790.277057969] [amir1.gripper_controller]: Received & accepted new action goal
[ign gazebo-1] [INFO] [1790606790.277340196] [amir2.gripper_controller]: Received & accepted new action goal
[ign gazebo-1] [INFO] [1790606790.521345965] [amir2.gripper_controller]: Received & accepted new action goal
[ign gazebo-1] [INFO] [1790606790.521442377] [amir1.gripper_controller]: Received & accepted new action goal
[ign gazebo-1] [INFO] [1790606791.098209834] [amir2.gripper_controller]: Received & accepted new action goal
[ign gazebo-1] [INFO] [1790606791.098213534] [amir1.gripper_controller]: Received & accepted new action goal
[ign gazebo-1] [INFO] [1790606791.635872945] [amir1.gripper_controller]: Received & accepted new action goal
[ign gazebo-1] [INFO] [1790606791.635995837] [amir2.gripper_controller]: Received & accepted new action goal
[ign gazebo-1] [INFO] [1790606791.902687511] [amir1.gripper_controller]: Received & accepted new action goal
[ign gazebo-1] [INFO] [1790606791.902839328] [amir2.gripper_controller]: Received & accepted new action goal
[ign gazebo-1] [INFO] [1790606792.391547104] [amir2.gripper_controller]: Received & accepted new action goal
[ign gazebo-1] [INFO] [1790606792.391625337] [amir1.gripper_controller]: Received & accepted new action goal
[ign gazebo-1] [INFO] [1790606792.878152060] [amir1.gripper_controller]: Received & accepted new action goal
[ign gazebo-1] [INFO] [1790606792.878454684] [amir2.gripper_controller]: Received & accepted new action goal
[ign gazebo-1] [INFO] [1790606793.045964051] [amir1.gripper_controller]: Received & accepted new action goal
[ign gazebo-1] [INFO] [1790606793.046057025] [amir2.gripper_controller]: Received & accepted new action goal
[ign gazebo-1] [INFO] [1790606793.291282436] [amir1.gripper_controller]: Received & accepted new action goal
[ign gazebo-1] [INFO] [1790606793.291371769] [amir2.gripper_controller]: Received & accepted new action goal
[ign gazebo-1] [INFO] [1790606793.664660441] [amir2.gripper_controller]: Received & accepted new action goal
[ign gazebo-1] [INFO] [1790606793.664681641] [amir1.gripper_controller]: Received & accepted new action goal
[ign gazebo-1] [INFO] [1790606793.795532022] [amir1.gripper_controller]: Received & accepted new action goal
[ign gazebo-1] [INFO] [1790606794.014440350] [amir1.gripper_controller]: Received & accepted new action goal
[ign gazebo-1] [INFO] [1790606794.014457201] [amir2.gripper_controller]: Received & accepted new action goal
[ign gazebo-1] [INFO] [1790606794.320945871] [amir1.gripper_controller]: Received & accepted new action goal
[friction_grasp_manager-34] [WARN] [1790606794.321434407] [friction_grasp_manager]: amir2 finger force above 26.0 N; backing off.
[ign gazebo-1] [INFO] [1790606794.321742592] [amir2.gripper_controller]: Received & accepted new action goal
[ign gazebo-1] [INFO] [1790606794.451847859] [amir1.gripper_controller]: Received & accepted new action goal
[ign gazebo-1] [INFO] [1790606794.451914513] [amir2.gripper_controller]: Received & accepted new action goal
[ign gazebo-1] [INFO] [1790606794.729565610] [amir2.gripper_controller]: Received & accepted new action goal
[ign gazebo-1] [INFO] [1790606795.096217034] [amir1.gripper_controller]: Received & accepted new action goal
[ign gazebo-1] [INFO] [1790606795.096308100] [amir2.gripper_controller]: Received & accepted new action goal
[ign gazebo-1] [INFO] [1790606795.239503545] [amir1.gripper_controller]: Received & accepted new action goal
[ign gazebo-1] [INFO] [1790606795.239508465] [amir2.gripper_controller]: Received & accepted new action goal
[ign gazebo-1] [INFO] [1790606795.607823646] [amir1.gripper_controller]: Received & accepted new action goal
[ign gazebo-1] [INFO] [1790606796.036889276] [amir1.gripper_controller]: Received & accepted new action goal
[ign gazebo-1] [INFO] [1790606796.036991569] [amir2.gripper_controller]: Received & accepted new action goal
[ign gazebo-1] [INFO] [1790606796.352514132] [amir1.gripper_controller]: Received & accepted new action goal
[ign gazebo-1] [INFO] [1790606796.352588304] [amir2.gripper_controller]: Received & accepted new action goal
[ign gazebo-1] [INFO] [1790606796.929685037] [amir1.gripper_controller]: Received & accepted new action goal
[ign gazebo-1] [INFO] [1790606796.929833120] [amir2.gripper_controller]: Received & accepted new action goal
[ign gazebo-1] [INFO] [1790606797.486121656] [amir1.gripper_controller]: Received & accepted new action goal
[ign gazebo-1] [INFO] [1790606797.486217184] [amir2.gripper_controller]: Received & accepted new action goal
[ign gazebo-1] [INFO] [1790606797.760906327] [amir1.gripper_controller]: Received & accepted new action goal
[ign gazebo-1] [INFO] [1790606797.760954204] [amir2.gripper_controller]: Received & accepted new action goal
[ign gazebo-1] [INFO] [1790606798.348378358] [amir1.gripper_controller]: Received & accepted new action goal
[ign gazebo-1] [INFO] [1790606798.348384162] [amir2.gripper_controller]: Received & accepted new action goal
[ign gazebo-1] [INFO] [1790606798.806396562] [amir1.gripper_controller]: Received & accepted new action goal
[ign gazebo-1] [INFO] [1790606798.806517849] [amir2.gripper_controller]: Received & accepted new action goal
[ign gazebo-1] [INFO] [1790606799.106491076] [amir2.gripper_controller]: Received & accepted new action goal
[ign gazebo-1] [INFO] [1790606799.106647594] [amir1.gripper_controller]: Received & accepted new action goal
[ign gazebo-1] [INFO] [1790606799.626162521] [amir1.gripper_controller]: Received & accepted new action goal
[ign gazebo-1] [INFO] [1790606799.626242427] [amir2.gripper_controller]: Received & accepted new action goal
[ign gazebo-1] [INFO] [1790606800.245725917] [amir1.gripper_controller]: Received & accepted new action goal
[ign gazebo-1] [INFO] [1790606800.245992556] [amir2.gripper_controller]: Received & accepted new action goal
[ign gazebo-1] [INFO] [1790606800.543676656] [amir1.gripper_controller]: Received & accepted new action goal
[ign gazebo-1] [INFO] [1790606800.543889666] [amir2.gripper_controller]: Received & accepted new action goal
[ign gazebo-1] [INFO] [1790606801.034189056] [amir1.gripper_controller]: Received & accepted new action goal
[ign gazebo-1] [INFO] [1790606801.034388170] [amir2.gripper_controller]: Received & accepted new action goal
[ign gazebo-1] [INFO] [1790606801.528895645] [amir1.gripper_controller]: Received & accepted new action goal
[ign gazebo-1] [INFO] [1790606801.528961259] [amir2.gripper_controller]: Received & accepted new action goal
[ign gazebo-1] [INFO] [1790606801.680841472] [amir1.gripper_controller]: Received & accepted new action goal
[ign gazebo-1] [INFO] [1790606801.680906004] [amir2.gripper_controller]: Received & accepted new action goal
[ign gazebo-1] [INFO] [1790606802.142108531] [amir1.gripper_controller]: Received & accepted new action goal
[ign gazebo-1] [INFO] [1790606802.142319567] [amir2.gripper_controller]: Received & accepted new action goal
[ign gazebo-1] [INFO] [1790606802.553430310] [amir1.gripper_controller]: Received & accepted new action goal
[ign gazebo-1] [INFO] [1790606802.553433429] [amir2.gripper_controller]: Received & accepted new action goal
[ign gazebo-1] [INFO] [1790606802.684609975] [amir1.gripper_controller]: Received & accepted new action goal
[ign gazebo-1] [INFO] [1790606802.684847371] [amir2.gripper_controller]: Received & accepted new action goal
[ign gazebo-1] [INFO] [1790606802.944270866] [amir1.gripper_controller]: Received & accepted new action goal
[ign gazebo-1] [INFO] [1790606802.944331913] [amir2.gripper_controller]: Received & accepted new action goal
[ign gazebo-1] [INFO] [1790606803.344742110] [amir1.gripper_controller]: Received & accepted new action goal
[ign gazebo-1] [INFO] [1790606803.344863540] [amir2.gripper_controller]: Received & accepted new action goal
[ign gazebo-1] [INFO] [1790606803.542345465] [amir1.gripper_controller]: Received & accepted new action goal
[ign gazebo-1] [INFO] [1790606803.542384915] [amir2.gripper_controller]: Received & accepted new action goal
[ign gazebo-1] [INFO] [1790606803.887697903] [amir1.gripper_controller]: Received & accepted new action goal
[friction_grasp_manager-34] [WARN] [1790606803.888287992] [friction_grasp_manager]: amir2 finger force above 26.0 N; backing off.
[ign gazebo-1] [INFO] [1790606803.888535511] [amir2.gripper_controller]: Received & accepted new action goal
[ign gazebo-1] [INFO] [1790606804.117481583] [amir1.gripper_controller]: Received & accepted new action goal
[ign gazebo-1] [INFO] [1790606804.117578925] [amir2.gripper_controller]: Received & accepted new action goal
[ign gazebo-1] [INFO] [1790606804.594813322] [amir1.gripper_controller]: Received & accepted new action goal
[ign gazebo-1] [INFO] [1790606804.594863971] [amir2.gripper_controller]: Received & accepted new action goal
[ign gazebo-1] [INFO] [1790606804.919463901] [amir1.gripper_controller]: Received & accepted new action goal
[ign gazebo-1] [INFO] [1790606804.919518929] [amir2.gripper_controller]: Received & accepted new action goal
[ign gazebo-1] [INFO] [1790606805.063952596] [amir1.gripper_controller]: Received & accepted new action goal
[friction_grasp_manager-34] [WARN] [1790606805.064535492] [friction_grasp_manager]: amir2 finger force above 26.0 N; backing off.
[ign gazebo-1] [INFO] [1790606805.064812427] [amir2.gripper_controller]: Received & accepted new action goal
[ign gazebo-1] [INFO] [1790606805.457884131] [amir1.gripper_controller]: Received & accepted new action goal
[ign gazebo-1] [INFO] [1790606805.457967065] [amir2.gripper_controller]: Received & accepted new action goal
[ign gazebo-1] [INFO] [1790606805.761834595] [amir1.gripper_controller]: Received & accepted new action goal
[ign gazebo-1] [INFO] [1790606805.762311545] [amir2.gripper_controller]: Received & accepted new action goal
[ign gazebo-1] [INFO] [1790606805.937682927] [amir1.gripper_controller]: Received & accepted new action goal
[ign gazebo-1] [INFO] [1790606805.937729208] [amir2.gripper_controller]: Received & accepted new action goal
[ign gazebo-1] [INFO] [1790606806.389257806] [amir1.gripper_controller]: Received & accepted new action goal
[ign gazebo-1] [INFO] [1790606806.389335187] [amir2.gripper_controller]: Received & accepted new action goal
[friction_grasp_manager-34] [WARN] [1790606806.773181212] [friction_grasp_manager]: amir1 finger force above 26.0 N; backing off.
[ign gazebo-1] [INFO] [1790606806.773520072] [amir2.gripper_controller]: Received & accepted new action goal
[ign gazebo-1] [INFO] [1790606806.773552319] [amir1.gripper_controller]: Received & accepted new action goal
[ign gazebo-1] [INFO] [1790606806.942090939] [amir1.gripper_controller]: Received & accepted new action goal
[ign gazebo-1] [INFO] [1790606806.942199703] [amir2.gripper_controller]: Received & accepted new action goal
[ign gazebo-1] [INFO] [1790606807.312595566] [amir1.gripper_controller]: Received & accepted new action goal
[ign gazebo-1] [INFO] [1790606807.312997901] [amir2.gripper_controller]: Received & accepted new action goal
[ign gazebo-1] [INFO] [1790606807.624770012] [amir1.gripper_controller]: Received & accepted new action goal
[ign gazebo-1] [INFO] [1790606807.624823454] [amir2.gripper_controller]: Received & accepted new action goal
[ign gazebo-1] [INFO] [1790606807.787570197] [amir1.gripper_controller]: Received & accepted new action goal
[ign gazebo-1] [INFO] [1790606807.787671604] [amir2.gripper_controller]: Received & accepted new action goal
[ign gazebo-1] [INFO] [1790606808.120044826] [amir1.gripper_controller]: Received & accepted new action goal
[ign gazebo-1] [INFO] [1790606808.120274298] [amir2.gripper_controller]: Received & accepted new action goal
[ign gazebo-1] [INFO] [1790606808.483016608] [amir1.gripper_controller]: Received & accepted new action goal
[ign gazebo-1] [INFO] [1790606808.483042345] [amir2.gripper_controller]: Received & accepted new action goal
[ign gazebo-1] [INFO] [1790606808.651898164] [amir1.gripper_controller]: Received & accepted new action goal
[ign gazebo-1] [INFO] [1790606808.652027739] [amir2.gripper_controller]: Received & accepted new action goal
[ign gazebo-1] [INFO] [1790606809.066162205] [amir2.gripper_controller]: Received & accepted new action goal
[ign gazebo-1] [INFO] [1790606809.066249445] [amir1.gripper_controller]: Received & accepted new action goal
[ign gazebo-1] [INFO] [1790606809.382783461] [amir1.gripper_controller]: Received & accepted new action goal
[friction_grasp_manager-34] [WARN] [1790606809.383221718] [friction_grasp_manager]: amir2 finger force above 26.0 N; backing off.
[ign gazebo-1] [INFO] [1790606809.383514201] [amir2.gripper_controller]: Received & accepted new action goal
[pivot_rotation_controller-7] [INFO] [1790606809.536475686] [pivot_rotation_controller]: Pivot rotation complete; both robots stopped
[ign gazebo-1] [INFO] [1790606809.797591297] [amir2.gripper_controller]: Received & accepted new action goal
[ign gazebo-1] [INFO] [1790606810.107890907] [amir2.gripper_controller]: Received & accepted new action goal
[ign gazebo-1] [INFO] [1790606810.278042765] [amir2.gripper_controller]: Received & accepted new action goal
[ign gazebo-1] [INFO] [1790606810.511553891] [amir1.gripper_controller]: Received & accepted new action goal
[ign gazebo-1] [INFO] [1790606810.511826387] [amir2.gripper_controller]: Received & accepted new action goal
[ign gazebo-1] [INFO] [1790606810.780746982] [amir2.gripper_controller]: Received & accepted new action goal
[ign gazebo-1] [INFO] [1790606810.780797144] [amir1.gripper_controller]: Received & accepted new action goal
[ign gazebo-1] [INFO] [1790606811.324046587] [amir1.gripper_controller]: Received & accepted new action goal
[ign gazebo-1] [INFO] [1790606811.324425964] [amir2.gripper_controller]: Received & accepted new action goal
[ign gazebo-1] [INFO] [1790606811.632465639] [amir2.gripper_controller]: Received & accepted new action goal
[ign gazebo-1] [INFO] [1790606811.632466396] [amir1.gripper_controller]: Received & accepted new action goal
[ign gazebo-1] [INFO] [1790606811.771228185] [amir1.gripper_controller]: Received & accepted new action goal
[ign gazebo-1] [INFO] [1790606811.771383899] [amir2.gripper_controller]: Received & accepted new action goal
[ign gazebo-1] [INFO] [1790606812.024984792] [amir2.gripper_controller]: Received & accepted new action goal
[ign gazebo-1] [INFO] [1790606812.359880934] [amir2.gripper_controller]: Received & accepted new action goal
[ign gazebo-1] [INFO] [1790606812.500744016] [amir1.gripper_controller]: Received & accepted new action goal
[ign gazebo-1] [INFO] [1790606812.500841509] [amir2.gripper_controller]: Received & accepted new action goal
[ign gazebo-1] [INFO] [1790606812.801080576] [amir1.gripper_controller]: Received & accepted new action goal
[ign gazebo-1] [INFO] [1790606812.801131159] [amir2.gripper_controller]: Received & accepted new action goal
[ign gazebo-1] [INFO] [1790606813.092660437] [amir2.gripper_controller]: Received & accepted new action goal
[ign gazebo-1] [INFO] [1790606813.522875471] [amir1.gripper_controller]: Received & accepted new action goal
[ign gazebo-1] [INFO] [1790606813.522920343] [amir2.gripper_controller]: Received & accepted new action goal
[ign gazebo-1] [INFO] [1790606813.788825915] [amir1.gripper_controller]: Received & accepted new action goal
[ign gazebo-1] [INFO] [1790606813.788857621] [amir2.gripper_controller]: Received & accepted new action goal
[ign gazebo-1] [INFO] [1790606813.958999876] [amir1.gripper_controller]: Received & accepted new action goal
[ign gazebo-1] [INFO] [1790606813.959237442] [amir2.gripper_controller]: Received & accepted new action goal
[ign gazebo-1] [INFO] [1790606814.598201916] [amir1.gripper_controller]: Received & accepted new action goal
[ign gazebo-1] [INFO] [1790606814.598295148] [amir2.gripper_controller]: Received & accepted new action goal
[ign gazebo-1] [INFO] [1790606814.716118323] [amir1.gripper_controller]: Received & accepted new action goal
[ign gazebo-1] [INFO] [1790606814.716282109] [amir2.gripper_controller]: Received & accepted new action goal
[ign gazebo-1] [INFO] [1790606815.003896056] [amir1.gripper_controller]: Received & accepted new action goal
[ign gazebo-1] [INFO] [1790606815.004003754] [amir2.gripper_controller]: Received & accepted new action goal
[ign gazebo-1] [INFO] [1790606815.343232284] [amir2.gripper_controller]: Received & accepted new action goal
[ign gazebo-1] [INFO] [1790606815.532382247] [amir2.gripper_controller]: Received & accepted new action goal
[ign gazebo-1] [INFO] [1790606815.814473480] [amir2.gripper_controller]: Received & accepted new action goal
[ign gazebo-1] [INFO] [1790606816.115976326] [amir2.gripper_controller]: Received & accepted new action goal
[ign gazebo-1] [INFO] [1790606816.236896027] [amir2.gripper_controller]: Received & accepted new action goal
[ign gazebo-1] [INFO] [1790606816.543641334] [amir1.gripper_controller]: Received & accepted new action goal
[ign gazebo-1] [INFO] [1790606816.543761374] [amir2.gripper_controller]: Received & accepted new action goal
[ign gazebo-1] [INFO] [1790606816.834814063] [amir2.gripper_controller]: Received & accepted new action goal
[ign gazebo-1] [INFO] [1790606816.834881533] [amir1.gripper_controller]: Received & accepted new action goal
[ign gazebo-1] [INFO] [1790606816.989797675] [amir2.gripper_controller]: Received & accepted new action goal
[ign gazebo-1] [INFO] [1790606817.302171243] [amir2.gripper_controller]: Received & accepted new action goal
[friction_grasp_manager-34] [WARN] [1790606817.576947633] [friction_grasp_manager]: amir1 finger force above 26.0 N; backing off.
[ign gazebo-1] [INFO] [1790606817.577692772] [amir1.gripper_controller]: Received & accepted new action goal
[ign gazebo-1] [INFO] [1790606817.578047075] [amir2.gripper_controller]: Received & accepted new action goal
[ign gazebo-1] [INFO] [1790606817.713150933] [amir2.gripper_controller]: Received & accepted new action goal
[ign gazebo-1] [INFO] [1790606818.118718281] [amir2.gripper_controller]: Received & accepted new action goal
[ign gazebo-1] [INFO] [1790606818.472547165] [amir1.gripper_controller]: Received & accepted new action goal
[ign gazebo-1] [INFO] [1790606818.473419737] [amir2.gripper_controller]: Received & accepted new action goal
[ign gazebo-1] [INFO] [1790606818.624015017] [amir1.gripper_controller]: Received & accepted new action goal
[ign gazebo-1] [INFO] [1790606818.624130578] [amir2.gripper_controller]: Received & accepted new action goal
[WARNING] [launch]: user interrupted with ctrl-c (SIGINT)
[INFO] [dual_base_approach-42]: sending signal 'SIGINT' to process[dual_base_approach-42]
[INFO] [slip_monitor-41]: sending signal 'SIGINT' to process[slip_monitor-41]
[INFO] [safety_monitor-40]: sending signal 'SIGINT' to process[safety_monitor-40]
[ERROR] [dual_base_approach-42]: process has died [pid 51625, exit code -2, cmd '/home/dars5070/ros2_humble_ws/install/cooperative_transport_control/lib/cooperative_transport_control/dual_base_approach --ros-args -p use_sim_time:=True -p use_sim_time:=True --params-file /tmp/launch_params_y39j7ta4'].
[ERROR] [rover_twist_relay_ign.py-13]: process has died [pid 50318, exit code -2, cmd '/home/dars5070/ros2_humble_ws/install/mecanumrover_description/lib/mecanumrover_description/rover_twist_relay_ign.py --ros-args -r __node:=rover_twist_relay_ign -r __ns:=/amir1 -p use_sim_time:=True --params-file /tmp/launch_params__mlbzipj'].
[ERROR] [rover_twist_relay_ign.py-26]: process has died [pid 50766, exit code -2, cmd '/home/dars5070/ros2_humble_ws/install/mecanumrover_description/lib/mecanumrover_description/rover_twist_relay_ign.py --ros-args -r __node:=rover_twist_relay_ign -r __ns:=/amir2 -p use_sim_time:=True -p use_sim_time:=True --params-file /tmp/launch_params_2uwovhbv'].
[ERROR] [slip_monitor-41]: process has died [pid 51623, exit code -2, cmd '/home/dars5070/ros2_humble_ws/install/cooperative_transport_control/lib/cooperative_transport_control/slip_monitor --ros-args -p use_sim_time:=True -p use_sim_time:=True --params-file /home/dars5070/ros2_humble_ws/install/cooperative_transport_control/share/cooperative_transport_control/config/friction_transport.yaml --params-file /tmp/launch_params_zydrsfxs --params-file /tmp/launch_params_82ufcxhi --params-file /tmp/launch_params_j1o_eff4'].
[INFO] [coordinator-39]: sending signal 'SIGINT' to process[coordinator-39]
[ERROR] [safety_monitor-40]: process has died [pid 51621, exit code -2, cmd '/home/dars5070/ros2_humble_ws/install/cooperative_transport_control/lib/cooperative_transport_control/safety_monitor --ros-args -p use_sim_time:=True -p use_sim_time:=True --params-file /home/dars5070/ros2_humble_ws/install/cooperative_transport_control/share/cooperative_transport_control/config/friction_transport.yaml --params-file /tmp/launch_params_r9s7o7re --params-file /tmp/launch_params_vm8o0p60'].
[INFO] [grasp_support_remover-38]: sending signal 'SIGINT' to process[grasp_support_remover-38]
[INFO] [arm_home_positioner-35]: sending signal 'SIGINT' to process[arm_home_positioner-35]
[ERROR] [coordinator-39]: process has died [pid 51619, exit code -2, cmd '/home/dars5070/ros2_humble_ws/install/cooperative_transport_control/lib/cooperative_transport_control/coordinator --ros-args -p use_sim_time:=True -p use_sim_time:=True --params-file /home/dars5070/ros2_humble_ws/install/cooperative_transport_control/share/cooperative_transport_control/config/friction_transport.yaml --params-file /tmp/launch_params_4bl89run --params-file /tmp/launch_params_ap3iipf2 --params-file /tmp/launch_params_3b77dzit'].
[ERROR] [grasp_support_remover-38]: process has died [pid 51617, exit code -2, cmd '/home/dars5070/ros2_humble_ws/install/cooperative_transport_control/lib/cooperative_transport_control/grasp_support_remover --ros-args -p use_sim_time:=True -p use_sim_time:=True --params-file /home/dars5070/ros2_humble_ws/install/cooperative_transport_control/share/cooperative_transport_control/config/friction_transport.yaml --params-file /tmp/launch_params_ykc_6rpx'].
[INFO] [friction_grasp_manager-34]: sending signal 'SIGINT' to process[friction_grasp_manager-34]
[INFO] [parameter_bridge-25]: sending signal 'SIGINT' to process[parameter_bridge-25]
[ERROR] [arm_home_positioner-35]: process has died [pid 51449, exit code -2, cmd '/home/dars5070/ros2_humble_ws/install/coop_transport_controller/lib/coop_transport_controller/arm_home_positioner --ros-args -p use_sim_time:=True -p use_sim_time:=True --params-file /tmp/launch_params_x7p55bf_'].
[INFO] [parameter_bridge-24]: sending signal 'SIGINT' to process[parameter_bridge-24]
[INFO] [parameter_bridge-23]: sending signal 'SIGINT' to process[parameter_bridge-23]
[INFO] [robot_state_publisher-21]: sending signal 'SIGINT' to process[robot_state_publisher-21]
[INFO] [parameter_bridge-12]: sending signal 'SIGINT' to process[parameter_bridge-12]
[INFO] [parameter_bridge-10]: process has finished cleanly [pid 50312]
[ERROR] [friction_grasp_manager-34]: process has died [pid 51447, exit code -2, cmd '/home/dars5070/ros2_humble_ws/install/cooperative_transport_control/lib/cooperative_transport_control/friction_grasp_manager --ros-args -p use_sim_time:=True -p use_sim_time:=True --params-file /home/dars5070/ros2_humble_ws/install/cooperative_transport_control/share/cooperative_transport_control/config/friction_transport.yaml --params-file /tmp/launch_params_pp9bhmxv --params-file /tmp/launch_params__m_6jwbq'].
[INFO] [parameter_bridge-11]: sending signal 'SIGINT' to process[parameter_bridge-11]
[INFO] [parameter_bridge-24]: process has finished cleanly [pid 50762]
[ERROR] [robot_state_publisher-21]: process has died [pid 50756, exit code -2, cmd '/opt/ros/humble/lib/robot_state_publisher/robot_state_publisher --ros-args -r __node:=robot_state_publisher -r __ns:=/amir2 -p use_sim_time:=True -p use_sim_time:=True --params-file /tmp/launch_params_txho7m7w -r /tf:=tf -r /tf_static:=tf_static'].
[INFO] [parameter_bridge-11]: process has finished cleanly [pid 50314]
[INFO] [parameter_bridge-23]: process has finished cleanly [pid 50760]
[INFO] [parameter_bridge-2]: process has finished cleanly [pid 50019]
[INFO] [parameter_bridge-25]: process has finished cleanly [pid 50764]
[INFO] [robot_state_publisher-8]: sending signal 'SIGINT' to process[robot_state_publisher-8]
[INFO] [pivot_rotation_controller-7]: sending signal 'SIGINT' to process[pivot_rotation_controller-7]
[INFO] [transport_pose_filter-3]: process has finished cleanly [pid 50022]
[INFO] [robot_state_publisher-8]: process has finished cleanly [pid 50308]
[INFO] [rotation_controller-6]: sending signal 'SIGINT' to process[rotation_controller-6]
[INFO] [finger_contact_aggregator-4]: sending signal 'SIGINT' to process[finger_contact_aggregator-4]
[INFO] [parameter_bridge-12]: process has finished cleanly [pid 50316]
[ERROR] [pivot_rotation_controller-7]: process has died [pid 50030, exit code -2, cmd '/home/dars5070/ros2_humble_ws/install/cooperative_transport_control/lib/cooperative_transport_control/pivot_rotation_controller --ros-args --params-file /tmp/launch_params_9dv2e258'].
[ERROR] [rotation_controller-6]: process has died [pid 50028, exit code -2, cmd '/home/dars5070/ros2_humble_ws/install/cooperative_rotation/lib/cooperative_rotation/rotation_controller --ros-args --params-file /home/dars5070/ros2_humble_ws/install/cooperative_rotation/share/cooperative_rotation/config/rotation_params.yaml --params-file /tmp/launch_params_6adcw8d2'].
[ERROR] [finger_contact_aggregator-4]: process has died [pid 50024, exit code -2, cmd '/home/dars5070/ros2_humble_ws/install/cooperative_transport_gazebo/lib/cooperative_transport_gazebo/finger_contact_aggregator --ros-args --params-file /tmp/launch_params_ycp7j6po'].
[INFO] [ign gazebo-1]: sending signal 'SIGINT' to process[ign gazebo-1]
[parameter_bridge-24] [INFO] [1790606818.840813666] [rclcpp]: signal_handler(SIGINT/SIGTERM)
[robot_state_publisher-8] [INFO] [1790606818.840807654] [rclcpp]: signal_handler(SIGINT/SIGTERM)
[parameter_bridge-10] [INFO] [1790606818.840821021] [rclcpp]: signal_handler(SIGINT/SIGTERM)
[transport_pose_filter-3] [INFO] [1790606818.840821508] [rclcpp]: signal_handler(SIGINT/SIGTERM)
[parameter_bridge-11] [INFO] [1790606818.840825421] [rclcpp]: signal_handler(SIGINT/SIGTERM)
[parameter_bridge-23] [INFO] [1790606818.840861865] [rclcpp]: signal_handler(SIGINT/SIGTERM)
[parameter_bridge-2] [INFO] [1790606818.840884761] [rclcpp]: signal_handler(SIGINT/SIGTERM)
[rover_twist_relay_ign.py-26] Traceback (most recent call last):
[rover_twist_relay_ign.py-26]   File "/home/dars5070/ros2_humble_ws/install/mecanumrover_description/lib/mecanumrover_description/rover_twist_relay_ign.py", line 36, in <module>
[rover_twist_relay_ign.py-26]     main()
[rover_twist_relay_ign.py-26]   File "/home/dars5070/ros2_humble_ws/install/mecanumrover_description/lib/mecanumrover_description/rover_twist_relay_ign.py", line 31, in main
[rover_twist_relay_ign.py-26]     rclpy.spin(RoverTwistRelayIgn())
[rover_twist_relay_ign.py-26]   File "/opt/ros/humble/local/lib/python3.10/dist-packages/rclpy/__init__.py", line 229, in spin
[rover_twist_relay_ign.py-26]     executor.spin_once()
[rover_twist_relay_ign.py-26]   File "/opt/ros/humble/local/lib/python3.10/dist-packages/rclpy/executors.py", line 776, in spin_once
[rover_twist_relay_ign.py-26]     self._spin_once_impl(timeout_sec)
[rover_twist_relay_ign.py-26]   File "/opt/ros/humble/local/lib/python3.10/dist-packages/rclpy/executors.py", line 765, in _spin_once_impl
[rover_twist_relay_ign.py-26]     handler, entity, node = self.wait_for_ready_callbacks(timeout_sec=timeout_sec)
[rover_twist_relay_ign.py-26]   File "/opt/ros/humble/local/lib/python3.10/dist-packages/rclpy/executors.py", line 748, in wait_for_ready_callbacks
[rover_twist_relay_ign.py-26]     return next(self._cb_iter)
[rover_twist_relay_ign.py-26]   File "/opt/ros/humble/local/lib/python3.10/dist-packages/rclpy/executors.py", line 645, in _wait_for_ready_callbacks
[rover_twist_relay_ign.py-26]     wait_set.wait(timeout_nsec)
[rover_twist_relay_ign.py-26] KeyboardInterrupt
[parameter_bridge-25] [INFO] [1790606818.840941436] [rclcpp]: signal_handler(SIGINT/SIGTERM)
[rover_twist_relay_ign.py-13] Traceback (most recent call last):
[rover_twist_relay_ign.py-13]   File "/home/dars5070/ros2_humble_ws/install/mecanumrover_description/lib/mecanumrover_description/rover_twist_relay_ign.py", line 36, in <module>
[rover_twist_relay_ign.py-13]     main()
[rover_twist_relay_ign.py-13]   File "/home/dars5070/ros2_humble_ws/install/mecanumrover_description/lib/mecanumrover_description/rover_twist_relay_ign.py", line 31, in main
[rover_twist_relay_ign.py-13]     rclpy.spin(RoverTwistRelayIgn())
[rover_twist_relay_ign.py-13]   File "/opt/ros/humble/local/lib/python3.10/dist-packages/rclpy/__init__.py", line 229, in spin
[rover_twist_relay_ign.py-13]     executor.spin_once()
[rover_twist_relay_ign.py-13]   File "/opt/ros/humble/local/lib/python3.10/dist-packages/rclpy/executors.py", line 776, in spin_once
[rover_twist_relay_ign.py-13]     self._spin_once_impl(timeout_sec)
[rover_twist_relay_ign.py-13]   File "/opt/ros/humble/local/lib/python3.10/dist-packages/rclpy/executors.py", line 765, in _spin_once_impl
[rover_twist_relay_ign.py-13]     handler, entity, node = self.wait_for_ready_callbacks(timeout_sec=timeout_sec)
[rover_twist_relay_ign.py-13]   File "/opt/ros/humble/local/lib/python3.10/dist-packages/rclpy/executors.py", line 748, in wait_for_ready_callbacks
[rover_twist_relay_ign.py-13]     return next(self._cb_iter)
[rover_twist_relay_ign.py-13]   File "/opt/ros/humble/local/lib/python3.10/dist-packages/rclpy/executors.py", line 645, in _wait_for_ready_callbacks
[rover_twist_relay_ign.py-13]     wait_set.wait(timeout_nsec)
[rover_twist_relay_ign.py-13] KeyboardInterrupt
[finger_contact_aggregator-4] [INFO] [1790606818.841132394] [rclcpp]: signal_handler(SIGINT/SIGTERM)
[parameter_bridge-12] [INFO] [1790606818.841542698] [rclcpp]: signal_handler(SIGINT/SIGTERM)
[robot_state_publisher-21] [INFO] [1790606818.844107472] [rclcpp]: signal_handler(SIGINT/SIGTERM)
[parameter_bridge-25] [INFO] [1790606818.965494034] [rclcpp]: signal_handler(SIGINT/SIGTERM)
[parameter_bridge-24] [INFO] [1790606818.969227408] [rclcpp]: signal_handler(SIGINT/SIGTERM)
[parameter_bridge-23] [INFO] [1790606818.972739869] [rclcpp]: signal_handler(SIGINT/SIGTERM)
[parameter_bridge-12] [INFO] [1790606818.984935477] [rclcpp]: signal_handler(SIGINT/SIGTERM)
[ign gazebo-1] [INFO] [1790606820.544520537] [rclcpp]: signal_handler(SIGINT/SIGTERM)
[ign gazebo-1] [INFO] [1790606820.544575687] [amir2.controller_manager]: Shutdown request received....
[ign gazebo-1] [INFO] [1790606820.544629344] [amir2.controller_manager]: Shutting down all controllers in the controller manager.
[ign gazebo-1] [INFO] [1790606820.544651005] [amir2.controller_manager]: Deactivating controller 'joint_state_broadcaster'
[ign gazebo-1] [INFO] [1790606820.544690610] [amir2.controller_manager]: Shutting down controller 'joint_state_broadcaster'
[ign gazebo-1] [INFO] [1790606820.544720656] [amir2.controller_manager]: Deactivating controller 'arm_controller'
[ign gazebo-1] [INFO] [1790606820.544749987] [amir2.controller_manager]: Shutting down controller 'arm_controller'
[ign gazebo-1] [INFO] [1790606820.544765682] [amir2.controller_manager]: Deactivating controller 'gripper_controller'
[ign gazebo-1] [INFO] [1790606820.544787807] [amir2.controller_manager]: Shutting down controller 'gripper_controller'
[ign gazebo-1] [INFO] [1790606820.544803063] [amir2.controller_manager]: Deactivating controller 'mecanum_drive_controller'
[ign gazebo-1] [INFO] [1790606820.544821400] [amir2.controller_manager]: Shutting down controller 'mecanum_drive_controller'
[ign gazebo-1] [INFO] [1790606820.544844473] [resource_manager]: 'deactivate' hardware 'AmirGazeboSystem' 
[ign gazebo-1] [INFO] [1790606820.544859402] [resource_manager]: Successful 'deactivate' of hardware 'AmirGazeboSystem'
[ign gazebo-1] [INFO] [1790606820.544863554] [resource_manager]: 'shutdown' hardware 'AmirGazeboSystem' 
[ign gazebo-1] [INFO] [1790606820.544868760] [resource_manager]: Successful 'shutdown' of hardware 'AmirGazeboSystem'
[ign gazebo-1] [INFO] [1790606820.544873175] [resource_manager]: 'deactivate' hardware 'MecanumSystem' 
[ign gazebo-1] [INFO] [1790606820.544877360] [resource_manager]: Successful 'deactivate' of hardware 'MecanumSystem'
[ign gazebo-1] [INFO] [1790606820.544880413] [resource_manager]: 'shutdown' hardware 'MecanumSystem' 
[ign gazebo-1] [INFO] [1790606820.544884123] [resource_manager]: Successful 'shutdown' of hardware 'MecanumSystem'
[ign gazebo-1] [INFO] [1790606820.544887497] [amir2.controller_manager]: Shutting down the controller manager.
[ign gazebo-1] [INFO] [1790606820.544895466] [amir1.controller_manager]: Shutdown request received....
[ign gazebo-1] [INFO] [1790606820.544915278] [amir1.controller_manager]: Shutting down all controllers in the controller manager.
[ign gazebo-1] [INFO] [1790606820.544926661] [amir1.controller_manager]: Deactivating controller 'joint_state_broadcaster'
[ign gazebo-1] [INFO] [1790606820.544945831] [amir1.controller_manager]: Shutting down controller 'joint_state_broadcaster'
[ign gazebo-1] [INFO] [1790606820.544961094] [amir1.controller_manager]: Deactivating controller 'arm_controller'
[ign gazebo-1] [INFO] [1790606820.544994255] [amir1.controller_manager]: Shutting down controller 'arm_controller'
[ign gazebo-1] [INFO] [1790606820.545009864] [amir1.controller_manager]: Deactivating controller 'gripper_controller'
[ign gazebo-1] [INFO] [1790606820.545026445] [amir1.controller_manager]: Shutting down controller 'gripper_controller'
[ign gazebo-1] [INFO] [1790606820.545045413] [amir1.controller_manager]: Deactivating controller 'mecanum_drive_controller'
[ign gazebo-1] [INFO] [1790606820.545067226] [amir1.controller_manager]: Shutting down controller 'mecanum_drive_controller'
[ign gazebo-1] [INFO] [1790606820.545084041] [resource_manager]: 'deactivate' hardware 'AmirGazeboSystem' 
[ign gazebo-1] [INFO] [1790606820.545089285] [resource_manager]: Successful 'deactivate' of hardware 'AmirGazeboSystem'
[ign gazebo-1] [INFO] [1790606820.545095079] [resource_manager]: 'shutdown' hardware 'AmirGazeboSystem' 
[ign gazebo-1] [INFO] [1790606820.545100229] [resource_manager]: Successful 'shutdown' of hardware 'AmirGazeboSystem'
[ign gazebo-1] [INFO] [1790606820.545104698] [resource_manager]: 'deactivate' hardware 'MecanumSystem' 
[ign gazebo-1] [INFO] [1790606820.545108915] [resource_manager]: Successful 'deactivate' of hardware 'MecanumSystem'
[ign gazebo-1] [INFO] [1790606820.545112232] [resource_manager]: 'shutdown' hardware 'MecanumSystem' 
[ign gazebo-1] [INFO] [1790606820.545116229] [resource_manager]: Successful 'shutdown' of hardware 'MecanumSystem'
[ign gazebo-1] [INFO] [1790606820.545119800] [amir1.controller_manager]: Shutting down the controller manager.
[ERROR] [ign gazebo-1]: process has died [pid 50017, exit code -2, cmd 'ruby /usr/bin/ign gazebo -r -v 1 /home/dars5070/ros2_humble_ws/install/cooperative_transport_gazebo/share/cooperative_transport_gazebo/worlds/cooperative_transport_contact.sdf --force-version 6'].
[INFO] [launch]: process[ign gazebo-1] was required: shutting down launched system
